{
"type": "FeatureCollection",
"name": "communes_95",
"features": [
{"type":"Feature","properties":{"nom":"Ableiges","code":"95002","population":1108,"surface":797.86},"geometry":{"type":"Polygon","coordinates":[[[1.989087,49.109354],[1.991357,49.1082],[1.989993,49.106588],[1.992885,49.105552],[1.990689,49.103028],[1.994068,49.102759],[1.993044,49.100277],[1.993743,49.099005],[1.991891,49.098049],[1.9925,49.095202],[1.993581,49.09402],[1.991708,49.091699],[1.991872,49.09087],[1.993191,49.089661],[1.992099,49.08822],[1.992001,49.087339],[1.992455,49.087247],[1.993325,49.088838],[1.994003,49.088602],[1.993107,49.086978],[1.990621,49.084935],[1.99345,49.085029],[1.994731,49.083936],[1.994015,49.083354],[1.994859,49.08264],[1.987014,49.077924],[1.985932,49.078221],[1.985289,49.077916],[1.985622,49.077682],[1.97523,49.073353],[1.978427,49.071408],[1.977088,49.070869],[1.979387,49.069932],[1.977471,49.067882],[1.976648,49.068081],[1.975138,49.066021],[1.971933,49.066924],[1.970146,49.065312],[1.969748,49.066144],[1.969321,49.065728],[1.970076,49.065241],[1.967642,49.066306],[1.966834,49.065483],[1.966274,49.065519],[1.965925,49.065615],[1.966271,49.066112],[1.9622,49.067513],[1.965139,49.071267],[1.959097,49.071694],[1.961039,49.073281],[1.955443,49.075639],[1.956468,49.076423],[1.952999,49.078322],[1.953902,49.079081],[1.952042,49.081389],[1.955055,49.083004],[1.951196,49.085766],[1.953855,49.086944],[1.954598,49.086553],[1.956053,49.087586],[1.958868,49.092475],[1.960292,49.092681],[1.961801,49.093558],[1.966302,49.093404],[1.966099,49.094248],[1.967745,49.094488],[1.972485,49.09425],[1.972168,49.095829],[1.973332,49.096427],[1.973704,49.096188],[1.974194,49.098373],[1.974619,49.098461],[1.97469,49.096985],[1.978709,49.097802],[1.979495,49.098597],[1.97857,49.101277],[1.978813,49.101872],[1.984623,49.104123],[1.987977,49.107151],[1.987214,49.108269],[1.989087,49.109354]]]}},
{"type":"Feature","properties":{"nom":"Aincourt","code":"95008","population":854,"surface":1009.02},"geometry":{"type":"Polygon","coordinates":[[[1.796823,49.07207],[1.798556,49.066692],[1.799605,49.066686],[1.799964,49.064326],[1.795075,49.063366],[1.797274,49.062424],[1.792626,49.060669],[1.794354,49.05856],[1.790925,49.057794],[1.785749,49.057684],[1.785855,49.057368],[1.783707,49.057217],[1.783638,49.05673],[1.779459,49.056628],[1.775314,49.05763],[1.773238,49.057028],[1.770732,49.05765],[1.769031,49.0575],[1.768451,49.058067],[1.767412,49.057887],[1.766714,49.059276],[1.765424,49.060009],[1.764426,49.059291],[1.761658,49.061879],[1.761478,49.06274],[1.761076,49.062415],[1.759912,49.063511],[1.759264,49.063088],[1.758423,49.063799],[1.757728,49.063462],[1.755499,49.065225],[1.75087,49.065132],[1.748191,49.06601],[1.748251,49.068231],[1.747652,49.07041],[1.746098,49.073371],[1.747558,49.076619],[1.747837,49.076347],[1.75107,49.079228],[1.753953,49.080131],[1.755173,49.081786],[1.754951,49.087699],[1.760407,49.087424],[1.76358,49.086739],[1.768395,49.086974],[1.770407,49.087602],[1.771071,49.088676],[1.772033,49.088715],[1.773978,49.08996],[1.777636,49.089854],[1.776986,49.088317],[1.777489,49.087073],[1.78181,49.08714],[1.7938,49.081637],[1.795719,49.077826],[1.796823,49.07207]]]}},
{"type":"Feature","properties":{"nom":"Ambleville","code":"95011","population":388,"surface":804.93},"geometry":{"type":"Polygon","coordinates":[[[1.691683,49.128626],[1.688327,49.130853],[1.682557,49.136034],[1.678752,49.13808],[1.67894,49.138845],[1.674726,49.139135],[1.674442,49.139624],[1.6754,49.140438],[1.672262,49.142133],[1.669677,49.142085],[1.671639,49.144993],[1.674318,49.145015],[1.676977,49.14598],[1.67517,49.148684],[1.67327,49.149165],[1.672863,49.149917],[1.674849,49.152546],[1.678727,49.156339],[1.684102,49.157903],[1.698434,49.167136],[1.706273,49.164931],[1.707734,49.166154],[1.708867,49.166132],[1.709313,49.171856],[1.710906,49.172469],[1.718249,49.173315],[1.722196,49.171999],[1.720562,49.169183],[1.717673,49.166289],[1.71908,49.165773],[1.717475,49.164376],[1.712816,49.161986],[1.712953,49.161601],[1.711221,49.161081],[1.711842,49.160464],[1.708499,49.158898],[1.707197,49.156912],[1.70599,49.154188],[1.706134,49.153092],[1.705435,49.150498],[1.705737,49.150461],[1.705421,49.149205],[1.706356,49.14907],[1.704844,49.146239],[1.7067,49.145451],[1.706595,49.144277],[1.70722,49.143997],[1.703543,49.137073],[1.700512,49.134059],[1.699361,49.1346],[1.691683,49.128626]]]}},
{"type":"Feature","properties":{"nom":"Amenucourt","code":"95012","population":212,"surface":878.0},"geometry":{"type":"Polygon","coordinates":[[[1.623409,49.086],[1.619719,49.087568],[1.618811,49.08751],[1.619216,49.087711],[1.618384,49.088586],[1.619749,49.088746],[1.623165,49.090746],[1.622848,49.091043],[1.623224,49.092433],[1.622512,49.092774],[1.623419,49.093529],[1.617132,49.093872],[1.617491,49.095222],[1.618589,49.095792],[1.618427,49.096879],[1.620601,49.097354],[1.62131,49.09817],[1.620993,49.099245],[1.62155,49.09993],[1.621384,49.100719],[1.627115,49.102641],[1.626583,49.104504],[1.62805,49.106402],[1.629537,49.107397],[1.629695,49.110165],[1.632983,49.110799],[1.632199,49.111538],[1.632287,49.112034],[1.634276,49.112765],[1.634718,49.113984],[1.63985,49.116809],[1.640677,49.116162],[1.642415,49.1166],[1.644219,49.11821],[1.645204,49.120582],[1.646612,49.121406],[1.64665,49.124091],[1.647358,49.124659],[1.649807,49.125068],[1.65028,49.127059],[1.652551,49.12762],[1.65271,49.129352],[1.655673,49.12996],[1.655648,49.130762],[1.661235,49.130209],[1.671208,49.127434],[1.671284,49.124253],[1.669347,49.115325],[1.673905,49.110358],[1.674341,49.108404],[1.676595,49.108027],[1.665392,49.101952],[1.658712,49.096002],[1.656575,49.096923],[1.652305,49.103203],[1.651062,49.104294],[1.653309,49.105199],[1.65665,49.105156],[1.654109,49.106455],[1.652159,49.108582],[1.650072,49.108336],[1.643792,49.106267],[1.642489,49.105521],[1.644413,49.103534],[1.643,49.102713],[1.644074,49.101815],[1.648222,49.101039],[1.648953,49.100273],[1.645489,49.097558],[1.640107,49.098095],[1.640307,49.099047],[1.633453,49.100685],[1.631488,49.098976],[1.631541,49.09847],[1.632192,49.098361],[1.631187,49.096736],[1.632208,49.096431],[1.632065,49.095879],[1.630107,49.093876],[1.633535,49.090581],[1.630463,49.088886],[1.629519,49.089025],[1.627429,49.087684],[1.626587,49.087889],[1.625465,49.086792],[1.624496,49.086926],[1.623409,49.086]]]}},
{"type":"Feature","properties":{"nom":"Andilly","code":"95014","population":2742,"surface":273.3},"geometry":{"type":"Polygon","coordinates":[[[2.292845,48.995883],[2.290142,48.996798],[2.292115,48.998903],[2.294185,48.999684],[2.295966,49.002432],[2.297226,49.003462],[2.294855,49.003743],[2.294511,49.004507],[2.294942,49.005904],[2.291501,49.006378],[2.292229,49.006971],[2.291695,49.007098],[2.29218,49.007787],[2.29298,49.007729],[2.29406,49.00926],[2.294611,49.00907],[2.2957,49.010694],[2.297135,49.01095],[2.299849,49.01486],[2.301503,49.015856],[2.300221,49.017082],[2.30012,49.018654],[2.303105,49.0211],[2.302191,49.022896],[2.301647,49.023046],[2.301453,49.02409],[2.305749,49.023789],[2.305919,49.023395],[2.304208,49.022763],[2.30413,49.020792],[2.313091,49.016598],[2.312666,49.014402],[2.311375,49.011935],[2.312401,49.009599],[2.313921,49.007974],[2.310876,49.00636],[2.313012,49.005043],[2.310999,49.00378],[2.310788,49.002089],[2.308589,49.001747],[2.305954,49.002499],[2.30502,49.001228],[2.304978,48.999429],[2.303654,48.997392],[2.295763,48.995575],[2.292845,48.995883]]]}},
{"type":"Feature","properties":{"nom":"Argenteuil","code":"95018","population":106130,"surface":1738.97},"geometry":{"type":"Polygon","coordinates":[[[2.273102,48.963654],[2.276277,48.96404],[2.276541,48.962038],[2.279229,48.961827],[2.279309,48.961183],[2.279728,48.961205],[2.279772,48.959701],[2.282777,48.960088],[2.283042,48.959454],[2.288429,48.959828],[2.28833,48.958384],[2.292215,48.951468],[2.28149,48.949755],[2.268613,48.946535],[2.258983,48.942542],[2.255578,48.940188],[2.247267,48.936597],[2.241766,48.932853],[2.23114,48.927733],[2.227859,48.930418],[2.225662,48.929208],[2.221998,48.934629],[2.219705,48.934835],[2.2172,48.935966],[2.217295,48.937223],[2.214114,48.93705],[2.213519,48.937762],[2.210338,48.938005],[2.210359,48.938929],[2.208316,48.938999],[2.208288,48.939567],[2.206901,48.939418],[2.206809,48.941382],[2.206094,48.940653],[2.205281,48.9414],[2.20627,48.946122],[2.205337,48.955952],[2.203319,48.956566],[2.206495,48.96027],[2.211486,48.964749],[2.213522,48.963727],[2.218502,48.969009],[2.220142,48.97015],[2.220649,48.970028],[2.222715,48.972421],[2.225733,48.971025],[2.230371,48.970131],[2.230242,48.969546],[2.231146,48.968826],[2.231752,48.967487],[2.235558,48.968325],[2.242783,48.966577],[2.243486,48.967215],[2.249415,48.965332],[2.248178,48.964161],[2.249993,48.963647],[2.258946,48.963464],[2.263693,48.962006],[2.26447,48.962026],[2.265055,48.962988],[2.267794,48.963177],[2.267815,48.963658],[2.268824,48.963951],[2.271336,48.964296],[2.273081,48.964239],[2.273102,48.963654]]]}},
{"type":"Feature","properties":{"nom":"Arnouville","code":"95019","population":15023,"surface":284.39},"geometry":{"type":"Polygon","coordinates":[[[2.432363,48.980093],[2.430924,48.978943],[2.425247,48.976792],[2.424463,48.974855],[2.422335,48.976366],[2.421156,48.976568],[2.421095,48.97711],[2.4166,48.978469],[2.417535,48.979892],[2.416802,48.980468],[2.410019,48.981308],[2.407157,48.982764],[2.40413,48.983039],[2.40387,48.982231],[2.401375,48.982721],[2.401763,48.984752],[2.401148,48.984776],[2.403336,48.988033],[2.405722,48.989814],[2.406294,48.989528],[2.409314,48.993657],[2.413805,48.993766],[2.41403,48.995156],[2.415577,48.995228],[2.414475,48.998045],[2.416423,48.998161],[2.416474,48.998624],[2.420435,48.99627],[2.42219,48.994517],[2.421171,48.994315],[2.421807,48.993094],[2.42258,48.993185],[2.423144,48.992541],[2.42452,48.98873],[2.426888,48.985377],[2.430622,48.982879],[2.432363,48.980093]]]}},
{"type":"Feature","properties":{"nom":"Arronville","code":"95023","population":618,"surface":1588.67},"geometry":{"type":"Polygon","coordinates":[[[2.072763,49.169935],[2.075098,49.170326],[2.076795,49.174774],[2.075499,49.174621],[2.084407,49.183136],[2.085447,49.185065],[2.084004,49.185899],[2.08606,49.187969],[2.088295,49.187623],[2.089147,49.190338],[2.093327,49.190403],[2.09575,49.190073],[2.097719,49.189173],[2.10206,49.190444],[2.103617,49.188913],[2.109116,49.190925],[2.109949,49.189623],[2.109527,49.188878],[2.110524,49.187467],[2.111044,49.186981],[2.112817,49.187502],[2.113337,49.186544],[2.117938,49.187214],[2.122317,49.188956],[2.124999,49.190579],[2.1255,49.191641],[2.12599,49.191705],[2.125487,49.192849],[2.127979,49.193588],[2.13065,49.192527],[2.130002,49.19156],[2.131841,49.19066],[2.13522,49.191181],[2.135147,49.188299],[2.136915,49.180803],[2.136476,49.179005],[2.140762,49.178919],[2.141244,49.185893],[2.147284,49.18805],[2.148047,49.185031],[2.15209,49.183562],[2.152383,49.183819],[2.155761,49.18275],[2.156143,49.183116],[2.161702,49.179588],[2.164051,49.179767],[2.165018,49.178924],[2.161498,49.176004],[2.160392,49.17414],[2.155154,49.171096],[2.148919,49.166344],[2.145913,49.166897],[2.142102,49.168666],[2.139452,49.170839],[2.139069,49.17237],[2.137502,49.174549],[2.129011,49.175918],[2.126935,49.171782],[2.127251,49.169701],[2.125903,49.162814],[2.128222,49.160326],[2.122361,49.15969],[2.121509,49.157729],[2.117767,49.155194],[2.11714,49.153214],[2.106221,49.157053],[2.106459,49.157397],[2.105198,49.158099],[2.095397,49.15862],[2.093316,49.159601],[2.092854,49.160684],[2.091733,49.160299],[2.087092,49.160551],[2.087233,49.163195],[2.081541,49.162792],[2.08081,49.161795],[2.077361,49.162071],[2.077366,49.163393],[2.075541,49.163162],[2.074841,49.165132],[2.073115,49.167362],[2.072763,49.169935]]]}},
{"type":"Feature","properties":{"nom":"Arthies","code":"95024","population":265,"surface":749.98},"geometry":{"type":"Polygon","coordinates":[[[1.793125,49.11494],[1.795928,49.11352],[1.796496,49.114162],[1.800504,49.111927],[1.801147,49.112626],[1.80825,49.110091],[1.80896,49.110952],[1.815348,49.107931],[1.813635,49.106599],[1.818452,49.104416],[1.815158,49.101727],[1.809515,49.09992],[1.807747,49.09981],[1.810171,49.097335],[1.805294,49.095278],[1.806525,49.094298],[1.803738,49.091569],[1.804253,49.090068],[1.803167,49.088715],[1.802301,49.086211],[1.801167,49.085794],[1.801926,49.083723],[1.803089,49.082192],[1.809719,49.080041],[1.809794,49.079215],[1.811194,49.078247],[1.812938,49.079466],[1.814151,49.077913],[1.815213,49.076425],[1.814788,49.075693],[1.810792,49.073084],[1.806074,49.073205],[1.804183,49.073817],[1.796823,49.07207],[1.795719,49.077826],[1.7938,49.081637],[1.78181,49.08714],[1.777489,49.087073],[1.776986,49.088317],[1.7778,49.090488],[1.779961,49.091837],[1.780866,49.093701],[1.780726,49.095582],[1.779274,49.097387],[1.781054,49.098703],[1.781829,49.100655],[1.781839,49.104573],[1.793125,49.11494]]]}},
{"type":"Feature","properties":{"nom":"Asnières-sur-Oise","code":"95026","population":3127,"surface":1418.1},"geometry":{"type":"Polygon","coordinates":[[[2.33888,49.146052],[2.342356,49.146344],[2.350877,49.145122],[2.356464,49.146027],[2.358816,49.147006],[2.360369,49.148252],[2.362007,49.15067],[2.362214,49.152539],[2.365037,49.152351],[2.364871,49.153548],[2.365304,49.154103],[2.366535,49.153968],[2.366644,49.154429],[2.366046,49.154803],[2.367164,49.15587],[2.369496,49.156186],[2.369708,49.156887],[2.370274,49.156849],[2.370498,49.157659],[2.370008,49.158713],[2.372763,49.159461],[2.380817,49.15787],[2.3912,49.149314],[2.400335,49.150784],[2.404282,49.151898],[2.413122,49.152418],[2.415612,49.151775],[2.415541,49.149891],[2.427665,49.149133],[2.435263,49.147693],[2.437586,49.146513],[2.440781,49.14591],[2.4389,49.141639],[2.428296,49.141865],[2.420743,49.134334],[2.417656,49.135145],[2.413892,49.135303],[2.411972,49.136008],[2.411275,49.134091],[2.404959,49.136072],[2.399111,49.137022],[2.398255,49.136106],[2.393671,49.136678],[2.390943,49.137344],[2.389208,49.139392],[2.385639,49.138139],[2.382125,49.135537],[2.375748,49.138676],[2.37349,49.138359],[2.372691,49.136113],[2.368347,49.134769],[2.363161,49.131835],[2.35574,49.122496],[2.34898,49.117823],[2.348826,49.116776],[2.341336,49.117657],[2.339056,49.119879],[2.336141,49.124336],[2.336595,49.124549],[2.336708,49.126643],[2.338604,49.130174],[2.339913,49.131632],[2.341103,49.132118],[2.340871,49.139933],[2.33888,49.146052]]]}},
{"type":"Feature","properties":{"nom":"Attainville","code":"95028","population":1904,"surface":723.93},"geometry":{"type":"Polygon","coordinates":[[[2.375481,49.063454],[2.372683,49.057056],[2.369657,49.054563],[2.367695,49.054437],[2.363772,49.049669],[2.351675,49.044851],[2.344662,49.04797],[2.344435,49.047656],[2.339784,49.049297],[2.339455,49.048873],[2.337867,49.049432],[2.338794,49.05062],[2.337785,49.051006],[2.335755,49.050288],[2.336523,49.051312],[2.335066,49.051408],[2.328819,49.066374],[2.331479,49.066612],[2.331127,49.068227],[2.333729,49.067451],[2.335581,49.071409],[2.334111,49.071451],[2.33542,49.072045],[2.334527,49.075491],[2.338325,49.076615],[2.341429,49.076066],[2.34178,49.074077],[2.343991,49.074484],[2.344183,49.072605],[2.34605,49.074102],[2.354154,49.07],[2.353948,49.069778],[2.367256,49.068333],[2.375481,49.063454]]]}},
{"type":"Feature","properties":{"nom":"Auvers-sur-Oise","code":"95039","population":6863,"surface":1278.32},"geometry":{"type":"Polygon","coordinates":[[[2.127005,49.063997],[2.124828,49.065541],[2.121563,49.063935],[2.120383,49.064699],[2.122899,49.067025],[2.121858,49.067543],[2.124128,49.070292],[2.123567,49.071591],[2.126119,49.07265],[2.124966,49.073451],[2.124797,49.074197],[2.126014,49.077494],[2.13364,49.080758],[2.130613,49.083178],[2.131208,49.083574],[2.129001,49.084489],[2.130382,49.086063],[2.130887,49.085783],[2.133316,49.087559],[2.132957,49.087644],[2.133625,49.08828],[2.137766,49.090695],[2.142603,49.092125],[2.143332,49.091351],[2.145352,49.092058],[2.145818,49.091386],[2.148743,49.092588],[2.146293,49.094882],[2.142392,49.096945],[2.146614,49.099903],[2.147126,49.101427],[2.147666,49.101478],[2.149807,49.104273],[2.150897,49.103835],[2.154556,49.105429],[2.161438,49.103078],[2.169317,49.095698],[2.171512,49.093001],[2.172512,49.091179],[2.171735,49.090826],[2.173528,49.088174],[2.171527,49.087565],[2.171769,49.086893],[2.182301,49.076693],[2.186649,49.078545],[2.18779,49.07771],[2.187009,49.077264],[2.188676,49.076097],[2.190148,49.075383],[2.190957,49.075838],[2.193384,49.07384],[2.185687,49.071288],[2.17897,49.070098],[2.169385,49.064228],[2.162549,49.064667],[2.158572,49.06444],[2.148346,49.066834],[2.143462,49.066963],[2.140378,49.066434],[2.135485,49.067125],[2.132172,49.066588],[2.127005,49.063997]]]}},
{"type":"Feature","properties":{"nom":"Avernes","code":"95040","population":871,"surface":1718.52},"geometry":{"type":"Polygon","coordinates":[[[1.844534,49.069259],[1.8391,49.069767],[1.835069,49.073217],[1.832171,49.074236],[1.82877,49.07622],[1.823426,49.076296],[1.82057,49.081873],[1.831603,49.08282],[1.832727,49.083669],[1.833931,49.086277],[1.837491,49.08903],[1.839998,49.091987],[1.840776,49.090854],[1.84473,49.094926],[1.84381,49.095492],[1.844908,49.096791],[1.844469,49.096955],[1.844693,49.097925],[1.844132,49.098176],[1.845259,49.100368],[1.847309,49.099831],[1.848557,49.101579],[1.85042,49.10032],[1.851166,49.100845],[1.855367,49.099647],[1.861031,49.105108],[1.872188,49.11335],[1.868126,49.115606],[1.871479,49.117858],[1.876962,49.11475],[1.88135,49.118685],[1.890482,49.114538],[1.892991,49.116633],[1.905875,49.111314],[1.904182,49.109023],[1.901551,49.107619],[1.899387,49.105419],[1.89349,49.101496],[1.895203,49.10056],[1.895397,49.09788],[1.893593,49.096432],[1.893177,49.096578],[1.892207,49.095228],[1.890434,49.095191],[1.889996,49.092612],[1.891005,49.092507],[1.888299,49.089226],[1.890975,49.088353],[1.889353,49.086712],[1.889963,49.086565],[1.886751,49.084252],[1.892658,49.081673],[1.887964,49.077748],[1.893978,49.075013],[1.890156,49.071534],[1.883953,49.074856],[1.881638,49.072917],[1.875566,49.074742],[1.87537,49.075889],[1.872316,49.076169],[1.870723,49.078658],[1.868134,49.076553],[1.864828,49.077269],[1.86276,49.075819],[1.864072,49.073592],[1.857465,49.072351],[1.855685,49.071196],[1.854244,49.071665],[1.852702,49.068746],[1.852239,49.068899],[1.851837,49.06831],[1.849422,49.067932],[1.844534,49.069259]]]}},
{"type":"Feature","properties":{"nom":"Baillet-en-France","code":"95042","population":2021,"surface":802.67},"geometry":{"type":"Polygon","coordinates":[[[2.284816,49.049013],[2.283202,49.049823],[2.280717,49.049228],[2.278988,49.053057],[2.278913,49.060363],[2.280908,49.064317],[2.280582,49.064354],[2.281176,49.065805],[2.272451,49.064012],[2.271402,49.064202],[2.271668,49.065686],[2.273453,49.066162],[2.276073,49.072107],[2.280295,49.070722],[2.281982,49.071534],[2.283486,49.07154],[2.284701,49.072455],[2.287106,49.0724],[2.290265,49.069779],[2.290962,49.070393],[2.298497,49.067352],[2.298618,49.066503],[2.299927,49.06618],[2.300062,49.065548],[2.309366,49.065093],[2.315542,49.067542],[2.317723,49.066203],[2.320199,49.06543],[2.330084,49.063638],[2.335473,49.050361],[2.334357,49.050126],[2.334723,49.049686],[2.334283,49.049289],[2.328909,49.051706],[2.323231,49.052031],[2.323124,49.051102],[2.317613,49.049919],[2.316982,49.049387],[2.312555,49.049401],[2.306801,49.046942],[2.304296,49.046982],[2.300603,49.04848],[2.299904,49.050299],[2.297455,49.04981],[2.290266,49.046305],[2.286195,49.050234],[2.284816,49.049013]]]}},
{"type":"Feature","properties":{"nom":"Banthelu","code":"95046","population":146,"surface":822.35},"geometry":{"type":"Polygon","coordinates":[[[1.813211,49.141019],[1.819041,49.13873],[1.822955,49.143624],[1.829582,49.140935],[1.83118,49.142576],[1.83571,49.140673],[1.834559,49.139093],[1.833535,49.139227],[1.833882,49.137891],[1.835451,49.137432],[1.835913,49.138045],[1.837806,49.137254],[1.837131,49.136668],[1.837711,49.136388],[1.836628,49.135199],[1.837721,49.134785],[1.834131,49.130821],[1.836689,49.129612],[1.835089,49.127827],[1.833277,49.128329],[1.830625,49.125707],[1.831769,49.123753],[1.829514,49.1219],[1.831621,49.120069],[1.82978,49.117975],[1.826788,49.116078],[1.823902,49.115556],[1.825275,49.114289],[1.816217,49.108912],[1.815348,49.107931],[1.80896,49.110952],[1.80825,49.110091],[1.801147,49.112626],[1.800504,49.111927],[1.796496,49.114162],[1.795928,49.11352],[1.793125,49.11494],[1.796452,49.117897],[1.792461,49.119673],[1.792311,49.121732],[1.792657,49.123784],[1.794151,49.126409],[1.798235,49.130114],[1.799398,49.132297],[1.803856,49.130214],[1.804767,49.131108],[1.803814,49.131679],[1.805091,49.132626],[1.804288,49.133526],[1.80606,49.134747],[1.802004,49.1374],[1.803987,49.138535],[1.804523,49.138181],[1.809669,49.140939],[1.812163,49.139678],[1.813211,49.141019]]]}},
{"type":"Feature","properties":{"nom":"Beauchamp","code":"95051","population":9849,"surface":303.12},"geometry":{"type":"Polygon","coordinates":[[[2.213243,49.001688],[2.196983,49.007746],[2.172982,49.014173],[2.18075,49.023748],[2.182771,49.025436],[2.189584,49.021843],[2.205756,49.019575],[2.203528,49.015592],[2.203149,49.013755],[2.205503,49.012976],[2.201469,49.008022],[2.214997,49.003534],[2.213243,49.001688]]]}},
{"type":"Feature","properties":{"nom":"Beaumont-sur-Oise","code":"95052","population":10232,"surface":559.57},"geometry":{"type":"Polygon","coordinates":[[[2.320062,49.124856],[2.313444,49.122743],[2.30396,49.132099],[2.305849,49.132501],[2.305366,49.133052],[2.298742,49.138537],[2.29703,49.136617],[2.295871,49.136296],[2.29675,49.136041],[2.295634,49.134472],[2.293014,49.135195],[2.292324,49.136158],[2.289277,49.135313],[2.288733,49.136699],[2.287205,49.136663],[2.282902,49.135664],[2.280908,49.136791],[2.278242,49.135256],[2.275365,49.134414],[2.272491,49.137008],[2.272093,49.136863],[2.27118,49.137849],[2.27009,49.137776],[2.267919,49.139404],[2.284796,49.145105],[2.290354,49.149435],[2.294674,49.151459],[2.297897,49.151663],[2.31958,49.149341],[2.320875,49.148645],[2.32272,49.146552],[2.321103,49.145058],[2.321505,49.144577],[2.319983,49.145075],[2.319341,49.143947],[2.317126,49.144132],[2.316441,49.143273],[2.314986,49.143436],[2.313626,49.14265],[2.313143,49.14133],[2.313172,49.140695],[2.314906,49.140755],[2.315274,49.139247],[2.31596,49.139065],[2.316509,49.13766],[2.315986,49.13772],[2.315525,49.135068],[2.31816,49.131644],[2.315956,49.12961],[2.320062,49.124856]]]}},
{"type":"Feature","properties":{"nom":"Le Bellay-en-Vexin","code":"95054","population":224,"surface":514.58},"geometry":{"type":"Polygon","coordinates":[[[1.885773,49.138714],[1.881159,49.137813],[1.879856,49.139052],[1.876715,49.138357],[1.874679,49.140659],[1.873158,49.140113],[1.87271,49.140672],[1.87157,49.140503],[1.867033,49.138282],[1.865722,49.139695],[1.855205,49.14021],[1.857879,49.143785],[1.857622,49.145103],[1.861413,49.146502],[1.860847,49.147121],[1.862835,49.150095],[1.862852,49.153216],[1.870017,49.156564],[1.872697,49.157319],[1.871818,49.160205],[1.877623,49.161496],[1.882839,49.161408],[1.891233,49.163247],[1.891917,49.161827],[1.893713,49.161703],[1.893946,49.160559],[1.894701,49.160655],[1.894913,49.160016],[1.89715,49.16015],[1.897192,49.159017],[1.895295,49.158621],[1.892074,49.158849],[1.892081,49.159542],[1.891074,49.158988],[1.891276,49.156787],[1.892642,49.156974],[1.893088,49.149311],[1.890931,49.1494],[1.893263,49.144018],[1.888175,49.143188],[1.888933,49.140662],[1.885155,49.139668],[1.885773,49.138714]]]}},
{"type":"Feature","properties":{"nom":"Bellefontaine","code":"95055","population":474,"surface":756.14},"geometry":{"type":"Polygon","coordinates":[[[2.452546,49.08894],[2.456894,49.091033],[2.459807,49.09341],[2.462279,49.094529],[2.460933,49.095261],[2.46283,49.095327],[2.463382,49.09596],[2.462185,49.096058],[2.462389,49.096385],[2.462904,49.096643],[2.464275,49.096024],[2.465186,49.096298],[2.46473,49.09696],[2.465276,49.097193],[2.465399,49.098607],[2.458529,49.099544],[2.456922,49.101037],[2.449782,49.100784],[2.4512,49.101514],[2.452492,49.103995],[2.45543,49.106749],[2.458838,49.107842],[2.457904,49.10871],[2.458924,49.109527],[2.46316,49.111836],[2.465243,49.110595],[2.466866,49.111844],[2.475561,49.112271],[2.483238,49.111724],[2.48409,49.107008],[2.480286,49.106234],[2.478161,49.100279],[2.478702,49.100174],[2.477436,49.097227],[2.478394,49.097176],[2.477816,49.096042],[2.478209,49.095768],[2.478253,49.094246],[2.479266,49.094049],[2.481079,49.09469],[2.485758,49.094489],[2.487666,49.094308],[2.488953,49.093569],[2.488174,49.091355],[2.486736,49.089584],[2.483906,49.088923],[2.482786,49.084522],[2.479789,49.078441],[2.47617,49.075511],[2.474766,49.073399],[2.473068,49.072287],[2.472342,49.071063],[2.472047,49.071411],[2.470216,49.070951],[2.463764,49.071711],[2.463631,49.072204],[2.46191,49.072698],[2.46278,49.075422],[2.457751,49.07678],[2.457742,49.078946],[2.458347,49.079861],[2.457346,49.080295],[2.457605,49.080516],[2.456635,49.083089],[2.455573,49.083411],[2.455466,49.086728],[2.454847,49.086783],[2.454562,49.087691],[2.453485,49.087559],[2.452546,49.08894]]]}},
{"type":"Feature","properties":{"nom":"Belloy-en-France","code":"95056","population":2250,"surface":947.11},"geometry":{"type":"Polygon","coordinates":[[[2.349666,49.081063],[2.35033,49.082031],[2.348388,49.083457],[2.346841,49.086524],[2.346318,49.086179],[2.344407,49.087672],[2.345641,49.088756],[2.343874,49.088816],[2.343844,49.089974],[2.346018,49.089877],[2.347558,49.091429],[2.34728,49.091976],[2.351754,49.094375],[2.355826,49.099478],[2.360045,49.106207],[2.36213,49.106759],[2.361489,49.107066],[2.368276,49.10854],[2.370026,49.108439],[2.369741,49.106344],[2.382937,49.110159],[2.383689,49.108989],[2.391454,49.110241],[2.389484,49.10836],[2.388424,49.106077],[2.391153,49.102749],[2.39137,49.100694],[2.393557,49.098087],[2.38989,49.095051],[2.388035,49.090488],[2.391707,49.090732],[2.390323,49.089115],[2.396202,49.086686],[2.379637,49.078179],[2.375087,49.075048],[2.375859,49.073072],[2.375515,49.071753],[2.368661,49.073103],[2.370367,49.075656],[2.360562,49.079852],[2.362639,49.081822],[2.357581,49.080291],[2.352445,49.079455],[2.349666,49.081063]]]}},
{"type":"Feature","properties":{"nom":"Bernes-sur-Oise","code":"95058","population":2684,"surface":551.17},"geometry":{"type":"Polygon","coordinates":[[[2.287405,49.157658],[2.285364,49.162032],[2.285085,49.165711],[2.287561,49.165885],[2.28697,49.167175],[2.288131,49.167367],[2.287871,49.167947],[2.289488,49.168037],[2.288806,49.17071],[2.29026,49.170744],[2.290184,49.171544],[2.294154,49.171713],[2.294819,49.173411],[2.295678,49.173327],[2.296626,49.17621],[2.299516,49.175964],[2.300104,49.181244],[2.301273,49.184041],[2.304446,49.183941],[2.30433,49.183653],[2.305746,49.183429],[2.30621,49.184825],[2.308228,49.184606],[2.308461,49.185405],[2.311594,49.184379],[2.312384,49.183425],[2.309018,49.181209],[2.313055,49.175794],[2.31274,49.175641],[2.31436,49.169609],[2.312698,49.169487],[2.313227,49.16267],[2.312784,49.159003],[2.313938,49.158712],[2.313622,49.154093],[2.313281,49.154184],[2.312609,49.152739],[2.313029,49.15259],[2.311998,49.150119],[2.297897,49.151663],[2.293946,49.151265],[2.288783,49.157342],[2.288261,49.157793],[2.287405,49.157658]]]}},
{"type":"Feature","properties":{"nom":"Berville","code":"95059","population":374,"surface":851.49},"geometry":{"type":"Polygon","coordinates":[[[2.037998,49.19217],[2.039441,49.193442],[2.03966,49.193162],[2.04281,49.194385],[2.042475,49.194851],[2.043495,49.194842],[2.046227,49.196424],[2.047,49.195903],[2.047324,49.19869],[2.055789,49.198937],[2.066842,49.202861],[2.072507,49.204184],[2.072138,49.20434],[2.072633,49.206183],[2.074806,49.208844],[2.077104,49.208743],[2.077263,49.209907],[2.080737,49.210715],[2.080475,49.208846],[2.078967,49.205918],[2.080332,49.205822],[2.080686,49.206944],[2.08267,49.206853],[2.082362,49.205658],[2.083431,49.205563],[2.084705,49.205865],[2.087101,49.207728],[2.087918,49.209132],[2.090932,49.208642],[2.09036,49.20606],[2.091372,49.204993],[2.090455,49.201687],[2.092184,49.201198],[2.090332,49.198229],[2.092526,49.197474],[2.091852,49.196657],[2.092717,49.196251],[2.092653,49.19532],[2.088898,49.19615],[2.089048,49.193784],[2.092276,49.194178],[2.092467,49.193407],[2.095825,49.191642],[2.095318,49.19011],[2.089147,49.190338],[2.088295,49.187623],[2.08606,49.187969],[2.084004,49.185899],[2.085447,49.185065],[2.084407,49.183136],[2.075499,49.174621],[2.076795,49.174774],[2.07635,49.173321],[2.073038,49.174207],[2.07044,49.176149],[2.058275,49.181605],[2.055325,49.183933],[2.053298,49.184281],[2.052038,49.185077],[2.048704,49.183811],[2.046412,49.185601],[2.045741,49.188144],[2.046005,49.190095],[2.041838,49.19058],[2.041578,49.190026],[2.040418,49.190067],[2.039192,49.190652],[2.039524,49.191296],[2.038214,49.191403],[2.037998,49.19217]]]}},
{"type":"Feature","properties":{"nom":"Bessancourt","code":"95060","population":8869,"surface":637.83},"geometry":{"type":"Polygon","coordinates":[[[2.182771,49.025436],[2.179514,49.027215],[2.168187,49.031456],[2.168799,49.034101],[2.169826,49.035489],[2.178201,49.04159],[2.180911,49.044217],[2.183136,49.045465],[2.190037,49.043419],[2.188959,49.042073],[2.190666,49.041509],[2.19434,49.04406],[2.196789,49.042844],[2.202204,49.046808],[2.203935,49.044986],[2.206344,49.045959],[2.209405,49.046244],[2.209363,49.046783],[2.211399,49.047149],[2.212167,49.046798],[2.213929,49.047403],[2.217576,49.046285],[2.220824,49.046295],[2.231367,49.042924],[2.229168,49.042184],[2.227725,49.039456],[2.226307,49.038095],[2.224807,49.034241],[2.221058,49.033154],[2.217412,49.031259],[2.211012,49.030957],[2.198207,49.03225],[2.196848,49.03162],[2.191781,49.030775],[2.186673,49.028231],[2.182771,49.025436]]]}},
{"type":"Feature","properties":{"nom":"Béthemont-la-Forêt","code":"95061","population":435,"surface":379.26},"geometry":{"type":"Polygon","coordinates":[[[2.234448,49.049541],[2.235858,49.050119],[2.234571,49.051437],[2.236099,49.052438],[2.236589,49.051904],[2.237992,49.052552],[2.238308,49.052183],[2.240331,49.053199],[2.238906,49.05612],[2.242601,49.056549],[2.242526,49.057092],[2.243743,49.057124],[2.2438,49.057514],[2.246361,49.058744],[2.247607,49.0609],[2.247672,49.061958],[2.248172,49.061939],[2.248779,49.063222],[2.251922,49.066306],[2.251879,49.067669],[2.251225,49.06864],[2.251207,49.07028],[2.251659,49.070689],[2.255286,49.071104],[2.257199,49.070687],[2.258912,49.06913],[2.260272,49.06878],[2.261485,49.062358],[2.261105,49.060206],[2.262045,49.060025],[2.262507,49.058372],[2.261635,49.056376],[2.262306,49.055472],[2.259231,49.053481],[2.259449,49.043581],[2.25292,49.04138],[2.242955,49.043991],[2.242912,49.044365],[2.240826,49.044585],[2.239466,49.045441],[2.237932,49.047565],[2.234448,49.049541]]]}},
{"type":"Feature","properties":{"nom":"Bezons","code":"95063","population":36434,"surface":418.6},"geometry":{"type":"Polygon","coordinates":[[[2.23114,48.927733],[2.214197,48.916557],[2.211204,48.913984],[2.205976,48.91084],[2.200468,48.908625],[2.198213,48.912045],[2.203862,48.914539],[2.200816,48.918006],[2.199194,48.918971],[2.202389,48.920975],[2.20517,48.922034],[2.20407,48.924548],[2.203983,48.925069],[2.204618,48.92522],[2.203067,48.92741],[2.203781,48.9276],[2.202559,48.929236],[2.201931,48.931352],[2.199284,48.93527],[2.201022,48.936089],[2.202083,48.935652],[2.201644,48.937718],[2.202985,48.937752],[2.202783,48.939963],[2.205438,48.940144],[2.206809,48.941382],[2.206901,48.939418],[2.208288,48.939567],[2.208316,48.938999],[2.210359,48.938929],[2.210338,48.938005],[2.213519,48.937762],[2.214114,48.93705],[2.217295,48.937223],[2.2172,48.935966],[2.219705,48.934835],[2.221998,48.934629],[2.225662,48.929208],[2.227859,48.930418],[2.23114,48.927733]]]}},
{"type":"Feature","properties":{"nom":"Boisemont","code":"95074","population":892,"surface":200.78},"geometry":{"type":"Polygon","coordinates":[[[2.007279,49.008364],[2.004515,49.01019],[1.992191,49.021045],[1.991436,49.023762],[1.99847,49.023668],[1.999348,49.024094],[1.999084,49.027193],[2.004502,49.027787],[2.010017,49.027341],[2.011019,49.019177],[2.011587,49.017573],[2.013699,49.017504],[2.013741,49.01557],[2.015124,49.0142],[2.008702,49.011483],[2.010394,49.009488],[2.008611,49.00851],[2.007279,49.008364]]]}},
{"type":"Feature","properties":{"nom":"Boissy-l'Aillerie","code":"95078","population":2120,"surface":570.36},"geometry":{"type":"Polygon","coordinates":[[[2.027073,49.096552],[2.028672,49.09855],[2.030537,49.097956],[2.031391,49.099291],[2.032506,49.099132],[2.033282,49.101434],[2.036141,49.101049],[2.036004,49.100594],[2.04028,49.099904],[2.039974,49.099341],[2.04097,49.099124],[2.040853,49.098805],[2.04424,49.097596],[2.042963,49.095803],[2.042384,49.095983],[2.041399,49.094732],[2.046586,49.093312],[2.045844,49.091682],[2.047507,49.091348],[2.046343,49.089882],[2.046003,49.087529],[2.045053,49.086804],[2.044433,49.085248],[2.043895,49.082686],[2.045334,49.082734],[2.04503,49.081621],[2.042758,49.076764],[2.040894,49.07512],[2.041417,49.074141],[2.037571,49.069811],[2.037275,49.067953],[2.036665,49.067612],[2.034549,49.062743],[2.032567,49.063308],[2.03446,49.065839],[2.031863,49.067299],[2.031344,49.067284],[2.028508,49.063587],[2.027313,49.065057],[2.022282,49.0667],[2.026166,49.069344],[2.026367,49.071382],[2.027128,49.072469],[2.025455,49.072932],[2.025482,49.073625],[2.027318,49.074024],[2.023431,49.074135],[2.019584,49.07542],[2.016447,49.077072],[2.016033,49.077411],[2.016572,49.078371],[2.015704,49.078566],[2.016582,49.080231],[2.017061,49.082667],[2.019742,49.087201],[2.019502,49.087496],[2.020533,49.088531],[2.020061,49.089544],[2.02543,49.093122],[2.024438,49.09358],[2.028396,49.096039],[2.027073,49.096552]]]}},
{"type":"Feature","properties":{"nom":"Bonneuil-en-France","code":"95088","population":1185,"surface":475.53},"geometry":{"type":"Polygon","coordinates":[[[2.418812,48.957713],[2.417961,48.959647],[2.41713,48.960381],[2.417048,48.961813],[2.419258,48.962117],[2.417693,48.964743],[2.417823,48.965938],[2.419047,48.967858],[2.416809,48.968763],[2.416993,48.96914],[2.42007,48.970893],[2.420824,48.971907],[2.423088,48.972921],[2.422137,48.973415],[2.424812,48.974942],[2.425247,48.976792],[2.430924,48.978943],[2.432363,48.980093],[2.434843,48.978499],[2.440596,48.977089],[2.437142,48.973715],[2.444825,48.972392],[2.445465,48.971326],[2.4463,48.966616],[2.447695,48.96517],[2.451521,48.963465],[2.451018,48.962878],[2.457794,48.959752],[2.455879,48.955668],[2.450307,48.954944],[2.445179,48.956741],[2.437088,48.955753],[2.435771,48.955075],[2.434101,48.955943],[2.432632,48.957564],[2.427022,48.959413],[2.422702,48.958895],[2.418812,48.957713]]]}},
{"type":"Feature","properties":{"nom":"Bouffémont","code":"95091","population":6593,"surface":455.71},"geometry":{"type":"Polygon","coordinates":[[[2.321826,49.050875],[2.324403,49.044585],[2.321786,49.04354],[2.31939,49.041469],[2.317027,49.040483],[2.31226,49.03743],[2.31027,49.039977],[2.307613,49.038286],[2.306917,49.038776],[2.305708,49.037247],[2.301532,49.0368],[2.300974,49.034051],[2.299195,49.035105],[2.298371,49.034109],[2.298215,49.033107],[2.297312,49.032397],[2.295557,49.032],[2.293689,49.030408],[2.285587,49.03304],[2.283427,49.033118],[2.282908,49.033768],[2.27462,49.036341],[2.275198,49.039852],[2.276707,49.041854],[2.281041,49.043614],[2.283705,49.045662],[2.284622,49.046553],[2.284615,49.0488],[2.286195,49.050234],[2.290266,49.046305],[2.298517,49.050104],[2.299904,49.050299],[2.300603,49.04848],[2.304296,49.046982],[2.306801,49.046942],[2.312555,49.049401],[2.316982,49.049387],[2.317613,49.049919],[2.321826,49.050875]]]}},
{"type":"Feature","properties":{"nom":"Bouqueval","code":"95094","population":314,"surface":282.05},"geometry":{"type":"Polygon","coordinates":[[[2.434482,49.034519],[2.436062,49.033536],[2.434251,49.029772],[2.43496,49.028731],[2.438073,49.02889],[2.440944,49.023121],[2.444014,49.014864],[2.442978,49.013847],[2.442918,49.012672],[2.438587,49.014375],[2.438799,49.014727],[2.430927,49.015773],[2.430727,49.015415],[2.427825,49.01624],[2.427107,49.014527],[2.425562,49.014852],[2.424908,49.01409],[2.423164,49.014475],[2.423494,49.015044],[2.42136,49.015907],[2.422937,49.018876],[2.418294,49.019713],[2.410544,49.023935],[2.411258,49.024603],[2.412642,49.02408],[2.413284,49.025522],[2.416918,49.028601],[2.420717,49.025254],[2.423077,49.027469],[2.423694,49.029244],[2.428342,49.02803],[2.433584,49.034229],[2.434153,49.033943],[2.434482,49.034519]]]}},
{"type":"Feature","properties":{"nom":"Bray-et-Lû","code":"95101","population":954,"surface":373.58},"geometry":{"type":"Polygon","coordinates":[[[1.671208,49.127434],[1.661235,49.130209],[1.655648,49.130762],[1.655987,49.131321],[1.657848,49.131941],[1.657858,49.133096],[1.656786,49.133949],[1.657203,49.134587],[1.658212,49.134665],[1.658322,49.135191],[1.657475,49.135657],[1.656672,49.137572],[1.654745,49.137324],[1.653425,49.13493],[1.652655,49.135002],[1.65315,49.13693],[1.652959,49.138224],[1.651481,49.138081],[1.651421,49.138748],[1.652925,49.139524],[1.652272,49.141129],[1.653218,49.142735],[1.652973,49.144678],[1.654429,49.145326],[1.654599,49.146561],[1.656071,49.147617],[1.65583,49.14847],[1.658339,49.148936],[1.659475,49.151489],[1.664101,49.153167],[1.664457,49.153428],[1.664066,49.15414],[1.667531,49.15383],[1.668968,49.156704],[1.670499,49.158376],[1.671376,49.158386],[1.674017,49.157219],[1.678727,49.156339],[1.674849,49.152546],[1.672765,49.149742],[1.67327,49.149165],[1.67517,49.148684],[1.676889,49.14584],[1.674318,49.145015],[1.671639,49.144993],[1.669604,49.142251],[1.672262,49.142133],[1.6754,49.140438],[1.67448,49.139315],[1.670015,49.138802],[1.671847,49.136155],[1.674831,49.134918],[1.674299,49.13434],[1.675769,49.13378],[1.672269,49.130832],[1.672513,49.130372],[1.671933,49.130117],[1.671208,49.127434]]]}},
{"type":"Feature","properties":{"nom":"Bréançon","code":"95102","population":432,"surface":1068.17},"geometry":{"type":"Polygon","coordinates":[[[2.030269,49.130804],[2.02733,49.131172],[2.026787,49.129172],[2.024991,49.129854],[2.025254,49.130478],[2.023737,49.131071],[2.021834,49.12943],[2.022013,49.130496],[2.013843,49.132543],[2.013133,49.13121],[2.011423,49.131608],[2.012122,49.132188],[2.009747,49.133977],[2.00745,49.131991],[2.000356,49.135993],[2.004995,49.138651],[2.003334,49.138782],[2.003321,49.140583],[2.00066,49.140301],[2.001176,49.142001],[2.000883,49.143278],[2.002079,49.143725],[2.002067,49.144084],[2.000956,49.146102],[2.001274,49.148933],[1.999868,49.149728],[2.000514,49.150051],[2.001607,49.149598],[2.002907,49.149776],[2.003306,49.151008],[1.995569,49.155583],[1.998021,49.157241],[1.995857,49.158898],[1.996065,49.159241],[2.006579,49.161573],[2.0093,49.162897],[2.012298,49.1662],[2.013313,49.16514],[2.016863,49.163176],[2.017637,49.163616],[2.021268,49.163597],[2.022751,49.162495],[2.024478,49.162697],[2.030829,49.161995],[2.033569,49.162451],[2.034616,49.161387],[2.037706,49.160334],[2.043133,49.164854],[2.046882,49.164101],[2.0469,49.163465],[2.049564,49.16256],[2.048419,49.161744],[2.048276,49.160793],[2.048787,49.157526],[2.049568,49.157398],[2.049319,49.155777],[2.053867,49.155413],[2.058903,49.153193],[2.05653,49.152601],[2.054965,49.151374],[2.0469,49.147973],[2.044017,49.148287],[2.033648,49.139606],[2.034882,49.13887],[2.031064,49.134125],[2.030269,49.130804]]]}},
{"type":"Feature","properties":{"nom":"Brignancourt","code":"95110","population":262,"surface":306.87},"geometry":{"type":"Polygon","coordinates":[[[1.959959,49.148022],[1.962579,49.146925],[1.958344,49.14153],[1.955404,49.136549],[1.95213,49.133189],[1.951702,49.133412],[1.949622,49.131593],[1.94725,49.130714],[1.946788,49.131279],[1.944874,49.13073],[1.944994,49.13034],[1.943855,49.129698],[1.937563,49.134733],[1.933808,49.132121],[1.932669,49.132665],[1.930767,49.135317],[1.924797,49.138353],[1.925412,49.139108],[1.924516,49.139596],[1.925936,49.140824],[1.929658,49.142453],[1.929046,49.142942],[1.931622,49.144522],[1.933641,49.143751],[1.937013,49.144406],[1.938298,49.143828],[1.938536,49.145547],[1.940001,49.145703],[1.940308,49.14616],[1.946414,49.145679],[1.948591,49.144927],[1.952119,49.14498],[1.955198,49.147243],[1.957411,49.147963],[1.959959,49.148022]]]}},
{"type":"Feature","properties":{"nom":"Bruyères-sur-Oise","code":"95116","population":4921,"surface":890.7},"geometry":{"type":"Polygon","coordinates":[[[2.359343,49.147329],[2.356464,49.146027],[2.350877,49.145122],[2.342356,49.146344],[2.339493,49.146237],[2.332296,49.142625],[2.328787,49.141836],[2.325813,49.14309],[2.320194,49.149114],[2.311998,49.150119],[2.313029,49.15259],[2.312609,49.152739],[2.313281,49.154184],[2.313622,49.154093],[2.313938,49.158712],[2.312784,49.159003],[2.313227,49.16267],[2.312698,49.169487],[2.31436,49.169609],[2.31274,49.175641],[2.313055,49.175794],[2.309018,49.181209],[2.312384,49.183425],[2.310425,49.184989],[2.310801,49.186746],[2.313279,49.186344],[2.313205,49.185837],[2.321595,49.184372],[2.319553,49.182423],[2.321255,49.181894],[2.32063,49.181287],[2.323708,49.179943],[2.323199,49.179501],[2.325818,49.178734],[2.325584,49.178173],[2.326037,49.177665],[2.327624,49.177078],[2.327305,49.176476],[2.335541,49.170655],[2.341298,49.164889],[2.34595,49.162346],[2.350507,49.157216],[2.354233,49.154263],[2.353769,49.153942],[2.355354,49.153284],[2.35488,49.151749],[2.353424,49.151163],[2.354865,49.149498],[2.355981,49.148686],[2.356361,49.148954],[2.35834,49.148257],[2.357992,49.148062],[2.359343,49.147329]]]}},
{"type":"Feature","properties":{"nom":"Buhy","code":"95119","population":329,"surface":694.25},"geometry":{"type":"Polygon","coordinates":[[[1.715526,49.202663],[1.71841,49.202785],[1.71989,49.20154],[1.720913,49.202384],[1.72208,49.202503],[1.722347,49.201501],[1.722786,49.20143],[1.722527,49.20097],[1.725052,49.200779],[1.725242,49.199898],[1.724813,49.199871],[1.725867,49.194328],[1.723465,49.194066],[1.723536,49.192281],[1.719732,49.19131],[1.719087,49.189609],[1.720046,49.18921],[1.718679,49.187906],[1.719392,49.187537],[1.718706,49.186447],[1.71931,49.186502],[1.717995,49.184643],[1.715665,49.184119],[1.713448,49.184516],[1.713423,49.183468],[1.712578,49.183556],[1.711555,49.182527],[1.710463,49.18077],[1.712271,49.180484],[1.711925,49.179721],[1.713008,49.178871],[1.71078,49.17753],[1.708972,49.177056],[1.705671,49.177305],[1.705021,49.178743],[1.702428,49.178468],[1.701324,49.180078],[1.698536,49.179993],[1.697559,49.180676],[1.697191,49.181601],[1.695366,49.180783],[1.69507,49.18123],[1.693138,49.180089],[1.689835,49.182163],[1.684654,49.182926],[1.682203,49.184055],[1.680824,49.18267],[1.680269,49.184622],[1.683267,49.185606],[1.681226,49.190429],[1.680479,49.194102],[1.684492,49.196918],[1.6842,49.198678],[1.686242,49.200299],[1.688161,49.203112],[1.694049,49.200517],[1.694701,49.202458],[1.694732,49.206637],[1.699344,49.208157],[1.700925,49.208092],[1.702696,49.206279],[1.702013,49.205931],[1.703833,49.203673],[1.703793,49.201131],[1.706084,49.19929],[1.709726,49.201438],[1.715526,49.202663]]]}},
{"type":"Feature","properties":{"nom":"Butry-sur-Oise","code":"95120","population":2252,"surface":278.31},"geometry":{"type":"Polygon","coordinates":[[[2.208319,49.091054],[2.20562,49.085922],[2.201869,49.081939],[2.200381,49.079515],[2.196585,49.075814],[2.193384,49.07384],[2.190957,49.075838],[2.190148,49.075383],[2.188676,49.076097],[2.187009,49.077264],[2.18779,49.07771],[2.186649,49.078545],[2.182301,49.076693],[2.171944,49.086648],[2.171527,49.087565],[2.174436,49.088419],[2.175037,49.08753],[2.176405,49.087977],[2.177427,49.08659],[2.180132,49.087522],[2.183697,49.085639],[2.184846,49.086433],[2.185254,49.086153],[2.190908,49.089946],[2.19501,49.088325],[2.196107,49.090663],[2.19451,49.092752],[2.195925,49.091841],[2.196421,49.092673],[2.197609,49.092073],[2.200316,49.091921],[2.201333,49.092349],[2.208319,49.091054]]]}},
{"type":"Feature","properties":{"nom":"Cergy","code":"95127","population":70906,"surface":1455.24},"geometry":{"type":"Polygon","coordinates":[[[2.090818,49.024275],[2.088592,49.021241],[2.086444,49.020141],[2.079642,49.01876],[2.076445,49.01924],[2.075677,49.01814],[2.070707,49.019229],[2.063408,49.023748],[2.061003,49.025867],[2.059132,49.02489],[2.057767,49.022789],[2.056142,49.02319],[2.056347,49.023413],[2.049062,49.02753],[2.050096,49.028497],[2.038249,49.034014],[2.039719,49.035536],[2.035729,49.038304],[2.034926,49.038668],[2.033462,49.037272],[2.030712,49.036734],[2.027203,49.037381],[2.026086,49.038944],[2.025552,49.038844],[2.025671,49.038399],[2.021836,49.038122],[2.021632,49.038751],[2.019673,49.038582],[2.016037,49.039664],[2.016118,49.040159],[2.01043,49.043871],[2.007039,49.044574],[2.009018,49.046739],[2.007893,49.047309],[2.008322,49.048308],[2.006695,49.048626],[2.00695,49.049196],[2.004454,49.049688],[2.004775,49.050281],[1.999982,49.051778],[2.004156,49.054179],[2.010012,49.055572],[2.01072,49.056212],[2.019442,49.054423],[2.024527,49.054173],[2.025804,49.055521],[2.027908,49.056466],[2.029291,49.055769],[2.037964,49.055396],[2.04424,49.054074],[2.046597,49.054019],[2.046823,49.056135],[2.057583,49.054273],[2.066674,49.051058],[2.080024,49.041815],[2.087505,49.038467],[2.082868,49.034833],[2.085458,49.033209],[2.084291,49.032381],[2.083563,49.030838],[2.084433,49.029161],[2.085322,49.028593],[2.087401,49.02905],[2.08931,49.028647],[2.090491,49.02955],[2.091063,49.027391],[2.08997,49.025013],[2.090448,49.024865],[2.090181,49.024412],[2.090818,49.024275]]]}},
{"type":"Feature","properties":{"nom":"Champagne-sur-Oise","code":"95134","population":5036,"surface":948.11},"geometry":{"type":"Polygon","coordinates":[[[2.237018,49.131036],[2.233529,49.129733],[2.229328,49.129232],[2.220413,49.127013],[2.21726,49.123961],[2.214927,49.125311],[2.212897,49.125798],[2.214736,49.126711],[2.21547,49.129049],[2.213238,49.129688],[2.213398,49.130077],[2.21246,49.130039],[2.212417,49.130996],[2.211355,49.131089],[2.212158,49.132979],[2.211296,49.133722],[2.212011,49.135958],[2.211156,49.137672],[2.212117,49.139708],[2.211814,49.143456],[2.209649,49.145803],[2.20531,49.148861],[2.193876,49.16152],[2.192303,49.164971],[2.196897,49.167059],[2.197052,49.166452],[2.198439,49.166462],[2.200379,49.163372],[2.20566,49.159452],[2.206682,49.158182],[2.216843,49.153893],[2.222304,49.152257],[2.23211,49.151432],[2.231793,49.152431],[2.233563,49.152662],[2.233555,49.151552],[2.238806,49.151984],[2.241315,49.151589],[2.240475,49.149494],[2.25266,49.147077],[2.252022,49.146806],[2.254437,49.143926],[2.25557,49.144477],[2.257324,49.142661],[2.258182,49.142939],[2.259193,49.141661],[2.258415,49.141319],[2.259126,49.139976],[2.258443,49.139739],[2.261131,49.136733],[2.261612,49.137107],[2.263772,49.135994],[2.262803,49.134483],[2.258883,49.132051],[2.242538,49.130883],[2.237018,49.131036]]]}},
{"type":"Feature","properties":{"nom":"La Chapelle-en-Vexin","code":"95139","population":320,"surface":366.94},"geometry":{"type":"Polygon","coordinates":[[[1.723465,49.194066],[1.726876,49.19413],[1.72682,49.194958],[1.729134,49.195219],[1.729986,49.194711],[1.732548,49.195202],[1.737268,49.19479],[1.736445,49.19283],[1.73989,49.192075],[1.739442,49.190622],[1.740461,49.190554],[1.740251,49.188334],[1.741089,49.188369],[1.741003,49.185673],[1.744287,49.183307],[1.740102,49.18081],[1.742396,49.17984],[1.735587,49.174342],[1.729627,49.176847],[1.727545,49.177029],[1.726903,49.176666],[1.724806,49.177644],[1.721659,49.176368],[1.720032,49.175207],[1.721538,49.174237],[1.722196,49.171999],[1.718249,49.173315],[1.715391,49.176247],[1.712017,49.178418],[1.713008,49.178871],[1.711925,49.179721],[1.712271,49.180484],[1.710463,49.18077],[1.712578,49.183556],[1.713423,49.183468],[1.713448,49.184516],[1.715665,49.184119],[1.717995,49.184643],[1.71931,49.186502],[1.718706,49.186447],[1.719392,49.187537],[1.718679,49.187906],[1.720046,49.18921],[1.719087,49.189609],[1.719732,49.19131],[1.723536,49.192281],[1.723465,49.194066]]]}},
{"type":"Feature","properties":{"nom":"Charmont","code":"95141","population":32,"surface":359.16},"geometry":{"type":"Polygon","coordinates":[[[1.766942,49.132308],[1.769309,49.134103],[1.769643,49.133929],[1.771665,49.136366],[1.774663,49.135382],[1.775525,49.136094],[1.774946,49.136446],[1.776215,49.137865],[1.776729,49.137706],[1.779991,49.139711],[1.778085,49.140817],[1.77924,49.141317],[1.777969,49.142435],[1.77928,49.143389],[1.780613,49.142713],[1.782271,49.143377],[1.782682,49.143656],[1.781937,49.14405],[1.783255,49.144933],[1.784031,49.144977],[1.784607,49.143384],[1.784401,49.141968],[1.787594,49.142785],[1.78769,49.140195],[1.791719,49.14157],[1.790153,49.142551],[1.78898,49.144665],[1.789135,49.14547],[1.789989,49.146047],[1.789475,49.146397],[1.791265,49.147273],[1.79097,49.14829],[1.796496,49.147506],[1.813211,49.141019],[1.812163,49.139678],[1.809669,49.140939],[1.804523,49.138181],[1.803987,49.138535],[1.802004,49.1374],[1.80606,49.134747],[1.804288,49.133526],[1.805091,49.132626],[1.803814,49.131679],[1.804767,49.131108],[1.803856,49.130214],[1.799398,49.132297],[1.798632,49.131404],[1.794637,49.1325],[1.794198,49.131916],[1.792237,49.13245],[1.791824,49.131859],[1.789237,49.132418],[1.785229,49.129802],[1.784945,49.130225],[1.782206,49.129962],[1.780281,49.130683],[1.779059,49.129631],[1.778492,49.129855],[1.778449,49.129387],[1.773692,49.130692],[1.77227,49.129251],[1.769546,49.129982],[1.769921,49.130809],[1.766942,49.132308]]]}},
{"type":"Feature","properties":{"nom":"Chars","code":"95142","population":2006,"surface":1687.52},"geometry":{"type":"Polygon","coordinates":[[[1.924516,49.139596],[1.916453,49.143509],[1.91698,49.143966],[1.914581,49.145119],[1.908627,49.141108],[1.90715,49.142547],[1.904405,49.141407],[1.901884,49.139277],[1.893366,49.143947],[1.890931,49.1494],[1.893088,49.149311],[1.892642,49.156974],[1.891276,49.156787],[1.891074,49.158988],[1.892081,49.159542],[1.892074,49.158849],[1.895295,49.158621],[1.897192,49.159017],[1.89715,49.16015],[1.894913,49.160016],[1.894701,49.160655],[1.893946,49.160559],[1.893713,49.161703],[1.891917,49.161827],[1.891233,49.163247],[1.88285,49.161524],[1.882953,49.162576],[1.887438,49.16302],[1.886869,49.16416],[1.88831,49.164711],[1.889749,49.165023],[1.890123,49.164114],[1.895108,49.165031],[1.894705,49.166094],[1.906972,49.168608],[1.920665,49.172214],[1.923828,49.172442],[1.924366,49.1736],[1.92639,49.17331],[1.931916,49.174206],[1.931454,49.175031],[1.932508,49.175011],[1.93331,49.173663],[1.934369,49.173536],[1.934967,49.171948],[1.934646,49.170544],[1.935401,49.169589],[1.935582,49.169964],[1.93941,49.170677],[1.941222,49.170575],[1.942325,49.170003],[1.945349,49.171523],[1.949742,49.170478],[1.96002,49.17349],[1.962364,49.174601],[1.968494,49.170627],[1.970439,49.169892],[1.972405,49.166823],[1.973665,49.167497],[1.974746,49.166401],[1.976168,49.166716],[1.977858,49.164483],[1.977025,49.16242],[1.977372,49.162081],[1.976897,49.162035],[1.976415,49.160334],[1.974607,49.161753],[1.972893,49.161588],[1.969829,49.156659],[1.968466,49.157293],[1.966928,49.1557],[1.966663,49.155192],[1.967973,49.154391],[1.963428,49.151472],[1.959959,49.148022],[1.957411,49.147963],[1.955198,49.147243],[1.952119,49.14498],[1.948591,49.144927],[1.946414,49.145679],[1.940308,49.14616],[1.940001,49.145703],[1.938536,49.145547],[1.938298,49.143828],[1.937013,49.144406],[1.933641,49.143751],[1.931622,49.144522],[1.929046,49.142942],[1.929658,49.142453],[1.925936,49.140824],[1.924516,49.139596]]]}},
{"type":"Feature","properties":{"nom":"Châtenay-en-France","code":"95144","population":68,"surface":307.21},"geometry":{"type":"Polygon","coordinates":[[[2.441346,49.067624],[2.441362,49.068809],[2.444431,49.070259],[2.445299,49.069508],[2.444662,49.06906],[2.45073,49.068408],[2.450678,49.069374],[2.452672,49.069738],[2.453504,49.07197],[2.450775,49.073109],[2.451549,49.073679],[2.453816,49.072823],[2.45436,49.07425],[2.455311,49.074024],[2.456956,49.075062],[2.459234,49.073443],[2.463631,49.072204],[2.463764,49.071711],[2.470216,49.070951],[2.472047,49.071411],[2.472231,49.067865],[2.482656,49.055513],[2.473325,49.055886],[2.463758,49.06047],[2.460955,49.058768],[2.452341,49.060548],[2.452441,49.061127],[2.449767,49.061996],[2.450103,49.062642],[2.447399,49.063445],[2.448323,49.064407],[2.445166,49.065447],[2.446021,49.066955],[2.441346,49.067624]]]}},
{"type":"Feature","properties":{"nom":"Chaumontel","code":"95149","population":3332,"surface":424.99},"geometry":{"type":"Polygon","coordinates":[[[2.431674,49.133426],[2.437555,49.134413],[2.440305,49.134178],[2.447703,49.136006],[2.457942,49.140819],[2.458873,49.140902],[2.462465,49.139257],[2.461138,49.136744],[2.457227,49.134581],[2.456642,49.131829],[2.448657,49.129078],[2.444325,49.123828],[2.443501,49.124],[2.442359,49.121393],[2.439574,49.121871],[2.43843,49.119885],[2.435985,49.118283],[2.436947,49.117555],[2.43644,49.116307],[2.435519,49.116419],[2.430654,49.114512],[2.431184,49.118832],[2.428224,49.117746],[2.427301,49.118814],[2.425466,49.118678],[2.425722,49.119412],[2.42357,49.120171],[2.420947,49.12205],[2.422809,49.123204],[2.421177,49.125016],[2.419339,49.125497],[2.418287,49.124473],[2.416514,49.12451],[2.415341,49.122576],[2.413965,49.122939],[2.410918,49.124828],[2.414841,49.128093],[2.417787,49.127275],[2.418813,49.129639],[2.419428,49.129503],[2.420023,49.129992],[2.417631,49.131545],[2.419561,49.133668],[2.420761,49.133058],[2.421837,49.133999],[2.423514,49.133518],[2.425845,49.134913],[2.428521,49.134868],[2.428522,49.135332],[2.431334,49.135367],[2.431674,49.133426]]]}},
{"type":"Feature","properties":{"nom":"Chaussy","code":"95150","population":631,"surface":1478.85},"geometry":{"type":"Polygon","coordinates":[[[1.67448,49.139315],[1.67894,49.138845],[1.678752,49.13808],[1.682557,49.136034],[1.688769,49.130524],[1.696055,49.126515],[1.716229,49.123599],[1.720224,49.123384],[1.733085,49.113375],[1.734706,49.11487],[1.736709,49.114219],[1.738298,49.114564],[1.742322,49.109836],[1.745195,49.107761],[1.744096,49.106547],[1.745555,49.105466],[1.743913,49.100051],[1.740942,49.099154],[1.738575,49.101171],[1.71161,49.095091],[1.705928,49.093354],[1.703946,49.092274],[1.703233,49.091285],[1.699286,49.092769],[1.701287,49.095833],[1.69932,49.095622],[1.697033,49.096141],[1.696685,49.09572],[1.695005,49.096116],[1.696162,49.098212],[1.693795,49.099192],[1.692771,49.100726],[1.690116,49.101527],[1.689657,49.103305],[1.690876,49.104541],[1.688897,49.105212],[1.689537,49.106641],[1.685119,49.10788],[1.684769,49.107206],[1.683014,49.106778],[1.674341,49.108404],[1.673905,49.110358],[1.669347,49.115325],[1.671284,49.124253],[1.671208,49.127434],[1.67168,49.129502],[1.672513,49.130372],[1.672269,49.130832],[1.675769,49.13378],[1.674299,49.13434],[1.674831,49.134918],[1.671847,49.136155],[1.670015,49.138802],[1.67448,49.139315]]]}},
{"type":"Feature","properties":{"nom":"Chauvry","code":"95151","population":297,"surface":501.5},"geometry":{"type":"Polygon","coordinates":[[[2.274427,49.068733],[2.273453,49.066162],[2.271668,49.065686],[2.271402,49.064202],[2.272451,49.064012],[2.281176,49.065805],[2.280582,49.064354],[2.280908,49.064317],[2.278913,49.060363],[2.278988,49.053057],[2.280717,49.049228],[2.283202,49.049823],[2.284816,49.049013],[2.284461,49.048443],[2.284622,49.046553],[2.281041,49.043614],[2.276707,49.041854],[2.275198,49.039852],[2.27462,49.036341],[2.267908,49.038451],[2.263326,49.038631],[2.25292,49.04138],[2.259449,49.043581],[2.259231,49.053481],[2.262306,49.055472],[2.261635,49.056376],[2.262469,49.058719],[2.262045,49.060025],[2.261105,49.060206],[2.261485,49.062358],[2.260272,49.06878],[2.258912,49.06913],[2.257772,49.070455],[2.255256,49.07097],[2.255481,49.071786],[2.257065,49.072356],[2.255486,49.073387],[2.256558,49.075125],[2.263429,49.073127],[2.265283,49.06995],[2.265552,49.067356],[2.266089,49.066987],[2.268634,49.0665],[2.26978,49.068184],[2.271814,49.069249],[2.274427,49.068733]]]}},
{"type":"Feature","properties":{"nom":"Chennevières-lès-Louvres","code":"95154","population":282,"surface":458.69},"geometry":{"type":"Polygon","coordinates":[[[2.527156,49.034871],[2.528316,49.039386],[2.527857,49.039476],[2.528385,49.039888],[2.529135,49.043033],[2.530338,49.043098],[2.530499,49.043733],[2.52937,49.043848],[2.530079,49.045214],[2.53087,49.045947],[2.533271,49.045942],[2.533425,49.047053],[2.53472,49.047221],[2.535856,49.050884],[2.536316,49.051158],[2.537951,49.051264],[2.537972,49.050717],[2.540207,49.050734],[2.540168,49.050375],[2.541219,49.050258],[2.541647,49.050946],[2.545034,49.050061],[2.5458,49.051335],[2.546565,49.0513],[2.548386,49.053285],[2.549951,49.053212],[2.55116,49.05265],[2.550887,49.051594],[2.551987,49.051515],[2.552054,49.050945],[2.553363,49.051323],[2.554193,49.049946],[2.555995,49.050301],[2.555888,49.049547],[2.557054,49.048879],[2.558126,49.049205],[2.560831,49.047927],[2.561325,49.048488],[2.562163,49.048416],[2.562828,49.047052],[2.565478,49.045945],[2.566099,49.046854],[2.56825,49.048232],[2.567254,49.04881],[2.569971,49.049929],[2.570806,49.048017],[2.569583,49.045708],[2.568522,49.04555],[2.569188,49.044278],[2.568002,49.043353],[2.569903,49.04214],[2.569192,49.040959],[2.565518,49.041991],[2.563298,49.041258],[2.56366,49.040817],[2.564483,49.041047],[2.565736,49.039899],[2.561071,49.038452],[2.561421,49.037673],[2.560551,49.038157],[2.558373,49.037518],[2.558641,49.037045],[2.556922,49.036752],[2.557319,49.035075],[2.555809,49.035007],[2.555559,49.03548],[2.550726,49.035202],[2.550061,49.034082],[2.551514,49.034013],[2.551543,49.033005],[2.547308,49.032598],[2.546091,49.034019],[2.548814,49.034954],[2.548483,49.035319],[2.545602,49.034373],[2.545149,49.035212],[2.547544,49.036111],[2.545015,49.037782],[2.542631,49.037606],[2.543278,49.034609],[2.533803,49.032451],[2.534958,49.031069],[2.535586,49.029373],[2.533583,49.029186],[2.532023,49.032345],[2.532256,49.034685],[2.529517,49.03391],[2.528801,49.0318],[2.528275,49.03171],[2.528035,49.030282],[2.526051,49.030112],[2.526513,49.032411],[2.527353,49.03245],[2.527156,49.034871]]]}},
{"type":"Feature","properties":{"nom":"Chérence","code":"95157","population":137,"surface":861.42},"geometry":{"type":"Polygon","coordinates":[[[1.65295,49.095595],[1.658058,49.093447],[1.658712,49.096002],[1.665392,49.101952],[1.676595,49.108027],[1.683014,49.106778],[1.684769,49.107206],[1.685119,49.10788],[1.689537,49.106641],[1.688897,49.105212],[1.690876,49.104541],[1.689657,49.103305],[1.690116,49.101527],[1.692771,49.100726],[1.693795,49.099192],[1.696162,49.098212],[1.695005,49.096116],[1.696685,49.09572],[1.697033,49.096141],[1.69932,49.095622],[1.701287,49.095833],[1.699286,49.092769],[1.703233,49.091285],[1.703946,49.092274],[1.707598,49.093747],[1.70594,49.08945],[1.705903,49.088269],[1.705007,49.088264],[1.70605,49.086207],[1.7051,49.081825],[1.703391,49.079025],[1.701686,49.078426],[1.697755,49.075563],[1.697251,49.075444],[1.695974,49.076915],[1.692952,49.074323],[1.688019,49.077255],[1.680837,49.079885],[1.677023,49.081888],[1.670825,49.083505],[1.665828,49.085641],[1.659327,49.08633],[1.65645,49.087197],[1.652081,49.086801],[1.648479,49.090352],[1.653039,49.092668],[1.65295,49.095595]]]}},
{"type":"Feature","properties":{"nom":"Cléry-en-Vexin","code":"95166","population":476,"surface":514.99},"geometry":{"type":"Polygon","coordinates":[[[1.840843,49.14349],[1.84714,49.14175],[1.847879,49.144323],[1.85752,49.143295],[1.855205,49.14021],[1.865722,49.139695],[1.869131,49.135283],[1.868121,49.13381],[1.862111,49.129605],[1.864857,49.128474],[1.857295,49.121627],[1.855758,49.12248],[1.851538,49.121092],[1.850499,49.121652],[1.84836,49.119736],[1.844928,49.118995],[1.843201,49.120633],[1.840942,49.121061],[1.836835,49.1205],[1.837712,49.120351],[1.837528,49.119999],[1.833271,49.120404],[1.833394,49.120854],[1.832398,49.12088],[1.831621,49.120069],[1.829514,49.1219],[1.831769,49.123753],[1.830625,49.125707],[1.833277,49.128329],[1.835089,49.127827],[1.836689,49.129612],[1.834131,49.130821],[1.837721,49.134785],[1.836628,49.135199],[1.837711,49.136388],[1.837131,49.136668],[1.837806,49.137254],[1.835913,49.138045],[1.835451,49.137432],[1.833882,49.137891],[1.833535,49.139227],[1.834559,49.139093],[1.83571,49.140673],[1.838273,49.139645],[1.840843,49.14349]]]}},
{"type":"Feature","properties":{"nom":"Commeny","code":"95169","population":646,"surface":551.28},"geometry":{"type":"Polygon","coordinates":[[[1.915177,49.126743],[1.913414,49.12521],[1.908949,49.125466],[1.908097,49.125157],[1.905488,49.123077],[1.90684,49.123267],[1.908925,49.121337],[1.908422,49.11981],[1.908788,49.119377],[1.915536,49.115146],[1.913187,49.112648],[1.91696,49.111113],[1.913853,49.107984],[1.892991,49.116633],[1.890482,49.114538],[1.88135,49.118685],[1.883553,49.120643],[1.872659,49.125185],[1.875061,49.126938],[1.877508,49.12715],[1.865974,49.132418],[1.868121,49.13381],[1.869131,49.135283],[1.867936,49.136411],[1.867033,49.138282],[1.87157,49.140503],[1.87271,49.140672],[1.873158,49.140113],[1.874679,49.140659],[1.876715,49.138357],[1.879856,49.139052],[1.881159,49.137813],[1.882878,49.137915],[1.882493,49.137786],[1.883014,49.136703],[1.884083,49.136929],[1.885372,49.134615],[1.884436,49.134412],[1.885236,49.132983],[1.888135,49.133615],[1.888298,49.133192],[1.889812,49.133623],[1.891391,49.13278],[1.892678,49.133467],[1.893501,49.133078],[1.891991,49.132278],[1.89606,49.130274],[1.894371,49.129196],[1.89652,49.127651],[1.901391,49.128557],[1.908578,49.127879],[1.911977,49.126319],[1.915177,49.126743]]]}},
{"type":"Feature","properties":{"nom":"Condécourt","code":"95170","population":564,"surface":697.25},"geometry":{"type":"Polygon","coordinates":[[[1.9549,49.024719],[1.949524,49.024291],[1.949191,49.025867],[1.94869,49.025824],[1.948473,49.026503],[1.946441,49.026483],[1.945389,49.025703],[1.944464,49.023789],[1.942292,49.023926],[1.937818,49.021914],[1.93227,49.027809],[1.925134,49.033253],[1.923501,49.035043],[1.92233,49.035048],[1.917998,49.03744],[1.918374,49.037962],[1.916491,49.039606],[1.912319,49.041473],[1.916518,49.052105],[1.92022,49.05115],[1.922288,49.051055],[1.922516,49.051381],[1.926299,49.050455],[1.929406,49.050809],[1.929331,49.05043],[1.93178,49.050176],[1.935036,49.048789],[1.937724,49.04827],[1.941271,49.048602],[1.944811,49.05112],[1.946794,49.049527],[1.947205,49.048581],[1.948604,49.049123],[1.947175,49.044916],[1.948202,49.044861],[1.9482,49.042678],[1.950488,49.042177],[1.948883,49.041241],[1.948924,49.040369],[1.95517,49.040192],[1.960892,49.034806],[1.960173,49.032791],[1.960292,49.029418],[1.958594,49.027725],[1.958409,49.026496],[1.954379,49.025696],[1.9549,49.024719]]]}},
{"type":"Feature","properties":{"nom":"Cormeilles-en-Parisis","code":"95176","population":27292,"surface":842.9},"geometry":{"type":"Polygon","coordinates":[[[2.17333,48.953478],[2.176378,48.956377],[2.178219,48.959635],[2.180617,48.958989],[2.182931,48.961862],[2.185238,48.962924],[2.185829,48.96694],[2.184758,48.966985],[2.184761,48.968231],[2.184175,48.968657],[2.183514,48.971483],[2.183878,48.973682],[2.183224,48.975383],[2.183653,48.975554],[2.182995,48.976478],[2.184841,48.977149],[2.183469,48.979199],[2.184479,48.979595],[2.186311,48.979248],[2.189556,48.979748],[2.187568,48.981251],[2.189085,48.983347],[2.191128,48.983551],[2.191109,48.984333],[2.191873,48.984628],[2.194233,48.984654],[2.194949,48.985286],[2.198095,48.985513],[2.198927,48.986319],[2.198404,48.987705],[2.200256,48.987719],[2.201571,48.990443],[2.204444,48.989629],[2.203839,48.986405],[2.202917,48.985213],[2.203315,48.984231],[2.209522,48.982539],[2.20998,48.983213],[2.211307,48.982361],[2.210912,48.98209],[2.215937,48.980862],[2.219417,48.97911],[2.218578,48.978728],[2.218494,48.977919],[2.219819,48.977509],[2.218894,48.976201],[2.220213,48.975516],[2.22283,48.975494],[2.225606,48.97338],[2.226513,48.973879],[2.228758,48.972877],[2.226235,48.971715],[2.225733,48.971025],[2.222715,48.972421],[2.220649,48.970028],[2.220142,48.97015],[2.218502,48.969009],[2.213522,48.963727],[2.211486,48.964749],[2.206495,48.96027],[2.203319,48.956566],[2.205337,48.955952],[2.205867,48.949861],[2.200585,48.950359],[2.200365,48.949694],[2.193823,48.950582],[2.189762,48.950432],[2.190204,48.95177],[2.177948,48.954563],[2.175741,48.952132],[2.17333,48.953478]]]}},
{"type":"Feature","properties":{"nom":"Cormeilles-en-Vexin","code":"95177","population":1297,"surface":955.45},"geometry":{"type":"Polygon","coordinates":[[[2.011423,49.131608],[2.013133,49.13121],[2.013843,49.132543],[2.022013,49.130496],[2.021834,49.12943],[2.023737,49.131071],[2.025254,49.130478],[2.024991,49.129854],[2.026787,49.129172],[2.02733,49.131172],[2.030269,49.130804],[2.029729,49.127584],[2.036429,49.124364],[2.036052,49.124139],[2.037808,49.121602],[2.037289,49.121083],[2.039357,49.119372],[2.038273,49.118074],[2.03712,49.117965],[2.042113,49.114364],[2.036565,49.11255],[2.041711,49.11075],[2.041734,49.108426],[2.044196,49.108203],[2.041862,49.103489],[2.041874,49.101722],[2.039773,49.100922],[2.039586,49.100071],[2.033282,49.101434],[2.032506,49.099132],[2.031391,49.099291],[2.030537,49.097956],[2.028672,49.09855],[2.027073,49.096552],[2.022155,49.09826],[2.022584,49.0991],[2.022238,49.100329],[2.017534,49.101871],[2.015603,49.099251],[2.00534,49.102444],[2.003081,49.100145],[2.001156,49.101108],[1.999003,49.099386],[1.998392,49.100365],[1.997973,49.100134],[1.994068,49.102759],[1.990689,49.103028],[1.992885,49.105552],[1.989993,49.106588],[1.992191,49.10913],[1.994339,49.110667],[1.993054,49.111667],[1.993849,49.112323],[1.996133,49.110693],[2.000915,49.11357],[1.99895,49.114584],[2.001155,49.116014],[2.003971,49.114707],[2.005026,49.114818],[2.003828,49.118069],[2.005494,49.118903],[2.004035,49.119612],[2.006549,49.122072],[2.003087,49.123473],[2.006335,49.125081],[2.006009,49.125635],[2.007878,49.126832],[2.005846,49.128154],[2.011423,49.131608]]]}},
{"type":"Feature","properties":{"nom":"Courcelles-sur-Viosne","code":"95181","population":310,"surface":362.18},"geometry":{"type":"Polygon","coordinates":[[[1.995064,49.063636],[1.988229,49.065512],[1.978729,49.069234],[1.979387,49.069932],[1.977088,49.070869],[1.978427,49.071408],[1.97523,49.073353],[1.985622,49.077682],[1.985289,49.077916],[1.985932,49.078221],[1.987014,49.077924],[1.991987,49.080595],[1.994859,49.08264],[1.994015,49.083354],[1.994731,49.083936],[1.997764,49.081843],[1.999468,49.079681],[2.002866,49.07912],[2.00482,49.079535],[2.005049,49.077963],[2.005562,49.07746],[2.006422,49.078006],[2.008144,49.077068],[2.008717,49.07737],[2.010896,49.076987],[2.011147,49.077684],[2.015266,49.07758],[2.012697,49.073739],[2.01313,49.069751],[2.013828,49.069562],[2.010562,49.065504],[2.008775,49.065765],[2.006897,49.065045],[2.005187,49.065107],[1.999158,49.067501],[1.995064,49.063636]]]}},
{"type":"Feature","properties":{"nom":"Courdimanche","code":"95183","population":7311,"surface":563.98},"geometry":{"type":"Polygon","coordinates":[[[1.99468,49.060594],[2.01072,49.056212],[2.010012,49.055572],[2.004156,49.054179],[1.999982,49.051778],[2.004775,49.050281],[2.004454,49.049688],[2.00695,49.049196],[2.006695,49.048626],[2.008322,49.048308],[2.007893,49.047309],[2.009018,49.046739],[2.007039,49.044574],[2.01043,49.043871],[2.016118,49.040159],[2.016037,49.039664],[2.01077,49.03737],[2.012842,49.027206],[2.010072,49.026882],[2.010017,49.027341],[2.004502,49.027787],[1.999084,49.027193],[1.999348,49.024094],[1.99847,49.023668],[1.991436,49.023762],[1.991216,49.026297],[1.993553,49.028381],[1.99284,49.029638],[1.987927,49.034017],[1.983709,49.03478],[1.984512,49.035546],[1.984624,49.037718],[1.983605,49.037804],[1.985215,49.039321],[1.984284,49.039875],[1.985402,49.042114],[1.987707,49.050325],[1.99216,49.055605],[1.99468,49.060594]]]}},
{"type":"Feature","properties":{"nom":"Deuil-la-Barre","code":"95197","population":23099,"surface":375.32},"geometry":{"type":"Polygon","coordinates":[[[2.334171,48.98084],[2.338908,48.980584],[2.341097,48.982525],[2.342781,48.983277],[2.344208,48.978057],[2.342743,48.974919],[2.335669,48.975301],[2.336261,48.971956],[2.330771,48.970266],[2.331914,48.968959],[2.333525,48.968167],[2.333203,48.967575],[2.333863,48.966713],[2.333629,48.966325],[2.334701,48.965969],[2.334276,48.965477],[2.331737,48.966331],[2.330539,48.964991],[2.331023,48.964754],[2.330235,48.963729],[2.330615,48.963385],[2.329549,48.962297],[2.331464,48.960996],[2.322693,48.957525],[2.31977,48.958474],[2.313055,48.962327],[2.315914,48.964136],[2.317,48.965894],[2.309727,48.970719],[2.309788,48.971199],[2.310673,48.971908],[2.313851,48.969588],[2.316588,48.971253],[2.317149,48.975293],[2.316691,48.979655],[2.319509,48.980871],[2.3227,48.980426],[2.322863,48.982306],[2.32553,48.983214],[2.331312,48.982524],[2.334053,48.981639],[2.334171,48.98084]]]}},
{"type":"Feature","properties":{"nom":"Domont","code":"95199","population":16065,"surface":851.61},"geometry":{"type":"Polygon","coordinates":[[[2.295665,49.027224],[2.297336,49.028531],[2.293689,49.030408],[2.295557,49.032],[2.297312,49.032397],[2.298215,49.033107],[2.298371,49.034109],[2.299195,49.035105],[2.300974,49.034051],[2.301532,49.0368],[2.305708,49.037247],[2.306917,49.038776],[2.307613,49.038286],[2.31027,49.039977],[2.31226,49.03743],[2.317027,49.040483],[2.31939,49.041469],[2.321786,49.04354],[2.324403,49.044585],[2.324821,49.044134],[2.32748,49.045008],[2.327723,49.044663],[2.331428,49.047159],[2.334895,49.045238],[2.334228,49.044775],[2.334869,49.044376],[2.337236,49.045799],[2.34203,49.033945],[2.345939,49.033871],[2.345654,49.032879],[2.346437,49.032597],[2.346663,49.033339],[2.349227,49.032148],[2.352752,49.029695],[2.35489,49.026779],[2.346025,49.024312],[2.34617,49.023993],[2.344428,49.023354],[2.334874,49.022611],[2.332541,49.021775],[2.331633,49.022235],[2.327661,49.020685],[2.325915,49.01908],[2.323849,49.020223],[2.323099,49.018376],[2.321728,49.017027],[2.320114,49.016285],[2.321384,49.013981],[2.32135,49.012765],[2.321729,49.012887],[2.322119,49.012301],[2.321919,49.010638],[2.320162,49.010826],[2.318677,49.011795],[2.315808,49.011102],[2.315489,49.013788],[2.314432,49.014731],[2.312738,49.014815],[2.313091,49.016598],[2.30413,49.020792],[2.304208,49.022763],[2.305919,49.023395],[2.305749,49.023789],[2.301453,49.02409],[2.295665,49.027224]]]}},
{"type":"Feature","properties":{"nom":"Eaubonne","code":"95203","population":26211,"surface":441.13},"geometry":{"type":"Polygon","coordinates":[[[2.290142,48.996798],[2.292845,48.995883],[2.288361,48.989708],[2.284015,48.985643],[2.286848,48.982353],[2.291749,48.978851],[2.291632,48.976772],[2.289927,48.977332],[2.289621,48.976984],[2.282633,48.97751],[2.281693,48.976877],[2.275785,48.975913],[2.272778,48.97713],[2.273716,48.978037],[2.271063,48.981747],[2.272428,48.984639],[2.264475,48.987381],[2.26698,48.990595],[2.265708,48.991093],[2.266847,48.992607],[2.265251,48.993178],[2.265566,48.993897],[2.264855,48.994495],[2.26477,48.995309],[2.265222,48.995857],[2.264141,48.996251],[2.265188,48.997556],[2.263362,48.998127],[2.264235,49.000825],[2.2667,49.000845],[2.272495,49.006694],[2.282988,49.003039],[2.281935,49.00228],[2.283863,49.001482],[2.283524,49.00041],[2.281147,48.998164],[2.290142,48.996798]]]}},
{"type":"Feature","properties":{"nom":"Écouen","code":"95205","population":7202,"surface":758.64},"geometry":{"type":"Polygon","coordinates":[[[2.382745,49.041977],[2.394817,49.04051],[2.394655,49.038908],[2.397499,49.039855],[2.399177,49.039701],[2.399331,49.038991],[2.400856,49.037479],[2.400517,49.035173],[2.40132,49.033013],[2.407467,49.025674],[2.41002,49.024148],[2.401831,49.019958],[2.396299,49.016208],[2.394417,49.016563],[2.393379,49.015473],[2.393314,49.01415],[2.385218,49.014122],[2.384982,49.013388],[2.382821,49.013721],[2.382799,49.014118],[2.381997,49.014361],[2.376883,49.01265],[2.374586,49.012716],[2.370108,49.011895],[2.367788,49.012587],[2.365106,49.011372],[2.363397,49.009571],[2.362084,49.010603],[2.361662,49.011844],[2.362583,49.014398],[2.362074,49.016266],[2.364008,49.020824],[2.363991,49.022907],[2.368665,49.028275],[2.370787,49.029877],[2.371768,49.034197],[2.373148,49.03558],[2.373953,49.037551],[2.376917,49.038437],[2.382745,49.041977]]]}},
{"type":"Feature","properties":{"nom":"Enghien-les-Bains","code":"95210","population":11432,"surface":174.84},"geometry":{"type":"Polygon","coordinates":[[[2.313005,48.962411],[2.310371,48.961745],[2.30894,48.963509],[2.305085,48.962222],[2.301154,48.965475],[2.293064,48.968773],[2.293024,48.969141],[2.29498,48.969555],[2.293407,48.970551],[2.293032,48.97141],[2.295392,48.972432],[2.295858,48.974553],[2.301418,48.975402],[2.301015,48.977029],[2.304138,48.979471],[2.306993,48.97736],[2.310067,48.972939],[2.310673,48.971908],[2.309727,48.970719],[2.317,48.965894],[2.315914,48.964136],[2.313005,48.962411]]]}},
{"type":"Feature","properties":{"nom":"Ennery","code":"95211","population":2243,"surface":746.72},"geometry":{"type":"Polygon","coordinates":[[[2.091086,49.072255],[2.088331,49.073579],[2.087751,49.07346],[2.087112,49.074858],[2.087471,49.077159],[2.086082,49.07871],[2.086705,49.081691],[2.08617,49.082363],[2.085487,49.082195],[2.08424,49.083658],[2.084292,49.084211],[2.086049,49.083936],[2.086626,49.086556],[2.09251,49.084569],[2.100652,49.089417],[2.117135,49.093726],[2.119891,49.092318],[2.118346,49.090566],[2.126464,49.086827],[2.128523,49.086287],[2.129074,49.086781],[2.130382,49.086063],[2.129001,49.084489],[2.131208,49.083574],[2.130613,49.083178],[2.13364,49.080758],[2.126014,49.077494],[2.124797,49.074197],[2.124966,49.073451],[2.126119,49.07265],[2.123567,49.071591],[2.124128,49.070292],[2.121858,49.067543],[2.122899,49.067025],[2.118626,49.063207],[2.116314,49.061744],[2.11571,49.062523],[2.114123,49.06194],[2.112957,49.060551],[2.108802,49.061375],[2.109088,49.059899],[2.107251,49.059771],[2.105013,49.060373],[2.104791,49.062877],[2.106075,49.063309],[2.106443,49.064046],[2.105627,49.065066],[2.105187,49.064168],[2.103763,49.065325],[2.103334,49.066337],[2.104328,49.06715],[2.101043,49.068135],[2.095841,49.072169],[2.091566,49.073301],[2.091086,49.072255]]]}},
{"type":"Feature","properties":{"nom":"Épiais-lès-Louvres","code":"95212","population":156,"surface":346.21},"geometry":{"type":"Polygon","coordinates":[[[2.525339,49.026913],[2.526051,49.030112],[2.528035,49.030282],[2.528275,49.03171],[2.528801,49.0318],[2.529913,49.034093],[2.532256,49.034685],[2.532023,49.032345],[2.533583,49.029186],[2.535586,49.029373],[2.534958,49.031069],[2.533803,49.032451],[2.543278,49.034609],[2.542631,49.037606],[2.545015,49.037782],[2.547544,49.036111],[2.545149,49.035212],[2.545602,49.034373],[2.548483,49.035319],[2.548814,49.034954],[2.546091,49.034019],[2.547308,49.032598],[2.551543,49.033005],[2.551514,49.034013],[2.550061,49.034082],[2.550726,49.035202],[2.555559,49.03548],[2.555809,49.035007],[2.557319,49.035075],[2.556922,49.036752],[2.558641,49.037045],[2.558373,49.037518],[2.560551,49.038157],[2.561421,49.037673],[2.561071,49.038452],[2.565736,49.039899],[2.564483,49.041047],[2.56366,49.040817],[2.563298,49.041258],[2.565518,49.041991],[2.567762,49.041369],[2.567227,49.040773],[2.56944,49.039521],[2.567926,49.039085],[2.569691,49.035365],[2.568789,49.035244],[2.568733,49.032815],[2.566254,49.032104],[2.566011,49.028592],[2.564034,49.028446],[2.564652,49.027981],[2.563093,49.027764],[2.558506,49.025813],[2.552629,49.025338],[2.545286,49.022905],[2.545263,49.022379],[2.541195,49.022383],[2.541191,49.023215],[2.528827,49.024368],[2.529177,49.026741],[2.525339,49.026913]]]}},
{"type":"Feature","properties":{"nom":"Épiais-Rhus","code":"95213","population":603,"surface":1045.76},"geometry":{"type":"Polygon","coordinates":[[[2.093445,49.117772],[2.088551,49.113928],[2.089775,49.113121],[2.078907,49.106507],[2.078386,49.106739],[2.077308,49.106193],[2.076543,49.105074],[2.076852,49.104856],[2.074402,49.103432],[2.072597,49.100594],[2.070804,49.100866],[2.070868,49.101182],[2.065356,49.101487],[2.065482,49.1018],[2.064173,49.102547],[2.06504,49.103525],[2.065203,49.106641],[2.064081,49.10681],[2.063481,49.108064],[2.060493,49.108225],[2.060417,49.10971],[2.055332,49.110626],[2.053905,49.110313],[2.054122,49.109626],[2.050155,49.109329],[2.049633,49.113092],[2.050605,49.113261],[2.050376,49.11555],[2.046741,49.115526],[2.047689,49.117161],[2.047209,49.118199],[2.047433,49.121588],[2.049449,49.120827],[2.05022,49.121494],[2.050022,49.121904],[2.053106,49.123172],[2.052571,49.123792],[2.05424,49.124996],[2.058184,49.127068],[2.05772,49.127485],[2.059755,49.127932],[2.060585,49.129377],[2.060977,49.129218],[2.062368,49.131904],[2.064336,49.131666],[2.063975,49.132979],[2.064665,49.133029],[2.064933,49.13632],[2.066319,49.137599],[2.066272,49.138651],[2.067524,49.141718],[2.067317,49.143368],[2.070427,49.144102],[2.072547,49.144009],[2.07266,49.144664],[2.073933,49.144788],[2.075731,49.145846],[2.077919,49.145217],[2.080576,49.145494],[2.080007,49.146341],[2.080269,49.147024],[2.081532,49.147848],[2.084333,49.14769],[2.084709,49.1493],[2.088068,49.148824],[2.087804,49.147927],[2.089691,49.147607],[2.089414,49.146851],[2.090906,49.146745],[2.090826,49.145842],[2.091855,49.145808],[2.091114,49.145101],[2.091231,49.1431],[2.089493,49.143339],[2.088721,49.141847],[2.085504,49.142086],[2.085423,49.139977],[2.085472,49.138921],[2.088278,49.138332],[2.088091,49.13773],[2.089841,49.137468],[2.08837,49.131324],[2.08976,49.131132],[2.088579,49.129316],[2.091311,49.128507],[2.091609,49.129012],[2.093298,49.128073],[2.092702,49.126894],[2.093432,49.126892],[2.092897,49.120664],[2.093827,49.118918],[2.093445,49.117772]]]}},
{"type":"Feature","properties":{"nom":"Épinay-Champlâtreux","code":"95214","population":57,"surface":359.89},"geometry":{"type":"Polygon","coordinates":[[[2.422935,49.086995],[2.421961,49.086774],[2.422029,49.083808],[2.418719,49.083526],[2.418713,49.082997],[2.416917,49.082325],[2.416822,49.081302],[2.415673,49.081344],[2.415098,49.0802],[2.412235,49.08038],[2.404804,49.082582],[2.401424,49.082978],[2.3966,49.086636],[2.390323,49.089115],[2.391707,49.090732],[2.388035,49.090488],[2.389134,49.093793],[2.390408,49.095699],[2.393557,49.098087],[2.394632,49.099839],[2.398159,49.10141],[2.406159,49.097766],[2.407323,49.098395],[2.408691,49.097765],[2.413482,49.098885],[2.414722,49.096009],[2.411902,49.095561],[2.407179,49.093497],[2.406972,49.09205],[2.413152,49.091975],[2.416685,49.093786],[2.417196,49.093371],[2.417931,49.093824],[2.426212,49.093117],[2.425935,49.091858],[2.422991,49.0887],[2.422935,49.086995]]]}},
{"type":"Feature","properties":{"nom":"Éragny-sur-Oise","code":"95218","population":18436,"surface":471.96},"geometry":{"type":"Polygon","coordinates":[[[2.113785,49.025469],[2.117023,49.021918],[2.119098,49.02148],[2.120685,49.019632],[2.120469,49.018669],[2.120986,49.018101],[2.110594,49.010351],[2.110232,49.008735],[2.097558,49.01131],[2.079442,49.016296],[2.080663,49.017175],[2.080872,49.018999],[2.086444,49.020141],[2.089151,49.02181],[2.091907,49.026429],[2.094164,49.033452],[2.095569,49.036032],[2.097701,49.035622],[2.103716,49.033254],[2.10443,49.031741],[2.107234,49.030613],[2.107277,49.028998],[2.113785,49.025469]]]}},
{"type":"Feature","properties":{"nom":"Ermont","code":"95219","population":29489,"surface":415.42},"geometry":{"type":"Polygon","coordinates":[[[2.273843,48.976779],[2.270314,48.977185],[2.266889,48.976323],[2.263311,48.976667],[2.257823,48.978769],[2.256219,48.978886],[2.256192,48.978316],[2.254569,48.978467],[2.245437,48.980048],[2.246273,48.981205],[2.243313,48.981707],[2.242789,48.982329],[2.2432,48.983666],[2.242795,48.983572],[2.244092,48.986316],[2.243564,48.990455],[2.243216,48.990547],[2.243547,48.991246],[2.242485,48.991513],[2.242978,48.992096],[2.242082,48.992442],[2.248466,48.999134],[2.252207,49.001853],[2.256446,48.999888],[2.265188,48.997556],[2.264141,48.996251],[2.265222,48.995857],[2.26477,48.995309],[2.264855,48.994495],[2.265566,48.993897],[2.265251,48.993178],[2.266847,48.992607],[2.265708,48.991093],[2.26698,48.990595],[2.264475,48.987381],[2.272428,48.984639],[2.271063,48.981747],[2.273716,48.978037],[2.272778,48.97713],[2.273843,48.976779]]]}},
{"type":"Feature","properties":{"nom":"Ézanville","code":"95229","population":9858,"surface":517.73},"geometry":{"type":"Polygon","coordinates":[[[2.369657,49.054563],[2.375778,49.048783],[2.379881,49.046685],[2.378744,49.044771],[2.37795,49.04209],[2.380294,49.041702],[2.383073,49.042149],[2.376917,49.038437],[2.373953,49.037551],[2.373148,49.03558],[2.371768,49.034197],[2.370787,49.029877],[2.368665,49.028275],[2.364943,49.024197],[2.363829,49.022551],[2.363949,49.02188],[2.357911,49.025063],[2.358807,49.025372],[2.35489,49.026779],[2.352752,49.029695],[2.349227,49.032148],[2.346663,49.033339],[2.346437,49.032597],[2.345654,49.032879],[2.345939,49.033871],[2.34203,49.033945],[2.340242,49.038416],[2.344418,49.040151],[2.347073,49.041997],[2.349734,49.040482],[2.352687,49.04273],[2.351675,49.044851],[2.363772,49.049669],[2.367695,49.054437],[2.369657,49.054563]]]}},
{"type":"Feature","properties":{"nom":"Fontenay-en-Parisis","code":"95241","population":2219,"surface":1103.04},"geometry":{"type":"Polygon","coordinates":[[[2.418398,49.046491],[2.419966,49.047411],[2.41125,49.053283],[2.413258,49.056195],[2.415563,49.056044],[2.415619,49.057727],[2.423576,49.05765],[2.42369,49.058479],[2.43454,49.062586],[2.438927,49.067896],[2.446021,49.066955],[2.445166,49.065447],[2.448323,49.064407],[2.447399,49.063445],[2.450103,49.062642],[2.449767,49.061996],[2.452441,49.061127],[2.452341,49.060548],[2.460955,49.058768],[2.463758,49.06047],[2.473325,49.055886],[2.481685,49.055344],[2.482316,49.05225],[2.482344,49.050564],[2.478606,49.04531],[2.475217,49.043597],[2.474127,49.041688],[2.472014,49.042744],[2.470989,49.041963],[2.469235,49.042289],[2.467966,49.04347],[2.463861,49.044846],[2.460058,49.044702],[2.459673,49.044534],[2.461507,49.043082],[2.45798,49.040668],[2.459706,49.039538],[2.455998,49.038271],[2.45567,49.038595],[2.45464,49.038126],[2.453665,49.039015],[2.447186,49.037996],[2.446759,49.037876],[2.447092,49.037412],[2.441056,49.034549],[2.440991,49.028937],[2.43496,49.028731],[2.434251,49.029772],[2.436062,49.033536],[2.422271,49.041939],[2.418398,49.046491]]]}},
{"type":"Feature","properties":{"nom":"Fosses","code":"95250","population":10570,"surface":362.58},"geometry":{"type":"Polygon","coordinates":[[[2.48409,49.107008],[2.505049,49.103755],[2.509805,49.103585],[2.510387,49.104295],[2.526986,49.100848],[2.531263,49.099458],[2.530926,49.095842],[2.524567,49.098067],[2.520774,49.098402],[2.51401,49.095905],[2.499201,49.094196],[2.499357,49.093588],[2.495706,49.094491],[2.493645,49.094473],[2.491664,49.095241],[2.48728,49.094249],[2.481079,49.09469],[2.478545,49.094099],[2.478209,49.095768],[2.477816,49.095796],[2.478394,49.097176],[2.477436,49.097227],[2.478702,49.100174],[2.478161,49.100279],[2.480286,49.106234],[2.48409,49.107008]]]}},
{"type":"Feature","properties":{"nom":"Franconville","code":"95252","population":37754,"surface":622.54},"geometry":{"type":"Polygon","coordinates":[[[2.214997,49.003534],[2.243688,48.994216],[2.242082,48.992442],[2.242978,48.992096],[2.242485,48.991513],[2.243547,48.991246],[2.243216,48.990547],[2.243564,48.990455],[2.244092,48.986316],[2.242795,48.983572],[2.236154,48.984113],[2.235476,48.980591],[2.235002,48.980229],[2.237246,48.978996],[2.236631,48.97676],[2.236557,48.97381],[2.232186,48.973297],[2.2293,48.97229],[2.22831,48.973294],[2.226513,48.973879],[2.225606,48.97338],[2.22283,48.975494],[2.220213,48.975516],[2.218894,48.976201],[2.219819,48.977509],[2.218494,48.977919],[2.218578,48.978728],[2.219417,48.97911],[2.217812,48.980018],[2.215049,48.981186],[2.210912,48.98209],[2.211307,48.982361],[2.20998,48.983213],[2.209522,48.982539],[2.203315,48.984231],[2.202917,48.985213],[2.203839,48.986405],[2.204481,48.989788],[2.207071,48.992172],[2.209229,48.997307],[2.214997,49.003534]]]}},
{"type":"Feature","properties":{"nom":"Frémainville","code":"95253","population":507,"surface":561.42},"geometry":{"type":"Polygon","coordinates":[[[1.890592,49.071874],[1.891056,49.071412],[1.890808,49.071203],[1.896475,49.068756],[1.894745,49.067095],[1.896252,49.066299],[1.893523,49.064157],[1.893937,49.063851],[1.888896,49.061541],[1.88806,49.061859],[1.883923,49.058917],[1.880948,49.060485],[1.878008,49.058205],[1.879157,49.057757],[1.876295,49.05548],[1.875008,49.055998],[1.87271,49.05564],[1.872429,49.056111],[1.869301,49.053974],[1.869171,49.054804],[1.867526,49.054827],[1.8677,49.05655],[1.867142,49.056679],[1.867054,49.057233],[1.864543,49.057629],[1.862409,49.059215],[1.858444,49.060014],[1.855413,49.061129],[1.855725,49.061438],[1.854445,49.062109],[1.851546,49.062839],[1.850452,49.062155],[1.848957,49.06247],[1.848898,49.06188],[1.847365,49.062035],[1.846359,49.061241],[1.844974,49.062134],[1.844273,49.063236],[1.840917,49.064598],[1.841349,49.065301],[1.840571,49.06934],[1.844534,49.069259],[1.849422,49.067932],[1.851837,49.06831],[1.852239,49.068899],[1.852702,49.068746],[1.854244,49.071665],[1.855685,49.071196],[1.857465,49.072351],[1.864072,49.073592],[1.86276,49.075819],[1.864828,49.077269],[1.868134,49.076553],[1.870723,49.078658],[1.872316,49.076169],[1.87537,49.075889],[1.875566,49.074742],[1.881638,49.072917],[1.883953,49.074856],[1.890156,49.071534],[1.890592,49.071874]]]}},
{"type":"Feature","properties":{"nom":"Frémécourt","code":"95254","population":526,"surface":432.0},"geometry":{"type":"Polygon","coordinates":[[[1.991357,49.1082],[1.989087,49.109354],[1.990529,49.109929],[1.981708,49.116999],[1.978505,49.120473],[1.979061,49.12131],[1.977093,49.122324],[1.975467,49.125236],[1.977535,49.126264],[1.980312,49.130137],[1.980896,49.129932],[1.98226,49.130957],[1.985673,49.13195],[1.986009,49.130705],[1.988329,49.130659],[1.987725,49.131455],[1.990229,49.132369],[1.993346,49.13175],[1.993934,49.132023],[1.995069,49.131191],[1.995843,49.132543],[1.99646,49.132286],[2.000356,49.135993],[2.00745,49.131991],[2.009747,49.133977],[2.012122,49.132188],[2.005846,49.128154],[2.007878,49.126832],[2.006009,49.125635],[2.006335,49.125081],[2.003087,49.123473],[2.006549,49.122072],[2.004035,49.119612],[2.005494,49.118903],[2.003828,49.118069],[2.005026,49.114818],[2.003971,49.114707],[2.001155,49.116014],[1.99895,49.114584],[2.000915,49.11357],[1.996133,49.110693],[1.993849,49.112323],[1.993054,49.111667],[1.994339,49.110667],[1.991357,49.1082]]]}},
{"type":"Feature","properties":{"nom":"Frépillon","code":"95256","population":3317,"surface":337.68},"geometry":{"type":"Polygon","coordinates":[[[2.231104,49.051906],[2.223543,49.045367],[2.220824,49.046295],[2.217576,49.046285],[2.213929,49.047403],[2.212167,49.046798],[2.211399,49.047149],[2.209363,49.046783],[2.209405,49.046244],[2.206344,49.045959],[2.203935,49.044986],[2.202204,49.046808],[2.196789,49.042844],[2.19434,49.04406],[2.190666,49.041509],[2.188959,49.042073],[2.190037,49.043419],[2.183136,49.045465],[2.173727,49.038642],[2.173059,49.03891],[2.173687,49.041151],[2.17421,49.041222],[2.174613,49.042718],[2.17523,49.042889],[2.174476,49.044964],[2.176108,49.04627],[2.183224,49.046488],[2.185182,49.047328],[2.18599,49.046867],[2.191715,49.049033],[2.195766,49.051157],[2.198578,49.051267],[2.198635,49.051646],[2.197622,49.052244],[2.202092,49.055208],[2.201772,49.055856],[2.202117,49.056993],[2.200971,49.058261],[2.202279,49.058889],[2.202486,49.060185],[2.203731,49.061004],[2.206221,49.060863],[2.207152,49.059195],[2.210292,49.05801],[2.212695,49.059251],[2.216962,49.054846],[2.218759,49.053774],[2.221559,49.053928],[2.231104,49.051906]]]}},
{"type":"Feature","properties":{"nom":"La Frette-sur-Seine","code":"95257","population":4570,"surface":203.85},"geometry":{"type":"Polygon","coordinates":[[[2.178219,48.959635],[2.178054,48.963267],[2.179054,48.966091],[2.177809,48.966604],[2.177169,48.967498],[2.177115,48.968481],[2.175626,48.971278],[2.175271,48.973582],[2.170545,48.978391],[2.166017,48.981107],[2.172244,48.985498],[2.17234,48.986008],[2.173834,48.986295],[2.173776,48.986643],[2.178641,48.985769],[2.181818,48.984528],[2.182046,48.981499],[2.184841,48.977149],[2.182995,48.976478],[2.183653,48.975554],[2.183224,48.975383],[2.183878,48.973682],[2.183514,48.971483],[2.184175,48.968657],[2.184761,48.968231],[2.184758,48.966985],[2.185829,48.96694],[2.185238,48.962924],[2.182931,48.961862],[2.180617,48.958989],[2.178219,48.959635]]]}},
{"type":"Feature","properties":{"nom":"Frouville","code":"95258","population":347,"surface":746.58},"geometry":{"type":"Polygon","coordinates":[[[2.129071,49.153873],[2.133376,49.154369],[2.129892,49.157939],[2.128657,49.157298],[2.12692,49.160085],[2.128222,49.160326],[2.125903,49.162814],[2.127251,49.169701],[2.126935,49.171782],[2.129011,49.175918],[2.137502,49.174549],[2.139069,49.17237],[2.139452,49.170839],[2.142102,49.168666],[2.145913,49.166897],[2.148919,49.166344],[2.155154,49.171096],[2.158034,49.17263],[2.162032,49.16868],[2.162912,49.167403],[2.162472,49.167148],[2.163829,49.166298],[2.161705,49.164229],[2.159527,49.158889],[2.159908,49.157281],[2.16329,49.15904],[2.165376,49.157314],[2.16582,49.155677],[2.165449,49.154307],[2.164884,49.154241],[2.165054,49.152747],[2.163073,49.148267],[2.163542,49.148172],[2.163786,49.146221],[2.164409,49.145771],[2.165265,49.143486],[2.164693,49.141949],[2.162393,49.13906],[2.159707,49.139728],[2.155112,49.142443],[2.154388,49.142277],[2.150404,49.14439],[2.149188,49.144546],[2.146687,49.143539],[2.145249,49.143477],[2.145099,49.14388],[2.139357,49.144494],[2.139358,49.145088],[2.139988,49.145105],[2.139859,49.146286],[2.138934,49.146201],[2.138003,49.148377],[2.136181,49.148243],[2.135333,49.14999],[2.131755,49.149218],[2.129071,49.153873]]]}},
{"type":"Feature","properties":{"nom":"Garges-lès-Gonesse","code":"95268","population":41791,"surface":546.38},"geometry":{"type":"Polygon","coordinates":[[[2.424463,48.974855],[2.422137,48.973415],[2.423088,48.972921],[2.420824,48.971907],[2.42007,48.970893],[2.418042,48.970051],[2.416809,48.968763],[2.419047,48.967858],[2.417823,48.965938],[2.417693,48.964743],[2.419258,48.962117],[2.417048,48.961813],[2.41713,48.960381],[2.417961,48.959647],[2.418812,48.957713],[2.418391,48.95759],[2.417436,48.959524],[2.413685,48.957738],[2.409669,48.957874],[2.409845,48.957037],[2.408336,48.957286],[2.407356,48.956092],[2.398903,48.959611],[2.38786,48.967346],[2.384588,48.970163],[2.384159,48.971126],[2.382441,48.971227],[2.398211,48.982451],[2.401375,48.982721],[2.40387,48.982231],[2.40413,48.983039],[2.407157,48.982764],[2.410019,48.981308],[2.416802,48.980468],[2.417535,48.979892],[2.4166,48.978469],[2.421095,48.97711],[2.421156,48.976568],[2.422335,48.976366],[2.424463,48.974855]]]}},
{"type":"Feature","properties":{"nom":"Genainville","code":"95270","population":522,"surface":1059.12},"geometry":{"type":"Polygon","coordinates":[[[1.753844,49.090028],[1.742718,49.094324],[1.740987,49.099165],[1.743626,49.099722],[1.744091,49.100411],[1.745555,49.105466],[1.744096,49.106547],[1.745195,49.107761],[1.741673,49.110496],[1.737669,49.115646],[1.734815,49.117017],[1.732972,49.118647],[1.730095,49.124371],[1.730564,49.125746],[1.73174,49.126806],[1.730921,49.127621],[1.730883,49.128508],[1.734482,49.129562],[1.739711,49.133459],[1.739514,49.134198],[1.740325,49.134405],[1.739455,49.136195],[1.740588,49.136513],[1.741707,49.137904],[1.74548,49.13838],[1.746112,49.137032],[1.746703,49.137112],[1.74837,49.135555],[1.750024,49.136037],[1.754684,49.133655],[1.755597,49.134002],[1.758,49.132562],[1.761371,49.135036],[1.766405,49.131895],[1.766942,49.132308],[1.769921,49.130809],[1.769546,49.129982],[1.771903,49.129405],[1.7714,49.128426],[1.770293,49.127601],[1.769513,49.127584],[1.767467,49.125215],[1.766752,49.123561],[1.777584,49.120929],[1.777067,49.120031],[1.781453,49.118541],[1.781533,49.118038],[1.780328,49.117694],[1.779624,49.116862],[1.779545,49.11415],[1.776896,49.107645],[1.767662,49.104649],[1.76312,49.104499],[1.762257,49.103987],[1.762301,49.102898],[1.759526,49.102912],[1.758651,49.099442],[1.754852,49.096108],[1.756063,49.095017],[1.753633,49.09303],[1.753844,49.090028]]]}},
{"type":"Feature","properties":{"nom":"Génicourt","code":"95271","population":514,"surface":643.43},"geometry":{"type":"Polygon","coordinates":[[[2.072597,49.100594],[2.072235,49.099844],[2.073077,49.098322],[2.072948,49.097276],[2.073828,49.097353],[2.074847,49.0966],[2.074414,49.096271],[2.076941,49.094723],[2.080053,49.093717],[2.082045,49.092123],[2.083356,49.092597],[2.085485,49.090514],[2.085449,49.088694],[2.084539,49.087872],[2.083649,49.085751],[2.084152,49.08423],[2.078636,49.085123],[2.0729,49.078639],[2.063614,49.086335],[2.048939,49.084233],[2.043895,49.082686],[2.045053,49.086804],[2.046003,49.087529],[2.046343,49.089882],[2.047507,49.091348],[2.045844,49.091682],[2.046586,49.093312],[2.041399,49.094732],[2.042384,49.095983],[2.042963,49.095803],[2.04424,49.097596],[2.040853,49.098805],[2.04097,49.099124],[2.039974,49.099341],[2.04028,49.099904],[2.039586,49.100071],[2.039773,49.100922],[2.042121,49.102144],[2.041862,49.103489],[2.04423,49.108287],[2.047067,49.108081],[2.047086,49.109121],[2.054122,49.109626],[2.053905,49.110313],[2.055332,49.110626],[2.060417,49.10971],[2.060493,49.108225],[2.063481,49.108064],[2.064081,49.10681],[2.065203,49.106641],[2.06504,49.103525],[2.064173,49.102547],[2.065482,49.1018],[2.065356,49.101487],[2.070868,49.101182],[2.070804,49.100866],[2.072597,49.100594]]]}},
{"type":"Feature","properties":{"nom":"Gonesse","code":"95277","population":27707,"surface":2029.8},"geometry":{"type":"Polygon","coordinates":[[[2.442918,49.012672],[2.443476,49.011021],[2.44673,49.010182],[2.444024,49.005526],[2.456083,49.002178],[2.465283,49.001314],[2.463009,48.997616],[2.461934,48.997851],[2.461327,48.997231],[2.462407,48.996783],[2.463695,48.997637],[2.466273,48.994209],[2.467072,48.994393],[2.467241,48.996271],[2.474774,48.99371],[2.478753,48.993965],[2.483706,48.999468],[2.485756,48.999333],[2.484057,48.996684],[2.488715,48.995666],[2.487848,48.990463],[2.488514,48.990717],[2.4934,48.989849],[2.495332,48.988753],[2.503952,48.986771],[2.500019,48.979772],[2.501877,48.978535],[2.500374,48.977707],[2.50211,48.976568],[2.500239,48.975613],[2.500487,48.975435],[2.49579,48.975055],[2.497961,48.973863],[2.496176,48.972599],[2.49249,48.974586],[2.488321,48.971297],[2.490258,48.97007],[2.486772,48.967258],[2.480767,48.969813],[2.477798,48.966703],[2.47503,48.967668],[2.469496,48.963022],[2.467346,48.964306],[2.462947,48.959748],[2.460718,48.958396],[2.459489,48.955049],[2.455879,48.955668],[2.457794,48.959752],[2.451018,48.962878],[2.451521,48.963465],[2.447695,48.96517],[2.4463,48.966616],[2.445465,48.971326],[2.444825,48.972392],[2.437142,48.973715],[2.440596,48.977089],[2.434843,48.978499],[2.432363,48.980093],[2.430622,48.982879],[2.426888,48.985377],[2.42452,48.98873],[2.423144,48.992541],[2.42258,48.993185],[2.421807,48.993094],[2.421171,48.994315],[2.42219,48.994517],[2.420435,48.99627],[2.416474,48.998624],[2.416599,48.999762],[2.419099,48.999413],[2.418949,49.003017],[2.420475,49.002916],[2.420409,49.005323],[2.423945,49.009292],[2.428253,49.012122],[2.42413,49.013004],[2.425562,49.014852],[2.427107,49.014527],[2.427825,49.01624],[2.430727,49.015415],[2.430927,49.015773],[2.438799,49.014727],[2.438587,49.014375],[2.442918,49.012672]]]}},
{"type":"Feature","properties":{"nom":"Goussainville","code":"95280","population":31301,"surface":1141.89},"geometry":{"type":"Polygon","coordinates":[[[2.443376,49.011312],[2.442978,49.013847],[2.444014,49.014864],[2.440944,49.023121],[2.438073,49.02889],[2.440991,49.028937],[2.441056,49.034549],[2.447092,49.037412],[2.446759,49.037876],[2.453665,49.039015],[2.45464,49.038126],[2.45567,49.038595],[2.455998,49.038271],[2.459706,49.039538],[2.45798,49.040668],[2.461507,49.043082],[2.459673,49.044534],[2.460304,49.044759],[2.463861,49.044846],[2.467966,49.04347],[2.469235,49.042289],[2.470989,49.041963],[2.472014,49.042744],[2.474608,49.040926],[2.475227,49.041265],[2.476047,49.040805],[2.479747,49.037942],[2.479363,49.037026],[2.480733,49.035271],[2.479555,49.034656],[2.481594,49.033217],[2.481312,49.03306],[2.485092,49.03136],[2.484726,49.028829],[2.483903,49.027727],[2.486018,49.027501],[2.484967,49.026367],[2.485428,49.025765],[2.488015,49.025644],[2.494025,49.026457],[2.493629,49.024832],[2.4985,49.024036],[2.493767,49.016606],[2.4912,49.010247],[2.478789,49.011536],[2.478511,49.010641],[2.477473,49.010781],[2.477255,49.00991],[2.472446,49.01033],[2.472559,49.009819],[2.469701,49.008347],[2.469828,49.009318],[2.468713,49.009571],[2.466507,49.009496],[2.466196,49.008911],[2.46128,49.010425],[2.461058,49.009683],[2.456461,49.009723],[2.449923,49.01083],[2.444625,49.012456],[2.443376,49.011312]]]}},
{"type":"Feature","properties":{"nom":"Grisy-les-Plâtres","code":"95287","population":709,"surface":716.01},"geometry":{"type":"Polygon","coordinates":[[[2.058903,49.153193],[2.060881,49.152552],[2.061196,49.151166],[2.060542,49.14994],[2.060457,49.14785],[2.060852,49.147004],[2.062953,49.145073],[2.06745,49.143053],[2.067376,49.140921],[2.066272,49.138651],[2.066319,49.137599],[2.064769,49.135968],[2.065057,49.134917],[2.064665,49.133029],[2.063975,49.132979],[2.064336,49.131666],[2.062368,49.131904],[2.060977,49.129218],[2.060585,49.129377],[2.059755,49.127932],[2.05772,49.127485],[2.058184,49.127068],[2.05424,49.124996],[2.052571,49.123792],[2.053106,49.123172],[2.050022,49.121904],[2.05022,49.121494],[2.049449,49.120827],[2.047433,49.121588],[2.047209,49.118199],[2.047689,49.117161],[2.046741,49.115526],[2.050376,49.11555],[2.050605,49.113261],[2.049633,49.113092],[2.050155,49.109329],[2.047086,49.109121],[2.047067,49.108081],[2.041734,49.108426],[2.041711,49.11075],[2.036565,49.11255],[2.042113,49.114364],[2.03712,49.117965],[2.038273,49.118074],[2.039357,49.119372],[2.037289,49.121083],[2.037808,49.121602],[2.036052,49.124139],[2.036429,49.124364],[2.029729,49.127584],[2.031064,49.134125],[2.034882,49.13887],[2.033648,49.139606],[2.044017,49.148287],[2.0469,49.147973],[2.054965,49.151374],[2.05653,49.152601],[2.058903,49.153193]]]}},
{"type":"Feature","properties":{"nom":"Groslay","code":"95288","population":8453,"surface":308.18},"geometry":{"type":"Polygon","coordinates":[[[2.366071,48.989701],[2.366677,48.989472],[2.365996,48.988775],[2.368118,48.987887],[2.36747,48.986172],[2.367887,48.984416],[2.365386,48.980236],[2.364097,48.978889],[2.362782,48.978653],[2.36221,48.97788],[2.360063,48.978032],[2.35641,48.977368],[2.35444,48.979819],[2.351212,48.979163],[2.349823,48.978257],[2.348021,48.979858],[2.346232,48.976565],[2.344879,48.97692],[2.345045,48.977423],[2.344317,48.977871],[2.343784,48.979167],[2.342781,48.983277],[2.341097,48.982525],[2.338908,48.980584],[2.335054,48.980972],[2.335229,48.984657],[2.334871,48.984612],[2.334791,48.986161],[2.335181,48.987292],[2.334666,48.987444],[2.335006,48.988198],[2.335508,48.988029],[2.336346,48.988995],[2.337189,48.991352],[2.336997,48.993285],[2.341002,48.993844],[2.350521,48.993415],[2.35024,48.9908],[2.356787,48.991344],[2.356985,48.989434],[2.359453,48.990432],[2.360968,48.986658],[2.364003,48.987557],[2.366071,48.989701]]]}},
{"type":"Feature","properties":{"nom":"Guiry-en-Vexin","code":"95295","population":161,"surface":618.93},"geometry":{"type":"Polygon","coordinates":[[[1.827608,49.116587],[1.82978,49.117975],[1.832398,49.12088],[1.833394,49.120854],[1.833271,49.120404],[1.837528,49.119999],[1.837712,49.120351],[1.836835,49.1205],[1.840942,49.121061],[1.843201,49.120633],[1.844928,49.118995],[1.84836,49.119736],[1.850499,49.121652],[1.851538,49.121092],[1.855758,49.12248],[1.857295,49.121627],[1.864857,49.128474],[1.862111,49.129605],[1.865974,49.132418],[1.877508,49.12715],[1.875061,49.126938],[1.872659,49.125185],[1.883553,49.120643],[1.876962,49.11475],[1.871479,49.117858],[1.868126,49.115606],[1.872188,49.11335],[1.861031,49.105108],[1.855367,49.099647],[1.851166,49.100845],[1.85042,49.10032],[1.846916,49.102744],[1.844197,49.103681],[1.844922,49.104272],[1.84373,49.104284],[1.84372,49.105525],[1.841267,49.105646],[1.841272,49.106712],[1.840744,49.10675],[1.840764,49.108137],[1.841199,49.108438],[1.839536,49.110198],[1.834578,49.112667],[1.835409,49.114349],[1.832913,49.115487],[1.827608,49.116587]]]}},
{"type":"Feature","properties":{"nom":"Haravilliers","code":"95298","population":589,"surface":1102.48},"geometry":{"type":"Polygon","coordinates":[[[1.998974,49.175192],[2.0,49.175759],[2.00268,49.176019],[2.004743,49.177192],[2.021778,49.188808],[2.025655,49.188827],[2.028418,49.187956],[2.03264,49.188887],[2.033566,49.188102],[2.035953,49.191107],[2.037998,49.19217],[2.038214,49.191403],[2.039524,49.191296],[2.039192,49.190652],[2.040418,49.190067],[2.041578,49.190026],[2.041838,49.19058],[2.046005,49.190095],[2.045741,49.188144],[2.046412,49.185601],[2.048704,49.183811],[2.052038,49.185077],[2.053298,49.184281],[2.055325,49.183933],[2.058275,49.181605],[2.07044,49.176149],[2.073038,49.174207],[2.07635,49.173321],[2.075098,49.170326],[2.072763,49.169935],[2.06858,49.170207],[2.06216,49.166567],[2.061642,49.166712],[2.060207,49.164478],[2.057258,49.16385],[2.057418,49.163444],[2.049564,49.16256],[2.0469,49.163465],[2.046882,49.164101],[2.043133,49.164854],[2.037706,49.160334],[2.034616,49.161387],[2.033569,49.162451],[2.030829,49.161995],[2.024478,49.162697],[2.022751,49.162495],[2.021268,49.163597],[2.017637,49.163616],[2.016863,49.163176],[2.012744,49.165569],[2.007098,49.17307],[2.004819,49.172921],[2.002915,49.173501],[2.002433,49.173026],[1.998974,49.175192]]]}},
{"type":"Feature","properties":{"nom":"Haute-Isle","code":"95301","population":293,"surface":251.82},"geometry":{"type":"Polygon","coordinates":[[[1.691893,49.075228],[1.687481,49.071858],[1.679657,49.075657],[1.672377,49.078542],[1.663966,49.079424],[1.658821,49.081288],[1.651842,49.081936],[1.648501,49.081245],[1.645748,49.081462],[1.646186,49.082033],[1.645805,49.082852],[1.644809,49.082943],[1.645034,49.085438],[1.64451,49.086884],[1.643507,49.086843],[1.644986,49.095289],[1.646766,49.095494],[1.647599,49.096484],[1.65101,49.098119],[1.651819,49.096115],[1.65295,49.095595],[1.653039,49.092668],[1.648479,49.090352],[1.652081,49.086801],[1.65645,49.087197],[1.659327,49.08633],[1.665828,49.085641],[1.670825,49.083505],[1.677023,49.081888],[1.691893,49.075228]]]}},
{"type":"Feature","properties":{"nom":"Le Heaulme","code":"95303","population":207,"surface":196.54},"geometry":{"type":"Polygon","coordinates":[[[1.995857,49.158898],[1.994903,49.160308],[1.989204,49.162342],[1.989232,49.162943],[1.990143,49.163215],[1.989696,49.16431],[1.989954,49.166023],[1.990917,49.165929],[1.990864,49.167439],[1.992659,49.169837],[1.991817,49.170508],[1.9927,49.171154],[1.991605,49.172127],[1.99491,49.173862],[1.998974,49.175192],[2.002433,49.173026],[2.002915,49.173501],[2.004819,49.172921],[2.007098,49.17307],[2.012298,49.1662],[2.0093,49.162897],[2.006579,49.161573],[1.999035,49.160193],[1.995857,49.158898]]]}},
{"type":"Feature","properties":{"nom":"Hédouville","code":"95304","population":278,"surface":533.58},"geometry":{"type":"Polygon","coordinates":[[[2.19806,49.167987],[2.192303,49.164971],[2.193876,49.16152],[2.198455,49.156646],[2.192331,49.155741],[2.18985,49.161342],[2.189623,49.164025],[2.189201,49.164243],[2.18712,49.163215],[2.184841,49.160407],[2.185813,49.159536],[2.18437,49.158727],[2.184705,49.156755],[2.184156,49.154225],[2.184409,49.153699],[2.184992,49.15403],[2.185741,49.153001],[2.186647,49.151172],[2.18704,49.148784],[2.185866,49.146259],[2.185319,49.146792],[2.184211,49.146088],[2.181609,49.146942],[2.180452,49.146537],[2.175109,49.144041],[2.173478,49.142598],[2.173805,49.142254],[2.173231,49.141217],[2.170389,49.141277],[2.17042,49.140727],[2.169326,49.140686],[2.166819,49.141843],[2.166961,49.142527],[2.164967,49.142687],[2.165265,49.143486],[2.164409,49.145771],[2.163786,49.146221],[2.163542,49.148172],[2.163073,49.148267],[2.165054,49.152747],[2.164884,49.154241],[2.165449,49.154307],[2.165794,49.156163],[2.16498,49.158019],[2.16329,49.15904],[2.159908,49.157281],[2.159527,49.158889],[2.161705,49.164229],[2.163829,49.166298],[2.168035,49.164851],[2.16879,49.163947],[2.169362,49.163918],[2.171052,49.164779],[2.171049,49.165688],[2.170429,49.166356],[2.171465,49.167858],[2.179279,49.170824],[2.18225,49.170381],[2.179715,49.17271],[2.179835,49.173214],[2.179367,49.173558],[2.174946,49.175004],[2.176093,49.176032],[2.181953,49.173676],[2.182442,49.174414],[2.186825,49.173415],[2.18909,49.169382],[2.190624,49.168591],[2.193039,49.168424],[2.194868,49.167455],[2.197371,49.168703],[2.198037,49.168518],[2.19806,49.167987]]]}},
{"type":"Feature","properties":{"nom":"Herblay-sur-Seine","code":"95306","population":31779,"surface":1258.64},"geometry":{"type":"Polygon","coordinates":[[[2.120986,49.018101],[2.120469,49.018669],[2.120685,49.019632],[2.119098,49.02148],[2.117023,49.021918],[2.11606,49.023163],[2.116082,49.024614],[2.12239,49.029341],[2.13071,49.0207],[2.139346,49.013336],[2.14863,49.00799],[2.155213,49.004938],[2.155514,49.004849],[2.154852,49.005963],[2.154499,49.009355],[2.156244,49.013495],[2.161084,49.012234],[2.182087,49.000768],[2.193131,49.005489],[2.195195,49.004608],[2.193409,49.002524],[2.192521,49.002129],[2.188771,48.997252],[2.187747,48.997774],[2.182964,48.995038],[2.180784,48.993199],[2.181271,48.993151],[2.18099,48.992447],[2.179458,48.9915],[2.177868,48.989547],[2.176996,48.989478],[2.17526,48.988056],[2.17468,48.986808],[2.17234,48.986008],[2.172244,48.985498],[2.166017,48.981107],[2.164683,48.982149],[2.156337,48.984895],[2.155704,48.985589],[2.147683,48.986609],[2.141629,48.988125],[2.12763,48.98906],[2.126256,48.989541],[2.123636,48.991659],[2.124011,48.993594],[2.120713,48.9933],[2.123562,49.003692],[2.12712,49.009672],[2.126703,49.012202],[2.121254,49.018332],[2.120986,49.018101]]]}},
{"type":"Feature","properties":{"nom":"Hérouville-en-Vexin","code":"95308","population":584,"surface":848.29},"geometry":{"type":"Polygon","coordinates":[[[2.119891,49.092318],[2.113186,49.095928],[2.109664,49.100077],[2.111629,49.101786],[2.110543,49.102636],[2.111356,49.103072],[2.108537,49.104473],[2.109663,49.105421],[2.110039,49.108306],[2.110707,49.109714],[2.110362,49.110639],[2.107698,49.112621],[2.104707,49.113976],[2.109541,49.117796],[2.105144,49.119663],[2.108491,49.123642],[2.114261,49.122828],[2.113357,49.121288],[2.135364,49.116457],[2.135041,49.115845],[2.139331,49.113897],[2.139814,49.114665],[2.145229,49.112497],[2.14827,49.109869],[2.151834,49.107853],[2.150862,49.106502],[2.150728,49.104958],[2.149638,49.104292],[2.147666,49.101478],[2.147126,49.101427],[2.146614,49.099903],[2.142392,49.096945],[2.146496,49.094723],[2.148743,49.092588],[2.147869,49.092079],[2.145818,49.091386],[2.145352,49.092058],[2.143332,49.091351],[2.142603,49.092125],[2.137766,49.090695],[2.133625,49.08828],[2.132957,49.087644],[2.133316,49.087559],[2.130887,49.085783],[2.129074,49.086781],[2.128523,49.086287],[2.126464,49.086827],[2.118346,49.090566],[2.119891,49.092318]]]}},
{"type":"Feature","properties":{"nom":"Hodent","code":"95309","population":225,"surface":442.78},"geometry":{"type":"Polygon","coordinates":[[[1.784031,49.144977],[1.781937,49.14405],[1.782682,49.143656],[1.782271,49.143377],[1.780613,49.142713],[1.77928,49.143389],[1.777969,49.142435],[1.77924,49.141317],[1.778085,49.140817],[1.779991,49.139711],[1.776729,49.137706],[1.776215,49.137865],[1.774946,49.136446],[1.775525,49.136094],[1.774663,49.135382],[1.771665,49.136366],[1.769643,49.133929],[1.769309,49.134103],[1.766405,49.131895],[1.761371,49.135036],[1.758,49.132562],[1.755597,49.134002],[1.754684,49.133655],[1.750024,49.136037],[1.74837,49.135555],[1.746703,49.137112],[1.746112,49.137032],[1.74548,49.13838],[1.740845,49.137847],[1.741914,49.143823],[1.742534,49.145144],[1.741673,49.14584],[1.74203,49.146839],[1.743562,49.146543],[1.743856,49.147129],[1.752759,49.14527],[1.752566,49.148099],[1.756845,49.148926],[1.756269,49.149615],[1.772585,49.152683],[1.773416,49.152143],[1.775508,49.152972],[1.775739,49.152752],[1.774283,49.152128],[1.776113,49.152288],[1.777296,49.151203],[1.7767,49.150949],[1.77709,49.150531],[1.776186,49.150073],[1.776675,49.14969],[1.777361,49.149939],[1.779212,49.148808],[1.780569,49.147896],[1.780022,49.147554],[1.784012,49.145388],[1.784031,49.144977]]]}},
{"type":"Feature","properties":{"nom":"L'Isle-Adam","code":"95313","population":12493,"surface":1566.94},"geometry":{"type":"Polygon","coordinates":[[[2.20635,49.087078],[2.208893,49.092218],[2.209699,49.095537],[2.208966,49.102574],[2.208888,49.109431],[2.209641,49.113057],[2.21118,49.115861],[2.211777,49.119592],[2.212836,49.121157],[2.215951,49.12275],[2.219947,49.126722],[2.224131,49.128116],[2.233529,49.129733],[2.235054,49.130469],[2.235898,49.129188],[2.240159,49.129845],[2.240729,49.129203],[2.244756,49.129259],[2.24691,49.128288],[2.246535,49.127634],[2.248852,49.126105],[2.251238,49.126031],[2.252221,49.126468],[2.256096,49.125384],[2.25662,49.124552],[2.258243,49.124539],[2.25985,49.123656],[2.26235,49.124157],[2.261783,49.122988],[2.264011,49.120347],[2.263142,49.120162],[2.260014,49.116707],[2.260886,49.114244],[2.255808,49.112794],[2.255222,49.110889],[2.256479,49.107988],[2.25821,49.106407],[2.260863,49.106108],[2.262173,49.105327],[2.263131,49.103324],[2.260433,49.100775],[2.260059,49.098951],[2.258616,49.096983],[2.250632,49.090867],[2.251323,49.085064],[2.248172,49.086111],[2.240268,49.0874],[2.235853,49.087554],[2.23465,49.088709],[2.229906,49.087748],[2.227083,49.086556],[2.214177,49.089562],[2.21369,49.088802],[2.214298,49.088342],[2.213699,49.087979],[2.213008,49.086231],[2.20635,49.087078]]]}},
{"type":"Feature","properties":{"nom":"Jagny-sous-Bois","code":"95316","population":269,"surface":423.51},"geometry":{"type":"Polygon","coordinates":[[[2.422029,49.083808],[2.421961,49.086774],[2.424791,49.087908],[2.426123,49.087642],[2.426265,49.088033],[2.432052,49.08799],[2.433408,49.087707],[2.433152,49.087206],[2.434306,49.086826],[2.435537,49.08833],[2.43829,49.089226],[2.438941,49.088562],[2.441316,49.089766],[2.441223,49.089397],[2.441735,49.089384],[2.44163,49.091059],[2.442163,49.091757],[2.446045,49.092482],[2.446595,49.093634],[2.449406,49.095051],[2.449984,49.094776],[2.448589,49.092954],[2.451064,49.092702],[2.450954,49.092183],[2.452102,49.091981],[2.45194,49.090024],[2.453241,49.090399],[2.454239,49.089745],[2.452546,49.08894],[2.453485,49.087559],[2.454562,49.087691],[2.454847,49.086783],[2.455466,49.086728],[2.455573,49.083411],[2.456635,49.083089],[2.457605,49.080516],[2.457346,49.080295],[2.458347,49.079861],[2.457742,49.078946],[2.457751,49.07678],[2.46278,49.075422],[2.46191,49.072698],[2.459234,49.073443],[2.456956,49.075062],[2.455311,49.074024],[2.45436,49.07425],[2.453816,49.072823],[2.451549,49.073679],[2.450775,49.073109],[2.453504,49.07197],[2.452672,49.069738],[2.450678,49.069374],[2.45073,49.068408],[2.444662,49.06906],[2.445299,49.069508],[2.444431,49.070259],[2.441362,49.068809],[2.441514,49.071338],[2.438334,49.071383],[2.440095,49.072776],[2.439388,49.075296],[2.429224,49.078446],[2.429801,49.079828],[2.428922,49.081384],[2.427916,49.081597],[2.427833,49.082062],[2.422759,49.082388],[2.422693,49.083848],[2.422029,49.083808]]]}},
{"type":"Feature","properties":{"nom":"Jouy-le-Moutier","code":"95323","population":17854,"surface":730.62},"geometry":{"type":"Polygon","coordinates":[[[2.023651,48.997946],[2.013295,49.001271],[2.01187,49.003586],[2.011984,49.004595],[2.007279,49.008364],[2.008611,49.00851],[2.010394,49.009488],[2.008702,49.011483],[2.015124,49.0142],[2.013741,49.01557],[2.013699,49.017504],[2.011587,49.017573],[2.010836,49.020658],[2.021456,49.021109],[2.028903,49.018975],[2.029237,49.019671],[2.032399,49.020289],[2.031692,49.021588],[2.034807,49.022087],[2.03514,49.022485],[2.034685,49.023142],[2.035141,49.023503],[2.037259,49.023846],[2.037044,49.024361],[2.040773,49.025703],[2.043343,49.022504],[2.051061,49.017138],[2.056569,49.01397],[2.064128,49.008459],[2.056963,49.005382],[2.054629,49.005138],[2.051047,49.003806],[2.049747,49.00296],[2.049876,49.002619],[2.042792,49.000586],[2.041456,49.001379],[2.028624,49.001656],[2.025891,49.000411],[2.02605,48.999844],[2.023651,48.997946]]]}},
{"type":"Feature","properties":{"nom":"Labbeville","code":"95328","population":641,"surface":804.46},"geometry":{"type":"Polygon","coordinates":[[[2.112003,49.143724],[2.115579,49.144137],[2.115092,49.145408],[2.112228,49.148851],[2.112272,49.149548],[2.114257,49.150348],[2.115433,49.149531],[2.121104,49.148722],[2.122177,49.153483],[2.129071,49.153873],[2.131755,49.149218],[2.135333,49.14999],[2.136181,49.148243],[2.138003,49.148377],[2.138934,49.146201],[2.139859,49.146286],[2.139988,49.145105],[2.139358,49.145088],[2.139357,49.144494],[2.145099,49.14388],[2.145249,49.143477],[2.146687,49.143539],[2.149188,49.144546],[2.150404,49.14439],[2.154388,49.142277],[2.155112,49.142443],[2.159707,49.139728],[2.159289,49.138586],[2.158056,49.138697],[2.156958,49.137319],[2.157788,49.137144],[2.156832,49.136054],[2.156291,49.136273],[2.154608,49.133488],[2.153863,49.131379],[2.155258,49.131364],[2.15123,49.127996],[2.14918,49.127437],[2.148601,49.125757],[2.145626,49.122641],[2.146177,49.122334],[2.140618,49.115882],[2.136066,49.117968],[2.135364,49.116457],[2.113357,49.121288],[2.117694,49.127936],[2.118813,49.128159],[2.121414,49.133149],[2.120563,49.133242],[2.120653,49.1343],[2.121785,49.136152],[2.124548,49.135428],[2.12646,49.137211],[2.127776,49.137103],[2.128086,49.138763],[2.130116,49.138636],[2.130862,49.141834],[2.125505,49.142312],[2.126066,49.142807],[2.123002,49.144853],[2.120476,49.142564],[2.120771,49.142017],[2.116091,49.140867],[2.115474,49.142465],[2.113514,49.141939],[2.111558,49.142526],[2.111287,49.142735],[2.112686,49.143236],[2.112003,49.143724]]]}},
{"type":"Feature","properties":{"nom":"Lassy","code":"95331","population":196,"surface":196.05},"geometry":{"type":"Polygon","coordinates":[[[2.422935,49.086995],[2.42325,49.089171],[2.425364,49.091652],[2.426757,49.091723],[2.42758,49.09316],[2.428268,49.093023],[2.429364,49.095647],[2.430663,49.095368],[2.430322,49.095952],[2.430733,49.096087],[2.430586,49.096832],[2.431231,49.096766],[2.433471,49.09923],[2.44107,49.103741],[2.4448,49.100997],[2.446809,49.100562],[2.449754,49.100761],[2.448078,49.099726],[2.451715,49.099015],[2.450234,49.096372],[2.4493,49.096457],[2.450218,49.096109],[2.448982,49.094598],[2.446595,49.093634],[2.446045,49.092482],[2.442163,49.091757],[2.44163,49.091059],[2.441735,49.089384],[2.441223,49.089397],[2.441316,49.089766],[2.438941,49.088562],[2.43829,49.089226],[2.435537,49.08833],[2.434306,49.086826],[2.433152,49.087206],[2.433408,49.087707],[2.432052,49.08799],[2.424791,49.087908],[2.422935,49.086995]]]}},
{"type":"Feature","properties":{"nom":"Livilliers","code":"95341","population":389,"surface":655.95},"geometry":{"type":"Polygon","coordinates":[[[2.10572,49.113507],[2.109587,49.111434],[2.110707,49.109714],[2.110039,49.108306],[2.109663,49.105421],[2.108537,49.104473],[2.111356,49.103072],[2.110543,49.102636],[2.111629,49.101786],[2.109664,49.100077],[2.113186,49.095928],[2.117135,49.093726],[2.100652,49.089417],[2.09251,49.084569],[2.086626,49.086556],[2.086049,49.083936],[2.084152,49.08423],[2.083649,49.085751],[2.084539,49.087872],[2.085449,49.088694],[2.085523,49.090395],[2.08504,49.091022],[2.083356,49.092597],[2.082045,49.092123],[2.080053,49.093717],[2.076941,49.094723],[2.074414,49.096271],[2.074847,49.0966],[2.073828,49.097353],[2.072948,49.097276],[2.073077,49.098322],[2.072235,49.099844],[2.074402,49.103432],[2.076852,49.104856],[2.076543,49.105074],[2.077308,49.106193],[2.078386,49.106739],[2.078907,49.106507],[2.089775,49.113121],[2.088551,49.113928],[2.092005,49.116349],[2.097914,49.112693],[2.104183,49.112016],[2.10572,49.113507]]]}},
{"type":"Feature","properties":{"nom":"Longuesse","code":"95348","population":496,"surface":851.91},"geometry":{"type":"Polygon","coordinates":[[[1.914132,49.045783],[1.908621,49.048011],[1.906526,49.051234],[1.906091,49.051141],[1.90384,49.053527],[1.901318,49.058767],[1.90061,49.058624],[1.89772,49.061759],[1.899592,49.062257],[1.899699,49.064649],[1.89915,49.065482],[1.898857,49.067769],[1.904241,49.074647],[1.911978,49.070669],[1.915584,49.067998],[1.917843,49.069419],[1.920925,49.069073],[1.921484,49.068149],[1.923554,49.067426],[1.933754,49.069782],[1.936464,49.06841],[1.940547,49.071196],[1.941964,49.07078],[1.946471,49.075009],[1.94706,49.074891],[1.947809,49.075982],[1.94882,49.075564],[1.952485,49.078615],[1.956468,49.076423],[1.955443,49.075639],[1.961039,49.073281],[1.959097,49.071694],[1.95999,49.071565],[1.959605,49.071113],[1.960263,49.070816],[1.953474,49.064363],[1.951949,49.065035],[1.950497,49.063375],[1.949317,49.060993],[1.948315,49.061219],[1.948435,49.060942],[1.945074,49.059531],[1.945674,49.059304],[1.942018,49.055934],[1.941252,49.05631],[1.939724,49.054645],[1.941057,49.054153],[1.939978,49.052829],[1.942925,49.052285],[1.94424,49.050961],[1.941488,49.048699],[1.937724,49.04827],[1.935036,49.048789],[1.93178,49.050176],[1.929331,49.05043],[1.929406,49.050809],[1.926299,49.050455],[1.922516,49.051381],[1.922288,49.051055],[1.92022,49.05115],[1.916518,49.052105],[1.914132,49.045783]]]}},
{"type":"Feature","properties":{"nom":"Louvres","code":"95351","population":12560,"surface":1137.74},"geometry":{"type":"Polygon","coordinates":[[[2.526513,49.032411],[2.525339,49.026913],[2.518669,49.027345],[2.509683,49.028722],[2.508948,49.026489],[2.507257,49.026754],[2.506321,49.02485],[2.500029,49.026427],[2.4985,49.024036],[2.493629,49.024832],[2.494025,49.026457],[2.488015,49.025644],[2.485428,49.025765],[2.484967,49.026367],[2.486018,49.027501],[2.483903,49.027727],[2.484726,49.028829],[2.485092,49.03136],[2.481312,49.03306],[2.481594,49.033217],[2.48013,49.034082],[2.479555,49.034656],[2.480733,49.035271],[2.479363,49.037026],[2.479747,49.037942],[2.476047,49.040805],[2.475227,49.041265],[2.474608,49.040926],[2.474002,49.041629],[2.474118,49.042216],[2.475217,49.043597],[2.478606,49.04531],[2.482344,49.050564],[2.481885,49.054037],[2.488648,49.053385],[2.489903,49.05171],[2.492119,49.051204],[2.493785,49.053849],[2.499021,49.054542],[2.504157,49.057797],[2.503874,49.059518],[2.505595,49.059658],[2.505652,49.060736],[2.506647,49.060754],[2.507042,49.064665],[2.50866,49.064842],[2.519234,49.063618],[2.522976,49.06269],[2.51527,49.052784],[2.516531,49.051847],[2.527285,49.05028],[2.526582,49.049262],[2.528235,49.048902],[2.527998,49.045963],[2.526918,49.044071],[2.52709,49.041824],[2.526107,49.03861],[2.528029,49.038151],[2.527156,49.034871],[2.527353,49.03245],[2.526513,49.032411]]]}},
{"type":"Feature","properties":{"nom":"Luzarches","code":"95352","population":5008,"surface":2048.54},"geometry":{"type":"Polygon","coordinates":[[[2.4389,49.141639],[2.435477,49.134049],[2.431674,49.133426],[2.431334,49.135367],[2.428522,49.135332],[2.428521,49.134868],[2.425845,49.134913],[2.423514,49.133518],[2.421837,49.133999],[2.420761,49.133058],[2.419561,49.133668],[2.417631,49.131545],[2.420023,49.129992],[2.419428,49.129503],[2.418813,49.129639],[2.417787,49.127275],[2.414841,49.128093],[2.410918,49.124828],[2.413965,49.122939],[2.415341,49.122576],[2.416514,49.12451],[2.418287,49.124473],[2.419339,49.125497],[2.421177,49.125016],[2.422809,49.123204],[2.420947,49.12205],[2.42357,49.120171],[2.425722,49.119412],[2.425466,49.118678],[2.427301,49.118814],[2.428224,49.117746],[2.431184,49.118832],[2.430654,49.114512],[2.435519,49.116419],[2.43644,49.116307],[2.436947,49.117555],[2.435985,49.118283],[2.43843,49.119885],[2.439574,49.121871],[2.442359,49.121393],[2.443501,49.124],[2.444325,49.123828],[2.448657,49.129078],[2.456642,49.131829],[2.457227,49.134581],[2.461191,49.136755],[2.461286,49.136142],[2.467595,49.136102],[2.467557,49.135013],[2.46883,49.134731],[2.469503,49.134681],[2.469713,49.135288],[2.470628,49.135044],[2.47154,49.135404],[2.475304,49.130983],[2.477511,49.13098],[2.475313,49.128462],[2.487312,49.12565],[2.499083,49.12224],[2.503013,49.117666],[2.491218,49.11142],[2.491366,49.110421],[2.490068,49.106246],[2.48409,49.107008],[2.483238,49.111724],[2.475561,49.112271],[2.466866,49.111844],[2.465243,49.110595],[2.46316,49.111836],[2.460496,49.110621],[2.457904,49.10871],[2.458838,49.107842],[2.45543,49.106749],[2.454559,49.10605],[2.452492,49.103995],[2.4512,49.101514],[2.449754,49.100761],[2.446809,49.100562],[2.4448,49.100997],[2.44107,49.103741],[2.439517,49.102909],[2.43288,49.098815],[2.431231,49.096766],[2.430586,49.096832],[2.430733,49.096087],[2.430322,49.095952],[2.430663,49.095368],[2.429364,49.095647],[2.428268,49.093023],[2.42758,49.09316],[2.426757,49.091723],[2.425935,49.091858],[2.426212,49.093117],[2.417931,49.093824],[2.417196,49.093371],[2.416685,49.093786],[2.413152,49.091975],[2.406972,49.09205],[2.407179,49.093497],[2.411902,49.095561],[2.414722,49.096009],[2.413223,49.098936],[2.408691,49.097765],[2.407323,49.098395],[2.406159,49.097766],[2.397954,49.10141],[2.394632,49.099839],[2.393557,49.098087],[2.39137,49.100694],[2.391153,49.102749],[2.388424,49.106077],[2.389312,49.10812],[2.395301,49.113306],[2.396465,49.116344],[2.399886,49.116253],[2.400367,49.117106],[2.401874,49.117914],[2.401532,49.118319],[2.401876,49.119397],[2.398729,49.120477],[2.400346,49.121899],[2.409322,49.127338],[2.410582,49.12906],[2.411065,49.131171],[2.412519,49.133102],[2.411274,49.133552],[2.411972,49.136008],[2.413892,49.135303],[2.417656,49.135145],[2.420743,49.134334],[2.428296,49.141865],[2.4389,49.141639]]]}},
{"type":"Feature","properties":{"nom":"Maffliers","code":"95353","population":1856,"surface":685.35},"geometry":{"type":"Polygon","coordinates":[[[2.302904,49.092177],[2.302361,49.094552],[2.301155,49.095872],[2.301734,49.097135],[2.303955,49.09867],[2.305739,49.100896],[2.306108,49.100377],[2.307374,49.100156],[2.308052,49.098562],[2.317924,49.095572],[2.319127,49.095596],[2.319955,49.094257],[2.323389,49.093555],[2.3249,49.092293],[2.32788,49.091443],[2.326812,49.090335],[2.326129,49.090379],[2.324182,49.087638],[2.326156,49.086186],[2.327518,49.087118],[2.329704,49.087755],[2.330765,49.087431],[2.332404,49.088852],[2.334365,49.08623],[2.331159,49.086178],[2.331161,49.085837],[2.3323,49.08587],[2.332414,49.084617],[2.33116,49.084532],[2.3306,49.08359],[2.331121,49.082649],[2.330667,49.082131],[2.334739,49.082883],[2.335322,49.082037],[2.334952,49.08123],[2.336358,49.081321],[2.33944,49.076419],[2.338325,49.076615],[2.33036,49.074423],[2.329615,49.076379],[2.325388,49.075514],[2.325399,49.074694],[2.32436,49.074501],[2.325078,49.07306],[2.324299,49.072782],[2.315366,49.072156],[2.314903,49.073419],[2.312055,49.072932],[2.31127,49.073504],[2.309556,49.073517],[2.310034,49.072477],[2.30804,49.07183],[2.30826,49.072239],[2.30783,49.072793],[2.304996,49.07237],[2.301014,49.074254],[2.300776,49.07502],[2.298903,49.075518],[2.296551,49.079062],[2.296493,49.077364],[2.291242,49.079605],[2.289715,49.076597],[2.288743,49.077091],[2.28577,49.077043],[2.285063,49.077471],[2.284717,49.07854],[2.283714,49.078601],[2.287297,49.083651],[2.289864,49.08354],[2.289581,49.083687],[2.290075,49.08469],[2.290892,49.085223],[2.290592,49.085355],[2.292264,49.086001],[2.291453,49.087738],[2.293728,49.087959],[2.293404,49.088341],[2.296105,49.089526],[2.300699,49.090637],[2.301624,49.091262],[2.301177,49.091504],[2.302904,49.092177]]]}},
{"type":"Feature","properties":{"nom":"Magny-en-Vexin","code":"95355","population":5779,"surface":1451.98},"geometry":{"type":"Polygon","coordinates":[[[1.838273,49.139645],[1.83118,49.142576],[1.829582,49.140935],[1.822955,49.143624],[1.819041,49.13873],[1.796496,49.147506],[1.79097,49.14829],[1.791265,49.147273],[1.789475,49.146397],[1.789989,49.146047],[1.789135,49.14547],[1.78898,49.144665],[1.790153,49.142551],[1.791719,49.14157],[1.78769,49.140195],[1.787594,49.142785],[1.784401,49.141968],[1.784607,49.143384],[1.784012,49.145388],[1.780022,49.147554],[1.780569,49.147896],[1.777361,49.149939],[1.776675,49.14969],[1.776186,49.150073],[1.77709,49.150531],[1.7767,49.150949],[1.777296,49.151203],[1.776113,49.152288],[1.774283,49.152128],[1.775739,49.152752],[1.775289,49.1531],[1.777065,49.153728],[1.775457,49.155114],[1.776154,49.156031],[1.773929,49.157216],[1.774275,49.157548],[1.769854,49.161168],[1.773622,49.163061],[1.774695,49.161648],[1.779914,49.163763],[1.782491,49.160955],[1.783286,49.158612],[1.787455,49.161103],[1.788026,49.161354],[1.788417,49.160932],[1.789913,49.162857],[1.792245,49.161822],[1.792625,49.162576],[1.795986,49.162381],[1.79623,49.163243],[1.795388,49.163516],[1.798912,49.166076],[1.796498,49.167361],[1.797907,49.174416],[1.797765,49.179945],[1.79378,49.179487],[1.793628,49.180269],[1.793939,49.180305],[1.793502,49.182654],[1.79399,49.182733],[1.795474,49.185263],[1.803075,49.185108],[1.803313,49.18185],[1.801209,49.181775],[1.801016,49.182294],[1.799967,49.1823],[1.800259,49.180409],[1.803554,49.18095],[1.803551,49.179959],[1.807378,49.179947],[1.813082,49.178339],[1.814482,49.176129],[1.811297,49.174928],[1.811784,49.173972],[1.813378,49.174397],[1.813895,49.173632],[1.815958,49.173867],[1.815646,49.174948],[1.819209,49.175884],[1.819519,49.17695],[1.826821,49.17965],[1.829243,49.177697],[1.831922,49.177345],[1.832525,49.176007],[1.834227,49.175913],[1.834919,49.176888],[1.83585,49.176413],[1.834823,49.175436],[1.834716,49.174455],[1.837452,49.172801],[1.837378,49.1716],[1.835785,49.169724],[1.835182,49.166052],[1.833591,49.164173],[1.833277,49.162376],[1.832797,49.162384],[1.833395,49.161286],[1.834956,49.161232],[1.835118,49.160666],[1.834624,49.16058],[1.837225,49.156947],[1.83555,49.15696],[1.833879,49.152906],[1.838452,49.152826],[1.836366,49.14813],[1.838214,49.1476],[1.837261,49.146216],[1.841781,49.144919],[1.838273,49.139645]]]}},
{"type":"Feature","properties":{"nom":"Mareil-en-France","code":"95365","population":734,"surface":698.32},"geometry":{"type":"Polygon","coordinates":[[[2.413258,49.056195],[2.413371,49.057089],[2.40852,49.05718],[2.407259,49.056359],[2.401594,49.062052],[2.399118,49.063595],[2.400719,49.064982],[2.394129,49.068911],[2.397592,49.071576],[2.394819,49.071848],[2.405146,49.082482],[2.412235,49.08038],[2.415098,49.0802],[2.415673,49.081344],[2.416822,49.081302],[2.416917,49.082325],[2.418713,49.082997],[2.418719,49.083526],[2.422693,49.083848],[2.422759,49.082388],[2.427833,49.082062],[2.427916,49.081597],[2.428922,49.081384],[2.429801,49.079828],[2.429224,49.078446],[2.439388,49.075296],[2.440095,49.072776],[2.438334,49.071383],[2.441514,49.071338],[2.441346,49.067624],[2.438927,49.067896],[2.43454,49.062586],[2.42369,49.058479],[2.423576,49.05765],[2.415619,49.057727],[2.415563,49.056044],[2.413258,49.056195]]]}},
{"type":"Feature","properties":{"nom":"Margency","code":"95369","population":3012,"surface":72.45},"geometry":{"type":"Polygon","coordinates":[[[2.290326,49.006532],[2.294942,49.005904],[2.294511,49.004507],[2.294855,49.003743],[2.297226,49.003462],[2.295966,49.002432],[2.294185,48.999684],[2.292115,48.998903],[2.290142,48.996798],[2.281147,48.998164],[2.283213,48.999856],[2.283863,49.001482],[2.282268,49.001927],[2.282096,49.002691],[2.282988,49.003039],[2.284325,49.00257],[2.290326,49.006532]]]}},
{"type":"Feature","properties":{"nom":"Marines","code":"95370","population":3594,"surface":822.15},"geometry":{"type":"Polygon","coordinates":[[[1.991548,49.16836],[1.990864,49.167439],[1.990917,49.165929],[1.989954,49.166023],[1.989696,49.16431],[1.990143,49.163215],[1.989232,49.162943],[1.989204,49.162342],[1.994903,49.160308],[1.995857,49.158898],[1.998021,49.157241],[1.995569,49.155583],[2.003306,49.151008],[2.002907,49.149776],[2.001607,49.149598],[2.000514,49.150051],[1.999868,49.149728],[2.001274,49.148933],[2.000956,49.146102],[2.002067,49.144084],[2.002079,49.143725],[2.000883,49.143278],[2.001176,49.142001],[2.00066,49.140301],[2.003321,49.140583],[2.003334,49.138782],[2.004995,49.138651],[1.999131,49.135134],[1.99646,49.132286],[1.995843,49.132543],[1.995069,49.131191],[1.993934,49.132023],[1.993346,49.13175],[1.990229,49.132369],[1.987725,49.131455],[1.988329,49.130659],[1.987631,49.130555],[1.986009,49.130705],[1.985673,49.13195],[1.982181,49.13092],[1.982051,49.131836],[1.980164,49.131117],[1.976064,49.13274],[1.973801,49.134004],[1.974125,49.134476],[1.972308,49.135173],[1.972643,49.135527],[1.971992,49.136945],[1.968064,49.140745],[1.966338,49.139521],[1.965075,49.140199],[1.964624,49.139785],[1.963896,49.140222],[1.966589,49.142081],[1.963782,49.145225],[1.961068,49.144853],[1.962579,49.146925],[1.959959,49.148022],[1.963428,49.151472],[1.967973,49.154391],[1.966663,49.155192],[1.967401,49.156354],[1.968466,49.157293],[1.969829,49.156659],[1.972893,49.161588],[1.974607,49.161753],[1.976415,49.160334],[1.977948,49.164262],[1.979132,49.164229],[1.979948,49.165077],[1.982166,49.164353],[1.983789,49.165239],[1.983462,49.165753],[1.985646,49.165718],[1.986683,49.167817],[1.98938,49.169297],[1.991548,49.16836]]]}},
{"type":"Feature","properties":{"nom":"Marly-la-Ville","code":"95371","population":6022,"surface":877.29},"geometry":{"type":"Polygon","coordinates":[[[2.524739,49.098022],[2.52472,49.087319],[2.52377,49.087314],[2.523579,49.085945],[2.524508,49.083897],[2.524813,49.081373],[2.526225,49.081276],[2.526673,49.08034],[2.529475,49.080563],[2.528193,49.069593],[2.522976,49.06269],[2.517292,49.063922],[2.507042,49.064665],[2.507171,49.065325],[2.499583,49.0672],[2.498964,49.073045],[2.497376,49.072996],[2.496247,49.074102],[2.490765,49.073747],[2.491541,49.076917],[2.485711,49.078423],[2.487289,49.082101],[2.484318,49.082456],[2.484741,49.083581],[2.489315,49.086691],[2.490059,49.088223],[2.489706,49.089017],[2.488556,49.089105],[2.488408,49.089484],[2.486496,49.0894],[2.488174,49.091355],[2.488953,49.093569],[2.488052,49.093783],[2.487907,49.094448],[2.491664,49.095241],[2.493645,49.094473],[2.495706,49.094491],[2.499357,49.093588],[2.499201,49.094196],[2.51401,49.095905],[2.520774,49.098402],[2.524739,49.098022]]]}},
{"type":"Feature","properties":{"nom":"Maudétour-en-Vexin","code":"95379","population":208,"surface":665.72},"geometry":{"type":"Polygon","coordinates":[[[1.777636,49.089854],[1.773978,49.08996],[1.772033,49.088715],[1.771071,49.088676],[1.769766,49.087361],[1.76358,49.086739],[1.760571,49.087368],[1.760919,49.090457],[1.753844,49.090028],[1.753633,49.09303],[1.756063,49.095017],[1.754852,49.096108],[1.758651,49.099442],[1.759526,49.102912],[1.762301,49.102898],[1.762257,49.103987],[1.76312,49.104499],[1.767662,49.104649],[1.776896,49.107645],[1.779545,49.11415],[1.779624,49.116862],[1.780328,49.117694],[1.781533,49.118038],[1.781453,49.118541],[1.777067,49.120031],[1.777584,49.120929],[1.766752,49.123561],[1.767467,49.125215],[1.769513,49.127584],[1.770293,49.127601],[1.773692,49.130692],[1.778449,49.129387],[1.778492,49.129855],[1.779059,49.129631],[1.780281,49.130683],[1.782206,49.129962],[1.784945,49.130225],[1.785229,49.129802],[1.789237,49.132418],[1.791824,49.131859],[1.792237,49.13245],[1.794198,49.131916],[1.794637,49.1325],[1.798632,49.131404],[1.798235,49.130114],[1.794151,49.126409],[1.792392,49.122758],[1.792461,49.119673],[1.796452,49.117897],[1.781839,49.104573],[1.781829,49.100655],[1.781054,49.098703],[1.779274,49.097387],[1.780726,49.095582],[1.780866,49.093701],[1.779961,49.091837],[1.7778,49.090488],[1.777636,49.089854]]]}},
{"type":"Feature","properties":{"nom":"Menouville","code":"95387","population":62,"surface":279.8},"geometry":{"type":"Polygon","coordinates":[[[2.133376,49.154369],[2.122177,49.153483],[2.121104,49.148722],[2.115433,49.149531],[2.114257,49.150348],[2.112272,49.149548],[2.112228,49.148851],[2.115092,49.145408],[2.115579,49.144137],[2.113185,49.143642],[2.111643,49.14411],[2.112392,49.145406],[2.112035,49.146079],[2.10996,49.146011],[2.103048,49.150769],[2.094854,49.149998],[2.090971,49.150686],[2.084991,49.152607],[2.087092,49.160551],[2.091733,49.160299],[2.092854,49.160684],[2.093316,49.159601],[2.095397,49.15862],[2.105198,49.158099],[2.106459,49.157397],[2.106221,49.157053],[2.11714,49.153214],[2.117767,49.155194],[2.121509,49.157729],[2.122361,49.15969],[2.12692,49.160085],[2.128657,49.157298],[2.129892,49.157939],[2.133376,49.154369]]]}},
{"type":"Feature","properties":{"nom":"Menucourt","code":"95388","population":6184,"surface":371.13},"geometry":{"type":"Polygon","coordinates":[[[1.956727,49.021824],[1.955418,49.022895],[1.954379,49.025696],[1.958409,49.026496],[1.958594,49.027725],[1.960292,49.029418],[1.960173,49.032791],[1.960892,49.034806],[1.97623,49.034714],[1.976663,49.03558],[1.978919,49.035704],[1.982437,49.035222],[1.985403,49.034192],[1.987927,49.034017],[1.991068,49.031506],[1.990797,49.031094],[1.992401,49.030093],[1.993553,49.028381],[1.991216,49.026297],[1.992191,49.021045],[1.986063,49.019798],[1.979664,49.018943],[1.974131,49.01948],[1.972522,49.020569],[1.966853,49.022584],[1.96406,49.025393],[1.961352,49.023142],[1.956727,49.021824]]]}},
{"type":"Feature","properties":{"nom":"Mériel","code":"95392","population":5347,"surface":533.34},"geometry":{"type":"Polygon","coordinates":[[[2.189245,49.072226],[2.193384,49.07384],[2.196585,49.075814],[2.200381,49.079515],[2.201869,49.081939],[2.20635,49.087078],[2.213008,49.086231],[2.213699,49.087979],[2.214298,49.088342],[2.21369,49.088802],[2.214177,49.089562],[2.227083,49.086556],[2.229906,49.087748],[2.23465,49.088709],[2.235853,49.087554],[2.233839,49.076457],[2.233408,49.076185],[2.229358,49.077418],[2.22403,49.075475],[2.218417,49.067193],[2.216471,49.065652],[2.214663,49.065775],[2.214468,49.065272],[2.210088,49.065875],[2.200086,49.064902],[2.19806,49.065837],[2.196693,49.0672],[2.195237,49.067359],[2.189245,49.072226]]]}},
{"type":"Feature","properties":{"nom":"Méry-sur-Oise","code":"95394","population":9983,"surface":987.72},"geometry":{"type":"Polygon","coordinates":[[[2.202724,49.064938],[2.203263,49.063455],[2.204425,49.062457],[2.204494,49.061531],[2.202486,49.060185],[2.201917,49.058539],[2.200971,49.058261],[2.202117,49.056993],[2.201772,49.055856],[2.202092,49.055208],[2.197622,49.052244],[2.198635,49.051646],[2.198578,49.051267],[2.195766,49.051157],[2.191715,49.049033],[2.18599,49.046867],[2.185182,49.047328],[2.183224,49.046488],[2.176108,49.04627],[2.174476,49.044964],[2.17523,49.042889],[2.174613,49.042718],[2.17421,49.041222],[2.173687,49.041151],[2.173059,49.03891],[2.173727,49.038642],[2.169299,49.034924],[2.168187,49.031456],[2.155655,49.036217],[2.163067,49.040664],[2.152943,49.044532],[2.152106,49.045927],[2.151698,49.045786],[2.150786,49.046842],[2.149847,49.048525],[2.149459,49.048524],[2.149306,49.049828],[2.15155,49.050135],[2.151493,49.051628],[2.153372,49.051908],[2.152627,49.057009],[2.151077,49.061245],[2.150491,49.061597],[2.148607,49.061164],[2.147567,49.062064],[2.145177,49.062138],[2.148961,49.064758],[2.149285,49.065731],[2.142519,49.066039],[2.141571,49.066455],[2.142694,49.066914],[2.147241,49.066928],[2.158572,49.06444],[2.162549,49.064667],[2.169385,49.064228],[2.17897,49.070098],[2.189245,49.072226],[2.195237,49.067359],[2.196693,49.0672],[2.19806,49.065837],[2.19996,49.064937],[2.202724,49.064938]]]}},
{"type":"Feature","properties":{"nom":"Le Mesnil-Aubry","code":"95395","population":914,"surface":673.06},"geometry":{"type":"Polygon","coordinates":[[[2.413258,49.056195],[2.41125,49.053283],[2.419966,49.047411],[2.418398,49.046491],[2.416373,49.048397],[2.403421,49.044163],[2.401635,49.045603],[2.399177,49.039701],[2.397499,49.039855],[2.394655,49.038908],[2.394684,49.040537],[2.382745,49.041977],[2.383073,49.042149],[2.380294,49.041702],[2.37795,49.04209],[2.378744,49.044771],[2.379881,49.046685],[2.375778,49.048783],[2.369657,49.054563],[2.372683,49.057056],[2.375481,49.063454],[2.386432,49.068372],[2.385688,49.066183],[2.394129,49.068911],[2.400719,49.064982],[2.399118,49.063595],[2.401594,49.062052],[2.407259,49.056359],[2.40852,49.05718],[2.413371,49.057089],[2.413258,49.056195]]]}},
{"type":"Feature","properties":{"nom":"Moisselles","code":"95409","population":1261,"surface":148.4},"geometry":{"type":"Polygon","coordinates":[[[2.324821,49.044134],[2.321826,49.050875],[2.323124,49.051102],[2.323231,49.052031],[2.328909,49.051706],[2.334283,49.049289],[2.334723,49.049686],[2.334357,49.050126],[2.335473,49.050361],[2.335066,49.051408],[2.335854,49.051506],[2.336523,49.051312],[2.335755,49.050288],[2.337785,49.051006],[2.338794,49.05062],[2.337867,49.049432],[2.339455,49.048873],[2.339784,49.049297],[2.344435,49.047656],[2.344662,49.04797],[2.351675,49.044851],[2.352687,49.04273],[2.349734,49.040482],[2.347073,49.041997],[2.344418,49.040151],[2.340242,49.038416],[2.337236,49.045799],[2.334869,49.044376],[2.334228,49.044775],[2.334895,49.045238],[2.331428,49.047159],[2.327723,49.044663],[2.32748,49.045008],[2.324821,49.044134]]]}},
{"type":"Feature","properties":{"nom":"Montgeroult","code":"95422","population":361,"surface":499.66},"geometry":{"type":"Polygon","coordinates":[[[2.016033,49.077411],[2.011147,49.077684],[2.010896,49.076987],[2.008717,49.07737],[2.008144,49.077068],[2.006422,49.078006],[2.005562,49.07746],[2.005049,49.077963],[2.00482,49.079535],[2.002866,49.07912],[1.999468,49.079681],[1.997764,49.081843],[1.993618,49.08493],[1.992429,49.085273],[1.990621,49.084935],[1.993107,49.086978],[1.994003,49.088602],[1.993325,49.088838],[1.992455,49.087247],[1.992001,49.087339],[1.992099,49.08822],[1.993191,49.089661],[1.991872,49.09087],[1.991708,49.091699],[1.993581,49.09402],[1.9925,49.095202],[1.991891,49.098049],[1.993743,49.099005],[1.993044,49.100277],[1.994068,49.102759],[1.997973,49.100134],[1.998392,49.100365],[1.999003,49.099386],[2.001156,49.101108],[2.003081,49.100145],[2.00534,49.102444],[2.015603,49.099251],[2.017534,49.101871],[2.022238,49.100329],[2.022584,49.0991],[2.022155,49.09826],[2.028396,49.096039],[2.024438,49.09358],[2.02543,49.093122],[2.020061,49.089544],[2.020533,49.088531],[2.019502,49.087496],[2.019742,49.087201],[2.017061,49.082667],[2.016582,49.080231],[2.015704,49.078566],[2.016572,49.078371],[2.016033,49.077411]]]}},
{"type":"Feature","properties":{"nom":"Montigny-lès-Cormeilles","code":"95424","population":22457,"surface":405.67},"geometry":{"type":"Polygon","coordinates":[[[2.197113,49.007677],[2.213243,49.001688],[2.209229,48.997307],[2.207071,48.992172],[2.204444,48.989629],[2.201571,48.990443],[2.200256,48.987719],[2.198404,48.987705],[2.198927,48.986319],[2.198095,48.985513],[2.194949,48.985286],[2.194233,48.984654],[2.191873,48.984628],[2.191109,48.984333],[2.191128,48.983551],[2.189085,48.983347],[2.187568,48.981251],[2.189556,48.979748],[2.189193,48.979563],[2.186311,48.979248],[2.184479,48.979595],[2.183469,48.979199],[2.181902,48.981957],[2.181818,48.984528],[2.178641,48.985769],[2.174096,48.986575],[2.17468,48.986808],[2.17526,48.988056],[2.176996,48.989478],[2.177868,48.989547],[2.179458,48.9915],[2.18099,48.992447],[2.181271,48.993151],[2.180784,48.993199],[2.182964,48.995038],[2.187747,48.997774],[2.188771,48.997252],[2.192521,49.002129],[2.193409,49.002524],[2.195195,49.004608],[2.193131,49.005489],[2.197113,49.007677]]]}},
{"type":"Feature","properties":{"nom":"Montlignon","code":"95426","population":3038,"surface":284.0},"geometry":{"type":"Polygon","coordinates":[[[2.291501,49.006378],[2.290326,49.006532],[2.284325,49.00257],[2.273214,49.006442],[2.274177,49.007664],[2.276259,49.007657],[2.27728,49.008743],[2.277896,49.008569],[2.279283,49.010927],[2.280711,49.010614],[2.281529,49.01187],[2.281649,49.014027],[2.280749,49.017215],[2.284602,49.019895],[2.285881,49.020303],[2.286007,49.022635],[2.287316,49.022468],[2.287441,49.021559],[2.288307,49.021975],[2.289094,49.021359],[2.291764,49.024371],[2.293095,49.028735],[2.294696,49.026984],[2.295665,49.027224],[2.301453,49.02409],[2.301647,49.023046],[2.302191,49.022896],[2.303105,49.0211],[2.30012,49.018654],[2.300221,49.017082],[2.301503,49.015856],[2.299849,49.01486],[2.298112,49.011871],[2.297135,49.01095],[2.2957,49.010694],[2.294611,49.00907],[2.29406,49.00926],[2.292822,49.007598],[2.29218,49.007787],[2.291695,49.007098],[2.292229,49.006971],[2.291501,49.006378]]]}},
{"type":"Feature","properties":{"nom":"Montmagny","code":"95427","population":15105,"surface":291.49},"geometry":{"type":"Polygon","coordinates":[[[2.353466,48.965624],[2.352014,48.965907],[2.351576,48.966621],[2.350516,48.967024],[2.343865,48.968421],[2.339871,48.962552],[2.338933,48.962921],[2.337455,48.960909],[2.338078,48.960072],[2.336361,48.957739],[2.333363,48.955318],[2.327919,48.959516],[2.331464,48.960996],[2.329549,48.962297],[2.330615,48.963385],[2.330235,48.963729],[2.331023,48.964754],[2.330539,48.964991],[2.331737,48.966331],[2.334276,48.965477],[2.334701,48.965969],[2.333629,48.966325],[2.333863,48.966713],[2.333203,48.967575],[2.333525,48.968167],[2.331914,48.968959],[2.330771,48.970266],[2.336261,48.971956],[2.335669,48.975301],[2.342743,48.974919],[2.344208,48.978057],[2.345045,48.977423],[2.344879,48.97692],[2.346232,48.976565],[2.348021,48.979858],[2.349823,48.978257],[2.351212,48.979163],[2.35444,48.979819],[2.35641,48.977368],[2.360063,48.978032],[2.36221,48.97788],[2.362782,48.978653],[2.364097,48.978889],[2.365878,48.974327],[2.365292,48.973086],[2.361723,48.973965],[2.360092,48.972481],[2.358985,48.972869],[2.356424,48.969096],[2.356929,48.968782],[2.353466,48.965624]]]}},
{"type":"Feature","properties":{"nom":"Montmorency","code":"95428","population":21763,"surface":519.62},"geometry":{"type":"Polygon","coordinates":[[[2.321919,49.010638],[2.32061,49.005612],[2.329039,49.002167],[2.331515,49.00166],[2.331056,49.000693],[2.329932,48.999905],[2.332958,48.999447],[2.332815,48.998255],[2.332396,48.998331],[2.331452,48.995643],[2.333232,48.995208],[2.337289,48.992798],[2.337189,48.991352],[2.336346,48.988995],[2.335508,48.988029],[2.335006,48.988198],[2.334666,48.987444],[2.335181,48.987292],[2.334791,48.986161],[2.334871,48.984612],[2.335229,48.984657],[2.335054,48.980972],[2.334171,48.98084],[2.334053,48.981639],[2.331312,48.982524],[2.32553,48.983214],[2.322863,48.982306],[2.3227,48.980426],[2.319509,48.980871],[2.316691,48.979655],[2.317149,48.975293],[2.316588,48.971253],[2.313851,48.969588],[2.310734,48.971834],[2.308316,48.975069],[2.306993,48.97736],[2.306778,48.979157],[2.307133,48.97893],[2.30891,48.980155],[2.312375,48.983427],[2.30841,48.984827],[2.307168,48.985944],[2.309702,48.986828],[2.311854,48.988244],[2.31197,48.989022],[2.313795,48.989745],[2.312346,48.991076],[2.312141,48.992211],[2.311016,48.992636],[2.313316,48.994394],[2.313192,48.996402],[2.314672,48.996728],[2.315565,48.997435],[2.315287,48.998258],[2.316604,48.999071],[2.315253,49.000999],[2.313013,49.001883],[2.310788,49.002089],[2.310999,49.00378],[2.313012,49.005043],[2.310876,49.00636],[2.313921,49.007974],[2.312401,49.009599],[2.311375,49.011935],[2.312738,49.014815],[2.314138,49.014798],[2.315489,49.013788],[2.315808,49.011102],[2.318677,49.011795],[2.320162,49.010826],[2.321919,49.010638]]]}},
{"type":"Feature","properties":{"nom":"Montreuil-sur-Epte","code":"95429","population":377,"surface":732.74},"geometry":{"type":"Polygon","coordinates":[[[1.671621,49.180751],[1.673439,49.180957],[1.67365,49.180579],[1.677444,49.181471],[1.677368,49.182121],[1.678378,49.182126],[1.678328,49.182633],[1.680824,49.18267],[1.682203,49.184055],[1.684654,49.182926],[1.689835,49.182163],[1.693138,49.180089],[1.69507,49.18123],[1.695366,49.180783],[1.697191,49.181601],[1.697559,49.180676],[1.698536,49.179993],[1.701324,49.180078],[1.702428,49.178468],[1.705021,49.178743],[1.705671,49.177305],[1.708972,49.177056],[1.710713,49.177497],[1.712017,49.178418],[1.715391,49.176247],[1.718249,49.173315],[1.710906,49.172469],[1.709313,49.171856],[1.708867,49.166132],[1.707734,49.166154],[1.706273,49.164931],[1.698434,49.167136],[1.693662,49.163718],[1.683472,49.157576],[1.677659,49.156369],[1.670499,49.158376],[1.66882,49.156504],[1.667531,49.15383],[1.664066,49.15414],[1.660581,49.157308],[1.662945,49.159259],[1.663045,49.160806],[1.664236,49.162915],[1.66422,49.16497],[1.664759,49.166035],[1.666115,49.166446],[1.670267,49.169811],[1.668908,49.171173],[1.668309,49.173259],[1.666588,49.174973],[1.66609,49.176748],[1.667544,49.177729],[1.666935,49.178911],[1.667444,49.179671],[1.668962,49.179792],[1.669947,49.180631],[1.671372,49.18021],[1.671621,49.180751]]]}},
{"type":"Feature","properties":{"nom":"Montsoult","code":"95430","population":4023,"surface":385.97},"geometry":{"type":"Polygon","coordinates":[[[2.270027,49.075082],[2.27472,49.077023],[2.278645,49.075377],[2.278906,49.074446],[2.28032,49.073747],[2.283714,49.078601],[2.284717,49.07854],[2.285063,49.077471],[2.28577,49.077043],[2.288743,49.077091],[2.289715,49.076597],[2.291242,49.079605],[2.296493,49.077364],[2.296551,49.079062],[2.298903,49.075518],[2.300776,49.07502],[2.301014,49.074254],[2.304996,49.07237],[2.30783,49.072793],[2.30826,49.072239],[2.30804,49.07183],[2.310034,49.072477],[2.309556,49.073517],[2.31127,49.073504],[2.312055,49.072932],[2.314903,49.073419],[2.315366,49.072156],[2.324299,49.072782],[2.325078,49.07306],[2.32436,49.074501],[2.325399,49.074694],[2.325388,49.075514],[2.329615,49.076379],[2.33036,49.074423],[2.334527,49.075491],[2.33542,49.072045],[2.334111,49.071451],[2.335581,49.071409],[2.333729,49.067451],[2.331127,49.068227],[2.331479,49.066612],[2.328819,49.066374],[2.330084,49.063638],[2.320199,49.06543],[2.317723,49.066203],[2.315542,49.067542],[2.309366,49.065093],[2.300062,49.065548],[2.299927,49.06618],[2.298618,49.066503],[2.298497,49.067352],[2.290962,49.070393],[2.290265,49.069779],[2.287106,49.0724],[2.284701,49.072455],[2.283486,49.07154],[2.281982,49.071534],[2.280295,49.070722],[2.276073,49.072107],[2.274427,49.068733],[2.271814,49.069249],[2.269853,49.07093],[2.269392,49.073007],[2.26971,49.074329],[2.270027,49.075082]]]}},
{"type":"Feature","properties":{"nom":"Mours","code":"95436","population":1693,"surface":247.88},"geometry":{"type":"Polygon","coordinates":[[[2.279312,49.125735],[2.279428,49.125164],[2.27851,49.124733],[2.277723,49.125312],[2.271031,49.124325],[2.264497,49.124898],[2.25985,49.123656],[2.258243,49.124539],[2.25662,49.124552],[2.256096,49.125384],[2.252221,49.126468],[2.251238,49.126031],[2.248475,49.126206],[2.246535,49.127634],[2.24691,49.128288],[2.244756,49.129259],[2.240729,49.129203],[2.240159,49.129845],[2.235898,49.129188],[2.235054,49.130469],[2.237018,49.131036],[2.242538,49.130883],[2.258883,49.132051],[2.262803,49.134483],[2.265435,49.13779],[2.267919,49.139404],[2.27009,49.137776],[2.27118,49.137849],[2.272093,49.136863],[2.272491,49.137008],[2.275365,49.134414],[2.278242,49.135256],[2.276912,49.132346],[2.277202,49.128759],[2.277978,49.127329],[2.277034,49.126993],[2.279312,49.125735]]]}},
{"type":"Feature","properties":{"nom":"Moussy","code":"95438","population":108,"surface":477.16},"geometry":{"type":"Polygon","coordinates":[[[1.893263,49.144018],[1.901884,49.139277],[1.904405,49.141407],[1.90715,49.142547],[1.908627,49.141108],[1.914581,49.145119],[1.91698,49.143966],[1.916453,49.143509],[1.925412,49.139108],[1.924797,49.138353],[1.930767,49.135317],[1.932669,49.132665],[1.933808,49.132121],[1.93048,49.130329],[1.931259,49.129197],[1.928401,49.128743],[1.923759,49.1269],[1.918538,49.126538],[1.916173,49.125908],[1.915099,49.126823],[1.911977,49.126319],[1.909141,49.127756],[1.905987,49.128183],[1.903964,49.128025],[1.901054,49.128559],[1.89652,49.127651],[1.894371,49.129196],[1.89606,49.130274],[1.891991,49.132278],[1.893501,49.133078],[1.892678,49.133467],[1.891391,49.13278],[1.889812,49.133623],[1.888298,49.133192],[1.888135,49.133615],[1.885236,49.132983],[1.884436,49.134412],[1.885372,49.134615],[1.884083,49.136929],[1.883014,49.136703],[1.882493,49.137786],[1.885773,49.138714],[1.885155,49.139668],[1.888933,49.140662],[1.888175,49.143188],[1.893263,49.144018]]]}},
{"type":"Feature","properties":{"nom":"Nerville-la-Forêt","code":"95445","population":756,"surface":669.68},"geometry":{"type":"Polygon","coordinates":[[[2.287297,49.083651],[2.28032,49.073747],[2.278906,49.074446],[2.278645,49.075377],[2.27472,49.077023],[2.273911,49.076588],[2.257493,49.083904],[2.257902,49.091289],[2.250632,49.090867],[2.258616,49.096983],[2.260059,49.098951],[2.260433,49.100775],[2.262571,49.100169],[2.280985,49.101794],[2.281126,49.100191],[2.283179,49.099729],[2.286585,49.101855],[2.289477,49.102486],[2.290149,49.10161],[2.288884,49.098793],[2.293088,49.101046],[2.299517,49.096898],[2.300452,49.094632],[2.302904,49.092177],[2.301177,49.091504],[2.301624,49.091262],[2.300699,49.090637],[2.296105,49.089526],[2.293404,49.088341],[2.293728,49.087959],[2.291453,49.087738],[2.292264,49.086001],[2.290592,49.085355],[2.290892,49.085223],[2.290075,49.08469],[2.289581,49.083687],[2.289864,49.08354],[2.287297,49.083651]]]}},
{"type":"Feature","properties":{"nom":"Nesles-la-Vallée","code":"95446","population":1842,"surface":1347.16},"geometry":{"type":"Polygon","coordinates":[[[2.180905,49.108598],[2.179951,49.109769],[2.175201,49.108893],[2.174244,49.109849],[2.172283,49.109656],[2.172491,49.109031],[2.165178,49.108451],[2.165166,49.107555],[2.160514,49.107432],[2.159044,49.106911],[2.159794,49.103638],[2.154556,49.105429],[2.150897,49.103835],[2.149638,49.104292],[2.150728,49.104958],[2.150862,49.106502],[2.151834,49.107853],[2.14827,49.109869],[2.145229,49.112497],[2.139814,49.114665],[2.139331,49.113897],[2.135041,49.115845],[2.136066,49.117968],[2.140618,49.115882],[2.146177,49.122334],[2.145626,49.122641],[2.148601,49.125757],[2.14918,49.127437],[2.15123,49.127996],[2.155258,49.131364],[2.153863,49.131379],[2.154029,49.132298],[2.156291,49.136273],[2.156832,49.136054],[2.157788,49.137144],[2.156958,49.137319],[2.158247,49.138873],[2.159289,49.138586],[2.159707,49.139728],[2.162393,49.13906],[2.164967,49.142687],[2.166961,49.142527],[2.166819,49.141843],[2.169326,49.140686],[2.17042,49.140727],[2.170389,49.141277],[2.173231,49.141217],[2.173805,49.142254],[2.173478,49.142598],[2.175109,49.144041],[2.180452,49.146537],[2.181609,49.146942],[2.184211,49.146088],[2.185319,49.146792],[2.185866,49.146259],[2.18704,49.148784],[2.186647,49.151172],[2.185741,49.153001],[2.184992,49.15403],[2.184409,49.153699],[2.184156,49.154225],[2.184705,49.156755],[2.18437,49.158727],[2.185813,49.159536],[2.184841,49.160407],[2.18712,49.163215],[2.189201,49.164243],[2.189623,49.164025],[2.18985,49.161342],[2.197647,49.143552],[2.189928,49.14189],[2.18976,49.137705],[2.191135,49.135559],[2.190799,49.135415],[2.193069,49.134693],[2.191432,49.132917],[2.194089,49.131278],[2.192496,49.129923],[2.193655,49.128541],[2.192193,49.127255],[2.195747,49.125723],[2.194176,49.124304],[2.196109,49.123469],[2.197568,49.121911],[2.196374,49.121228],[2.197786,49.119858],[2.197081,49.119495],[2.199434,49.118191],[2.195916,49.115261],[2.194623,49.115723],[2.193259,49.114729],[2.185449,49.112096],[2.184748,49.110971],[2.185129,49.110685],[2.183744,49.11035],[2.184185,49.11018],[2.183347,49.10964],[2.183853,49.109475],[2.180905,49.108598]]]}},
{"type":"Feature","properties":{"nom":"Neuilly-en-Vexin","code":"95447","population":240,"surface":299.57},"geometry":{"type":"Polygon","coordinates":[[[1.999122,49.175406],[1.991605,49.172127],[1.9927,49.171154],[1.991817,49.170508],[1.992659,49.169837],[1.991548,49.16836],[1.98938,49.169297],[1.986683,49.167817],[1.985646,49.165718],[1.983462,49.165753],[1.983789,49.165239],[1.982166,49.164353],[1.979948,49.165077],[1.979132,49.164229],[1.977948,49.164262],[1.976168,49.166716],[1.974746,49.166401],[1.973665,49.167497],[1.972405,49.166823],[1.970439,49.169892],[1.968494,49.170627],[1.962364,49.174601],[1.964986,49.177167],[1.971665,49.181378],[1.97358,49.183861],[1.982307,49.181591],[1.983487,49.179932],[1.987939,49.179018],[1.988898,49.178461],[1.988641,49.177864],[1.990863,49.17661],[1.992178,49.176204],[1.993683,49.176942],[1.995367,49.176997],[1.997156,49.176084],[1.999346,49.175868],[1.999122,49.175406]]]}},
{"type":"Feature","properties":{"nom":"Neuville-sur-Oise","code":"95450","population":2058,"surface":426.02},"geometry":{"type":"Polygon","coordinates":[[[2.071712,49.001401],[2.070503,49.003382],[2.067542,49.006222],[2.056569,49.01397],[2.051061,49.017138],[2.043343,49.022504],[2.036714,49.030085],[2.03653,49.031664],[2.038249,49.034014],[2.050096,49.028497],[2.049062,49.02753],[2.056347,49.023413],[2.056142,49.02319],[2.057767,49.022789],[2.059132,49.02489],[2.061003,49.025867],[2.063408,49.023748],[2.071062,49.019099],[2.075677,49.01814],[2.076445,49.01924],[2.078644,49.018751],[2.080872,49.018999],[2.080663,49.017175],[2.079524,49.016187],[2.084862,49.014552],[2.082663,49.009453],[2.078397,49.007459],[2.07476,49.006679],[2.075287,49.002097],[2.071712,49.001401]]]}},
{"type":"Feature","properties":{"nom":"Nointel","code":"95452","population":903,"surface":323.72},"geometry":{"type":"Polygon","coordinates":[[[2.280056,49.125515],[2.277034,49.126993],[2.277978,49.127329],[2.277202,49.128759],[2.276912,49.132346],[2.278242,49.135256],[2.280908,49.136791],[2.282902,49.135664],[2.288733,49.136699],[2.289277,49.135313],[2.292324,49.136158],[2.293014,49.135195],[2.295634,49.134472],[2.29675,49.136041],[2.295871,49.136296],[2.29703,49.136617],[2.298742,49.138537],[2.305366,49.133052],[2.305849,49.132501],[2.30396,49.132099],[2.313444,49.122743],[2.305586,49.12027],[2.293409,49.122721],[2.29322,49.122112],[2.289343,49.122614],[2.289192,49.123089],[2.28507,49.125293],[2.282199,49.124131],[2.282426,49.126715],[2.280056,49.125515]]]}},
{"type":"Feature","properties":{"nom":"Noisy-sur-Oise","code":"95456","population":549,"surface":380.5},"geometry":{"type":"Polygon","coordinates":[[[2.32272,49.146552],[2.325813,49.14309],[2.328787,49.141836],[2.332296,49.142625],[2.33888,49.146052],[2.340871,49.139933],[2.341103,49.132118],[2.339243,49.130996],[2.337395,49.128171],[2.336708,49.126643],[2.336595,49.124549],[2.336141,49.124336],[2.336786,49.123312],[2.33406,49.122094],[2.320062,49.124856],[2.315956,49.12961],[2.31816,49.131644],[2.315591,49.134882],[2.315986,49.13772],[2.316509,49.13766],[2.31596,49.139065],[2.315274,49.139247],[2.314906,49.140755],[2.313172,49.140695],[2.313421,49.142272],[2.314986,49.143436],[2.316441,49.143273],[2.317126,49.144132],[2.319341,49.143947],[2.319983,49.145075],[2.321505,49.144577],[2.321103,49.145058],[2.32272,49.146552]]]}},
{"type":"Feature","properties":{"nom":"Nucourt","code":"95459","population":719,"surface":770.52},"geometry":{"type":"Polygon","coordinates":[[[1.845189,49.169964],[1.851032,49.17053],[1.8551,49.171944],[1.8568,49.173361],[1.857879,49.172233],[1.856543,49.171998],[1.858215,49.169962],[1.859117,49.170096],[1.867306,49.172046],[1.86782,49.17183],[1.876137,49.175053],[1.876703,49.171416],[1.880855,49.167295],[1.8823,49.167953],[1.883665,49.166092],[1.882839,49.161408],[1.877623,49.161496],[1.871818,49.160205],[1.872697,49.157319],[1.870017,49.156564],[1.862852,49.153216],[1.862835,49.150095],[1.860847,49.147121],[1.861413,49.146502],[1.857622,49.145103],[1.857893,49.143899],[1.85752,49.143295],[1.847879,49.144323],[1.84714,49.14175],[1.840843,49.14349],[1.841781,49.144919],[1.837261,49.146216],[1.838214,49.1476],[1.836366,49.14813],[1.838452,49.152826],[1.833879,49.152906],[1.83555,49.15696],[1.837225,49.156947],[1.834624,49.16058],[1.835118,49.160666],[1.834956,49.161232],[1.833395,49.161286],[1.832797,49.162384],[1.833277,49.162376],[1.833114,49.163078],[1.834305,49.165173],[1.836422,49.164497],[1.838725,49.166844],[1.844683,49.170659],[1.845189,49.169964]]]}},
{"type":"Feature","properties":{"nom":"Omerville","code":"95462","population":327,"surface":1230.96},"geometry":{"type":"Polygon","coordinates":[[[1.741707,49.137904],[1.740588,49.136513],[1.739455,49.136195],[1.740325,49.134405],[1.739514,49.134198],[1.739711,49.133459],[1.734482,49.129562],[1.730883,49.128508],[1.730921,49.127621],[1.73174,49.126806],[1.72998,49.124842],[1.732463,49.119413],[1.734815,49.117017],[1.737669,49.115646],[1.738298,49.114564],[1.736709,49.114219],[1.734706,49.11487],[1.733085,49.113375],[1.720224,49.123384],[1.698711,49.125943],[1.696055,49.126515],[1.691683,49.128626],[1.699361,49.1346],[1.700512,49.134059],[1.703543,49.137073],[1.70722,49.143997],[1.706595,49.144277],[1.7067,49.145451],[1.704844,49.146239],[1.706356,49.14907],[1.705421,49.149205],[1.705737,49.150461],[1.705435,49.150498],[1.706134,49.153092],[1.70599,49.154188],[1.707197,49.156912],[1.708499,49.158898],[1.711842,49.160464],[1.711221,49.161081],[1.712953,49.161601],[1.712816,49.161986],[1.717475,49.164376],[1.71908,49.165773],[1.72043,49.165313],[1.721085,49.165835],[1.722442,49.164793],[1.726179,49.165653],[1.73014,49.167373],[1.737057,49.16483],[1.737971,49.165519],[1.744914,49.163223],[1.740245,49.158664],[1.741093,49.157127],[1.741725,49.154012],[1.741278,49.153],[1.739844,49.15186],[1.738607,49.147404],[1.74203,49.146839],[1.741673,49.14584],[1.742534,49.145144],[1.741914,49.143823],[1.740845,49.137847],[1.741707,49.137904]]]}},
{"type":"Feature","properties":{"nom":"Osny","code":"95476","population":17954,"surface":1230.75},"geometry":{"type":"Polygon","coordinates":[[[2.084152,49.08423],[2.085487,49.082195],[2.08617,49.082363],[2.086705,49.081691],[2.086082,49.07871],[2.087471,49.077159],[2.087112,49.074858],[2.087751,49.07346],[2.088331,49.073579],[2.095717,49.070067],[2.082632,49.057789],[2.08215,49.057865],[2.081455,49.056353],[2.078135,49.054912],[2.076806,49.055065],[2.076527,49.053368],[2.078525,49.052104],[2.074803,49.047583],[2.073332,49.048106],[2.07228,49.047252],[2.065535,49.051636],[2.056768,49.054433],[2.046823,49.056135],[2.046597,49.054019],[2.04424,49.054074],[2.037964,49.055396],[2.029291,49.055769],[2.027908,49.056466],[2.031044,49.058308],[2.033779,49.058197],[2.034549,49.062743],[2.036665,49.067612],[2.037275,49.067953],[2.037571,49.069811],[2.041417,49.074141],[2.040894,49.07512],[2.042758,49.076764],[2.04503,49.081621],[2.045334,49.082734],[2.044515,49.082764],[2.048939,49.084233],[2.063614,49.086335],[2.0729,49.078639],[2.078636,49.085123],[2.084152,49.08423]]]}},
{"type":"Feature","properties":{"nom":"Parmain","code":"95480","population":5655,"surface":886.03},"geometry":{"type":"Polygon","coordinates":[[[2.192331,49.155741],[2.198455,49.156646],[2.20531,49.148861],[2.211333,49.144119],[2.211814,49.143456],[2.212132,49.139849],[2.211156,49.137672],[2.212011,49.135958],[2.211296,49.133722],[2.212158,49.132979],[2.211355,49.131089],[2.212417,49.130996],[2.21246,49.130039],[2.213398,49.130077],[2.213238,49.129688],[2.21547,49.129049],[2.214736,49.126711],[2.212897,49.125798],[2.214927,49.125311],[2.21726,49.123961],[2.215213,49.122174],[2.212446,49.120772],[2.211777,49.119592],[2.21118,49.115861],[2.209366,49.112124],[2.208848,49.105068],[2.209818,49.096662],[2.209246,49.093511],[2.207452,49.093948],[2.204328,49.093333],[2.203198,49.093842],[2.203309,49.094384],[2.200266,49.094786],[2.200517,49.095365],[2.200092,49.094831],[2.198478,49.09467],[2.191231,49.100047],[2.188795,49.101254],[2.188942,49.104482],[2.186474,49.102891],[2.185636,49.102975],[2.186639,49.104503],[2.186266,49.10628],[2.185608,49.106941],[2.183627,49.106968],[2.180905,49.108598],[2.183853,49.109475],[2.183347,49.10964],[2.184185,49.11018],[2.183744,49.11035],[2.185129,49.110685],[2.184748,49.110971],[2.185449,49.112096],[2.193259,49.114729],[2.194623,49.115723],[2.195916,49.115261],[2.199434,49.118191],[2.197081,49.119495],[2.197786,49.119858],[2.196374,49.121228],[2.197568,49.121911],[2.196109,49.123469],[2.194176,49.124304],[2.195747,49.125723],[2.192193,49.127255],[2.193655,49.128541],[2.192496,49.129923],[2.194089,49.131278],[2.191432,49.132917],[2.193069,49.134693],[2.190799,49.135415],[2.191135,49.135559],[2.18976,49.137705],[2.189928,49.14189],[2.197647,49.143552],[2.192331,49.155741]]]}},
{"type":"Feature","properties":{"nom":"Le Perchay","code":"95483","population":504,"surface":546.68},"geometry":{"type":"Polygon","coordinates":[[[1.913853,49.107984],[1.91696,49.111113],[1.913187,49.112648],[1.915536,49.115146],[1.908788,49.119377],[1.908422,49.11981],[1.908925,49.121337],[1.90684,49.123267],[1.905483,49.122993],[1.907146,49.124674],[1.908949,49.125466],[1.913414,49.12521],[1.915177,49.126743],[1.916173,49.125908],[1.918538,49.126538],[1.923759,49.1269],[1.931997,49.129702],[1.936619,49.125467],[1.937727,49.125113],[1.937431,49.124885],[1.938279,49.123778],[1.940222,49.123094],[1.939105,49.122695],[1.940026,49.12136],[1.941714,49.121435],[1.944268,49.120251],[1.950434,49.119295],[1.947787,49.117701],[1.94516,49.114931],[1.942371,49.114104],[1.943178,49.112718],[1.942136,49.110423],[1.93819,49.108184],[1.938659,49.107959],[1.936088,49.106246],[1.935578,49.105649],[1.935955,49.105337],[1.930015,49.101086],[1.913853,49.107984]]]}},
{"type":"Feature","properties":{"nom":"Persan","code":"95487","population":14359,"surface":517.6},"geometry":{"type":"Polygon","coordinates":[[[2.267919,49.139404],[2.265435,49.13779],[2.263772,49.135994],[2.261612,49.137107],[2.261131,49.136733],[2.258443,49.139739],[2.259126,49.139976],[2.258415,49.141319],[2.259193,49.141661],[2.258182,49.142939],[2.257324,49.142661],[2.25557,49.144477],[2.254437,49.143926],[2.252022,49.146806],[2.25266,49.147077],[2.240475,49.149494],[2.241865,49.153415],[2.25036,49.153494],[2.25378,49.152633],[2.258759,49.155779],[2.260081,49.155328],[2.25946,49.156612],[2.26215,49.158381],[2.268166,49.155752],[2.26935,49.155997],[2.271254,49.157401],[2.275866,49.158808],[2.281195,49.158855],[2.282962,49.15967],[2.286479,49.159873],[2.287405,49.157658],[2.288261,49.157793],[2.288783,49.157342],[2.293946,49.151265],[2.290354,49.149435],[2.284796,49.145105],[2.267919,49.139404]]]}},
{"type":"Feature","properties":{"nom":"Pierrelaye","code":"95488","population":10130,"surface":896.52},"geometry":{"type":"Polygon","coordinates":[[[2.155655,49.036217],[2.179514,49.027215],[2.182771,49.025436],[2.18075,49.023748],[2.172982,49.014173],[2.197113,49.007677],[2.193131,49.005489],[2.182087,49.000768],[2.161084,49.012234],[2.156244,49.013495],[2.154499,49.009355],[2.154852,49.005963],[2.155514,49.004849],[2.14863,49.00799],[2.139346,49.013336],[2.12864,49.022873],[2.135558,49.027016],[2.149236,49.032472],[2.155655,49.036217]]]}},
{"type":"Feature","properties":{"nom":"Piscop","code":"95489","population":768,"surface":414.72},"geometry":{"type":"Polygon","coordinates":[[[2.322006,49.010173],[2.322119,49.012301],[2.321729,49.012887],[2.32135,49.012765],[2.321384,49.013981],[2.320114,49.016285],[2.321728,49.017027],[2.323099,49.018376],[2.323849,49.020223],[2.325915,49.01908],[2.327661,49.020685],[2.331633,49.022235],[2.332541,49.021775],[2.334874,49.022611],[2.344428,49.023354],[2.34617,49.023993],[2.346025,49.024312],[2.35489,49.026779],[2.358807,49.025372],[2.357911,49.025063],[2.363949,49.02188],[2.363539,49.020058],[2.358359,49.016726],[2.353487,49.014077],[2.349732,49.01284],[2.34729,49.010581],[2.345269,49.005704],[2.333865,49.008341],[2.328658,49.009035],[2.327154,49.009696],[2.322006,49.010173]]]}},
{"type":"Feature","properties":{"nom":"Le Plessis-Bouchard","code":"95491","population":8518,"surface":265.89},"geometry":{"type":"Polygon","coordinates":[[[2.217157,49.002829],[2.219861,49.007941],[2.223896,49.011796],[2.242786,49.007578],[2.246145,49.005465],[2.246395,49.003825],[2.250627,49.000803],[2.243688,48.994216],[2.217157,49.002829]]]}},
{"type":"Feature","properties":{"nom":"Le Plessis-Gassot","code":"95492","population":102,"surface":415.29},"geometry":{"type":"Polygon","coordinates":[[[2.410756,49.024118],[2.407467,49.025674],[2.400919,49.033778],[2.400464,49.035807],[2.400856,49.037479],[2.399112,49.039458],[2.401635,49.045603],[2.403421,49.044163],[2.416373,49.048397],[2.422271,49.041939],[2.434482,49.034519],[2.434153,49.033943],[2.433584,49.034229],[2.428342,49.02803],[2.423694,49.029244],[2.423077,49.027469],[2.420717,49.025254],[2.416918,49.028601],[2.413284,49.025522],[2.412642,49.02408],[2.411258,49.024603],[2.410756,49.024118]]]}},
{"type":"Feature","properties":{"nom":"Le Plessis-Luzarches","code":"95493","population":152,"surface":91.45},"geometry":{"type":"Polygon","coordinates":[[[2.449754,49.100761],[2.456922,49.101037],[2.458529,49.099544],[2.465399,49.098607],[2.465276,49.097193],[2.46473,49.09696],[2.465186,49.096298],[2.464275,49.096024],[2.462904,49.096643],[2.462389,49.096385],[2.462185,49.096058],[2.463382,49.09596],[2.46283,49.095327],[2.460933,49.095261],[2.462279,49.094529],[2.459162,49.093022],[2.4557,49.090376],[2.454239,49.089745],[2.453241,49.090399],[2.45194,49.090024],[2.452102,49.091981],[2.450954,49.092183],[2.451064,49.092702],[2.449787,49.093079],[2.448589,49.092954],[2.449984,49.094776],[2.449406,49.095051],[2.450218,49.096109],[2.4493,49.096457],[2.450234,49.096372],[2.451715,49.099015],[2.448078,49.099726],[2.449754,49.100761]]]}},
{"type":"Feature","properties":{"nom":"Pontoise","code":"95500","population":31970,"surface":716.31},"geometry":{"type":"Polygon","coordinates":[[[2.120383,49.064699],[2.121563,49.063935],[2.124828,49.065541],[2.127005,49.063997],[2.11969,49.060083],[2.109868,49.051822],[2.103528,49.048813],[2.102935,49.047744],[2.100767,49.046418],[2.098419,49.042685],[2.0983,49.039666],[2.096448,49.037493],[2.094164,49.033452],[2.090818,49.024275],[2.090181,49.024412],[2.090448,49.024865],[2.08997,49.025013],[2.091063,49.027391],[2.090491,49.02955],[2.08931,49.028647],[2.087401,49.02905],[2.085322,49.028593],[2.084433,49.029161],[2.083563,49.030838],[2.084291,49.032381],[2.085458,49.033209],[2.082868,49.034833],[2.087505,49.038467],[2.080024,49.041815],[2.07228,49.047252],[2.073332,49.048106],[2.074803,49.047583],[2.078525,49.052104],[2.076527,49.053368],[2.076806,49.055065],[2.078135,49.054912],[2.081455,49.056353],[2.08215,49.057865],[2.082632,49.057789],[2.095717,49.070067],[2.091086,49.072255],[2.091566,49.073301],[2.095841,49.072169],[2.101043,49.068135],[2.104328,49.06715],[2.103334,49.066337],[2.103763,49.065325],[2.105187,49.064168],[2.105627,49.065066],[2.106443,49.064046],[2.106075,49.063309],[2.104791,49.062877],[2.105013,49.060373],[2.107251,49.059771],[2.109088,49.059899],[2.108802,49.061375],[2.112957,49.060551],[2.114123,49.06194],[2.11571,49.062523],[2.116314,49.061744],[2.120383,49.064699]]]}},
{"type":"Feature","properties":{"nom":"Presles","code":"95504","population":4017,"surface":1017.92},"geometry":{"type":"Polygon","coordinates":[[[2.260433,49.100775],[2.262941,49.103018],[2.263007,49.104163],[2.262173,49.105327],[2.260863,49.106108],[2.25821,49.106407],[2.256387,49.108105],[2.255939,49.109979],[2.255222,49.110889],[2.255808,49.112794],[2.260886,49.114244],[2.260014,49.116707],[2.263142,49.120162],[2.264011,49.120347],[2.261783,49.122988],[2.26235,49.124157],[2.264497,49.124898],[2.271031,49.124325],[2.277723,49.125312],[2.27851,49.124733],[2.279428,49.125164],[2.279312,49.125735],[2.280056,49.125515],[2.282426,49.126715],[2.282199,49.124131],[2.28507,49.125293],[2.289192,49.123089],[2.289343,49.122614],[2.29322,49.122112],[2.293409,49.122721],[2.305586,49.12027],[2.320062,49.124856],[2.31876,49.117593],[2.310504,49.113726],[2.313468,49.111752],[2.31548,49.109541],[2.312017,49.108393],[2.311634,49.107423],[2.308453,49.104163],[2.308949,49.103633],[2.308779,49.102419],[2.310267,49.100644],[2.308503,49.099805],[2.312414,49.097886],[2.312054,49.097351],[2.308052,49.098562],[2.307374,49.100156],[2.306108,49.100377],[2.305739,49.100896],[2.303955,49.09867],[2.301734,49.097135],[2.301155,49.095872],[2.302361,49.094552],[2.302904,49.092177],[2.300452,49.094632],[2.299517,49.096898],[2.293088,49.101046],[2.288884,49.098793],[2.290149,49.10161],[2.289477,49.102486],[2.286585,49.101855],[2.283179,49.099729],[2.281126,49.100191],[2.280985,49.101794],[2.262571,49.100169],[2.260433,49.100775]]]}},
{"type":"Feature","properties":{"nom":"Puiseux-en-France","code":"95509","population":3765,"surface":520.23},"geometry":{"type":"Polygon","coordinates":[[[2.481685,49.055344],[2.482656,49.055513],[2.472231,49.067865],[2.47227,49.07102],[2.476746,49.07608],[2.479789,49.078441],[2.482786,49.084522],[2.484052,49.089094],[2.488408,49.089484],[2.488556,49.089105],[2.489706,49.089017],[2.490059,49.088223],[2.489591,49.087082],[2.484741,49.083581],[2.484318,49.082456],[2.487289,49.082101],[2.485711,49.078423],[2.491541,49.076917],[2.490765,49.073747],[2.496247,49.074102],[2.497376,49.072996],[2.498964,49.073045],[2.499583,49.0672],[2.507171,49.065325],[2.506647,49.060754],[2.505652,49.060736],[2.505595,49.059658],[2.503874,49.059518],[2.504157,49.057797],[2.499021,49.054542],[2.493785,49.053849],[2.492119,49.051204],[2.489903,49.05171],[2.488648,49.053385],[2.481885,49.054037],[2.481685,49.055344]]]}},
{"type":"Feature","properties":{"nom":"Puiseux-Pontoise","code":"95510","population":603,"surface":387.94},"geometry":{"type":"Polygon","coordinates":[[[2.015266,49.07758],[2.022325,49.074429],[2.027318,49.074024],[2.025482,49.073625],[2.025455,49.072932],[2.027128,49.072469],[2.026367,49.071382],[2.026166,49.069344],[2.022282,49.0667],[2.027313,49.065057],[2.028508,49.063587],[2.031344,49.067284],[2.03446,49.065839],[2.032567,49.063308],[2.034549,49.062743],[2.033779,49.058197],[2.030788,49.058225],[2.025804,49.055521],[2.024527,49.054173],[2.019442,49.054423],[2.013651,49.055394],[1.992458,49.061212],[1.999158,49.067501],[2.005187,49.065107],[2.006897,49.065045],[2.008775,49.065765],[2.010562,49.065504],[2.013828,49.069562],[2.01313,49.069751],[2.012697,49.073739],[2.015266,49.07758]]]}},
{"type":"Feature","properties":{"nom":"La Roche-Guyon","code":"95523","population":399,"surface":466.65},"geometry":{"type":"Polygon","coordinates":[[[1.608748,49.077711],[1.610094,49.078039],[1.610288,49.078767],[1.612615,49.080294],[1.61399,49.080433],[1.615714,49.082336],[1.622004,49.085099],[1.624496,49.086926],[1.625465,49.086792],[1.626587,49.087889],[1.627429,49.087684],[1.629519,49.089025],[1.630463,49.088886],[1.633535,49.090581],[1.630107,49.093876],[1.632065,49.095879],[1.632208,49.096431],[1.631187,49.096736],[1.632192,49.098361],[1.631541,49.09847],[1.631488,49.098976],[1.633453,49.100685],[1.640307,49.099047],[1.640107,49.098095],[1.645489,49.097558],[1.649115,49.100491],[1.643618,49.102078],[1.643,49.102713],[1.644413,49.103534],[1.642576,49.105263],[1.642736,49.105733],[1.651957,49.108696],[1.654109,49.106455],[1.65665,49.105156],[1.653309,49.105199],[1.651062,49.104294],[1.652305,49.103203],[1.656575,49.096923],[1.658712,49.096002],[1.658058,49.093447],[1.651819,49.096115],[1.65101,49.098119],[1.647599,49.096484],[1.646766,49.095494],[1.644986,49.095289],[1.643507,49.086843],[1.64451,49.086884],[1.645034,49.085438],[1.644809,49.082943],[1.645805,49.082852],[1.646186,49.082033],[1.645748,49.081462],[1.644037,49.081553],[1.640192,49.080358],[1.640329,49.079041],[1.633764,49.079185],[1.628614,49.077993],[1.614418,49.071189],[1.612294,49.072747],[1.612798,49.073076],[1.609845,49.074719],[1.610832,49.07542],[1.608748,49.077711]]]}},
{"type":"Feature","properties":{"nom":"Roissy-en-France","code":"95527","population":2674,"surface":1418.51},"geometry":{"type":"Polygon","coordinates":[[[2.485756,48.999333],[2.487955,48.998873],[2.488506,49.000141],[2.489284,49.000196],[2.489262,49.001012],[2.488766,49.001127],[2.489034,49.002104],[2.488119,49.0022],[2.493196,49.015438],[2.500029,49.026427],[2.506321,49.02485],[2.507257,49.026754],[2.508948,49.026489],[2.509683,49.028722],[2.518669,49.027345],[2.529177,49.026741],[2.528827,49.024368],[2.534938,49.023835],[2.534656,49.021707],[2.535395,49.021651],[2.535348,49.020677],[2.534451,49.019863],[2.534278,49.018515],[2.537367,49.018458],[2.538814,49.012642],[2.540266,49.011669],[2.544853,49.011971],[2.545058,49.014687],[2.549085,49.014949],[2.550088,49.011978],[2.553373,49.011911],[2.553079,49.006782],[2.548819,49.006704],[2.54926,49.003162],[2.548077,49.00309],[2.547818,49.00505],[2.544082,49.004749],[2.54404,49.00564],[2.541152,49.005658],[2.541198,49.006288],[2.538391,49.006217],[2.538375,49.005322],[2.535728,49.005253],[2.535482,49.006586],[2.532189,49.005238],[2.530201,49.002303],[2.530444,49.001913],[2.529641,49.002003],[2.529152,49.000428],[2.527874,49.000452],[2.524412,48.996248],[2.523228,48.994255],[2.522779,48.992144],[2.520452,48.992282],[2.520154,48.9911],[2.518923,48.990952],[2.519202,48.987843],[2.516923,48.987614],[2.517006,48.98611],[2.512257,48.986049],[2.514719,48.982231],[2.509229,48.979818],[2.508816,48.980592],[2.506343,48.980308],[2.506718,48.979881],[2.504859,48.97879],[2.503764,48.979471],[2.501877,48.978535],[2.500019,48.979772],[2.503952,48.986771],[2.495332,48.988753],[2.4934,48.989849],[2.488514,48.990717],[2.487848,48.990463],[2.488715,48.995666],[2.484057,48.996684],[2.485756,48.999333]]]}},
{"type":"Feature","properties":{"nom":"Ronquerolles","code":"95529","population":907,"surface":477.62},"geometry":{"type":"Polygon","coordinates":[[[2.186825,49.173415],[2.189055,49.173128],[2.192105,49.173646],[2.195306,49.173125],[2.199054,49.175297],[2.200788,49.174293],[2.202947,49.174061],[2.213169,49.175876],[2.212079,49.176525],[2.213963,49.177216],[2.213687,49.177531],[2.215568,49.17824],[2.218646,49.180685],[2.223773,49.173993],[2.226005,49.172643],[2.231505,49.170485],[2.235385,49.166994],[2.233817,49.166523],[2.234333,49.166027],[2.23001,49.164259],[2.230449,49.163768],[2.228669,49.163708],[2.224248,49.162382],[2.223071,49.159696],[2.216849,49.154133],[2.206682,49.158182],[2.20566,49.159452],[2.200379,49.163372],[2.198439,49.166462],[2.197052,49.166452],[2.196897,49.167059],[2.19806,49.167987],[2.198037,49.168518],[2.197371,49.168703],[2.194868,49.167455],[2.193039,49.168424],[2.190624,49.168591],[2.18909,49.169382],[2.186825,49.173415]]]}},
{"type":"Feature","properties":{"nom":"Sagy","code":"95535","population":1096,"surface":1055.43},"geometry":{"type":"Polygon","coordinates":[[[1.995064,49.063636],[1.992458,49.061212],[1.99468,49.060594],[1.992891,49.056743],[1.987707,49.050325],[1.985402,49.042114],[1.984284,49.039875],[1.985215,49.039321],[1.983605,49.037804],[1.984624,49.037718],[1.984512,49.035546],[1.983709,49.03478],[1.978919,49.035704],[1.976663,49.03558],[1.97623,49.034714],[1.960892,49.034806],[1.95517,49.040192],[1.948924,49.040369],[1.948883,49.041241],[1.950488,49.042177],[1.9482,49.042678],[1.948202,49.044861],[1.947175,49.044916],[1.948604,49.049123],[1.947205,49.048581],[1.946794,49.049527],[1.94498,49.051132],[1.94424,49.050961],[1.942925,49.052285],[1.939978,49.052829],[1.941057,49.054153],[1.939724,49.054645],[1.941252,49.05631],[1.942018,49.055934],[1.945674,49.059304],[1.945074,49.059531],[1.94581,49.059988],[1.948435,49.060942],[1.948315,49.061219],[1.949317,49.060993],[1.950497,49.063375],[1.951949,49.065035],[1.953474,49.064363],[1.960263,49.070816],[1.959605,49.071113],[1.95999,49.071565],[1.965139,49.071267],[1.9622,49.067513],[1.966271,49.066112],[1.965925,49.065615],[1.966274,49.065519],[1.966834,49.065483],[1.967642,49.066306],[1.970076,49.065241],[1.969321,49.065728],[1.969748,49.066144],[1.970146,49.065312],[1.971933,49.066924],[1.975138,49.066021],[1.976648,49.068081],[1.977471,49.067882],[1.978729,49.069234],[1.988229,49.065512],[1.995064,49.063636]]]}},
{"type":"Feature","properties":{"nom":"Saint-Brice-sous-Forêt","code":"95539","population":15063,"surface":599.53},"geometry":{"type":"Polygon","coordinates":[[[2.36663,48.99024],[2.364003,48.987557],[2.360968,48.986658],[2.359453,48.990432],[2.356985,48.989434],[2.356787,48.991344],[2.35024,48.9908],[2.350521,48.993415],[2.341002,48.993844],[2.336997,48.993285],[2.337289,48.992798],[2.33695,48.992909],[2.333232,48.995208],[2.331452,48.995643],[2.332396,48.998331],[2.332815,48.998255],[2.332958,48.999447],[2.329932,48.999905],[2.331056,49.000693],[2.331515,49.00166],[2.329039,49.002167],[2.32061,49.005612],[2.321406,49.008993],[2.322006,49.010173],[2.327154,49.009696],[2.328658,49.009035],[2.333865,49.008341],[2.345269,49.005704],[2.34729,49.010581],[2.349732,49.01284],[2.353487,49.014077],[2.363539,49.020058],[2.362074,49.016266],[2.362583,49.014398],[2.361699,49.011265],[2.363966,49.009177],[2.365023,49.00683],[2.36633,49.005252],[2.367101,49.003345],[2.367061,49.001466],[2.36854,48.999214],[2.368305,48.997744],[2.369938,48.995282],[2.365235,48.993129],[2.366522,48.992076],[2.365213,48.990868],[2.36663,48.99024]]]}},
{"type":"Feature","properties":{"nom":"Saint-Clair-sur-Epte","code":"95541","population":964,"surface":1232.55},"geometry":{"type":"Polygon","coordinates":[[[1.669047,49.186667],[1.671496,49.191359],[1.670541,49.193375],[1.674801,49.196848],[1.676892,49.202532],[1.676484,49.203834],[1.674761,49.20417],[1.673156,49.20541],[1.673187,49.206245],[1.672163,49.206457],[1.674188,49.208832],[1.673758,49.209404],[1.674515,49.210578],[1.673966,49.211898],[1.676893,49.211808],[1.676424,49.212705],[1.677473,49.212835],[1.677353,49.21355],[1.679828,49.21433],[1.682743,49.216329],[1.68467,49.216577],[1.68607,49.218148],[1.688585,49.21855],[1.689944,49.220603],[1.691141,49.221233],[1.690798,49.222613],[1.69127,49.223404],[1.696405,49.224437],[1.697929,49.224042],[1.698678,49.224868],[1.698757,49.226187],[1.703859,49.228845],[1.703823,49.229535],[1.702835,49.229937],[1.703796,49.230623],[1.702589,49.231366],[1.704458,49.232184],[1.705097,49.233214],[1.704919,49.234025],[1.706361,49.234231],[1.707052,49.235806],[1.708348,49.235921],[1.709637,49.238667],[1.70939,49.241488],[1.712587,49.24125],[1.71237,49.239019],[1.713226,49.236932],[1.71319,49.235056],[1.712115,49.23302],[1.714341,49.232615],[1.715298,49.233391],[1.72549,49.230126],[1.725341,49.22983],[1.729662,49.229197],[1.732147,49.228119],[1.733277,49.226541],[1.736212,49.226277],[1.736202,49.225358],[1.737983,49.225392],[1.738371,49.224058],[1.740441,49.224283],[1.740459,49.223669],[1.735907,49.222294],[1.734109,49.221277],[1.73568,49.216086],[1.732263,49.215634],[1.733682,49.210959],[1.729891,49.210284],[1.730141,49.209656],[1.721981,49.210009],[1.720219,49.206809],[1.714868,49.207444],[1.715996,49.204289],[1.715794,49.203008],[1.714962,49.202257],[1.709726,49.201438],[1.706084,49.19929],[1.703793,49.201131],[1.703833,49.203673],[1.702013,49.205931],[1.702696,49.206279],[1.700925,49.208092],[1.699344,49.208157],[1.694732,49.206637],[1.694701,49.202458],[1.694049,49.200517],[1.688161,49.203112],[1.686242,49.200299],[1.6842,49.198678],[1.684492,49.196918],[1.680479,49.194102],[1.681226,49.190429],[1.683267,49.185606],[1.680269,49.184622],[1.680824,49.18267],[1.678328,49.182633],[1.678378,49.182126],[1.677368,49.182121],[1.677444,49.181471],[1.67365,49.180579],[1.673439,49.180957],[1.671621,49.180751],[1.670839,49.182359],[1.67081,49.184472],[1.669503,49.185139],[1.669047,49.186667]]]}},
{"type":"Feature","properties":{"nom":"Saint-Cyr-en-Arthies","code":"95543","population":236,"surface":392.84},"geometry":{"type":"Polygon","coordinates":[[[1.735493,49.048737],[1.731857,49.050514],[1.730299,49.052505],[1.726982,49.053851],[1.725199,49.053937],[1.725008,49.054594],[1.723887,49.054906],[1.728277,49.059664],[1.727991,49.060095],[1.729386,49.059572],[1.730175,49.062542],[1.734736,49.064807],[1.734089,49.065245],[1.734559,49.065936],[1.736693,49.067065],[1.741036,49.071149],[1.74087,49.072669],[1.743454,49.073198],[1.74633,49.072838],[1.748251,49.068231],[1.748191,49.06601],[1.75087,49.065132],[1.755499,49.065225],[1.756703,49.063913],[1.757728,49.063462],[1.758423,49.063799],[1.759264,49.063088],[1.753487,49.060093],[1.757489,49.057989],[1.753139,49.056032],[1.752727,49.056203],[1.749557,49.053547],[1.751187,49.047971],[1.748,49.048444],[1.747786,49.047924],[1.746179,49.048174],[1.745793,49.047527],[1.735493,49.048737]]]}},
{"type":"Feature","properties":{"nom":"Saint-Gervais","code":"95554","population":878,"surface":1343.11},"geometry":{"type":"Polygon","coordinates":[[[1.776392,49.184883],[1.77696,49.185004],[1.777522,49.184027],[1.780929,49.184324],[1.784799,49.185816],[1.786702,49.184164],[1.786369,49.183079],[1.788631,49.181487],[1.789704,49.18179],[1.790945,49.179969],[1.793628,49.180269],[1.79378,49.179487],[1.797765,49.179945],[1.797907,49.174416],[1.796498,49.167361],[1.798912,49.166076],[1.795388,49.163516],[1.79623,49.163243],[1.795986,49.162381],[1.792625,49.162576],[1.792245,49.161822],[1.789913,49.162857],[1.788417,49.160932],[1.788026,49.161354],[1.787455,49.161103],[1.783286,49.158612],[1.782491,49.160955],[1.779914,49.163763],[1.774695,49.161648],[1.773622,49.163061],[1.769854,49.161168],[1.774275,49.157548],[1.773929,49.157216],[1.776154,49.156031],[1.775457,49.155114],[1.777065,49.153728],[1.773416,49.152143],[1.772585,49.152683],[1.756269,49.149615],[1.756845,49.148926],[1.752566,49.148099],[1.752759,49.14527],[1.743856,49.147129],[1.743562,49.146543],[1.738607,49.147404],[1.739844,49.15186],[1.741278,49.153],[1.741725,49.154012],[1.741093,49.157127],[1.740245,49.158664],[1.744914,49.163223],[1.737971,49.165519],[1.737057,49.16483],[1.73014,49.167373],[1.726179,49.165653],[1.722442,49.164793],[1.721085,49.165835],[1.72043,49.165313],[1.717673,49.166289],[1.720562,49.169183],[1.722196,49.171999],[1.721538,49.174237],[1.720032,49.175207],[1.724806,49.177644],[1.726903,49.176666],[1.727545,49.177029],[1.729627,49.176847],[1.735587,49.174342],[1.742396,49.17984],[1.754858,49.174591],[1.776864,49.18415],[1.776392,49.184883]]]}},
{"type":"Feature","properties":{"nom":"Saint-Gratien","code":"95555","population":21336,"surface":272.25},"geometry":{"type":"Polygon","coordinates":[[[2.273392,48.976675],[2.276474,48.975786],[2.28224,48.977025],[2.282633,48.97751],[2.289621,48.976984],[2.289927,48.977332],[2.291632,48.976772],[2.29164,48.976255],[2.294202,48.976678],[2.297149,48.975834],[2.297639,48.975002],[2.295693,48.974401],[2.295392,48.972432],[2.293032,48.97141],[2.293407,48.970551],[2.29498,48.969555],[2.292927,48.968988],[2.298876,48.966305],[2.29033,48.961708],[2.28833,48.958384],[2.288429,48.959828],[2.283042,48.959454],[2.282777,48.960088],[2.279772,48.959701],[2.279728,48.961205],[2.279309,48.961183],[2.279229,48.961827],[2.276541,48.962038],[2.276277,48.96404],[2.274193,48.963957],[2.274524,48.965009],[2.275264,48.964907],[2.275335,48.965245],[2.273615,48.965443],[2.274209,48.967142],[2.274963,48.966993],[2.276066,48.96854],[2.275074,48.968815],[2.27526,48.969235],[2.273947,48.970125],[2.273003,48.970315],[2.274051,48.972287],[2.271092,48.973064],[2.272197,48.974514],[2.271635,48.974837],[2.273392,48.976675]]]}},
{"type":"Feature","properties":{"nom":"Saint-Leu-la-Forêt","code":"95563","population":16138,"surface":522.44},"geometry":{"type":"Polygon","coordinates":[[[2.25292,49.04138],[2.258189,49.040022],[2.255557,49.025008],[2.257574,49.024122],[2.257415,49.023779],[2.261299,49.02121],[2.26214,49.019695],[2.256109,49.01533],[2.255217,49.012836],[2.255785,49.010748],[2.255649,49.008846],[2.253244,49.005852],[2.252207,49.001853],[2.250627,49.000803],[2.246395,49.003825],[2.246145,49.005465],[2.242786,49.007578],[2.223896,49.011796],[2.226552,49.014305],[2.22654,49.013646],[2.227566,49.012912],[2.231166,49.015012],[2.235183,49.018419],[2.237342,49.021522],[2.239971,49.023504],[2.240515,49.024977],[2.242507,49.027271],[2.242339,49.029307],[2.244485,49.038289],[2.252825,49.035833],[2.251511,49.03924],[2.253007,49.040842],[2.25292,49.04138]]]}},
{"type":"Feature","properties":{"nom":"Saint-Martin-du-Tertre","code":"95566","population":2689,"surface":1172.07},"geometry":{"type":"Polygon","coordinates":[[[2.35033,49.082031],[2.348584,49.079249],[2.338874,49.076817],[2.336358,49.081321],[2.334952,49.08123],[2.335322,49.082037],[2.334739,49.082883],[2.330667,49.082131],[2.331121,49.082649],[2.3306,49.08359],[2.33116,49.084532],[2.332414,49.084617],[2.3323,49.08587],[2.331161,49.085837],[2.331159,49.086178],[2.334365,49.08623],[2.332404,49.088852],[2.330765,49.087431],[2.329704,49.087755],[2.327518,49.087118],[2.326156,49.086186],[2.324182,49.087638],[2.326129,49.090379],[2.326812,49.090335],[2.32788,49.091443],[2.3249,49.092293],[2.323389,49.093555],[2.319955,49.094257],[2.319127,49.095596],[2.317924,49.095572],[2.312201,49.09757],[2.312414,49.097886],[2.310915,49.098927],[2.308503,49.099805],[2.310267,49.100644],[2.308779,49.102419],[2.308949,49.103633],[2.308453,49.104163],[2.311634,49.107423],[2.312017,49.108393],[2.31548,49.109541],[2.313468,49.111752],[2.310504,49.113726],[2.31876,49.117593],[2.320062,49.124856],[2.33406,49.122094],[2.336786,49.123312],[2.339056,49.119879],[2.341336,49.117657],[2.34453,49.117244],[2.348826,49.116776],[2.34898,49.117823],[2.354587,49.121569],[2.356154,49.1206],[2.356457,49.11769],[2.355478,49.114793],[2.355259,49.111958],[2.357799,49.111763],[2.35768,49.110952],[2.358671,49.110991],[2.358336,49.109962],[2.360612,49.109805],[2.360083,49.108948],[2.360945,49.108849],[2.36011,49.10763],[2.36213,49.106759],[2.360045,49.106207],[2.355826,49.099478],[2.351754,49.094375],[2.34728,49.091976],[2.347558,49.091429],[2.346018,49.089877],[2.343844,49.089974],[2.343874,49.088816],[2.345641,49.088756],[2.344407,49.087672],[2.346318,49.086179],[2.346841,49.086524],[2.348388,49.083457],[2.35033,49.082031]]]}},
{"type":"Feature","properties":{"nom":"Saint-Ouen-l'Aumône","code":"95572","population":25578,"surface":1399.17},"geometry":{"type":"Polygon","coordinates":[[[2.12864,49.022873],[2.12239,49.029341],[2.116082,49.024614],[2.11606,49.023163],[2.113785,49.025469],[2.107277,49.028998],[2.107234,49.030613],[2.10443,49.031741],[2.103716,49.033254],[2.097701,49.035622],[2.095569,49.036032],[2.0983,49.039666],[2.098419,49.042685],[2.100767,49.046418],[2.102935,49.047744],[2.103528,49.048813],[2.109868,49.051822],[2.120463,49.060584],[2.131595,49.066371],[2.135927,49.067116],[2.141873,49.0661],[2.149285,49.065731],[2.148961,49.064758],[2.145177,49.062138],[2.147567,49.062064],[2.148607,49.061164],[2.150491,49.061597],[2.151077,49.061245],[2.152627,49.057009],[2.153372,49.051908],[2.151493,49.051628],[2.15155,49.050135],[2.149306,49.049828],[2.149459,49.048524],[2.152943,49.044532],[2.163067,49.040664],[2.149236,49.032472],[2.135558,49.027016],[2.12864,49.022873]]]}},
{"type":"Feature","properties":{"nom":"Saint-Prix","code":"95574","population":7612,"surface":791.25},"geometry":{"type":"Polygon","coordinates":[[[2.293689,49.030408],[2.297254,49.028622],[2.297024,49.027945],[2.294883,49.026883],[2.293095,49.028735],[2.291764,49.024371],[2.289094,49.021359],[2.288307,49.021975],[2.287441,49.021559],[2.287316,49.022468],[2.286007,49.022635],[2.285881,49.020303],[2.284602,49.019895],[2.280749,49.017215],[2.281649,49.014027],[2.281529,49.01187],[2.280711,49.010614],[2.279283,49.010927],[2.277896,49.008569],[2.27728,49.008743],[2.276259,49.007657],[2.274177,49.007664],[2.273214,49.006442],[2.272495,49.006694],[2.2667,49.000845],[2.264235,49.000825],[2.263362,48.998127],[2.256446,48.999888],[2.252207,49.001853],[2.253244,49.005852],[2.255649,49.008846],[2.255785,49.010748],[2.255217,49.012836],[2.256109,49.01533],[2.26214,49.019695],[2.261299,49.02121],[2.257415,49.023779],[2.257574,49.024122],[2.255557,49.025008],[2.258189,49.040022],[2.263326,49.038631],[2.267908,49.038451],[2.282908,49.033768],[2.283427,49.033118],[2.285587,49.03304],[2.293689,49.030408]]]}},
{"type":"Feature","properties":{"nom":"Saint-Witz","code":"95580","population":2724,"surface":763.84},"geometry":{"type":"Polygon","coordinates":[[[2.580135,49.089843],[2.577743,49.087819],[2.580433,49.086697],[2.579297,49.085688],[2.578899,49.084253],[2.582693,49.082447],[2.582976,49.080665],[2.579914,49.079779],[2.579131,49.08033],[2.576566,49.079482],[2.577243,49.07851],[2.572339,49.076997],[2.57273,49.07651],[2.568864,49.075524],[2.567493,49.077205],[2.565587,49.076511],[2.560862,49.078456],[2.555053,49.078297],[2.55244,49.079738],[2.551345,49.079042],[2.549944,49.079723],[2.548957,49.078424],[2.548521,49.076843],[2.54916,49.076709],[2.548587,49.074255],[2.548892,49.074257],[2.547543,49.070749],[2.542896,49.071071],[2.540842,49.071901],[2.540033,49.075483],[2.539126,49.075506],[2.539425,49.076588],[2.538959,49.076601],[2.538974,49.077883],[2.537049,49.078176],[2.535811,49.077005],[2.53482,49.079929],[2.529254,49.07845],[2.529475,49.080563],[2.526673,49.08034],[2.526225,49.081276],[2.524813,49.081373],[2.524508,49.083897],[2.523579,49.085945],[2.52377,49.087314],[2.52472,49.087319],[2.524739,49.098022],[2.530926,49.095842],[2.530535,49.091912],[2.53573,49.091537],[2.540425,49.09244],[2.543495,49.0922],[2.54571,49.090813],[2.54555,49.092703],[2.546087,49.092705],[2.546201,49.092029],[2.548099,49.09229],[2.548109,49.091759],[2.55011,49.091848],[2.549749,49.092546],[2.550458,49.092752],[2.549326,49.094727],[2.550265,49.094938],[2.549382,49.096046],[2.550695,49.096407],[2.551208,49.095789],[2.55738,49.095965],[2.55991,49.097772],[2.560893,49.096994],[2.562353,49.097776],[2.564262,49.096298],[2.56522,49.094859],[2.56702,49.094087],[2.567899,49.094757],[2.568974,49.094323],[2.569585,49.09494],[2.570441,49.094567],[2.5711,49.095111],[2.57293,49.094283],[2.572138,49.093376],[2.574655,49.093375],[2.578584,49.091982],[2.579115,49.091559],[2.579063,49.090755],[2.580135,49.089843]]]}},
{"type":"Feature","properties":{"nom":"Sannois","code":"95582","population":26924,"surface":477.31},"geometry":{"type":"Polygon","coordinates":[[[2.225733,48.971025],[2.226235,48.971715],[2.228758,48.972877],[2.2293,48.97229],[2.232186,48.973297],[2.236557,48.97381],[2.236631,48.97676],[2.237246,48.978996],[2.235002,48.980229],[2.235476,48.980591],[2.236154,48.984113],[2.237166,48.984161],[2.2432,48.983666],[2.242789,48.982329],[2.243313,48.981707],[2.246273,48.981205],[2.245437,48.980048],[2.246759,48.979704],[2.256192,48.978316],[2.256219,48.978886],[2.257823,48.978769],[2.263311,48.976667],[2.266889,48.976323],[2.270314,48.977185],[2.273392,48.976675],[2.271635,48.974837],[2.272197,48.974514],[2.271092,48.973064],[2.274051,48.972287],[2.273003,48.970315],[2.273947,48.970125],[2.27526,48.969235],[2.275074,48.968815],[2.276066,48.96854],[2.274963,48.966993],[2.274209,48.967142],[2.273615,48.965443],[2.275335,48.965245],[2.275264,48.964907],[2.274524,48.965009],[2.274193,48.963957],[2.273102,48.963654],[2.273081,48.964239],[2.271336,48.964296],[2.268824,48.963951],[2.267815,48.963658],[2.267794,48.963177],[2.265055,48.962988],[2.26447,48.962026],[2.263693,48.962006],[2.258946,48.963464],[2.249993,48.963647],[2.248178,48.964161],[2.249415,48.965332],[2.243486,48.967215],[2.242783,48.966577],[2.235558,48.968325],[2.231752,48.967487],[2.231146,48.968826],[2.230242,48.969546],[2.230371,48.970131],[2.225733,48.971025]]]}},
{"type":"Feature","properties":{"nom":"Santeuil","code":"95584","population":658,"surface":537.31},"geometry":{"type":"Polygon","coordinates":[[[1.975367,49.124807],[1.973087,49.123879],[1.971819,49.122717],[1.965144,49.120019],[1.958321,49.118814],[1.956199,49.117166],[1.955238,49.11794],[1.953373,49.118324],[1.951784,49.119803],[1.949775,49.119373],[1.944268,49.120251],[1.941714,49.121435],[1.940026,49.12136],[1.939105,49.122695],[1.940264,49.122984],[1.940058,49.123253],[1.938279,49.123778],[1.937431,49.124885],[1.937727,49.125113],[1.936619,49.125467],[1.932401,49.129577],[1.930991,49.129574],[1.93048,49.130329],[1.932063,49.131405],[1.932584,49.131137],[1.937563,49.134733],[1.943855,49.129698],[1.944994,49.13034],[1.944874,49.13073],[1.946788,49.131279],[1.94725,49.130714],[1.949622,49.131593],[1.951702,49.133412],[1.95213,49.133189],[1.956319,49.137596],[1.958344,49.14153],[1.961068,49.144853],[1.963782,49.145225],[1.966589,49.142081],[1.963896,49.140222],[1.964624,49.139785],[1.965075,49.140199],[1.966338,49.139521],[1.968064,49.140745],[1.971992,49.136945],[1.972643,49.135527],[1.972308,49.135173],[1.974125,49.134476],[1.973801,49.134004],[1.980164,49.131117],[1.982051,49.131836],[1.982195,49.13078],[1.980896,49.129932],[1.980312,49.130137],[1.977535,49.126264],[1.97573,49.12552],[1.975367,49.124807]]]}},
{"type":"Feature","properties":{"nom":"Sarcelles","code":"95585","population":59173,"surface":841.97},"geometry":{"type":"Polygon","coordinates":[[[2.382441,48.971227],[2.372537,48.972369],[2.365742,48.974028],[2.364068,48.978962],[2.365828,48.980831],[2.367651,48.983818],[2.36747,48.986172],[2.368118,48.987887],[2.365996,48.988775],[2.366677,48.989472],[2.366071,48.989701],[2.36663,48.99024],[2.365213,48.990868],[2.366522,48.992076],[2.365235,48.993129],[2.369938,48.995282],[2.368305,48.997744],[2.36854,48.999214],[2.367061,49.001466],[2.367101,49.003345],[2.36633,49.005252],[2.363397,49.009571],[2.365106,49.011372],[2.367788,49.012587],[2.370108,49.011895],[2.374586,49.012716],[2.377044,49.012679],[2.379859,49.013729],[2.379367,49.011859],[2.379407,49.010092],[2.379839,49.009967],[2.379084,49.008798],[2.378854,49.006875],[2.381216,49.005474],[2.380566,49.004352],[2.382592,49.003672],[2.381716,49.00241],[2.388211,48.999486],[2.394202,48.997981],[2.393636,48.997278],[2.397058,48.995995],[2.396786,48.995684],[2.402349,48.993719],[2.402686,48.994305],[2.408183,48.99189],[2.406294,48.989528],[2.405722,48.989814],[2.404596,48.989015],[2.402301,48.98664],[2.401148,48.984776],[2.401763,48.984752],[2.401375,48.982721],[2.398211,48.982451],[2.382441,48.971227]]]}},
{"type":"Feature","properties":{"nom":"Seraincourt","code":"95592","population":1305,"surface":1137.54},"geometry":{"type":"Polygon","coordinates":[[[1.881737,49.019732],[1.879864,49.019988],[1.877966,49.019583],[1.87555,49.017162],[1.870535,49.019544],[1.867892,49.016691],[1.861384,49.014012],[1.859277,49.013843],[1.860517,49.015325],[1.860163,49.017251],[1.86045,49.018089],[1.861432,49.018401],[1.861752,49.01948],[1.862885,49.020709],[1.86517,49.021719],[1.862789,49.023057],[1.85927,49.02383],[1.859815,49.027431],[1.858801,49.032401],[1.855919,49.032419],[1.851075,49.033293],[1.851861,49.035374],[1.855302,49.035072],[1.855148,49.036626],[1.855622,49.036538],[1.855759,49.037637],[1.859092,49.041566],[1.861218,49.049154],[1.865062,49.057489],[1.867054,49.057233],[1.867142,49.056679],[1.8677,49.05655],[1.867526,49.054827],[1.869171,49.054804],[1.869301,49.053974],[1.872429,49.056111],[1.87271,49.05564],[1.875008,49.055998],[1.876295,49.05548],[1.879157,49.057757],[1.878008,49.058205],[1.880948,49.060485],[1.883923,49.058917],[1.88806,49.061859],[1.888896,49.061541],[1.893937,49.063851],[1.893523,49.064157],[1.896252,49.066299],[1.898751,49.065094],[1.89921,49.065363],[1.899699,49.064649],[1.899592,49.062257],[1.89772,49.061759],[1.90061,49.058624],[1.901318,49.058767],[1.90384,49.053527],[1.906091,49.051141],[1.906526,49.051234],[1.90846,49.048181],[1.905719,49.047157],[1.906587,49.046113],[1.900815,49.043354],[1.901764,49.042212],[1.891143,49.039306],[1.894172,49.03729],[1.887632,49.035643],[1.883278,49.033709],[1.884569,49.031048],[1.882149,49.027775],[1.881647,49.025641],[1.881737,49.019732]]]}},
{"type":"Feature","properties":{"nom":"Seugy","code":"95594","population":1044,"surface":171.44},"geometry":{"type":"Polygon","coordinates":[[[2.39604,49.115662],[2.389136,49.116517],[2.389262,49.117267],[2.385862,49.117374],[2.383919,49.118041],[2.383688,49.118388],[2.384744,49.11943],[2.385017,49.121087],[2.384233,49.126183],[2.383302,49.127238],[2.385848,49.128122],[2.386601,49.129046],[2.393401,49.128365],[2.394197,49.128034],[2.394396,49.127427],[2.39649,49.127161],[2.397228,49.126574],[2.399236,49.127378],[2.401386,49.126953],[2.402871,49.128858],[2.405763,49.128409],[2.40784,49.126223],[2.400346,49.121899],[2.398729,49.120477],[2.401876,49.119397],[2.401532,49.118319],[2.401874,49.117914],[2.400367,49.117106],[2.399886,49.116253],[2.396465,49.116344],[2.39604,49.115662]]]}},
{"type":"Feature","properties":{"nom":"Soisy-sous-Montmorency","code":"95598","population":18008,"surface":395.43},"geometry":{"type":"Polygon","coordinates":[[[2.297639,48.975002],[2.297149,48.975834],[2.294202,48.976678],[2.29164,48.976255],[2.291749,48.978851],[2.286848,48.982353],[2.284015,48.985643],[2.288361,48.989708],[2.292845,48.995883],[2.295763,48.995575],[2.303654,48.997392],[2.304978,48.999429],[2.30502,49.001228],[2.305954,49.002499],[2.308589,49.001747],[2.313013,49.001883],[2.315531,49.000819],[2.316554,48.998871],[2.315287,48.998258],[2.315565,48.997435],[2.314672,48.996728],[2.313192,48.996402],[2.313316,48.994394],[2.311016,48.992636],[2.312141,48.992211],[2.312346,48.991076],[2.313795,48.989745],[2.31197,48.989022],[2.311854,48.988244],[2.309702,48.986828],[2.307168,48.985944],[2.30841,48.984827],[2.312375,48.983427],[2.30891,48.980155],[2.307133,48.97893],[2.306778,48.979157],[2.306993,48.97736],[2.304138,48.979471],[2.301015,48.977029],[2.301418,48.975402],[2.297639,48.975002]]]}},
{"type":"Feature","properties":{"nom":"Survilliers","code":"95604","population":4091,"surface":544.34},"geometry":{"type":"Polygon","coordinates":[[[2.54207,49.122248],[2.544063,49.121272],[2.543981,49.120104],[2.542414,49.119296],[2.539114,49.119344],[2.537727,49.117677],[2.539296,49.117558],[2.539556,49.11644],[2.547031,49.116362],[2.547679,49.120346],[2.549913,49.122552],[2.553315,49.124562],[2.556944,49.123733],[2.556999,49.121851],[2.555446,49.117805],[2.555942,49.117651],[2.552953,49.113978],[2.552397,49.114083],[2.551751,49.112426],[2.553428,49.110527],[2.555474,49.109054],[2.555951,49.109375],[2.557929,49.104281],[2.557673,49.102258],[2.55909,49.101998],[2.557604,49.100975],[2.558098,49.100351],[2.55753,49.100225],[2.558502,49.099147],[2.557933,49.09872],[2.559592,49.097537],[2.55738,49.095965],[2.551208,49.095789],[2.550695,49.096407],[2.549382,49.096046],[2.550265,49.094938],[2.549326,49.094727],[2.550458,49.092752],[2.549749,49.092546],[2.55011,49.091848],[2.548109,49.091759],[2.548099,49.09229],[2.546201,49.092029],[2.546087,49.092705],[2.54555,49.092703],[2.54571,49.090813],[2.543495,49.0922],[2.540425,49.09244],[2.53573,49.091537],[2.530535,49.091912],[2.532963,49.119509],[2.53675,49.120114],[2.538524,49.121762],[2.54207,49.122248]]]}},
{"type":"Feature","properties":{"nom":"Taverny","code":"95607","population":27593,"surface":1042.2},"geometry":{"type":"Polygon","coordinates":[[[2.226552,49.014305],[2.219861,49.007941],[2.217157,49.002829],[2.210105,49.00508],[2.201469,49.008022],[2.205503,49.012976],[2.203149,49.013755],[2.203528,49.015592],[2.205756,49.019575],[2.189584,49.021843],[2.182771,49.025436],[2.186673,49.028231],[2.191781,49.030775],[2.196848,49.03162],[2.198207,49.03225],[2.211012,49.030957],[2.217244,49.031225],[2.221058,49.033154],[2.224807,49.034241],[2.226307,49.038095],[2.227725,49.039456],[2.229168,49.042184],[2.231379,49.04287],[2.223543,49.045367],[2.231104,49.051906],[2.233762,49.051004],[2.23454,49.049421],[2.237932,49.047565],[2.239466,49.045441],[2.240826,49.044585],[2.242912,49.044365],[2.242955,49.043991],[2.25292,49.04138],[2.253007,49.040842],[2.251511,49.03924],[2.252825,49.035833],[2.244485,49.038289],[2.242339,49.029307],[2.242507,49.027271],[2.240515,49.024977],[2.239971,49.023504],[2.237342,49.021522],[2.235183,49.018419],[2.231166,49.015012],[2.227566,49.012912],[2.22654,49.013646],[2.226552,49.014305]]]}},
{"type":"Feature","properties":{"nom":"Théméricourt","code":"95610","population":283,"surface":755.19},"geometry":{"type":"Polygon","coordinates":[[[1.898751,49.065094],[1.894745,49.067095],[1.896475,49.068756],[1.890808,49.071203],[1.891056,49.071412],[1.890592,49.071874],[1.893978,49.075013],[1.887964,49.077748],[1.892658,49.081673],[1.886751,49.084252],[1.889963,49.086565],[1.889353,49.086712],[1.890975,49.088353],[1.888299,49.089226],[1.891005,49.092507],[1.889996,49.092612],[1.890434,49.095191],[1.892207,49.095228],[1.893177,49.096578],[1.893593,49.096432],[1.895397,49.09788],[1.895203,49.10056],[1.89349,49.101496],[1.899387,49.105419],[1.901551,49.107619],[1.904182,49.109023],[1.905875,49.111314],[1.926047,49.102757],[1.923976,49.101279],[1.921846,49.09478],[1.922775,49.091439],[1.918357,49.086882],[1.914822,49.084097],[1.915263,49.083536],[1.914365,49.082487],[1.913432,49.082886],[1.905139,49.075793],[1.898857,49.067769],[1.89921,49.065363],[1.898751,49.065094]]]}},
{"type":"Feature","properties":{"nom":"Theuville","code":"95611","population":53,"surface":499.75},"geometry":{"type":"Polygon","coordinates":[[[2.084991,49.152607],[2.084849,49.148678],[2.084333,49.14769],[2.081532,49.147848],[2.079971,49.146594],[2.080576,49.145494],[2.077919,49.145217],[2.075731,49.145846],[2.073933,49.144788],[2.07266,49.144664],[2.072547,49.144009],[2.070427,49.144102],[2.067653,49.14327],[2.066496,49.143406],[2.062953,49.145073],[2.0605,49.147576],[2.060542,49.14994],[2.061196,49.151166],[2.060881,49.152552],[2.056256,49.154053],[2.054287,49.155299],[2.049319,49.155777],[2.049568,49.157398],[2.048787,49.157526],[2.048419,49.161744],[2.049564,49.16256],[2.057418,49.163444],[2.057258,49.16385],[2.060207,49.164478],[2.061642,49.166712],[2.06216,49.166567],[2.06858,49.170207],[2.072763,49.169935],[2.073115,49.167362],[2.074841,49.165132],[2.075541,49.163162],[2.077366,49.163393],[2.077361,49.162071],[2.08081,49.161795],[2.081541,49.162792],[2.087233,49.163195],[2.087092,49.160551],[2.084991,49.152607]]]}},
{"type":"Feature","properties":{"nom":"Le Thillay","code":"95612","population":4560,"surface":399.04},"geometry":{"type":"Polygon","coordinates":[[[2.488119,49.0022],[2.486683,49.001865],[2.486434,49.001235],[2.483585,49.001118],[2.483499,48.999247],[2.478753,48.993965],[2.474774,48.99371],[2.467241,48.996271],[2.467072,48.994393],[2.466273,48.994209],[2.463695,48.997637],[2.462407,48.996783],[2.461327,48.997231],[2.461934,48.997851],[2.463009,48.997616],[2.465283,49.001314],[2.456083,49.002178],[2.444024,49.005526],[2.44673,49.010182],[2.443376,49.011312],[2.444625,49.012456],[2.449923,49.01083],[2.456461,49.009723],[2.461058,49.009683],[2.46128,49.010425],[2.466196,49.008911],[2.466507,49.009496],[2.468713,49.009571],[2.469828,49.009318],[2.469701,49.008347],[2.472559,49.009819],[2.472446,49.01033],[2.477255,49.00991],[2.477473,49.010781],[2.478511,49.010641],[2.478789,49.011536],[2.4912,49.010247],[2.488119,49.0022]]]}},
{"type":"Feature","properties":{"nom":"Us","code":"95625","population":1374,"surface":1097.58},"geometry":{"type":"Polygon","coordinates":[[[1.947787,49.117701],[1.951784,49.119803],[1.953373,49.118324],[1.955238,49.11794],[1.956199,49.117166],[1.958321,49.118814],[1.965144,49.120019],[1.971819,49.122717],[1.973087,49.123879],[1.975367,49.124807],[1.976656,49.123498],[1.977093,49.122324],[1.979061,49.12131],[1.978505,49.120473],[1.981708,49.116999],[1.990529,49.109929],[1.987214,49.108269],[1.987977,49.107151],[1.984623,49.104123],[1.978813,49.101872],[1.97857,49.101277],[1.979495,49.098597],[1.978709,49.097802],[1.97469,49.096985],[1.974619,49.098461],[1.974194,49.098373],[1.973704,49.096188],[1.973332,49.096427],[1.972168,49.095829],[1.972485,49.09425],[1.967745,49.094488],[1.966099,49.094248],[1.966302,49.093404],[1.961801,49.093558],[1.960292,49.092681],[1.958868,49.092475],[1.956053,49.087586],[1.954598,49.086553],[1.953855,49.086944],[1.951196,49.085766],[1.948752,49.087623],[1.948167,49.087057],[1.946576,49.08794],[1.946232,49.088995],[1.941577,49.091485],[1.936022,49.091781],[1.925737,49.094482],[1.921846,49.09478],[1.923976,49.101279],[1.926047,49.102757],[1.930015,49.101086],[1.931665,49.102611],[1.93329,49.103242],[1.935955,49.105337],[1.935578,49.105649],[1.936088,49.106246],[1.938659,49.107959],[1.93819,49.108184],[1.942136,49.110423],[1.943178,49.112718],[1.942371,49.114104],[1.94516,49.114931],[1.947787,49.117701]]]}},
{"type":"Feature","properties":{"nom":"Vallangoujard","code":"95627","population":625,"surface":756.27},"geometry":{"type":"Polygon","coordinates":[[[2.10572,49.113507],[2.104183,49.112016],[2.097914,49.112693],[2.092005,49.116349],[2.093445,49.117772],[2.093827,49.118918],[2.092897,49.120664],[2.093432,49.126892],[2.092702,49.126894],[2.093298,49.128073],[2.091609,49.129012],[2.091311,49.128507],[2.088579,49.129316],[2.08976,49.131132],[2.08837,49.131324],[2.089841,49.137468],[2.088091,49.13773],[2.088278,49.138332],[2.085472,49.138921],[2.085423,49.139977],[2.085504,49.142086],[2.088721,49.141847],[2.089493,49.143339],[2.091231,49.1431],[2.091114,49.145101],[2.091855,49.145808],[2.090826,49.145842],[2.090906,49.146745],[2.089414,49.146851],[2.089691,49.147607],[2.087804,49.147927],[2.088068,49.148824],[2.084709,49.1493],[2.084991,49.152607],[2.090971,49.150686],[2.094854,49.149998],[2.103048,49.150769],[2.10996,49.146011],[2.112035,49.146079],[2.112392,49.145406],[2.111643,49.14411],[2.112686,49.143236],[2.111287,49.142735],[2.113514,49.141939],[2.115474,49.142465],[2.116091,49.140867],[2.120771,49.142017],[2.120476,49.142564],[2.123002,49.144853],[2.126066,49.142807],[2.125505,49.142312],[2.130862,49.141834],[2.130116,49.138636],[2.128086,49.138763],[2.127776,49.137103],[2.12646,49.137211],[2.124548,49.135428],[2.121785,49.136152],[2.120653,49.1343],[2.120563,49.133242],[2.121414,49.133149],[2.118813,49.128159],[2.117694,49.127936],[2.114261,49.122828],[2.108491,49.123642],[2.105144,49.119663],[2.109541,49.117796],[2.104707,49.113976],[2.10572,49.113507]]]}},
{"type":"Feature","properties":{"nom":"Valmondois","code":"95628","population":1208,"surface":460.04},"geometry":{"type":"Polygon","coordinates":[[[2.209246,49.093511],[2.208319,49.091054],[2.201333,49.092349],[2.200316,49.091921],[2.197609,49.092073],[2.196421,49.092673],[2.195925,49.091841],[2.19451,49.092752],[2.196107,49.090663],[2.19501,49.088325],[2.190908,49.089946],[2.185254,49.086153],[2.184846,49.086433],[2.183697,49.085639],[2.180132,49.087522],[2.177427,49.08659],[2.176405,49.087977],[2.175037,49.08753],[2.174436,49.088419],[2.173528,49.088174],[2.171735,49.090826],[2.172512,49.091179],[2.171512,49.093001],[2.169317,49.095698],[2.161438,49.103078],[2.159794,49.103638],[2.159044,49.106911],[2.160514,49.107432],[2.165166,49.107555],[2.165178,49.108451],[2.172491,49.109031],[2.172283,49.109656],[2.174244,49.109849],[2.175201,49.108893],[2.179951,49.109769],[2.181345,49.108161],[2.183627,49.106968],[2.185608,49.106941],[2.186266,49.10628],[2.186639,49.104503],[2.185636,49.102975],[2.186474,49.102891],[2.188942,49.104482],[2.188795,49.101254],[2.191231,49.100047],[2.198478,49.09467],[2.200092,49.094831],[2.200517,49.095365],[2.200266,49.094786],[2.203309,49.094384],[2.203198,49.093842],[2.204328,49.093333],[2.207452,49.093948],[2.209246,49.093511]]]}},
{"type":"Feature","properties":{"nom":"Vaudherland","code":"95633","population":104,"surface":9.71},"geometry":{"type":"Polygon","coordinates":[[[2.487955,48.998873],[2.484242,48.999675],[2.483499,48.999247],[2.483585,49.001118],[2.486434,49.001235],[2.486683,49.001865],[2.489034,49.002104],[2.488766,49.001127],[2.489262,49.001012],[2.489284,49.000196],[2.488506,49.000141],[2.487955,48.998873]]]}},
{"type":"Feature","properties":{"nom":"Vauréal","code":"95637","population":16079,"surface":374.37},"geometry":{"type":"Polygon","coordinates":[[[2.010836,49.020658],[2.010072,49.026882],[2.012842,49.027206],[2.01077,49.03737],[2.016037,49.039664],[2.019673,49.038582],[2.021632,49.038751],[2.021836,49.038122],[2.025671,49.038399],[2.025552,49.038844],[2.026086,49.038944],[2.027203,49.037381],[2.030712,49.036734],[2.033462,49.037272],[2.034926,49.038668],[2.039719,49.035536],[2.037411,49.03313],[2.036479,49.031049],[2.037435,49.029094],[2.040773,49.025703],[2.037044,49.024361],[2.037259,49.023846],[2.035141,49.023503],[2.034685,49.023142],[2.03514,49.022485],[2.034807,49.022087],[2.031692,49.021588],[2.032399,49.020289],[2.029237,49.019671],[2.028797,49.018971],[2.021456,49.021109],[2.010836,49.020658]]]}},
{"type":"Feature","properties":{"nom":"Vémars","code":"95641","population":3124,"surface":823.35},"geometry":{"type":"Polygon","coordinates":[[[2.579914,49.079779],[2.583357,49.080751],[2.583559,49.079825],[2.58641,49.080547],[2.586614,49.079832],[2.590246,49.080035],[2.589725,49.079122],[2.590125,49.077866],[2.587144,49.076013],[2.584806,49.071934],[2.582686,49.069565],[2.575502,49.064983],[2.57095,49.060578],[2.574083,49.054312],[2.585708,49.058052],[2.586472,49.056917],[2.585904,49.056619],[2.58672,49.055855],[2.585715,49.055365],[2.584511,49.052833],[2.587946,49.049958],[2.595002,49.047746],[2.594542,49.047237],[2.577141,49.046681],[2.569329,49.039582],[2.567227,49.040773],[2.567762,49.041369],[2.569192,49.040959],[2.569903,49.04214],[2.568002,49.043353],[2.569188,49.044278],[2.568522,49.04555],[2.569583,49.045708],[2.570806,49.048017],[2.569971,49.049929],[2.567254,49.04881],[2.56825,49.048232],[2.566099,49.046854],[2.565478,49.045945],[2.562828,49.047052],[2.562163,49.048416],[2.561325,49.048488],[2.560831,49.047927],[2.558126,49.049205],[2.557054,49.048879],[2.555888,49.049547],[2.555995,49.050301],[2.554193,49.049946],[2.553363,49.051323],[2.552054,49.050945],[2.551987,49.051515],[2.550887,49.051594],[2.55116,49.05265],[2.549951,49.053212],[2.55013,49.054969],[2.550749,49.054986],[2.550679,49.056218],[2.554233,49.059043],[2.553667,49.059571],[2.54971,49.05714],[2.551157,49.060205],[2.552662,49.060391],[2.549806,49.062844],[2.548046,49.065519],[2.547763,49.06782],[2.54712,49.067695],[2.546897,49.068148],[2.547262,49.070213],[2.546234,49.070412],[2.546568,49.071021],[2.547543,49.070749],[2.548554,49.072732],[2.54916,49.076709],[2.548521,49.076843],[2.548957,49.078424],[2.549944,49.079723],[2.551345,49.079042],[2.55244,49.079738],[2.555053,49.078297],[2.560862,49.078456],[2.565587,49.076511],[2.567493,49.077205],[2.568864,49.075524],[2.57273,49.07651],[2.572339,49.076997],[2.577243,49.07851],[2.576566,49.079482],[2.579131,49.08033],[2.579914,49.079779]]]}},
{"type":"Feature","properties":{"nom":"Vétheuil","code":"95651","population":849,"surface":438.72},"geometry":{"type":"Polygon","coordinates":[[[1.731857,49.050514],[1.722931,49.044725],[1.716732,49.049077],[1.714048,49.047457],[1.70768,49.052215],[1.707051,49.051722],[1.706728,49.052417],[1.706423,49.051993],[1.704808,49.052739],[1.705219,49.053236],[1.703739,49.052997],[1.694643,49.056062],[1.695031,49.056371],[1.693558,49.056812],[1.696176,49.060659],[1.696027,49.062831],[1.697116,49.064376],[1.697233,49.065668],[1.693036,49.069189],[1.687481,49.071858],[1.691893,49.075228],[1.692952,49.074323],[1.695974,49.076915],[1.697251,49.075444],[1.699445,49.076522],[1.699098,49.07671],[1.702607,49.078955],[1.706021,49.078385],[1.706706,49.076653],[1.709307,49.074943],[1.710069,49.073457],[1.71167,49.072752],[1.709754,49.070127],[1.711623,49.069854],[1.710629,49.068986],[1.711586,49.067996],[1.7126,49.065073],[1.713971,49.064106],[1.714378,49.06297],[1.715098,49.063032],[1.71537,49.062219],[1.714773,49.061864],[1.71511,49.061318],[1.714652,49.06019],[1.71095,49.05922],[1.712175,49.058644],[1.712198,49.058222],[1.711108,49.058141],[1.711047,49.057261],[1.711891,49.053338],[1.7155,49.053615],[1.716142,49.053053],[1.717329,49.053361],[1.716615,49.054175],[1.717395,49.054511],[1.72165,49.052136],[1.723887,49.054906],[1.725008,49.054594],[1.725199,49.053937],[1.726982,49.053851],[1.730299,49.052505],[1.731857,49.050514]]]}},
{"type":"Feature","properties":{"nom":"Viarmes","code":"95652","population":5558,"surface":827.6},"geometry":{"type":"Polygon","coordinates":[[[2.39604,49.115662],[2.395301,49.113306],[2.391454,49.110241],[2.383689,49.108989],[2.382937,49.110159],[2.369741,49.106344],[2.370026,49.108439],[2.369453,49.108505],[2.361489,49.107066],[2.36011,49.10763],[2.360945,49.108849],[2.360083,49.108948],[2.360612,49.109805],[2.358336,49.109962],[2.358671,49.110991],[2.35768,49.110952],[2.357799,49.111763],[2.355259,49.111958],[2.355244,49.113587],[2.356504,49.118508],[2.356154,49.1206],[2.354587,49.121569],[2.358263,49.125346],[2.363161,49.131835],[2.368347,49.134769],[2.372691,49.136113],[2.37349,49.138359],[2.373916,49.138447],[2.375748,49.138676],[2.382125,49.135537],[2.385639,49.138139],[2.389208,49.139392],[2.39132,49.137131],[2.397574,49.13612],[2.398255,49.136106],[2.399111,49.137022],[2.404959,49.136072],[2.411275,49.134091],[2.411274,49.133552],[2.41245,49.133237],[2.411065,49.131171],[2.410442,49.128839],[2.407841,49.126312],[2.405763,49.128409],[2.402871,49.128858],[2.401386,49.126953],[2.399236,49.127378],[2.397228,49.126574],[2.39649,49.127161],[2.394396,49.127427],[2.394197,49.128034],[2.393401,49.128365],[2.386601,49.129046],[2.385848,49.128122],[2.383302,49.127238],[2.384233,49.126183],[2.385017,49.121087],[2.384744,49.11943],[2.383688,49.118388],[2.383919,49.118041],[2.385862,49.117374],[2.389262,49.117267],[2.389136,49.116517],[2.39604,49.115662]]]}},
{"type":"Feature","properties":{"nom":"Vienne-en-Arthies","code":"95656","population":379,"surface":377.86},"geometry":{"type":"Polygon","coordinates":[[[1.74087,49.072669],[1.741036,49.071149],[1.736693,49.067065],[1.734559,49.065936],[1.734089,49.065245],[1.734736,49.064807],[1.730175,49.062542],[1.729386,49.059572],[1.727991,49.060095],[1.728277,49.059664],[1.72165,49.052136],[1.717395,49.054511],[1.716615,49.054175],[1.717329,49.053361],[1.716142,49.053053],[1.7155,49.053615],[1.71217,49.053082],[1.71144,49.05421],[1.711038,49.056825],[1.711108,49.058141],[1.712198,49.058222],[1.712175,49.058644],[1.71095,49.05922],[1.714652,49.06019],[1.71511,49.061318],[1.714773,49.061864],[1.71537,49.062219],[1.715098,49.063032],[1.714378,49.06297],[1.713971,49.064106],[1.7126,49.065073],[1.711586,49.067996],[1.710629,49.068986],[1.711623,49.069854],[1.709754,49.070127],[1.71167,49.072752],[1.710069,49.073457],[1.709803,49.074466],[1.706706,49.076653],[1.706082,49.07778],[1.706889,49.077553],[1.707863,49.078907],[1.714519,49.07684],[1.716325,49.077243],[1.716969,49.07617],[1.719478,49.075454],[1.722865,49.075946],[1.732006,49.074015],[1.73281,49.071605],[1.737072,49.0733],[1.740267,49.073565],[1.74087,49.072669]]]}},
{"type":"Feature","properties":{"nom":"Vigny","code":"95658","population":1137,"surface":679.68},"geometry":{"type":"Polygon","coordinates":[[[1.904241,49.074647],[1.908357,49.078867],[1.913432,49.082886],[1.914365,49.082487],[1.915263,49.083536],[1.914822,49.084097],[1.918357,49.086882],[1.922775,49.091439],[1.921846,49.09478],[1.925737,49.094482],[1.936022,49.091781],[1.941577,49.091485],[1.946232,49.088995],[1.946576,49.08794],[1.948167,49.087057],[1.948752,49.087623],[1.955055,49.083004],[1.952042,49.081389],[1.953902,49.079081],[1.952999,49.078322],[1.952485,49.078615],[1.94882,49.075564],[1.947809,49.075982],[1.94706,49.074891],[1.946471,49.075009],[1.941964,49.07078],[1.940547,49.071196],[1.936464,49.06841],[1.933754,49.069782],[1.923554,49.067426],[1.921484,49.068149],[1.920925,49.069073],[1.917843,49.069419],[1.915584,49.067998],[1.911978,49.070669],[1.904241,49.074647]]]}},
{"type":"Feature","properties":{"nom":"Villaines-sous-Bois","code":"95660","population":778,"surface":188.78},"geometry":{"type":"Polygon","coordinates":[[[2.370261,49.072757],[2.367256,49.068333],[2.353948,49.069778],[2.354154,49.07],[2.34605,49.074102],[2.344183,49.072605],[2.343991,49.074484],[2.34178,49.074077],[2.341429,49.076066],[2.33944,49.076419],[2.339228,49.076913],[2.348584,49.079249],[2.349666,49.081063],[2.352445,49.079455],[2.357581,49.080291],[2.362639,49.081822],[2.360562,49.079852],[2.370367,49.075656],[2.368661,49.073103],[2.370261,49.072757]]]}},
{"type":"Feature","properties":{"nom":"Villeron","code":"95675","population":1766,"surface":562.14},"geometry":{"type":"Polygon","coordinates":[[[2.549951,49.053212],[2.548386,49.053285],[2.546565,49.0513],[2.5458,49.051335],[2.545034,49.050061],[2.541647,49.050946],[2.541219,49.050258],[2.540168,49.050375],[2.540207,49.050734],[2.537972,49.050717],[2.537951,49.051264],[2.535856,49.050884],[2.53472,49.047221],[2.533425,49.047053],[2.533271,49.045942],[2.53087,49.045947],[2.530079,49.045214],[2.52937,49.043848],[2.530499,49.043733],[2.530338,49.043098],[2.529135,49.043033],[2.528385,49.039888],[2.527857,49.039476],[2.528316,49.039386],[2.528029,49.038151],[2.526107,49.03861],[2.52709,49.041824],[2.526918,49.044071],[2.527998,49.045963],[2.528235,49.048902],[2.526582,49.049262],[2.527285,49.05028],[2.516531,49.051847],[2.51527,49.052784],[2.528044,49.069287],[2.529254,49.07845],[2.53482,49.079929],[2.535811,49.077005],[2.537049,49.078176],[2.538974,49.077883],[2.538959,49.076601],[2.539425,49.076588],[2.539126,49.075506],[2.540033,49.075483],[2.540842,49.071901],[2.547262,49.070213],[2.546897,49.068148],[2.54712,49.067695],[2.547763,49.06782],[2.548046,49.065519],[2.549806,49.062844],[2.552662,49.060391],[2.551157,49.060205],[2.54971,49.05714],[2.553667,49.059571],[2.554233,49.059043],[2.551369,49.057073],[2.551731,49.056691],[2.55075,49.056362],[2.550749,49.054986],[2.55013,49.054969],[2.549951,49.053212]]]}},
{"type":"Feature","properties":{"nom":"Villers-en-Arthies","code":"95676","population":498,"surface":831.78},"geometry":{"type":"Polygon","coordinates":[[[1.740987,49.099165],[1.742718,49.094324],[1.753727,49.090024],[1.760919,49.090457],[1.760571,49.087368],[1.754951,49.087699],[1.755173,49.081786],[1.753953,49.080131],[1.75107,49.079228],[1.747837,49.076347],[1.747558,49.076619],[1.746218,49.073985],[1.74633,49.072838],[1.743454,49.073198],[1.74087,49.072669],[1.740267,49.073565],[1.737072,49.0733],[1.73281,49.071605],[1.732006,49.074015],[1.722865,49.075946],[1.719478,49.075454],[1.716969,49.07617],[1.716325,49.077243],[1.714519,49.07684],[1.707863,49.078907],[1.706889,49.077553],[1.706082,49.07778],[1.706021,49.078385],[1.703391,49.079025],[1.7051,49.081825],[1.70605,49.086207],[1.705007,49.088264],[1.705903,49.088269],[1.70594,49.08945],[1.707598,49.093747],[1.71161,49.095091],[1.738575,49.101171],[1.740987,49.099165]]]}},
{"type":"Feature","properties":{"nom":"Villiers-Adam","code":"95678","population":858,"surface":984.74},"geometry":{"type":"Polygon","coordinates":[[[2.255286,49.071104],[2.251659,49.070689],[2.251207,49.07028],[2.251922,49.066306],[2.248779,49.063222],[2.248172,49.061939],[2.247672,49.061958],[2.247607,49.0609],[2.246361,49.058744],[2.2438,49.057514],[2.243743,49.057124],[2.242526,49.057092],[2.242601,49.056549],[2.238906,49.05612],[2.240331,49.053199],[2.238308,49.052183],[2.237992,49.052552],[2.236589,49.051904],[2.236099,49.052438],[2.234571,49.051437],[2.235858,49.050119],[2.234448,49.049541],[2.233762,49.051004],[2.229737,49.052479],[2.226104,49.052797],[2.221559,49.053928],[2.218759,49.053774],[2.216962,49.054846],[2.212695,49.059251],[2.210292,49.05801],[2.208016,49.058723],[2.207152,49.059195],[2.206221,49.060863],[2.203731,49.061004],[2.204494,49.061531],[2.204425,49.062457],[2.203263,49.063455],[2.202724,49.064938],[2.206209,49.065696],[2.210088,49.065875],[2.214468,49.065272],[2.214663,49.065775],[2.216471,49.065652],[2.218417,49.067193],[2.22403,49.075475],[2.229358,49.077418],[2.233408,49.076185],[2.233839,49.076457],[2.235853,49.087554],[2.240268,49.0874],[2.248172,49.086111],[2.251323,49.085064],[2.250632,49.090867],[2.257902,49.091289],[2.257493,49.083904],[2.273911,49.076588],[2.269848,49.074743],[2.269392,49.073007],[2.269853,49.07093],[2.271814,49.069249],[2.26978,49.068184],[2.268634,49.0665],[2.265701,49.067137],[2.265283,49.06995],[2.263429,49.073127],[2.257063,49.075256],[2.256558,49.075125],[2.255486,49.073387],[2.257065,49.072356],[2.255481,49.071786],[2.255286,49.071104]]]}},
{"type":"Feature","properties":{"nom":"Villiers-le-Bel","code":"95680","population":30053,"surface":731.25},"geometry":{"type":"Polygon","coordinates":[[[2.41002,49.024148],[2.410756,49.024118],[2.412158,49.022818],[2.418294,49.019713],[2.422937,49.018876],[2.42136,49.015907],[2.423494,49.015044],[2.423164,49.014475],[2.424908,49.01409],[2.42413,49.013004],[2.428253,49.012122],[2.423945,49.009292],[2.420409,49.005323],[2.420475,49.002916],[2.418949,49.003017],[2.419099,48.999413],[2.416599,48.999762],[2.416423,48.998161],[2.414475,48.998045],[2.415577,48.995228],[2.41403,48.995156],[2.413805,48.993766],[2.409314,48.993657],[2.408183,48.99189],[2.402686,48.994305],[2.402349,48.993719],[2.396786,48.995684],[2.397058,48.995995],[2.393636,48.997278],[2.394202,48.997981],[2.388211,48.999486],[2.381716,49.00241],[2.382592,49.003672],[2.380566,49.004352],[2.381216,49.005474],[2.378854,49.006875],[2.379084,49.008798],[2.379839,49.009967],[2.379407,49.010092],[2.379367,49.011859],[2.379859,49.013729],[2.381997,49.014361],[2.382799,49.014118],[2.382821,49.013721],[2.384982,49.013388],[2.385218,49.014122],[2.393314,49.01415],[2.393379,49.015473],[2.394417,49.016563],[2.396299,49.016208],[2.401831,49.019958],[2.41002,49.024148]]]}},
{"type":"Feature","properties":{"nom":"Villiers-le-Sec","code":"95682","population":205,"surface":324.13},"geometry":{"type":"Polygon","coordinates":[[[2.396202,49.086686],[2.401424,49.082978],[2.405146,49.082482],[2.394819,49.071848],[2.397592,49.071576],[2.394129,49.068911],[2.385688,49.066183],[2.386432,49.068372],[2.375481,49.063454],[2.367256,49.068333],[2.370261,49.072757],[2.375515,49.071753],[2.375859,49.073072],[2.375087,49.075048],[2.379637,49.078179],[2.396202,49.086686]]]}},
{"type":"Feature","properties":{"nom":"Wy-dit-Joli-Village","code":"95690","population":326,"surface":847.24},"geometry":{"type":"Polygon","coordinates":[[[1.823426,49.076296],[1.815213,49.076425],[1.812938,49.079466],[1.811194,49.078247],[1.809794,49.079215],[1.809719,49.080041],[1.803089,49.082192],[1.801926,49.083723],[1.801167,49.085794],[1.802301,49.086211],[1.803167,49.088715],[1.804253,49.090068],[1.803738,49.091569],[1.806525,49.094298],[1.805294,49.095278],[1.810171,49.097335],[1.807747,49.09981],[1.809515,49.09992],[1.815158,49.101727],[1.818452,49.104416],[1.813635,49.106599],[1.816217,49.108912],[1.825275,49.114289],[1.823902,49.115556],[1.826114,49.115759],[1.827608,49.116587],[1.832913,49.115487],[1.835409,49.114349],[1.834578,49.112667],[1.839536,49.110198],[1.841073,49.108632],[1.840744,49.10675],[1.841272,49.106712],[1.841267,49.105646],[1.84372,49.105525],[1.84373,49.104284],[1.844922,49.104272],[1.844197,49.103681],[1.846916,49.102744],[1.848557,49.101579],[1.847309,49.099831],[1.845259,49.100368],[1.844132,49.098176],[1.844693,49.097925],[1.844469,49.096955],[1.844908,49.096791],[1.84381,49.095492],[1.84473,49.094926],[1.840776,49.090854],[1.839998,49.091987],[1.837491,49.08903],[1.833931,49.086277],[1.832727,49.083669],[1.831603,49.08282],[1.82057,49.081873],[1.823426,49.076296]]]}}
]
}
