{"type":"FeatureCollection","features":[{"type":"Feature","properties":{"nom":"ES_global"},"geometry":{"type":"MultiPolygon","coordinates":[[[[1.981803,49.018469],[1.981389,49.018229],[1.980867,49.018112],[1.980364,49.018085],[1.979831,49.018178],[1.979392,49.018399],[1.979114,49.018713],[1.979041,49.019072],[1.979085,49.019252],[1.979328,49.019579],[1.979742,49.019819],[1.979995,49.019894],[1.980767,49.019963],[1.981301,49.01987],[1.98174,49.019649],[1.981902,49.019501],[1.982081,49.019158],[1.982046,49.018795],[1.981803,49.018469]]],[[[1.882467,49.022812],[1.882865,49.022566],[1.88309,49.022238],[1.883125,49.022059],[1.883107,49.021879],[1.882913,49.021542],[1.882538,49.02128],[1.88204,49.021133],[1.881493,49.021122],[1.880537,49.021259],[1.879675,49.021465],[1.875157,49.02285],[1.873838,49.023131],[1.873209,49.023355],[1.872782,49.02358],[1.872455,49.023818],[1.871888,49.024426],[1.871733,49.024536],[1.869668,49.025307],[1.868972,49.025684],[1.867998,49.026389],[1.867533,49.026658],[1.865872,49.027348],[1.865578,49.027651],[1.865483,49.028005],[1.865516,49.028184],[1.865736,49.028514],[1.865915,49.028651],[1.866282,49.028812],[1.866221,49.029198],[1.866273,49.029617],[1.867202,49.031367],[1.867254,49.031624],[1.866487,49.035011],[1.866038,49.035454],[1.866016,49.035567],[1.866061,49.035677],[1.866317,49.035824],[1.866656,49.035809],[1.866794,49.03574],[1.867309,49.035237],[1.868131,49.031793],[1.868142,49.031592],[1.868058,49.031207],[1.867132,49.029464],[1.86711,49.029201],[1.867164,49.028887],[1.867814,49.02872],[1.868808,49.028328],[1.8698,49.027806],[1.871129,49.026889],[1.873517,49.025959],[1.874056,49.025599],[1.874712,49.024918],[1.874859,49.02485],[1.876278,49.02454],[1.880805,49.023153],[1.882467,49.022812]]],[[[1.979057,49.025623],[1.982011,49.026146],[1.983298,49.026506],[1.985456,49.02765],[1.985855,49.027667],[1.986342,49.027787],[1.989556,49.028937],[1.989697,49.029117],[1.989927,49.030197],[1.990076,49.030594],[1.990418,49.031292],[1.991215,49.032524],[1.991437,49.033413],[1.991657,49.033819],[1.991823,49.034216],[1.991856,49.034415],[1.992092,49.034636],[1.992483,49.034773],[1.99468,49.037326],[1.995002,49.037768],[1.994939,49.03803],[1.994435,49.038564],[1.994062,49.038538],[1.993531,49.038623],[1.993089,49.038835],[1.992924,49.03898],[1.987604,49.044693],[1.987235,49.044854],[1.986948,49.045072],[1.986814,49.045235],[1.986693,49.045541],[1.986308,49.046074],[1.983333,49.049313],[1.983252,49.049669],[1.983384,49.050018],[1.983709,49.050307],[1.984178,49.050492],[1.984445,49.050536],[1.984991,49.050519],[1.985486,49.050366],[1.985854,49.0501],[1.988603,49.047141],[1.993743,49.04947],[1.994011,49.049857],[1.994452,49.050152],[1.994763,49.050271],[1.995216,49.050367],[1.995955,49.050364],[1.998556,49.052066],[2.000395,49.053181],[2.001172,49.053592],[2.00119,49.053868],[2.001271,49.054081],[2.001591,49.054461],[2.001951,49.054681],[2.002514,49.054855],[2.002915,49.055079],[2.003386,49.055259],[2.001043,49.055771],[2.000548,49.055941],[1.973672,49.063402],[1.972651,49.063775],[1.971595,49.064229],[1.969953,49.065126],[1.969234,49.065593],[1.968523,49.066129],[1.967115,49.067334],[1.966369,49.067792],[1.96473,49.065767],[1.96508,49.065011],[1.965229,49.064518],[1.965304,49.063952],[1.965249,49.062964],[1.965306,49.06263],[1.966119,49.060792],[1.966384,49.059781],[1.966451,49.058991],[1.966416,49.058284],[1.966288,49.057571],[1.966035,49.056756],[1.965726,49.056073],[1.965333,49.055425],[1.964984,49.054949],[1.964425,49.054315],[1.963357,49.053344],[1.961144,49.051766],[1.960687,49.051307],[1.960341,49.050847],[1.960179,49.050572],[1.959919,49.049935],[1.959584,49.048792],[1.959621,49.048502],[1.959555,49.048],[1.959322,49.04752],[1.95909,49.04722],[1.958223,49.044712],[1.95779,49.043886],[1.957018,49.042914],[1.956315,49.042273],[1.955413,49.041627],[1.954484,49.041108],[1.95344,49.040653],[1.952355,49.040285],[1.951267,49.040021],[1.948381,49.039665],[1.948008,49.039584],[1.947164,49.039299],[1.946641,49.039025],[1.945938,49.038429],[1.943914,49.035735],[1.942026,49.033327],[1.941551,49.032803],[1.940479,49.031903],[1.937691,49.030015],[1.936653,49.029409],[1.935827,49.029028],[1.934129,49.028366],[1.931767,49.027486],[1.931154,49.027301],[1.930497,49.027198],[1.929823,49.027181],[1.929157,49.027252],[1.928524,49.027406],[1.927949,49.027639],[1.927392,49.027989],[1.927006,49.028353],[1.926735,49.02876],[1.92659,49.029193],[1.926577,49.029637],[1.926695,49.030074],[1.92694,49.030487],[1.927304,49.030861],[1.927771,49.031181],[1.928325,49.031435],[1.93238,49.032977],[1.933418,49.033633],[1.935497,49.03508],[1.935917,49.035483],[1.936426,49.036128],[1.940031,49.040828],[1.940564,49.041346],[1.941209,49.04188],[1.941803,49.042293],[1.942665,49.042779],[1.943407,49.043133],[1.944585,49.043568],[1.94537,49.043801],[1.946398,49.044034],[1.949333,49.044401],[1.94999,49.044609],[1.950716,49.044986],[1.951086,49.045279],[1.95135,49.045586],[1.951568,49.045996],[1.952162,49.048],[1.952205,49.048166],[1.952164,49.048476],[1.952229,49.048928],[1.952362,49.049276],[1.952624,49.049664],[1.952808,49.050247],[1.953548,49.051971],[1.953925,49.052625],[1.954606,49.053537],[1.955492,49.054441],[1.956048,49.054892],[1.95802,49.056284],[1.958412,49.056631],[1.958944,49.057246],[1.959163,49.057605],[1.959321,49.057987],[1.959472,49.058629],[1.959457,49.059303],[1.959265,49.059934],[1.958636,49.061287],[1.958425,49.061913],[1.95829,49.062733],[1.958329,49.063882],[1.957864,49.064957],[1.957752,49.065731],[1.957772,49.066219],[1.957843,49.066562],[1.958133,49.067253],[1.958457,49.067758],[1.959325,49.068807],[1.95743,49.0691],[1.956428,49.069377],[1.955763,49.069691],[1.955203,49.070084],[1.955008,49.07029],[1.948798,49.072741],[1.93949,49.07659],[1.936329,49.077986],[1.927792,49.081524],[1.926215,49.082],[1.922602,49.08275],[1.918789,49.083634],[1.917081,49.084204],[1.915526,49.084914],[1.914649,49.085417],[1.913858,49.085956],[1.910012,49.0891],[1.909087,49.089701],[1.892804,49.098725],[1.873753,49.109398],[1.868795,49.112097],[1.854671,49.119942],[1.852455,49.121202],[1.851508,49.121814],[1.850733,49.122114],[1.849622,49.12288],[1.845263,49.125294],[1.844773,49.125604],[1.844386,49.125972],[1.844115,49.126381],[1.843971,49.126818],[1.843959,49.127265],[1.844101,49.127737],[1.843446,49.128067],[1.841975,49.128653],[1.841326,49.128413],[1.840675,49.128281],[1.839998,49.128235],[1.83932,49.128277],[1.838472,49.128459],[1.830844,49.13145],[1.830273,49.131561],[1.82967,49.131769],[1.829003,49.132159],[1.826377,49.133064],[1.796998,49.144631],[1.795039,49.145331],[1.793945,49.145567],[1.79114,49.145916],[1.789423,49.146087],[1.789303,49.146058],[1.788968,49.144562],[1.789093,49.144246],[1.789095,49.144052],[1.788968,49.143738],[1.789103,49.139983],[1.789156,49.139768],[1.789298,49.139642],[1.790761,49.138824],[1.791385,49.138353],[1.791715,49.137976],[1.791866,49.137713],[1.791948,49.137524],[1.792014,49.137127],[1.791986,49.136768],[1.791822,49.136265],[1.790493,49.133986],[1.790404,49.133795],[1.790375,49.133584],[1.79264,49.103988],[1.792974,49.103761],[1.793191,49.103489],[1.795156,49.102489],[1.795939,49.101936],[1.79651,49.101308],[1.79762,49.099559],[1.798014,49.099295],[1.798175,49.099101],[1.79828,49.098867],[1.798306,49.098648],[1.798179,49.098265],[1.798581,49.096843],[1.798751,49.096027],[1.79878,49.095246],[1.798658,49.094419],[1.798413,49.093671],[1.798068,49.092987],[1.797568,49.092276],[1.796796,49.091442],[1.796703,49.09106],[1.796436,49.090742],[1.796184,49.090572],[1.795856,49.090432],[1.795428,49.090337],[1.794106,49.089519],[1.793501,49.089215],[1.792241,49.088743],[1.791183,49.088453],[1.790489,49.088139],[1.790112,49.08775],[1.789162,49.086604],[1.788549,49.085997],[1.787885,49.085528],[1.786613,49.084902],[1.786344,49.084693],[1.786276,49.084557],[1.786275,49.084356],[1.786534,49.083488],[1.78663,49.082717],[1.786604,49.082298],[1.786488,49.081796],[1.786207,49.081106],[1.783372,49.075413],[1.78324,49.074768],[1.783225,49.073243],[1.783085,49.072697],[1.782839,49.072126],[1.782465,49.071542],[1.78205,49.071075],[1.781593,49.070689],[1.78099,49.070279],[1.780028,49.069817],[1.777964,49.069148],[1.777601,49.068993],[1.777096,49.068668],[1.776486,49.068503],[1.776629,49.068304],[1.776602,49.068038],[1.776508,49.067943],[1.776323,49.067869],[1.776125,49.067643],[1.775665,49.067304],[1.77534,49.066867],[1.772152,49.059891],[1.772041,49.059462],[1.772023,49.059067],[1.772169,49.058343],[1.772242,49.057419],[1.772067,49.057222],[1.7718,49.057119],[1.771543,49.05713],[1.771167,49.057245],[1.771061,49.057335],[1.771,49.057532],[1.771057,49.057691],[1.771251,49.057857],[1.771315,49.058034],[1.77116,49.058785],[1.77113,49.05926],[1.771292,49.060041],[1.774501,49.067061],[1.774801,49.067499],[1.775316,49.067976],[1.775218,49.068207],[1.775296,49.068414],[1.775286,49.06875],[1.774993,49.069016],[1.774861,49.069365],[1.774942,49.06972],[1.775224,49.070029],[1.776097,49.070556],[1.776758,49.070815],[1.778614,49.071409],[1.779143,49.071667],[1.779718,49.0721],[1.779962,49.072375],[1.780186,49.072728],[1.780436,49.073444],[1.780439,49.074878],[1.780655,49.075876],[1.783405,49.081404],[1.783733,49.08215],[1.783807,49.08245],[1.78381,49.082869],[1.783762,49.083197],[1.783496,49.084097],[1.783459,49.084484],[1.783547,49.084991],[1.783743,49.085387],[1.784041,49.085751],[1.784444,49.086097],[1.785967,49.086875],[1.786329,49.087126],[1.786736,49.08753],[1.787887,49.0889],[1.788266,49.089267],[1.788571,49.089486],[1.789638,49.089997],[1.791032,49.090407],[1.791933,49.090744],[1.793347,49.091579],[1.793165,49.091732],[1.791351,49.092821],[1.790825,49.092956],[1.790606,49.093066],[1.790287,49.093358],[1.790198,49.093529],[1.790164,49.093733],[1.789772,49.093932],[1.789558,49.094108],[1.789436,49.094283],[1.789375,49.094478],[1.789379,49.09476],[1.789474,49.095029],[1.789915,49.095787],[1.790132,49.096072],[1.790682,49.096591],[1.791051,49.097104],[1.791197,49.097521],[1.791231,49.097805],[1.791103,49.099881],[1.790748,49.099978],[1.790346,49.100222],[1.790206,49.100378],[1.790078,49.100727],[1.78997,49.102485],[1.790003,49.102798],[1.789934,49.102988],[1.789955,49.103315],[1.78985,49.103715],[1.789663,49.106009],[1.788852,49.117039],[1.787585,49.133155],[1.787569,49.13368],[1.787689,49.13427],[1.789133,49.136801],[1.789205,49.137057],[1.789143,49.13723],[1.788972,49.137386],[1.787356,49.138308],[1.786976,49.138588],[1.786619,49.138974],[1.786376,49.139466],[1.786273,49.140283],[1.786159,49.143695],[1.786008,49.144021],[1.786001,49.144215],[1.786159,49.144596],[1.786205,49.144973],[1.786504,49.146235],[1.785648,49.146477],[1.784625,49.146629],[1.783392,49.146889],[1.782467,49.147141],[1.780995,49.147649],[1.779928,49.148117],[1.778813,49.148705],[1.778051,49.149189],[1.776988,49.149957],[1.766319,49.145264],[1.765069,49.144796],[1.763357,49.144303],[1.759063,49.143481],[1.753888,49.142547],[1.75315,49.142454],[1.747166,49.142317],[1.746557,49.142405],[1.74611,49.142619],[1.745942,49.142765],[1.745752,49.143106],[1.745775,49.143468],[1.745867,49.143641],[1.746193,49.143934],[1.746666,49.144123],[1.747213,49.144179],[1.752328,49.14427],[1.753199,49.144352],[1.761177,49.145803],[1.762389,49.146053],[1.763367,49.146326],[1.76442,49.146682],[1.765368,49.147077],[1.775094,49.151364],[1.76419,49.159444],[1.762689,49.160644],[1.761656,49.161541],[1.760347,49.162824],[1.758035,49.165274],[1.756073,49.167394],[1.751258,49.172774],[1.75087,49.173163],[1.750413,49.173531],[1.749393,49.174155],[1.734169,49.180604],[1.718391,49.1872],[1.714516,49.188772],[1.697392,49.195972],[1.691956,49.198696],[1.687664,49.200563],[1.686352,49.201222],[1.685642,49.201688],[1.684815,49.202378],[1.684054,49.203255],[1.683669,49.203928],[1.680765,49.205324],[1.680373,49.205621],[1.680109,49.205976],[1.679825,49.205896],[1.67951,49.205006],[1.679324,49.204718],[1.678887,49.204321],[1.678402,49.204033],[1.677929,49.203503],[1.677625,49.203255],[1.677102,49.202996],[1.676566,49.202905],[1.676017,49.202956],[1.67554,49.20314],[1.675206,49.203429],[1.67511,49.203601],[1.675078,49.203963],[1.675143,49.20414],[1.67526,49.204306],[1.675635,49.20458],[1.676147,49.205139],[1.676828,49.205583],[1.677094,49.206338],[1.677356,49.206861],[1.677582,49.20712],[1.67808,49.207415],[1.678951,49.207656],[1.680609,49.208248],[1.680963,49.208304],[1.681678,49.208279],[1.682117,49.208152],[1.682415,49.208012],[1.682642,49.207858],[1.682856,49.20763],[1.683021,49.20719],[1.683013,49.207],[1.682891,49.206596],[1.683156,49.206463],[1.683052,49.207824],[1.682838,49.20868],[1.682466,49.20941],[1.681784,49.210226],[1.68148,49.2105],[1.680757,49.211019],[1.679814,49.211523],[1.679004,49.211834],[1.677308,49.212333],[1.676771,49.212613],[1.676328,49.212957],[1.675996,49.21335],[1.675787,49.213779],[1.67571,49.214226],[1.675768,49.214674],[1.675958,49.215107],[1.676273,49.215506],[1.676701,49.215858],[1.677333,49.216198],[1.67793,49.216421],[1.678581,49.216563],[1.679263,49.216619],[1.679948,49.216587],[1.681132,49.216338],[1.682441,49.215929],[1.6842,49.215217],[1.68532,49.214624],[1.686592,49.213779],[1.687423,49.213097],[1.688029,49.212507],[1.688556,49.211899],[1.688976,49.211338],[1.689489,49.210448],[1.689791,49.209752],[1.690095,49.208673],[1.690209,49.207825],[1.690349,49.205793],[1.690439,49.205402],[1.690654,49.205054],[1.690799,49.204912],[1.691228,49.204605],[1.691636,49.204384],[1.696081,49.202367],[1.699936,49.200408],[1.70215,49.19937],[1.721351,49.191388],[1.742299,49.182597],[1.752606,49.178245],[1.753598,49.177785],[1.754547,49.177266],[1.755646,49.176532],[1.756756,49.175597],[1.758964,49.173287],[1.7612,49.17082],[1.764188,49.167634],[1.765108,49.166634],[1.765426,49.166166],[1.765756,49.165816],[1.766292,49.165401],[1.767296,49.164403],[1.768156,49.163634],[1.769935,49.16223],[1.782112,49.153197],[1.783313,49.15234],[1.783916,49.151986],[1.784606,49.151665],[1.785403,49.15139],[1.786611,49.151121],[1.787392,49.151005],[1.795199,49.150247],[1.796532,49.150032],[1.798114,49.149623],[1.799056,49.149303],[1.802578,49.147874],[1.831169,49.136664],[1.832831,49.136173],[1.834486,49.135808],[1.839408,49.135125],[1.84104,49.134817],[1.843243,49.134248],[1.845693,49.1334],[1.847054,49.132791],[1.848235,49.132175],[1.849581,49.131366],[1.850667,49.130592],[1.851385,49.130021],[1.852221,49.12925],[1.85412,49.127204],[1.855042,49.126301],[1.856082,49.125459],[1.857237,49.124676],[1.870197,49.117446],[1.880299,49.111881],[1.880571,49.111983],[1.881004,49.112554],[1.881468,49.113047],[1.883409,49.114703],[1.884194,49.115465],[1.884709,49.116108],[1.884923,49.116456],[1.885192,49.116964],[1.885441,49.117589],[1.88565,49.118593],[1.886702,49.133146],[1.886727,49.133694],[1.886673,49.13447],[1.884438,49.149122],[1.884229,49.14964],[1.88401,49.150003],[1.882362,49.151781],[1.881896,49.152371],[1.881621,49.152807],[1.881249,49.153546],[1.881063,49.154027],[1.880901,49.1547],[1.880826,49.155252],[1.880831,49.156274],[1.881168,49.158955],[1.881553,49.162739],[1.881666,49.163617],[1.881845,49.16447],[1.882026,49.164813],[1.882394,49.165085],[1.882631,49.16518],[1.883167,49.165272],[1.883445,49.165265],[1.883968,49.165146],[1.884382,49.164905],[1.884624,49.164579],[1.884668,49.164399],[1.884382,49.162595],[1.883998,49.158819],[1.883663,49.156151],[1.883646,49.155521],[1.883717,49.154927],[1.88396,49.154096],[1.884447,49.153186],[1.885151,49.15233],[1.88602,49.151442],[1.886568,49.15081],[1.88694,49.15019],[1.887235,49.149436],[1.889484,49.134732],[1.889564,49.133664],[1.88848,49.118482],[1.88837,49.117764],[1.888226,49.117238],[1.888052,49.116754],[1.887699,49.116016],[1.887318,49.115378],[1.88698,49.114925],[1.88602,49.113893],[1.883832,49.112018],[1.883502,49.111673],[1.883083,49.111124],[1.883107,49.110741],[1.882956,49.110404],[1.888999,49.106981],[1.913796,49.093213],[1.914663,49.092697],[1.915303,49.092251],[1.919277,49.089016],[1.919708,49.088737],[1.920519,49.088326],[1.921754,49.087906],[1.92471,49.087218],[1.928735,49.086399],[1.930892,49.085755],[1.939776,49.082107],[1.943231,49.080582],[1.953146,49.076474],[1.958065,49.074527],[1.95908,49.074547],[1.9609,49.074292],[1.963906,49.074218],[1.965335,49.074094],[1.966887,49.073832],[1.96807,49.073536],[1.969251,49.073175],[1.970508,49.072706],[1.972123,49.071901],[1.972832,49.071463],[1.973762,49.0708],[1.975052,49.069695],[1.975734,49.069212],[1.976637,49.06872],[1.97773,49.068307],[2.002826,49.061366],[2.005674,49.06063],[2.006087,49.060581],[2.006911,49.060585],[2.007468,49.06064],[2.008005,49.060753],[2.008526,49.060914],[2.011489,49.062205],[2.012755,49.062622],[2.014617,49.06305],[2.01667,49.063315],[2.018531,49.063378],[2.020638,49.063245],[2.02833,49.06204],[2.028898,49.062354],[2.029608,49.06261],[2.03038,49.06277],[2.031184,49.062828],[2.031991,49.062782],[2.032768,49.062633],[2.033486,49.062388],[2.034117,49.062055],[2.034718,49.06157],[2.035236,49.060921],[2.03553,49.06085],[2.044325,49.059435],[2.044841,49.059718],[2.045552,49.059973],[2.046324,49.060132],[2.047129,49.06019],[2.047935,49.060142],[2.048711,49.059993],[2.049429,49.059746],[2.050059,49.059413],[2.050578,49.059005],[2.050966,49.058538],[2.051061,49.058338],[2.052422,49.058054],[2.058757,49.056952],[2.060635,49.05652],[2.062027,49.056155],[2.063725,49.055617],[2.065453,49.05499],[2.066944,49.054377],[2.065295,49.055436],[2.064954,49.055377],[2.064618,49.055461],[2.064429,49.055631],[2.064405,49.055844],[2.064524,49.05602],[2.064834,49.056153],[2.066922,49.058256],[2.067382,49.058738],[2.068072,49.059577],[2.069019,49.06034],[2.068353,49.060513],[2.066913,49.060751],[2.066574,49.060719],[2.066253,49.060749],[2.065993,49.060887],[2.06445,49.061259],[2.061109,49.062245],[2.057584,49.063114],[2.057193,49.063063],[2.056849,49.063103],[2.056594,49.063254],[2.056497,49.063437],[2.05547,49.063788],[2.052785,49.064047],[2.051307,49.064259],[2.051231,49.064041],[2.051139,49.063944],[2.050915,49.06386],[2.050741,49.063857],[2.05051,49.063933],[2.050408,49.064029],[2.049359,49.06435],[2.047995,49.064625],[2.046857,49.064772],[2.042706,49.064721],[2.042288,49.064821],[2.041821,49.065059],[2.041503,49.06516],[2.041353,49.065358],[2.041418,49.06558],[2.04162,49.065709],[2.042038,49.065738],[2.042218,49.065673],[2.042381,49.065513],[2.042697,49.065342],[2.042899,49.065293],[2.043884,49.065347],[2.046243,49.065366],[2.047295,49.065324],[2.048218,49.065191],[2.049646,49.064904],[2.050568,49.064627],[2.050877,49.064818],[2.051265,49.064863],[2.052925,49.064624],[2.055457,49.064398],[2.055823,49.064325],[2.057044,49.063908],[2.0574,49.063881],[2.057669,49.063735],[2.058165,49.063582],[2.061443,49.062787],[2.064811,49.061794],[2.066159,49.061464],[2.066636,49.06157],[2.066707,49.061745],[2.066739,49.062197],[2.066737,49.062333],[2.066644,49.062519],[2.066677,49.062688],[2.067128,49.063112],[2.067655,49.063474],[2.068089,49.063734],[2.068521,49.063879],[2.06998,49.064116],[2.070802,49.064317],[2.07156,49.064798],[2.071883,49.064941],[2.072352,49.065056],[2.072892,49.065098],[2.074134,49.066266],[2.074439,49.066842],[2.074508,49.067072],[2.075176,49.067612],[2.076899,49.06859],[2.080509,49.070332],[2.080383,49.070651],[2.074186,49.07582],[2.073266,49.075013],[2.073099,49.074779],[2.072693,49.074558],[2.072472,49.074347],[2.072316,49.074037],[2.070453,49.072245],[2.07011,49.07159],[2.069813,49.071481],[2.06964,49.07149],[2.069422,49.071581],[2.069337,49.071681],[2.069317,49.071794],[2.069676,49.07253],[2.071554,49.07434],[2.071675,49.074607],[2.071954,49.074881],[2.072016,49.075101],[2.072098,49.075212],[2.072302,49.075332],[2.072635,49.07542],[2.07363,49.076293],[2.0708,49.078804],[2.070298,49.079013],[2.070033,49.079202],[2.069839,49.079419],[2.069688,49.079786],[2.069412,49.080056],[2.065299,49.083667],[2.057886,49.088905],[2.057318,49.089072],[2.056959,49.089274],[2.05672,49.08951],[2.056589,49.089724],[2.056541,49.089909],[2.056203,49.090128],[2.055259,49.090883],[2.053403,49.092193],[2.052984,49.092539],[2.037101,49.103737],[2.032356,49.107072],[2.031619,49.107544],[2.030594,49.108355],[2.029834,49.109151],[2.029325,49.109494],[2.029097,49.109859],[2.029079,49.110358],[2.028535,49.111397],[2.028322,49.1123],[2.028294,49.113498],[2.028567,49.116522],[2.028569,49.116894],[2.028488,49.117436],[2.028385,49.117774],[2.027999,49.118497],[2.027493,49.11911],[2.026892,49.119634],[2.025852,49.120283],[2.024889,49.120667],[2.024238,49.120861],[2.01897,49.121856],[2.017273,49.122108],[2.015725,49.122204],[2.01465,49.122211],[2.007961,49.122007],[2.006756,49.122007],[2.005106,49.122142],[2.003644,49.122429],[2.002871,49.122659],[2.002096,49.122964],[1.999878,49.124087],[1.999597,49.124404],[1.999525,49.124595],[1.999037,49.125088],[1.995578,49.128148],[1.992712,49.130789],[1.992263,49.131119],[1.991716,49.131371],[1.9909,49.131616],[1.989837,49.131722],[1.986622,49.1314],[1.985279,49.131323],[1.983775,49.131356],[1.98229,49.131512],[1.980703,49.131842],[1.979529,49.132168],[1.972879,49.134713],[1.972187,49.135042],[1.97126,49.135579],[1.970029,49.136478],[1.965804,49.140048],[1.965153,49.140696],[1.964324,49.141782],[1.963979,49.142409],[1.963626,49.143346],[1.962365,49.148388],[1.962309,49.14895],[1.962351,49.149677],[1.962581,49.150503],[1.947184,49.156516],[1.946604,49.15658],[1.946162,49.156712],[1.945868,49.156863],[1.945642,49.157054],[1.945521,49.157199],[1.945404,49.157513],[1.939311,49.158032],[1.938893,49.158221],[1.936881,49.159897],[1.93514,49.160005],[1.934659,49.160094],[1.931708,49.161094],[1.931561,49.161233],[1.931557,49.161403],[1.931769,49.161578],[1.932108,49.161604],[1.935158,49.160594],[1.936882,49.160492],[1.937254,49.16043],[1.937599,49.160254],[1.939303,49.158811],[1.939547,49.158619],[1.939717,49.158563],[1.9456,49.158085],[1.945978,49.158352],[1.946477,49.1585],[1.947392,49.158534],[1.947924,49.158447],[1.94816,49.158354],[1.948434,49.158171],[1.964226,49.152004],[1.964708,49.15197],[1.965093,49.151868],[1.96555,49.15162],[1.965772,49.151396],[1.969638,49.149868],[1.969966,49.14958],[1.97006,49.149411],[1.970093,49.149096],[1.970226,49.148938],[1.970465,49.148825],[1.97711,49.146239],[1.977546,49.146412],[1.978087,49.146469],[1.97862,49.146385],[1.978858,49.146294],[1.979275,49.14601],[1.981512,49.143887],[1.981669,49.143543],[1.981668,49.143362],[1.981614,49.143185],[1.981371,49.142885],[1.986837,49.138047],[1.987229,49.137926],[1.987449,49.137798],[1.987564,49.137644],[1.987572,49.137417],[1.987652,49.137313],[1.990708,49.134592],[1.99105,49.134294],[1.991507,49.134337],[1.991819,49.134308],[1.992272,49.134168],[1.992633,49.13394],[1.993005,49.13354],[1.993137,49.133122],[1.994037,49.132686],[1.994641,49.132273],[1.99528,49.13172],[1.996884,49.130158],[2.001551,49.126002],[2.001799,49.125795],[2.002223,49.125634],[2.002456,49.125482],[2.002867,49.124966],[2.003235,49.124733],[2.003713,49.124515],[2.00422,49.124317],[2.005078,49.124088],[2.00604,49.12394],[2.006857,49.123885],[2.014957,49.124091],[2.01691,49.124033],[2.018364,49.123887],[2.020612,49.123508],[2.025202,49.122632],[2.026852,49.122103],[2.028096,49.121506],[2.029045,49.120873],[2.029927,49.1201],[2.030654,49.119203],[2.031177,49.118194],[2.031387,49.117399],[2.031432,49.116917],[2.031405,49.116056],[2.031126,49.11295],[2.031219,49.112362],[2.031384,49.111787],[2.031833,49.110912],[2.032142,49.110682],[2.032284,49.110504],[2.032392,49.110261],[2.032413,49.109995],[2.032718,49.109653],[2.034377,49.108344],[2.055035,49.093792],[2.05687,49.092587],[2.057714,49.091979],[2.059715,49.09641],[2.056263,49.099741],[2.056045,49.100067],[2.055307,49.101573],[2.055065,49.102915],[2.054992,49.103829],[2.055021,49.104149],[2.055143,49.10444],[2.055307,49.104667],[2.056424,49.105784],[2.056467,49.10595],[2.056432,49.106061],[2.053678,49.111567],[2.053611,49.111924],[2.053658,49.112102],[2.053904,49.112423],[2.054183,49.112595],[2.047086,49.126879],[2.047102,49.127257],[2.04753,49.12984],[2.047328,49.130033],[2.04733,49.130235],[2.047509,49.130435],[2.047694,49.130826],[2.04845,49.131357],[2.048736,49.131686],[2.048619,49.132398],[2.048509,49.132638],[2.048556,49.132837],[2.048739,49.132957],[2.048906,49.132989],[2.049232,49.132923],[2.049341,49.132835],[2.049493,49.132509],[2.049623,49.131918],[2.049628,49.131645],[2.049514,49.131381],[2.049326,49.131166],[2.04911,49.130964],[2.04846,49.130525],[2.048418,49.130426],[2.04839,49.130288],[2.04844,49.130166],[2.048435,49.129887],[2.047964,49.126977],[2.05503,49.112774],[2.055386,49.112744],[2.055875,49.112582],[2.056233,49.11231],[2.056344,49.112145],[2.059154,49.106513],[2.059276,49.105961],[2.059232,49.105577],[2.059102,49.105224],[2.058708,49.104698],[2.057804,49.103821],[2.05788,49.10293],[2.058027,49.102038],[2.058715,49.100639],[2.06225,49.097249],[2.062436,49.09703],[2.062567,49.09675],[2.062602,49.096492],[2.062526,49.096148],[2.060272,49.091148],[2.060247,49.090645],[2.060125,49.090234],[2.06074,49.089853],[2.063121,49.088093],[2.067831,49.084759],[2.07196,49.081153],[2.072164,49.080992],[2.072739,49.080743],[2.072965,49.080566],[2.073187,49.080269],[2.073266,49.080007],[2.073559,49.079717],[2.075894,49.07761],[2.076226,49.077553],[2.076455,49.077369],[2.076549,49.077217],[2.076511,49.077075],[2.079493,49.074625],[2.081112,49.073225],[2.082463,49.072238],[2.084103,49.073254],[2.085403,49.073842],[2.08636,49.074138],[2.08918,49.074737],[2.089646,49.074992],[2.090369,49.075146],[2.090903,49.075482],[2.091414,49.075931],[2.092981,49.077491],[2.096667,49.080484],[2.097234,49.081079],[2.099041,49.08321],[2.100524,49.085134],[2.101121,49.085685],[2.101799,49.086117],[2.102482,49.086417],[2.103059,49.086604],[2.103818,49.08678],[2.104484,49.086866],[2.105455,49.08689],[2.109652,49.086672],[2.110719,49.086707],[2.111557,49.086872],[2.111963,49.087183],[2.112275,49.087309],[2.112891,49.087444],[2.113672,49.088197],[2.123132,49.099897],[2.124616,49.101746],[2.125221,49.102575],[2.126376,49.103924],[2.126975,49.104758],[2.127257,49.10503],[2.12759,49.105237],[2.127593,49.105499],[2.127658,49.105714],[2.12756,49.106479],[2.127334,49.107277],[2.12708,49.107937],[2.123546,49.116504],[2.120971,49.122372],[2.120713,49.122789],[2.120255,49.123344],[2.113089,49.131593],[2.112821,49.131984],[2.112091,49.133502],[2.111401,49.134159],[2.111099,49.134558],[2.110886,49.135106],[2.110829,49.135497],[2.110842,49.136525],[2.110908,49.13686],[2.11102,49.137138],[2.111225,49.13746],[2.112473,49.138826],[2.113217,49.13922],[2.113828,49.139429],[2.114723,49.139587],[2.116204,49.139631],[2.116463,49.139699],[2.116992,49.140038],[2.116047,49.143478],[2.116009,49.143956],[2.116172,49.144583],[2.113882,49.147003],[2.113549,49.147437],[2.113271,49.148016],[2.113139,49.148633],[2.112623,49.153038],[2.112593,49.154071],[2.112691,49.155629],[2.112852,49.156193],[2.113058,49.156542],[2.117376,49.16216],[2.118197,49.163124],[2.118595,49.163506],[2.119061,49.163831],[2.121853,49.165049],[2.122056,49.165277],[2.122572,49.171706],[2.123231,49.178981],[2.123303,49.180498],[2.12338,49.181345],[2.12352,49.182153],[2.124316,49.191187],[2.124513,49.191526],[2.124893,49.19179],[2.125135,49.191881],[2.125675,49.191962],[2.126221,49.191901],[2.12647,49.19182],[2.126873,49.191571],[2.127011,49.191413],[2.1271,49.19124],[2.12714,49.190826],[2.126331,49.182031],[2.126249,49.180399],[2.126048,49.178869],[2.125407,49.17161],[2.124914,49.165332],[2.124843,49.164923],[2.124713,49.164621],[2.124498,49.164294],[2.124112,49.163914],[2.123798,49.163691],[2.123107,49.163351],[2.120968,49.162451],[2.120607,49.162139],[2.119896,49.161304],[2.115616,49.155736],[2.115513,49.155433],[2.11543,49.154022],[2.115455,49.153153],[2.115577,49.152085],[2.11575,49.151347],[2.115907,49.14995],[2.11589,49.149408],[2.116056,49.148376],[2.116377,49.14789],[2.118325,49.145841],[2.118832,49.145397],[2.118968,49.145207],[2.119054,49.144939],[2.119093,49.144596],[2.119015,49.144178],[2.118851,49.143771],[2.11979,49.140404],[2.119819,49.139881],[2.119683,49.139474],[2.119335,49.139015],[2.11896,49.138717],[2.117758,49.137972],[2.117102,49.137792],[2.115157,49.137765],[2.114641,49.137625],[2.11368,49.136543],[2.113637,49.135536],[2.113748,49.135176],[2.114382,49.134591],[2.114683,49.134213],[2.115471,49.132599],[2.115607,49.13241],[2.123015,49.123881],[2.123605,49.12301],[2.126251,49.116998],[2.129359,49.109487],[2.130081,49.107661],[2.130294,49.106949],[2.130382,49.106371],[2.130447,49.106256],[2.13073,49.105944],[2.131058,49.105981],[2.133116,49.106942],[2.133374,49.106933],[2.133522,49.106874],[2.133625,49.106782],[2.133662,49.106614],[2.133486,49.106423],[2.131799,49.105597],[2.131399,49.10544],[2.13097,49.105362],[2.131008,49.105105],[2.130965,49.104926],[2.130726,49.104603],[2.129929,49.104066],[2.129404,49.103827],[2.12886,49.103065],[2.127695,49.101704],[2.127131,49.100927],[2.125605,49.099025],[2.116134,49.087312],[2.115737,49.086876],[2.115187,49.086384],[2.115003,49.086153],[2.11492,49.085825],[2.114656,49.085506],[2.114226,49.085278],[2.113154,49.08505],[2.112878,49.085034],[2.112414,49.085093],[2.111879,49.084972],[2.110863,49.084842],[2.109558,49.084812],[2.105082,49.085031],[2.104364,49.084944],[2.103515,49.084636],[2.103267,49.084468],[2.102857,49.084069],[2.101526,49.082316],[2.099689,49.080149],[2.099018,49.079445],[2.095235,49.076363],[2.093542,49.074681],[2.092997,49.074228],[2.092166,49.073709],[2.091925,49.07337],[2.091701,49.073199],[2.091243,49.07299],[2.090919,49.072913],[2.090408,49.072886],[2.090035,49.072928],[2.087012,49.072306],[2.086303,49.071996],[2.084305,49.070635],[2.085003,49.070564],[2.085639,49.070407],[2.086218,49.070172],[2.086715,49.069867],[2.087112,49.069504],[2.089283,49.067014],[2.089993,49.066021],[2.090254,49.065358],[2.090335,49.064805],[2.090315,49.064224],[2.090207,49.063655],[2.090051,49.063197],[2.090754,49.063224],[2.093561,49.063168],[2.093669,49.064313],[2.091381,49.06571],[2.091293,49.065809],[2.091269,49.065922],[2.091313,49.066032],[2.091489,49.066157],[2.09174,49.066196],[2.092055,49.066108],[2.094562,49.06457],[2.094599,49.064459],[2.094514,49.064075],[2.094648,49.063945],[2.094684,49.063779],[2.094622,49.06364],[2.094479,49.063523],[2.094396,49.062864],[2.094154,49.062631],[2.09375,49.062572],[2.090335,49.062629],[2.090553,49.062221],[2.090664,49.06186],[2.091249,49.059054],[2.091405,49.058917],[2.091462,49.058767],[2.091454,49.058589],[2.091372,49.058462],[2.09137,49.057701],[2.09172,49.056589],[2.091908,49.056128],[2.092074,49.055941],[2.092147,49.05567],[2.092378,49.055337],[2.092669,49.055043],[2.092879,49.054919],[2.093025,49.05468],[2.093377,49.054435],[2.093442,49.054329],[2.093416,49.054166],[2.095271,49.052931],[2.096134,49.052296],[2.096881,49.051918],[2.097216,49.052012],[2.09926,49.051931],[2.099489,49.05212],[2.099964,49.052313],[2.100514,49.052372],[2.100792,49.052347],[2.101189,49.052249],[2.101597,49.052084],[2.104371,49.050686],[2.105316,49.051173],[2.106886,49.051779],[2.109199,49.053036],[2.112036,49.054676],[2.113613,49.055855],[2.114869,49.056899],[2.115027,49.057054],[2.115484,49.057892],[2.115817,49.058277],[2.116624,49.058915],[2.117788,49.060012],[2.118815,49.060828],[2.119966,49.061685],[2.121901,49.062978],[2.123288,49.063748],[2.127227,49.066211],[2.127817,49.066556],[2.128224,49.066732],[2.132929,49.068497],[2.133778,49.068774],[2.13436,49.069034],[2.135787,49.069559],[2.136537,49.069724],[2.137396,49.069806],[2.142494,49.06997],[2.149746,49.07131],[2.154082,49.071732],[2.154517,49.071689],[2.160219,49.070153],[2.161156,49.06999],[2.162204,49.070028],[2.165048,49.07073],[2.165891,49.070874],[2.165214,49.071176],[2.164618,49.071737],[2.163892,49.07206],[2.163592,49.072308],[2.163453,49.072568],[2.163425,49.072746],[2.163567,49.073294],[2.16355,49.0735],[2.163447,49.07365],[2.160868,49.076205],[2.160826,49.076316],[2.160852,49.076428],[2.160942,49.076526],[2.161164,49.076613],[2.161422,49.076604],[2.161629,49.076502],[2.164228,49.07393],[2.164466,49.073499],[2.16445,49.073221],[2.164315,49.072738],[2.164388,49.072569],[2.165259,49.072142],[2.165928,49.071542],[2.166188,49.071425],[2.166749,49.07133],[2.168954,49.071241],[2.171496,49.070886],[2.175405,49.071066],[2.175737,49.071119],[2.175745,49.071334],[2.175932,49.071671],[2.176097,49.071816],[2.176539,49.072028],[2.181209,49.073449],[2.185142,49.075044],[2.186381,49.07534],[2.187657,49.075455],[2.188352,49.075678],[2.189707,49.076321],[2.190091,49.076592],[2.191283,49.077659],[2.193196,49.079807],[2.194705,49.080896],[2.195044,49.081301],[2.195426,49.081963],[2.195555,49.082418],[2.195777,49.083755],[2.196038,49.084729],[2.195562,49.084986],[2.195254,49.085256],[2.195076,49.085599],[2.195057,49.085805],[2.195097,49.085984],[2.19519,49.086154],[2.195516,49.086443],[2.195737,49.08655],[2.196217,49.086666],[2.196284,49.087416],[2.196608,49.088109],[2.196742,49.088646],[2.196741,49.089284],[2.1969,49.090013],[2.197332,49.091126],[2.197802,49.09208],[2.197962,49.092658],[2.197957,49.093005],[2.197762,49.093664],[2.196783,49.093818],[2.19636,49.093841],[2.196185,49.093967],[2.196142,49.094077],[2.196167,49.09419],[2.19632,49.094327],[2.196728,49.094407],[2.198229,49.094181],[2.198736,49.094304],[2.199894,49.094932],[2.200595,49.095772],[2.200689,49.095944],[2.202039,49.09902],[2.202253,49.100736],[2.202323,49.100983],[2.205695,49.1091],[2.206034,49.110127],[2.206345,49.110729],[2.206211,49.11138],[2.206728,49.112756],[2.207025,49.113899],[2.207338,49.114427],[2.207589,49.114572],[2.207841,49.11458],[2.209024,49.114352],[2.209552,49.116488],[2.209556,49.117063],[2.209428,49.117705],[2.209551,49.118672],[2.210795,49.121979],[2.211893,49.124331],[2.212109,49.124741],[2.212491,49.125307],[2.212489,49.125466],[2.212575,49.125626],[2.21278,49.125758],[2.213025,49.125821],[2.213473,49.12577],[2.215453,49.126513],[2.223124,49.130016],[2.234584,49.133772],[2.237046,49.134813],[2.240312,49.135844],[2.241844,49.136215],[2.245315,49.137367],[2.248711,49.138567],[2.247297,49.142166],[2.245979,49.145071],[2.243643,49.149683],[2.243127,49.15056],[2.24273,49.151123],[2.24181,49.152185],[2.240859,49.153043],[2.232365,49.159355],[2.23129,49.16022],[2.230514,49.160912],[2.229126,49.162311],[2.227983,49.163727],[2.227112,49.164979],[2.226481,49.166043],[2.226299,49.166476],[2.226273,49.166704],[2.226097,49.166898],[2.225866,49.167322],[2.224501,49.171106],[2.224023,49.172086],[2.223426,49.173084],[2.222668,49.174116],[2.221678,49.175197],[2.221098,49.175752],[2.219727,49.176847],[2.218542,49.177637],[2.216664,49.178681],[2.200255,49.187133],[2.194181,49.190581],[2.191787,49.19184],[2.189901,49.192775],[2.170686,49.201687],[2.170196,49.201962],[2.169188,49.202403],[2.167703,49.202934],[2.164041,49.204615],[2.161239,49.205554],[2.149064,49.209369],[2.144989,49.210531],[2.144383,49.210741],[2.14385,49.211024],[2.143411,49.211369],[2.143084,49.211765],[2.142881,49.212194],[2.14281,49.212641],[2.142873,49.213088],[2.143068,49.213519],[2.143387,49.213917],[2.143819,49.214266],[2.144347,49.214553],[2.14495,49.214767],[2.145605,49.2149],[2.146287,49.214947],[2.146971,49.214906],[2.147628,49.214778],[2.151956,49.213545],[2.160652,49.210826],[2.164414,49.20964],[2.167005,49.208747],[2.17134,49.206747],[2.17257,49.206315],[2.174703,49.205442],[2.194002,49.19649],[2.196051,49.195475],[2.198684,49.19409],[2.204681,49.190684],[2.22107,49.182243],[2.222566,49.181434],[2.224013,49.180543],[2.22514,49.179755],[2.225668,49.179506],[2.226136,49.179177],[2.226931,49.178504],[2.227717,49.17775],[2.228691,49.176707],[2.229355,49.175896],[2.2303,49.174518],[2.231074,49.173103],[2.231611,49.171796],[2.23229,49.169811],[2.232782,49.168563],[2.232911,49.168068],[2.233182,49.167703],[2.233678,49.166825],[2.234409,49.165773],[2.235652,49.164348],[2.23702,49.163063],[2.23788,49.162374],[2.244885,49.157189],[2.246384,49.156037],[2.24694,49.155556],[2.247649,49.155394],[2.248234,49.15516],[2.248739,49.154855],[2.249143,49.154492],[2.249503,49.15395],[2.249952,49.154282],[2.250429,49.154533],[2.251388,49.154852],[2.252397,49.154989],[2.253065,49.154985],[2.253625,49.154927],[2.254253,49.154794],[2.255368,49.155186],[2.255661,49.155404],[2.256258,49.155709],[2.257261,49.155997],[2.257453,49.156119],[2.257844,49.156458],[2.258476,49.157153],[2.259094,49.157719],[2.25976,49.158201],[2.260404,49.15858],[2.260824,49.158939],[2.26133,49.159257],[2.261896,49.159506],[2.262524,49.159678],[2.263192,49.159766],[2.264189,49.159749],[2.264667,49.159701],[2.265313,49.159559],[2.265905,49.159338],[2.266419,49.159045],[2.266836,49.158692],[2.267141,49.158292],[2.26732,49.157861],[2.267368,49.157416],[2.267283,49.156972],[2.267067,49.156549],[2.266743,49.156177],[2.271227,49.153928],[2.271864,49.153656],[2.272369,49.153808],[2.274541,49.154751],[2.27704,49.155382],[2.27902,49.15607],[2.27975,49.156418],[2.281107,49.157173],[2.281662,49.1574],[2.282579,49.157535],[2.284296,49.1575],[2.286517,49.157819],[2.286387,49.158032],[2.285268,49.159323],[2.284804,49.159965],[2.284247,49.160989],[2.284008,49.161647],[2.283908,49.162079],[2.283842,49.162636],[2.283875,49.163949],[2.283812,49.164294],[2.283884,49.164654],[2.284095,49.165104],[2.284238,49.165257],[2.284645,49.165492],[2.285158,49.165608],[2.286019,49.165538],[2.287299,49.16551],[2.291944,49.165936],[2.292865,49.165972],[2.293859,49.165924],[2.294491,49.166055],[2.295152,49.16602],[2.295826,49.165785],[2.297096,49.165646],[2.298629,49.165333],[2.3111,49.161881],[2.312204,49.161474],[2.313636,49.160649],[2.315482,49.160089],[2.315722,49.160056],[2.317067,49.160234],[2.318788,49.160751],[2.319851,49.160926],[2.322654,49.160974],[2.324293,49.161085],[2.332182,49.161975],[2.334561,49.162088],[2.339364,49.162146],[2.341563,49.162368],[2.342677,49.162594],[2.342178,49.163502],[2.342199,49.163862],[2.342429,49.164188],[2.342831,49.164433],[2.343079,49.164511],[2.34362,49.164568],[2.343893,49.164543],[2.344391,49.164393],[2.344764,49.164129],[2.34542,49.163111],[2.345828,49.162887],[2.346004,49.162731],[2.346187,49.162454],[2.346256,49.162039],[2.346208,49.161822],[2.346091,49.161608],[2.345784,49.161306],[2.345469,49.161133],[2.345121,49.161012],[2.344709,49.160943],[2.344233,49.160946],[2.342594,49.160578],[2.340812,49.160359],[2.339654,49.160294],[2.334653,49.160227],[2.333064,49.160162],[2.331266,49.160009],[2.324675,49.15924],[2.32282,49.159116],[2.320234,49.159082],[2.319611,49.158963],[2.318022,49.158481],[2.316595,49.15825],[2.31609,49.157959],[2.315401,49.157819],[2.314645,49.157875],[2.314241,49.158009],[2.313968,49.158156],[2.313715,49.158369],[2.31355,49.158623],[2.312084,49.159091],[2.311538,49.159356],[2.310688,49.15989],[2.310156,49.160118],[2.297981,49.163499],[2.296395,49.163843],[2.295613,49.163936],[2.295058,49.163791],[2.294549,49.163769],[2.2939,49.163887],[2.293462,49.164091],[2.292656,49.164109],[2.288065,49.163688],[2.286678,49.163657],[2.28668,49.162676],[2.286732,49.162266],[2.28687,49.161764],[2.287092,49.161252],[2.287435,49.160663],[2.288095,49.159812],[2.289186,49.158661],[2.290017,49.159086],[2.292633,49.160219],[2.293544,49.160551],[2.296168,49.16094],[2.297359,49.161311],[2.299062,49.161753],[2.300213,49.161734],[2.300948,49.161594],[2.301151,49.161489],[2.301221,49.161385],[2.301201,49.161216],[2.301108,49.16112],[2.300882,49.161037],[2.300708,49.161034],[2.300113,49.161161],[2.299196,49.161176],[2.296484,49.160393],[2.293826,49.159996],[2.290217,49.158472],[2.289611,49.158125],[2.290105,49.157784],[2.290767,49.157422],[2.293332,49.156353],[2.294106,49.155867],[2.29469,49.15538],[2.295117,49.15491],[2.295344,49.154582],[2.297972,49.149869],[2.298396,49.149246],[2.298673,49.148926],[2.299097,49.148629],[2.29924,49.148432],[2.299303,49.148248],[2.299424,49.14815],[2.300258,49.147565],[2.301777,49.146751],[2.30211,49.146724],[2.303655,49.146848],[2.305079,49.146888],[2.309496,49.146839],[2.312692,49.146916],[2.313713,49.146824],[2.316412,49.146875],[2.318856,49.14674],[2.326661,49.146151],[2.328311,49.145874],[2.329513,49.145547],[2.330084,49.145502],[2.330637,49.1453],[2.331021,49.144979],[2.332313,49.144309],[2.337614,49.140984],[2.338185,49.140681],[2.338741,49.140556],[2.339043,49.140413],[2.339385,49.140136],[2.339569,49.139824],[2.339788,49.139661],[2.341106,49.138962],[2.34246,49.138366],[2.343013,49.138185],[2.34374,49.138031],[2.344683,49.137949],[2.347203,49.138184],[2.355701,49.139209],[2.356162,49.139402],[2.356718,49.139475],[2.357426,49.139374],[2.35981,49.139495],[2.360422,49.139583],[2.361156,49.139476],[2.372513,49.138756],[2.37287,49.138835],[2.373209,49.138844],[2.374822,49.143341],[2.37603,49.146504],[2.376412,49.146934],[2.379239,49.149726],[2.382558,49.154815],[2.382327,49.154985],[2.382113,49.155319],[2.38211,49.155682],[2.382265,49.15597],[2.382591,49.156263],[2.383064,49.156452],[2.383611,49.156507],[2.384149,49.156422],[2.384596,49.156208],[2.384884,49.155898],[2.384969,49.155539],[2.38493,49.155358],[2.384816,49.155152],[2.38451,49.154849],[2.384296,49.154733],[2.383785,49.154593],[2.383404,49.154581],[2.380014,49.149386],[2.376815,49.146219],[2.374071,49.138698],[2.374613,49.138503],[2.376539,49.138092],[2.389938,49.134374],[2.391324,49.133896],[2.392702,49.133245],[2.393563,49.13272],[2.393971,49.132402],[2.394615,49.131809],[2.395146,49.131196],[2.395742,49.13022],[2.396845,49.127675],[2.397109,49.127261],[2.397455,49.126868],[2.398076,49.126393],[2.398639,49.126055],[2.401012,49.124831],[2.402103,49.124204],[2.402798,49.1237],[2.403292,49.123232],[2.403881,49.122496],[2.404475,49.121544],[2.40525,49.119994],[2.405452,49.119175],[2.40979,49.118098],[2.410472,49.118096],[2.410982,49.117956],[2.411371,49.117698],[2.411501,49.117536],[2.411606,49.11718],[2.411501,49.116835],[2.412858,49.116409],[2.413978,49.116228],[2.415114,49.116115],[2.415742,49.116103],[2.41789,49.116913],[2.417966,49.117152],[2.418188,49.117283],[2.418445,49.117323],[2.418819,49.117254],[2.42078,49.117944],[2.421009,49.118081],[2.421876,49.118283],[2.422872,49.11872],[2.423174,49.118738],[2.42354,49.118644],[2.424333,49.118637],[2.425047,49.118759],[2.4257,49.118951],[2.425645,49.119149],[2.425715,49.119535],[2.425554,49.120365],[2.425464,49.12122],[2.425474,49.121867],[2.42567,49.12289],[2.425509,49.123299],[2.425525,49.12353],[2.425611,49.123754],[2.425839,49.124032],[2.42621,49.124273],[2.426913,49.125354],[2.428278,49.127067],[2.428448,49.127437],[2.428816,49.127737],[2.434247,49.134597],[2.438834,49.144617],[2.439059,49.145296],[2.439041,49.145697],[2.439178,49.145984],[2.43974,49.146497],[2.440158,49.14673],[2.440679,49.146841],[2.441225,49.146812],[2.441482,49.146746],[2.441912,49.146523],[2.442179,49.146209],[2.442243,49.145852],[2.442137,49.145558],[2.442157,49.145212],[2.441593,49.144129],[2.437048,49.134143],[2.436514,49.133363],[2.431387,49.126898],[2.43133,49.126662],[2.431214,49.126477],[2.43079,49.126148],[2.429276,49.124208],[2.42889,49.123566],[2.428917,49.123356],[2.428882,49.12314],[2.428748,49.122885],[2.428535,49.122668],[2.42833,49.121872],[2.428327,49.121254],[2.428406,49.120506],[2.428566,49.120007],[2.428838,49.119798],[2.42904,49.119498],[2.429096,49.119273],[2.429076,49.118976],[2.429242,49.118709],[2.429983,49.117635],[2.430887,49.116528],[2.431252,49.115983],[2.431504,49.115506],[2.431766,49.114855],[2.432286,49.114699],[2.432842,49.114435],[2.433309,49.114106],[2.433669,49.113723],[2.433908,49.113301],[2.434017,49.112857],[2.433993,49.112408],[2.433821,49.111703],[2.433363,49.110584],[2.436,49.10948],[2.438467,49.109146],[2.440295,49.108968],[2.440977,49.108794],[2.441469,49.108548],[2.441781,49.108286],[2.442076,49.107811],[2.442153,49.107503],[2.442206,49.106838],[2.442379,49.106222],[2.443127,49.104142],[2.443474,49.103355],[2.444909,49.102241],[2.445752,49.101655],[2.446352,49.101308],[2.447397,49.100872],[2.447741,49.100755],[2.448105,49.100785],[2.44858,49.100755],[2.448892,49.100675],[2.449236,49.100519],[2.451357,49.100259],[2.459891,49.10052],[2.460812,49.100474],[2.462689,49.100221],[2.465874,49.099473],[2.466348,49.099292],[2.466535,49.099159],[2.466775,49.098836],[2.466808,49.098477],[2.466669,49.098193],[2.467037,49.098034],[2.467337,49.09784],[2.467588,49.097776],[2.468122,49.097798],[2.469837,49.098069],[2.470035,49.098274],[2.470236,49.098399],[2.470471,49.098497],[2.471004,49.098593],[2.471553,49.098549],[2.472209,49.098406],[2.473284,49.098327],[2.478005,49.098128],[2.478535,49.098026],[2.478768,49.097926],[2.479122,49.097647],[2.479264,49.097375],[2.479835,49.09715],[2.480358,49.096752],[2.480619,49.096625],[2.481089,49.096497],[2.482978,49.096176],[2.48385,49.095967],[2.486369,49.095997],[2.487141,49.095871],[2.487471,49.095777],[2.48766,49.095604],[2.487949,49.09559],[2.489349,49.095687],[2.490456,49.096181],[2.490837,49.096283],[2.491295,49.09632],[2.491833,49.096282],[2.493416,49.096053],[2.493853,49.095949],[2.497103,49.094689],[2.497464,49.094586],[2.50019,49.094459],[2.502408,49.09474],[2.503139,49.094753],[2.503691,49.094892],[2.509917,49.095433],[2.51385,49.096178],[2.518699,49.0978],[2.523113,49.099896],[2.523479,49.099943],[2.523418,49.100104],[2.523459,49.100215],[2.523995,49.100901],[2.524124,49.101194],[2.524387,49.101357],[2.524723,49.101395],[2.525247,49.101263],[2.527039,49.101169],[2.528112,49.100831],[2.528457,49.101137],[2.528962,49.101436],[2.529546,49.101666],[2.530052,49.101785],[2.530972,49.113066],[2.531546,49.119517],[2.53168,49.11987],[2.532009,49.120161],[2.532483,49.120348],[2.53303,49.120402],[2.533567,49.120314],[2.534012,49.120098],[2.534297,49.119787],[2.534378,49.119428],[2.533465,49.108897],[2.5329,49.101845],[2.532908,49.101514],[2.533361,49.101293],[2.533817,49.100962],[2.534266,49.100493],[2.534581,49.1001],[2.534773,49.099674],[2.534809,49.099421],[2.536574,49.09921],[2.537575,49.098973],[2.540933,49.097976],[2.542237,49.097486],[2.54402,49.097332],[2.545341,49.097447],[2.545801,49.097621],[2.545822,49.098608],[2.545909,49.099584],[2.546404,49.10287],[2.54719,49.107609],[2.547469,49.108925],[2.547868,49.110305],[2.548179,49.111206],[2.548721,49.112516],[2.549357,49.11385],[2.550846,49.116738],[2.551346,49.117843],[2.551773,49.118982],[2.552188,49.120583],[2.552962,49.125876],[2.553342,49.127316],[2.553667,49.128198],[2.554169,49.129345],[2.554813,49.130547],[2.555805,49.132043],[2.556851,49.133356],[2.557693,49.134262],[2.558908,49.135421],[2.561347,49.137436],[2.59139,49.161142],[2.593134,49.162731],[2.593747,49.163092],[2.594456,49.163368],[2.595233,49.163548],[2.596049,49.163625],[2.596873,49.163596],[2.597671,49.163463],[2.598415,49.163229],[2.59932,49.162788],[2.599858,49.162379],[2.600264,49.161909],[2.600522,49.161395],[2.600623,49.160859],[2.600562,49.160319],[2.600342,49.159798],[2.59971,49.159045],[2.59867,49.158075],[2.566464,49.132557],[2.56528,49.131509],[2.564019,49.130132],[2.563172,49.128977],[2.562682,49.128163],[2.562396,49.127603],[2.561803,49.12615],[2.561462,49.124783],[2.560752,49.11981],[2.560235,49.11783],[2.55938,49.115648],[2.557573,49.112089],[2.556779,49.110384],[2.556335,49.109172],[2.555883,49.107463],[2.554775,49.100831],[2.557114,49.101166],[2.557537,49.101287],[2.558425,49.10166],[2.558598,49.101662],[2.558828,49.101584],[2.558926,49.10149],[2.558962,49.101378],[2.55889,49.101215],[2.558769,49.101133],[2.557639,49.100669],[2.554676,49.100207],[2.554461,49.098362],[2.55445,49.097041],[2.555065,49.089453],[2.555236,49.088608],[2.558762,49.08988],[2.559307,49.089911],[2.559735,49.089864],[2.56032,49.089661],[2.564366,49.091108],[2.567152,49.092036],[2.56758,49.092351],[2.569882,49.094508],[2.570779,49.095407],[2.571011,49.095482],[2.571185,49.095478],[2.571408,49.095393],[2.571522,49.09524],[2.571487,49.095072],[2.570612,49.094173],[2.567803,49.091546],[2.567413,49.091477],[2.564757,49.090582],[2.560774,49.089154],[2.560806,49.08893],[2.560677,49.088581],[2.560514,49.088404],[2.560221,49.088209],[2.556114,49.086805],[2.556109,49.086447],[2.555944,49.085926],[2.555627,49.085437],[2.55543,49.085248],[2.555571,49.083515],[2.557099,49.082431],[2.558181,49.08153],[2.560819,49.078905],[2.561787,49.077864],[2.562031,49.077749],[2.562346,49.077508],[2.562486,49.077327],[2.562575,49.077103],[2.563198,49.076501],[2.563823,49.075663],[2.564119,49.074912],[2.564219,49.074091],[2.564021,49.070663],[2.563825,49.069638],[2.563984,49.069329],[2.563984,49.068975],[2.564356,49.068476],[2.564454,49.068156],[2.564423,49.067947],[2.56434,49.067777],[2.564009,49.067472],[2.564963,49.066062],[2.56552,49.065397],[2.566545,49.064434],[2.566768,49.064457],[2.567062,49.064411],[2.567241,49.064325],[2.567395,49.064174],[2.567443,49.064042],[2.567432,49.063822],[2.567854,49.063358],[2.568155,49.062942],[2.573299,49.054438],[2.573494,49.05435],[2.573629,49.054224],[2.573684,49.054013],[2.573628,49.053879],[2.576198,49.049611],[2.577068,49.047047],[2.577072,49.046684],[2.576926,49.046211],[2.576737,49.045936],[2.576529,49.045827],[2.576178,49.04583],[2.575934,49.045995],[2.575911,49.046169],[2.576126,49.046581],[2.576159,49.046968],[2.575313,49.049453],[2.572774,49.05366],[2.572555,49.053761],[2.572413,49.053923],[2.572386,49.054084],[2.572441,49.054226],[2.567152,49.062939],[2.566614,49.063566],[2.566319,49.063686],[2.565933,49.063977],[2.564738,49.065083],[2.564137,49.0658],[2.563168,49.067232],[2.562558,49.067289],[2.562102,49.067482],[2.561899,49.067643],[2.561371,49.068223],[2.560984,49.068449],[2.560767,49.068693],[2.560635,49.069037],[2.560646,49.069305],[2.560737,49.069535],[2.560921,49.069765],[2.561193,49.070775],[2.561386,49.074081],[2.561356,49.074448],[2.561237,49.074868],[2.560982,49.075289],[2.560504,49.075823],[2.560409,49.075902],[2.559893,49.07609],[2.55955,49.076347],[2.559343,49.076664],[2.559297,49.076975],[2.559075,49.077228],[2.555836,49.080485],[2.556926,49.067324],[2.556918,49.065412],[2.556835,49.064522],[2.556625,49.063233],[2.556458,49.062506],[2.555951,49.060863],[2.555528,49.059787],[2.553534,49.055707],[2.552989,49.054342],[2.552736,49.053502],[2.551724,49.049236],[2.550951,49.04709],[2.550522,49.046166],[2.549682,49.04464],[2.548284,49.042439],[2.547514,49.041078],[2.546908,49.039658],[2.544491,49.033022],[2.544213,49.032513],[2.54379,49.032049],[2.543473,49.031387],[2.550639,49.031104],[2.552136,49.030745],[2.552844,49.030481],[2.553322,49.030209],[2.5548,49.030283],[2.555423,49.030213],[2.555852,49.030912],[2.556188,49.031296],[2.556632,49.03163],[2.557166,49.0319],[2.55777,49.032097],[2.558421,49.032212],[2.559094,49.032241],[2.559763,49.032184],[2.560401,49.032042],[2.560986,49.031821],[2.561493,49.031529],[2.561904,49.031178],[2.562203,49.03078],[2.562529,49.029886],[2.562575,49.02932],[2.562524,49.029075],[2.562364,49.028642],[2.56208,49.028239],[2.561681,49.027879],[2.561122,49.027536],[2.56047,49.027283],[2.55955,49.027094],[2.558576,49.027067],[2.557769,49.027188],[2.557653,49.026989],[2.557291,49.026611],[2.556823,49.026286],[2.556269,49.026028],[2.555648,49.025846],[2.554273,49.025689],[2.550441,49.025439],[2.549087,49.025411],[2.546329,49.02545],[2.545232,49.025391],[2.543727,49.025233],[2.541685,49.024935],[2.540049,49.024837],[2.540129,49.024517],[2.540102,49.023977],[2.539915,49.02345],[2.539617,49.022867],[2.539281,49.022373],[2.538258,49.021343],[2.537962,49.021158],[2.538126,49.020583],[2.538104,49.020042],[2.537923,49.019514],[2.536961,49.017684],[2.536336,49.016362],[2.536001,49.015798],[2.53563,49.01497],[2.534214,49.012203],[2.534381,49.011839],[2.534319,49.011478],[2.534052,49.01116],[2.533576,49.010923],[2.53338,49.010532],[2.535628,49.011103],[2.538762,49.011747],[2.539432,49.011835],[2.540116,49.011836],[2.540528,49.011782],[2.540717,49.012113],[2.541094,49.012379],[2.541334,49.012471],[2.541871,49.012554],[2.542416,49.012496],[2.542885,49.012305],[2.543069,49.012168],[2.543298,49.011837],[2.543354,49.011437],[2.543347,49.010985],[2.548049,49.011586],[2.549921,49.011781],[2.551905,49.01194],[2.553635,49.01201],[2.554159,49.011897],[2.554579,49.011661],[2.554829,49.011337],[2.554877,49.011158],[2.554812,49.010797],[2.554541,49.01048],[2.554108,49.010256],[2.553849,49.01019],[2.550244,49.00993],[2.551386,49.007346],[2.551461,49.006927],[2.551442,49.006645],[2.551342,49.006389],[2.551142,49.006274],[2.550792,49.006267],[2.550536,49.006425],[2.550496,49.006539],[2.550547,49.006893],[2.550485,49.00724],[2.549316,49.009835],[2.543174,49.009071],[2.543119,49.008888],[2.542858,49.008472],[2.542479,49.008097],[2.541996,49.007779],[2.541428,49.007528],[2.540808,49.007359],[2.54117,49.007106],[2.541466,49.006794],[2.548712,49.007248],[2.549271,49.007216],[2.549768,49.007045],[2.54997,49.006915],[2.55024,49.006591],[2.550297,49.00641],[2.5503,49.006224],[2.550143,49.00587],[2.549989,49.005714],[2.549558,49.005477],[2.549023,49.005366],[2.548322,49.005316],[2.541705,49.004939],[2.541434,49.004544],[2.541034,49.004175],[2.540533,49.003864],[2.539949,49.003624],[2.539305,49.003464],[2.538626,49.003389],[2.535969,49.003241],[2.535281,49.003247],[2.534607,49.003341],[2.533975,49.00352],[2.533407,49.003777],[2.532927,49.004102],[2.532749,49.004282],[2.53071,49.003736],[2.529419,49.003265],[2.527987,49.001365],[2.526498,48.999714],[2.525128,48.998366],[2.520651,48.994264],[2.521004,48.993726],[2.521159,48.993189],[2.521164,48.992756],[2.521061,48.992318],[2.520884,48.991934],[2.520513,48.991478],[2.520209,48.991204],[2.519803,48.990938],[2.51968,48.990735],[2.519535,48.990666],[2.519221,48.990653],[2.518551,48.990446],[2.517803,48.990314],[2.516987,48.99028],[2.516395,48.990332],[2.516673,48.98971],[2.516881,48.989574],[2.516979,48.989422],[2.516986,48.989231],[2.516926,48.989111],[2.517328,48.988096],[2.517399,48.987569],[2.517338,48.987083],[2.517184,48.98669],[2.516947,48.986299],[2.516568,48.985858],[2.516277,48.985718],[2.516025,48.985683],[2.515785,48.985745],[2.51562,48.98594],[2.515666,48.986107],[2.516223,48.986897],[2.516373,48.987305],[2.516391,48.987681],[2.516291,48.988103],[2.51592,48.988921],[2.515729,48.989035],[2.515603,48.989201],[2.515595,48.989387],[2.515665,48.989526],[2.515615,48.989646],[2.512633,48.986924],[2.51116,48.985189],[2.510767,48.984817],[2.510271,48.984503],[2.510002,48.984389],[2.507952,48.982664],[2.507315,48.982327],[2.506807,48.982152],[2.506027,48.981507],[2.505291,48.981013],[2.503964,48.980273],[2.503248,48.979956],[2.498079,48.976529],[2.497644,48.976045],[2.497094,48.975647],[2.496095,48.975041],[2.498908,48.974268],[2.499628,48.974007],[2.500304,48.973619],[2.504673,48.972228],[2.516488,48.968704],[2.518196,48.968128],[2.520285,48.967317],[2.523275,48.965903],[2.52512,48.964803],[2.526013,48.964156],[2.527254,48.962996],[2.527827,48.962331],[2.528739,48.961125],[2.529147,48.960844],[2.529541,48.960724],[2.530055,48.960667],[2.530423,48.960693],[2.533438,48.961301],[2.536301,48.961989],[2.539326,48.962845],[2.542848,48.96398],[2.565092,48.971356],[2.56727,48.972158],[2.5707,48.973533],[2.57292,48.974518],[2.573553,48.974741],[2.577403,48.976387],[2.579964,48.977401],[2.580756,48.977656],[2.58168,48.977877],[2.583179,48.978075],[2.584412,48.978101],[2.585919,48.977962],[2.587179,48.977695],[2.588234,48.97736],[2.591395,48.976043],[2.604841,48.970146],[2.605474,48.969806],[2.605995,48.969392],[2.606382,48.968918],[2.606622,48.968404],[2.606705,48.96787],[2.606628,48.967334],[2.606393,48.966819],[2.606011,48.966344],[2.605495,48.965927],[2.604866,48.965585],[2.604147,48.96533],[2.603366,48.965172],[2.602554,48.965117],[2.601741,48.965168],[2.600959,48.965322],[2.600237,48.965574],[2.598856,48.966161],[2.586612,48.971525],[2.584032,48.97261],[2.580657,48.971242],[2.575491,48.968974],[2.571534,48.967409],[2.569047,48.966492],[2.562292,48.96422],[2.54457,48.958386],[2.540873,48.957265],[2.538486,48.956635],[2.536013,48.956052],[2.531992,48.955271],[2.530598,48.955152],[2.529508,48.955161],[2.527967,48.955298],[2.526675,48.955536],[2.525364,48.955915],[2.524691,48.956165],[2.523645,48.956674],[2.522672,48.957303],[2.521861,48.957973],[2.521082,48.958835],[2.520156,48.960063],[2.51949,48.960691],[2.518159,48.961533],[2.516783,48.962213],[2.515263,48.962881],[2.512815,48.963746],[2.501166,48.967217],[2.497584,48.968379],[2.491931,48.969861],[2.489335,48.970744],[2.484469,48.967523],[2.484085,48.967077],[2.48375,48.966772],[2.481121,48.964644],[2.479855,48.963827],[2.479038,48.963377],[2.478575,48.962755],[2.478244,48.962157],[2.477944,48.96136],[2.477781,48.96062],[2.477628,48.959376],[2.477545,48.957939],[2.477639,48.95737],[2.477748,48.95568],[2.477958,48.955073],[2.478226,48.953403],[2.478606,48.952069],[2.478975,48.951006],[2.480525,48.947359],[2.480917,48.946224],[2.483446,48.940522],[2.484126,48.93857],[2.484469,48.93725],[2.484855,48.935147],[2.485671,48.929314],[2.485759,48.927491],[2.485741,48.926855],[2.48561,48.925679],[2.485416,48.924648],[2.485167,48.923733],[2.484648,48.922319],[2.483032,48.918502],[2.482724,48.91761],[2.481809,48.914424],[2.481331,48.91316],[2.481037,48.912655],[2.4806,48.912197],[2.480036,48.911805],[2.479366,48.911492],[2.478617,48.911272],[2.477817,48.911152],[2.476997,48.911137],[2.476188,48.911229],[2.475422,48.911422],[2.474728,48.91171],[2.474132,48.912082],[2.473554,48.912612],[2.473197,48.9131],[2.472992,48.913623],[2.472946,48.914163],[2.473061,48.914699],[2.473509,48.915946],[2.474478,48.919247],[2.474906,48.920393],[2.47636,48.923789],[2.47681,48.925043],[2.477004,48.92584],[2.477124,48.92665],[2.477175,48.927451],[2.477137,48.928518],[2.476309,48.934607],[2.475971,48.936443],[2.475692,48.93751],[2.475242,48.938834],[2.474676,48.9402],[2.471076,48.948181],[2.47004,48.950851],[2.469683,48.95208],[2.469287,48.953873],[2.469069,48.955392],[2.468963,48.957268],[2.467763,48.956631],[2.467031,48.956323],[2.465207,48.955429],[2.461008,48.953174],[2.460323,48.952876],[2.459934,48.952771],[2.451363,48.948186],[2.448394,48.946548],[2.447709,48.946246],[2.446948,48.946038],[2.44614,48.945931],[2.445594,48.94593],[2.445517,48.945661],[2.44521,48.945159],[2.444761,48.944706],[2.444187,48.94432],[2.441876,48.94309],[2.439897,48.942143],[2.437671,48.941203],[2.43573,48.94051],[2.434176,48.940053],[2.431003,48.939206],[2.414191,48.93532],[2.406087,48.933401],[2.401686,48.932441],[2.398957,48.932004],[2.396373,48.931682],[2.394685,48.931541],[2.385859,48.931277],[2.385039,48.931302],[2.384243,48.931433],[2.3835,48.931663],[2.38284,48.931984],[2.382288,48.932384],[2.381864,48.932848],[2.381587,48.933357],[2.381465,48.933891],[2.381503,48.934431],[2.381701,48.934956],[2.382051,48.935446],[2.382539,48.93588],[2.383146,48.936244],[2.383849,48.936523],[2.384622,48.936706],[2.385433,48.936787],[2.392943,48.936987],[2.394914,48.937115],[2.398253,48.937547],[2.40078,48.938039],[2.41498,48.941385],[2.428166,48.944396],[2.431163,48.945202],[2.431997,48.945449],[2.43342,48.945957],[2.434625,48.946455],[2.436811,48.947483],[2.438806,48.948547],[2.439483,48.948852],[2.440238,48.949064],[2.441042,48.949176],[2.441603,48.949179],[2.441695,48.949487],[2.44201,48.949989],[2.442466,48.950441],[2.443048,48.950825],[2.446093,48.952439],[2.448209,48.95364],[2.45502,48.957266],[2.45534,48.957508],[2.457145,48.958532],[2.463264,48.961841],[2.464997,48.962846],[2.467526,48.964486],[2.466296,48.965435],[2.465618,48.966033],[2.463981,48.967719],[2.463623,48.967897],[2.463309,48.968159],[2.463126,48.968462],[2.463077,48.968664],[2.463089,48.968874],[2.461842,48.970444],[2.455276,48.96308],[2.455078,48.962589],[2.454797,48.962209],[2.454467,48.961901],[2.453905,48.961538],[2.448766,48.955862],[2.448052,48.955172],[2.447541,48.954869],[2.446949,48.954638],[2.446301,48.954487],[2.44562,48.954422],[2.444933,48.954446],[2.444266,48.954557],[2.443645,48.954753],[2.443094,48.955024],[2.442634,48.955361],[2.442283,48.95575],[2.442053,48.956177],[2.441955,48.956625],[2.441991,48.957078],[2.442161,48.957517],[2.442457,48.957926],[2.447878,48.963907],[2.447999,48.964248],[2.448234,48.96462],[2.448682,48.965064],[2.449178,48.965387],[2.455326,48.972295],[2.457824,48.975022],[2.457624,48.975211],[2.457193,48.975116],[2.456515,48.975059],[2.455833,48.975091],[2.455017,48.975261],[2.454248,48.975197],[2.453497,48.975203],[2.452299,48.975367],[2.451443,48.975616],[2.450601,48.975999],[2.449978,48.976414],[2.4495,48.976866],[2.439952,48.977081],[2.438456,48.977034],[2.436926,48.97691],[2.435524,48.976721],[2.434203,48.976472],[2.43384,48.976196],[2.432392,48.974817],[2.43199,48.974235],[2.431841,48.974121],[2.431616,48.97405],[2.431247,48.974061],[2.427999,48.974936],[2.427867,48.974692],[2.427562,48.973435],[2.427399,48.972996],[2.42708,48.972458],[2.426641,48.971944],[2.426202,48.971562],[2.425637,48.971176],[2.423476,48.970008],[2.423303,48.969771],[2.423023,48.969553],[2.422715,48.969406],[2.422124,48.969273],[2.421666,48.968986],[2.421012,48.968387],[2.419437,48.966359],[2.419236,48.966007],[2.419091,48.965618],[2.419005,48.964834],[2.419076,48.964368],[2.419656,48.962776],[2.419752,48.962388],[2.419785,48.961772],[2.419669,48.961192],[2.419295,48.960393],[2.418901,48.959841],[2.418344,48.959369],[2.417405,48.958877],[2.417173,48.958586],[2.417106,48.958364],[2.416992,48.958201],[2.416633,48.957935],[2.416374,48.957833],[2.415848,48.957751],[2.415314,48.957808],[2.414832,48.958011],[2.413673,48.95781],[2.412926,48.957768],[2.410642,48.957773],[2.408482,48.957948],[2.407366,48.958134],[2.406043,48.958452],[2.401974,48.959882],[2.401517,48.959829],[2.401069,48.959851],[2.399829,48.958879],[2.399333,48.958701],[2.398772,48.958662],[2.39823,48.958767],[2.397791,48.959001],[2.397631,48.959156],[2.397521,48.959328],[2.397462,48.959698],[2.397622,48.960055],[2.397778,48.960211],[2.398866,48.96109],[2.399653,48.961515],[2.39989,48.961819],[2.400435,48.96215],[2.400959,48.962718],[2.401785,48.963355],[2.404313,48.96458],[2.405696,48.965361],[2.407396,48.966445],[2.402027,48.969789],[2.401541,48.970137],[2.40072,48.970823],[2.399509,48.972114],[2.398465,48.973095],[2.396857,48.972066],[2.396343,48.971604],[2.396018,48.971431],[2.394954,48.97048],[2.392723,48.967873],[2.391826,48.966479],[2.391519,48.966086],[2.390572,48.965366],[2.390265,48.96527],[2.390094,48.965286],[2.389887,48.965387],[2.389812,48.96549],[2.389824,48.96566],[2.390751,48.966379],[2.391024,48.966729],[2.391927,48.968133],[2.393952,48.970497],[2.392954,48.970783],[2.389851,48.971958],[2.389342,48.972266],[2.388841,48.972473],[2.386804,48.973547],[2.386576,48.973745],[2.386592,48.973945],[2.386914,48.974298],[2.387439,48.974547],[2.386814,48.974902],[2.380225,48.975937],[2.377361,48.976322],[2.376996,48.975355],[2.37639,48.972887],[2.376326,48.972777],[2.376202,48.972693],[2.37586,48.972643],[2.375565,48.972767],[2.375493,48.972875],[2.375489,48.972992],[2.375746,48.974118],[2.375732,48.974233],[2.375944,48.975342],[2.376331,48.976495],[2.369287,48.977605],[2.369138,48.977466],[2.367239,48.973862],[2.367085,48.973712],[2.366661,48.973486],[2.366406,48.973418],[2.365862,48.973385],[2.365341,48.973492],[2.364895,48.97368],[2.364544,48.973956],[2.364436,48.974122],[2.36414,48.974996],[2.363171,48.977403],[2.361937,48.977766],[2.361405,48.977833],[2.360891,48.977838],[2.356903,48.977191],[2.352233,48.975745],[2.351428,48.975354],[2.350327,48.974583],[2.349979,48.974257],[2.349504,48.973624],[2.349192,48.973536],[2.348877,48.973619],[2.348753,48.973768],[2.348775,48.973937],[2.349014,48.974311],[2.349354,48.974703],[2.350453,48.975554],[2.351155,48.975965],[2.351836,48.976269],[2.356819,48.977791],[2.360681,48.978413],[2.361855,48.978381],[2.36287,48.97815],[2.360514,48.983995],[2.360142,48.984298],[2.360004,48.984511],[2.359931,48.984761],[2.359478,48.984798],[2.359225,48.984578],[2.359011,48.984514],[2.358731,48.984504],[2.358391,48.984612],[2.358187,48.984824],[2.355861,48.984956],[2.355488,48.98389],[2.355388,48.983776],[2.35517,48.983654],[2.355121,48.983376],[2.354598,48.982777],[2.353803,48.982035],[2.353406,48.981575],[2.35279,48.980552],[2.351979,48.979432],[2.351469,48.978909],[2.349841,48.977899],[2.349187,48.977374],[2.348611,48.976656],[2.347187,48.97439],[2.346866,48.97414],[2.346514,48.974095],[2.346185,48.974234],[2.344254,48.97474],[2.343642,48.973538],[2.343013,48.972082],[2.343063,48.971889],[2.343037,48.971773],[2.342421,48.971012],[2.341868,48.970032],[2.341423,48.969514],[2.340562,48.968659],[2.339791,48.967738],[2.33881,48.96671],[2.337043,48.964708],[2.336137,48.963911],[2.334039,48.962492],[2.332261,48.961095],[2.331664,48.960721],[2.330052,48.959899],[2.330407,48.959514],[2.330628,48.958875],[2.331905,48.957968],[2.334445,48.955902],[2.334651,48.955678],[2.334733,48.955505],[2.334738,48.955146],[2.334533,48.954812],[2.33415,48.954556],[2.333648,48.954415],[2.333101,48.954412],[2.332838,48.954463],[2.332376,48.954664],[2.329199,48.957155],[2.328044,48.957939],[2.327827,48.958277],[2.327797,48.95846],[2.327832,48.958664],[2.327075,48.958833],[2.326384,48.959207],[2.319409,48.964213],[2.316852,48.966082],[2.316416,48.966447],[2.31589,48.966768],[2.311229,48.970106],[2.311009,48.969871],[2.310555,48.969634],[2.310246,48.969552],[2.307464,48.967618],[2.307017,48.967418],[2.306758,48.967364],[2.306217,48.967361],[2.305715,48.967494],[2.305504,48.967607],[2.305329,48.967744],[2.305118,48.968072],[2.305113,48.968428],[2.305211,48.968626],[2.305141,48.968667],[2.303863,48.96752],[2.303373,48.967152],[2.302618,48.966671],[2.301714,48.966181],[2.301875,48.965895],[2.301896,48.965715],[2.301827,48.96546],[2.303672,48.964047],[2.305485,48.962338],[2.305522,48.962228],[2.305492,48.962118],[2.305335,48.961986],[2.305094,48.961934],[2.30485,48.961979],[2.302969,48.96369],[2.301311,48.964972],[2.30097,48.96484],[2.300432,48.964777],[2.299899,48.964854],[2.299451,48.96506],[2.299157,48.965363],[2.299061,48.965717],[2.299178,48.966068],[2.299348,48.96626],[2.299583,48.966427],[2.298179,48.967249],[2.29576,48.969008],[2.295174,48.969114],[2.294097,48.969599],[2.293648,48.969876],[2.293096,48.970326],[2.292596,48.970938],[2.292522,48.971164],[2.292556,48.971358],[2.292641,48.971539],[2.292904,48.97178],[2.293844,48.972209],[2.294015,48.972729],[2.294024,48.97317],[2.293841,48.973583],[2.293557,48.973921],[2.293203,48.974236],[2.292628,48.974569],[2.292329,48.974418],[2.289307,48.970677],[2.289171,48.970392],[2.288812,48.97007],[2.288744,48.96983],[2.288631,48.969666],[2.28838,48.969455],[2.288077,48.969307],[2.288588,48.969056],[2.288895,48.968754],[2.289015,48.968403],[2.288924,48.968029],[2.289351,48.967783],[2.289403,48.967617],[2.289354,48.967508],[2.289245,48.967419],[2.289008,48.967353],[2.288755,48.967385],[2.288427,48.967545],[2.287902,48.96738],[2.287269,48.96737],[2.286941,48.967439],[2.286599,48.967577],[2.286275,48.967803],[2.285883,48.967236],[2.285687,48.966559],[2.28523,48.965946],[2.288626,48.965307],[2.292006,48.964013],[2.292414,48.963772],[2.293158,48.963447],[2.293338,48.963311],[2.293564,48.962983],[2.293581,48.962624],[2.29351,48.962449],[2.293221,48.962144],[2.292777,48.961935],[2.292245,48.961853],[2.291706,48.961912],[2.287508,48.963548],[2.284073,48.964224],[2.283805,48.963753],[2.283532,48.963454],[2.281124,48.961581],[2.281354,48.96031],[2.281353,48.959921],[2.281163,48.959376],[2.280759,48.958892],[2.281419,48.957351],[2.286645,48.958156],[2.287099,48.958309],[2.2878,48.958711],[2.288305,48.958847],[2.288851,48.958846],[2.289113,48.958793],[2.289355,48.958707],[2.28974,48.958452],[2.289868,48.958293],[2.289973,48.95794],[2.289865,48.957587],[2.289504,48.957252],[2.288962,48.956926],[2.28834,48.956643],[2.287816,48.956474],[2.287119,48.956329],[2.282632,48.955636],[2.283189,48.95465],[2.283663,48.953552],[2.284068,48.952366],[2.284813,48.949676],[2.285105,48.949153],[2.285438,48.948741],[2.285785,48.948436],[2.286269,48.948109],[2.295531,48.942928],[2.296103,48.942539],[2.29657,48.942049],[2.300846,48.939668],[2.301406,48.939286],[2.301843,48.938839],[2.30214,48.938344],[2.302284,48.937821],[2.30227,48.93729],[2.302099,48.93677],[2.301778,48.936283],[2.301319,48.935846],[2.300739,48.935477],[2.300061,48.935189],[2.29931,48.934994],[2.298517,48.934899],[2.29771,48.934907],[2.296921,48.93502],[2.296181,48.935231],[2.295518,48.935534],[2.292485,48.937224],[2.291468,48.937531],[2.290831,48.93787],[2.288175,48.93948],[2.280188,48.944012],[2.27944,48.944514],[2.278211,48.945553],[2.277477,48.946383],[2.2769,48.947203],[2.275571,48.946796],[2.270825,48.945628],[2.270312,48.945463],[2.265636,48.943589],[2.261682,48.942144],[2.259005,48.940841],[2.257716,48.940419],[2.256695,48.940319],[2.256746,48.940101],[2.25665,48.939734],[2.256348,48.93942],[2.255886,48.939206],[2.255336,48.939124],[2.254779,48.939187],[2.254302,48.939386],[2.253928,48.939704],[2.246611,48.936128],[2.245624,48.935536],[2.242823,48.933502],[2.243108,48.933205],[2.243201,48.93285],[2.243081,48.932499],[2.242767,48.932206],[2.242305,48.932013],[2.241767,48.931952],[2.241235,48.932031],[2.240754,48.932262],[2.238338,48.931145],[2.235565,48.929738],[2.233387,48.928757],[2.230786,48.927168],[2.228664,48.926036],[2.224959,48.923729],[2.222684,48.92247],[2.223435,48.921878],[2.223737,48.921476],[2.223913,48.921042],[2.223958,48.920595],[2.22387,48.92015],[2.223652,48.919725],[2.223312,48.919336],[2.222688,48.918891],[2.222146,48.918619],[2.221534,48.918423],[2.220875,48.918309],[2.220196,48.918282],[2.219521,48.918343],[2.218878,48.918489],[2.21829,48.918715],[2.21778,48.919012],[2.216709,48.919781],[2.216198,48.920267],[2.215708,48.920021],[2.214547,48.919312],[2.21344,48.918293],[2.213002,48.917948],[2.210263,48.916361],[2.209733,48.916116],[2.209189,48.915936],[2.207339,48.91551],[2.20642,48.915228],[2.204091,48.914289],[2.203756,48.914255],[2.203534,48.914341],[2.203423,48.914494],[2.20346,48.914662],[2.203632,48.914789],[2.205999,48.915743],[2.207021,48.916056],[2.208824,48.916468],[2.209729,48.916828],[2.212366,48.918356],[2.213889,48.919705],[2.215182,48.920501],[2.215868,48.920854],[2.215776,48.921421],[2.215841,48.921748],[2.215239,48.921844],[2.212474,48.922208],[2.208612,48.922628],[2.208175,48.922571],[2.207709,48.922588],[2.207291,48.922676],[2.206894,48.922835],[2.206462,48.922887],[2.205081,48.922473],[2.204741,48.922466],[2.204537,48.922569],[2.204466,48.922673],[2.20446,48.922787],[2.204574,48.922939],[2.204903,48.923062],[2.20449,48.923126],[2.203699,48.92335],[2.203327,48.923614],[2.203136,48.923951],[2.203155,48.92431],[2.203382,48.924637],[2.203781,48.924882],[2.204293,48.925008],[2.205249,48.924957],[2.208507,48.92458],[2.210576,48.925596],[2.211946,48.926219],[2.212586,48.926446],[2.210936,48.927596],[2.210683,48.927579],[2.210456,48.927659],[2.209465,48.928387],[2.208196,48.929695],[2.206693,48.930938],[2.205024,48.932648],[2.203761,48.933853],[2.202867,48.934597],[2.202641,48.934718],[2.201649,48.935518],[2.201447,48.935627],[2.200699,48.935879],[2.200529,48.936073],[2.200541,48.936187],[2.200677,48.936331],[2.200999,48.936403],[2.201802,48.936166],[2.202351,48.935914],[2.203302,48.935114],[2.203562,48.934986],[2.204487,48.93419],[2.205648,48.933083],[2.207761,48.933958],[2.206599,48.935199],[2.206246,48.935725],[2.205925,48.936393],[2.205725,48.937112],[2.205449,48.939736],[2.20536,48.941106],[2.20502,48.941164],[2.204843,48.941355],[2.20485,48.941469],[2.204981,48.941615],[2.205341,48.941691],[2.205175,48.942844],[2.2052,48.943086],[2.204995,48.944562],[2.205005,48.944887],[2.204931,48.945151],[2.204574,48.949194],[2.204561,48.949281],[2.204301,48.949652],[2.204247,48.949861],[2.204268,48.950137],[2.204414,48.950433],[2.204307,48.952039],[2.203873,48.956584],[2.203755,48.957029],[2.203472,48.95772],[2.203028,48.958365],[2.202507,48.95852],[2.202078,48.958804],[2.197093,48.957928],[2.19591,48.957856],[2.195233,48.957872],[2.194286,48.957968],[2.18921,48.958879],[2.188945,48.95814],[2.188563,48.957337],[2.188108,48.956764],[2.187619,48.956269],[2.187585,48.956114],[2.187677,48.955987],[2.187708,48.955837],[2.187617,48.955622],[2.187359,48.955448],[2.186816,48.955386],[2.186455,48.955192],[2.185469,48.954335],[2.185071,48.953914],[2.185272,48.953718],[2.185408,48.953369],[2.185331,48.953013],[2.185039,48.952654],[2.184677,48.952385],[2.184185,48.952228],[2.183914,48.9522],[2.183374,48.952249],[2.183124,48.952325],[2.182716,48.952563],[2.182478,48.952887],[2.182446,48.953246],[2.18251,48.953422],[2.182806,48.953788],[2.182968,48.953934],[2.183405,48.95415],[2.183934,48.954239],[2.18431,48.954215],[2.184752,48.954679],[2.185723,48.955527],[2.186248,48.955837],[2.186379,48.95608],[2.186682,48.956278],[2.18685,48.956568],[2.187646,48.957408],[2.187851,48.957753],[2.188243,48.958682],[2.188362,48.959058],[2.188308,48.959218],[2.188326,48.959357],[2.18851,48.959544],[2.188964,48.96051],[2.189522,48.961522],[2.190884,48.96358],[2.192089,48.965273],[2.192897,48.966508],[2.193245,48.96694],[2.193684,48.967291],[2.194453,48.96769],[2.194939,48.968126],[2.185199,48.975001],[2.184702,48.975374],[2.184256,48.975805],[2.183803,48.976409],[2.181239,48.980251],[2.180783,48.981049],[2.180529,48.981776],[2.180424,48.982262],[2.180421,48.984698],[2.178621,48.985464],[2.177589,48.985594],[2.175432,48.986059],[2.174451,48.986191],[2.173799,48.986335],[2.171333,48.986534],[2.167159,48.987645],[2.166569,48.987886],[2.163918,48.989428],[2.162519,48.98866],[2.162275,48.988604],[2.162026,48.988647],[2.161827,48.988828],[2.16182,48.988942],[2.16188,48.989049],[2.163193,48.989789],[2.16117,48.990941],[2.161034,48.991085],[2.161023,48.991199],[2.161128,48.991427],[2.161687,48.992333],[2.161941,48.992482],[2.16228,48.99247],[2.162507,48.992303],[2.162518,48.992133],[2.161986,48.991265],[2.163408,48.990407],[2.164653,48.989786],[2.16731,48.988249],[2.171548,48.987101],[2.173249,48.986965],[2.173429,48.987012],[2.173755,48.987005],[2.174656,48.98676],[2.175697,48.986617],[2.177815,48.98616],[2.178895,48.98602],[2.179258,48.985912],[2.180431,48.985399],[2.180476,48.990645],[2.179867,48.990503],[2.179323,48.990539],[2.178446,48.990842],[2.177631,48.991268],[2.177008,48.991743],[2.176554,48.992218],[2.176155,48.992902],[2.175821,48.993339],[2.175765,48.993516],[2.175791,48.993801],[2.173458,48.994549],[2.173091,48.99457],[2.172785,48.994785],[2.171552,48.995152],[2.16648,48.995841],[2.166257,48.995783],[2.165965,48.995808],[2.165775,48.995899],[2.165677,48.996011],[2.16388,48.99675],[2.161673,48.997782],[2.161193,48.998055],[2.160329,48.998412],[2.159268,48.998955],[2.158095,48.999412],[2.157402,48.999527],[2.156738,48.999555],[2.154786,48.999553],[2.15202,48.999475],[2.152225,48.999283],[2.152943,48.998071],[2.153496,48.997271],[2.15402,48.996621],[2.155153,48.995516],[2.155879,48.995186],[2.156124,48.99497],[2.156268,48.994741],[2.156248,48.994572],[2.156012,48.994411],[2.155756,48.994391],[2.15547,48.994511],[2.155304,48.99474],[2.154866,48.994916],[2.154472,48.99514],[2.153422,48.996144],[2.152697,48.997015],[2.152119,48.997852],[2.151415,48.999042],[2.151102,48.999346],[2.150739,48.999454],[2.148916,48.999449],[2.148029,48.999501],[2.147183,48.999614],[2.146817,48.999537],[2.14655,48.999549],[2.146298,48.99963],[2.146099,48.999809],[2.145921,48.999889],[2.143892,49.000342],[2.143369,49.000053],[2.14288,48.999885],[2.14233,48.999852],[2.142059,48.99989],[2.141634,49.000028],[2.141259,49.000258],[2.136764,49.001468],[2.133961,49.002047],[2.13191,49.002693],[2.130411,49.003091],[2.129997,49.003331],[2.129852,49.003487],[2.129755,49.003658],[2.129716,49.00395],[2.129242,49.004097],[2.128194,49.004337],[2.127882,49.004348],[2.127615,49.004257],[2.127367,49.00424],[2.127099,49.004292],[2.126831,49.004445],[2.125315,49.004463],[2.124175,49.004587],[2.123942,49.004659],[2.123809,49.004805],[2.123801,49.004919],[2.123911,49.005072],[2.124132,49.00516],[2.125423,49.005044],[2.126108,49.005031],[2.125091,49.005572],[2.124548,49.005926],[2.124511,49.006093],[2.124621,49.006247],[2.12476,49.006315],[2.125016,49.006339],[2.125249,49.006267],[2.126506,49.005555],[2.127471,49.005244],[2.127958,49.004971],[2.128544,49.004897],[2.130043,49.004495],[2.130264,49.004636],[2.13076,49.004795],[2.131034,49.004825],[2.131581,49.004776],[2.133062,49.004393],[2.135005,49.003777],[2.137733,49.003217],[2.141675,49.002146],[2.142099,49.00289],[2.142482,49.003414],[2.142892,49.003841],[2.143443,49.00428],[2.144161,49.004726],[2.14512,49.0052],[2.146075,49.005957],[2.146657,49.006329],[2.147405,49.00667],[2.148892,49.007185],[2.149035,49.007536],[2.1494,49.007886],[2.149781,49.008079],[2.150362,49.00822],[2.151025,49.008653],[2.148004,49.01006],[2.146676,49.010728],[2.144688,49.011818],[2.142159,49.013378],[2.138192,49.016094],[2.137067,49.015167],[2.134929,49.013941],[2.133137,49.012537],[2.132031,49.011836],[2.130166,49.010769],[2.130001,49.010589],[2.12981,49.01052],[2.129535,49.010508],[2.127205,49.009442],[2.12695,49.00942],[2.126718,49.009495],[2.126617,49.009587],[2.126577,49.009698],[2.126605,49.009811],[2.126696,49.009908],[2.129126,49.01103],[2.129293,49.011166],[2.129647,49.011244],[2.131445,49.012276],[2.132488,49.012937],[2.13429,49.014348],[2.136503,49.015625],[2.137579,49.016526],[2.132139,49.020386],[2.131126,49.021149],[2.12961,49.022381],[2.125701,49.025776],[2.124793,49.026396],[2.123232,49.027247],[2.1222,49.027672],[2.121092,49.02801],[2.119643,49.02835],[2.118506,49.028527],[2.117904,49.027953],[2.112929,49.024432],[2.112835,49.024275],[2.112536,49.024135],[2.111472,49.023243],[2.112458,49.022814],[2.113525,49.02214],[2.115147,49.020748],[2.115263,49.020596],[2.115298,49.020447],[2.115168,49.02023],[2.113218,49.018685],[2.112844,49.018172],[2.110969,49.015312],[2.110823,49.014899],[2.11083,49.014158],[2.110769,49.014009],[2.110658,49.013921],[2.110419,49.013857],[2.110247,49.013869],[2.110094,49.013923],[2.109953,49.014065],[2.109941,49.014971],[2.110134,49.015511],[2.110639,49.016261],[2.110705,49.016458],[2.110886,49.016651],[2.112032,49.018409],[2.112353,49.018822],[2.112427,49.018991],[2.114339,49.020485],[2.113213,49.021468],[2.112609,49.021929],[2.111899,49.022359],[2.111,49.022747],[2.107818,49.020031],[2.107573,49.019978],[2.107336,49.020014],[2.105801,49.020649],[2.105267,49.020233],[2.104456,49.019698],[2.094922,49.013974],[2.094552,49.013698],[2.094301,49.013403],[2.094188,49.013211],[2.096581,49.012642],[2.097781,49.012246],[2.099146,49.011916],[2.101997,49.011438],[2.105884,49.010436],[2.110306,49.00967],[2.110858,49.009523],[2.111262,49.009279],[2.111402,49.009123],[2.111531,49.008773],[2.111516,49.008592],[2.111328,49.008253],[2.110957,49.007988],[2.110461,49.007836],[2.109913,49.007821],[2.10506,49.008669],[2.101514,49.009598],[2.098901,49.010033],[2.097083,49.01044],[2.09554,49.010925],[2.093026,49.01152],[2.092608,49.011235],[2.09194,49.010929],[2.091195,49.010716],[2.0904,49.010602],[2.089587,49.010592],[2.088787,49.010686],[2.0878,49.010952],[2.087123,49.011248],[2.086547,49.011626],[2.086094,49.01207],[2.085781,49.012564],[2.085621,49.013088],[2.085619,49.013623],[2.085776,49.014148],[2.085927,49.014477],[2.085427,49.01445],[2.079462,49.013469],[2.078255,49.013166],[2.077973,49.012969],[2.077989,49.012542],[2.077901,49.012207],[2.077864,49.011744],[2.077692,49.011314],[2.077395,49.010914],[2.076986,49.01056],[2.076488,49.010258],[2.075688,49.009907],[2.075634,49.009738],[2.075465,49.009511],[2.075277,49.00833],[2.076128,49.008166],[2.076715,49.007941],[2.077224,49.007645],[2.077636,49.007289],[2.078034,49.006711],[2.078405,49.005733],[2.078475,49.005093],[2.078371,49.004651],[2.078138,49.004232],[2.077785,49.00385],[2.077326,49.003521],[2.076777,49.003257],[2.076161,49.003069],[2.075501,49.002963],[2.074823,49.002944],[2.074152,49.003013],[2.073514,49.003166],[2.072934,49.003398],[2.072433,49.0037],[2.072032,49.004061],[2.071746,49.004466],[2.071265,49.005731],[2.071223,49.006177],[2.071315,49.00662],[2.071536,49.007042],[2.071877,49.007428],[2.072437,49.007818],[2.072429,49.008231],[2.066943,49.005016],[2.066111,49.004603],[2.065284,49.004338],[2.06453,49.004196],[2.063547,49.004133],[2.062535,49.004203],[2.061354,49.004474],[2.060382,49.004901],[2.059733,49.005339],[2.058339,49.006603],[2.05799,49.006987],[2.057762,49.007408],[2.057663,49.00785],[2.057697,49.008296],[2.057863,49.008729],[2.058114,49.009078],[2.056078,49.010908],[2.055825,49.011025],[2.055322,49.01111],[2.054963,49.010993],[2.054507,49.010916],[2.05494,49.010168],[2.055175,49.009509],[2.056243,49.008282],[2.056247,49.008112],[2.056105,49.007969],[2.056382,49.007947],[2.056573,49.007833],[2.057536,49.006236],[2.057863,49.005854],[2.057893,49.005741],[2.057855,49.00563],[2.05761,49.005475],[2.057352,49.005463],[2.057128,49.005546],[2.056736,49.005982],[2.056088,49.007002],[2.055773,49.007585],[2.055761,49.007754],[2.055911,49.007908],[2.055698,49.007912],[2.055481,49.008004],[2.054432,49.009178],[2.054287,49.009409],[2.054198,49.009727],[2.053952,49.010268],[2.05351,49.010967],[2.052749,49.010853],[2.051563,49.010438],[2.050694,49.010239],[2.048902,49.010112],[2.047611,49.009944],[2.044929,49.009799],[2.044479,49.009613],[2.044214,49.009565],[2.043668,49.009572],[2.043167,49.009717],[2.042789,49.009977],[2.04264,49.010195],[2.041229,49.010223],[2.040412,49.010188],[2.039384,49.010042],[2.038575,49.009837],[2.037347,49.009352],[2.035798,49.008461],[2.035316,49.008239],[2.036026,49.007224],[2.036373,49.006496],[2.036561,49.005864],[2.036531,49.005696],[2.036363,49.005567],[2.036115,49.005521],[2.03587,49.005574],[2.03571,49.005707],[2.035443,49.006506],[2.034959,49.0074],[2.034595,49.007886],[2.034256,49.007953],[2.034044,49.008089],[2.033958,49.008345],[2.034053,49.008545],[2.033583,49.009014],[2.032937,49.009521],[2.032419,49.009857],[2.031769,49.0102],[2.031045,49.010451],[2.030761,49.010478],[2.030572,49.010561],[2.030428,49.010674],[2.030374,49.010785],[2.029059,49.011704],[2.026035,49.014285],[2.025441,49.014711],[2.024744,49.015382],[2.021991,49.017725],[2.021549,49.018236],[2.021282,49.018707],[2.021135,49.019156],[2.021079,49.019723],[2.02117,49.020263],[2.020874,49.020422],[2.020711,49.020567],[2.020528,49.020906],[2.020557,49.021266],[2.020868,49.022098],[2.020989,49.022803],[2.020983,49.023043],[2.020676,49.023818],[2.020661,49.024125],[2.020834,49.02449],[2.02114,49.02574],[2.021512,49.026779],[2.021634,49.027516],[2.021618,49.027845],[2.021508,49.028311],[2.021158,49.029092],[2.020804,49.02938],[2.019149,49.029125],[2.018,49.028797],[2.01575,49.027966],[2.015465,49.027739],[2.01507,49.027698],[2.013255,49.027003],[2.012675,49.026838],[2.01169,49.026704],[2.007711,49.026383],[2.005535,49.025569],[2.004366,49.025072],[2.004289,49.024693],[2.004118,49.024439],[2.003543,49.02403],[2.003113,49.023821],[2.002628,49.023697],[2.001209,49.023551],[2.000942,49.023465],[2.000598,49.023492],[1.999831,49.023427],[2.00038,49.02268],[2.000455,49.02238],[2.000396,49.02208],[2.000069,49.021662],[1.997875,49.019973],[1.997709,49.01962],[1.997565,49.019059],[1.997643,49.018513],[1.99783,49.018031],[1.998019,49.017834],[1.998024,49.017672],[1.998421,49.017073],[1.998761,49.016665],[2.00405,49.011234],[2.004201,49.011],[2.004205,49.010853],[2.004057,49.0107],[2.003851,49.010641],[2.00358,49.010673],[2.003325,49.010851],[2.002605,49.011658],[2.000348,49.01388],[2.000144,49.01414],[1.998347,49.01596],[1.997631,49.016805],[1.997223,49.017418],[1.996984,49.017574],[1.996916,49.017751],[1.996961,49.017908],[1.996698,49.018691],[1.996709,49.019263],[1.996874,49.019837],[1.997072,49.020225],[1.997652,49.020726],[1.997362,49.020862],[1.995929,49.020842],[1.995699,49.020918],[1.995571,49.021065],[1.995566,49.021179],[1.995682,49.021331],[1.995993,49.021422],[1.997558,49.021435],[1.997819,49.021373],[1.998233,49.021169],[1.999364,49.022019],[1.999542,49.022241],[1.999531,49.022506],[1.999041,49.02313],[1.998949,49.023341],[1.99851,49.0287],[1.998299,49.028916],[1.998139,49.029003],[1.99576,49.030142],[1.99539,49.030299],[1.995015,49.030361],[1.994785,49.030492],[1.994674,49.030636],[1.994589,49.030904],[1.99395,49.031577],[1.992496,49.033602],[1.99233,49.033278],[1.992093,49.032351],[1.991894,49.031982],[1.991277,49.031083],[1.990846,49.030144],[1.990636,49.029078],[1.990728,49.02895],[1.990744,49.028809],[1.9907,49.028692],[1.990577,49.028574],[1.990352,49.028481],[1.990074,49.028459],[1.98671,49.027254],[1.985686,49.026999],[1.983933,49.02607],[1.982331,49.0256],[1.980164,49.02522],[1.979878,49.02515],[1.979652,49.025004],[1.979325,49.024956],[1.979044,49.025023],[1.978837,49.02522],[1.978813,49.025347],[1.978864,49.025481],[1.979057,49.025623]],[[2.22837,49.131076],[2.223439,49.129437],[2.21596,49.126011],[2.213659,49.125126],[2.213247,49.124889],[2.21294,49.12453],[2.212737,49.124145],[2.211749,49.122039],[2.21104,49.120277],[2.210425,49.118559],[2.210319,49.117687],[2.210443,49.117115],[2.210439,49.116433],[2.209835,49.11395],[2.21029,49.113828],[2.211859,49.113606],[2.213292,49.113225],[2.213531,49.113729],[2.213628,49.113788],[2.21375,49.113787],[2.218696,49.112428],[2.219677,49.11236],[2.223309,49.111351],[2.224277,49.113304],[2.224451,49.113574],[2.225119,49.114358],[2.225895,49.115032],[2.228943,49.117295],[2.229296,49.117638],[2.22995,49.118651],[2.229795,49.118852],[2.229695,49.119109],[2.229686,49.119393],[2.229744,49.119601],[2.230012,49.119966],[2.230361,49.120204],[2.23076,49.120361],[2.231283,49.120452],[2.231632,49.120454],[2.232153,49.120372],[2.24751,49.124046],[2.247505,49.124249],[2.247631,49.124604],[2.247826,49.124848],[2.24806,49.125031],[2.248689,49.125305],[2.249021,49.125366],[2.249562,49.12538],[2.249774,49.125584],[2.24981,49.126104],[2.24993,49.130706],[2.249865,49.13296],[2.249764,49.134195],[2.249593,49.135262],[2.249282,49.136732],[2.248929,49.137959],[2.245742,49.136834],[2.242248,49.135674],[2.240685,49.135293],[2.237485,49.134284],[2.235021,49.133242],[2.22837,49.131076]],[[2.232937,49.118537],[2.231974,49.117049],[2.23151,49.116475],[2.23109,49.116106],[2.227905,49.113737],[2.227372,49.113239],[2.226891,49.112631],[2.226218,49.111211],[2.225898,49.110641],[2.23041,49.109417],[2.230712,49.109594],[2.231223,49.109724],[2.231497,49.109738],[2.232032,49.10966],[2.249054,49.10495],[2.249385,49.10494],[2.249848,49.104844],[2.250344,49.104587],[2.262398,49.101227],[2.262573,49.101355],[2.260246,49.102045],[2.259281,49.102418],[2.258187,49.102942],[2.256423,49.103973],[2.255951,49.104126],[2.255305,49.104451],[2.254767,49.104854],[2.254246,49.105351],[2.253713,49.105947],[2.253309,49.106487],[2.252966,49.107094],[2.252178,49.108718],[2.251273,49.110941],[2.249556,49.113964],[2.249068,49.115069],[2.248738,49.11608],[2.248472,49.117129],[2.248363,49.117915],[2.248309,49.119516],[2.248455,49.120922],[2.248613,49.121456],[2.249203,49.122491],[2.232955,49.118582],[2.232937,49.118537]],[[2.230052,49.108882],[2.225471,49.110124],[2.222635,49.107538],[2.222174,49.107066],[2.219714,49.104246],[2.218264,49.101471],[2.21414,49.09457],[2.213824,49.094212],[2.213337,49.093801],[2.211456,49.092651],[2.210934,49.092149],[2.209257,49.088329],[2.20834,49.086451],[2.208239,49.086019],[2.208334,49.08536],[2.208342,49.084936],[2.208269,49.084603],[2.208117,49.084241],[2.20751,49.083172],[2.207139,49.082903],[2.206577,49.082742],[2.20669,49.081833],[2.206671,49.081282],[2.206568,49.080908],[2.206146,49.079936],[2.205736,49.079086],[2.205233,49.078272],[2.204541,49.077458],[2.203428,49.076386],[2.207245,49.075067],[2.207576,49.075081],[2.209574,49.075407],[2.21035,49.075432],[2.210713,49.075379],[2.210981,49.075244],[2.212343,49.07426],[2.212856,49.073975],[2.215501,49.073078],[2.217753,49.072001],[2.218554,49.072558],[2.219326,49.073024],[2.221216,49.073951],[2.221979,49.074264],[2.223366,49.074742],[2.225478,49.075301],[2.22746,49.075649],[2.229977,49.075888],[2.237153,49.076012],[2.238524,49.07621],[2.240009,49.076623],[2.240593,49.07684],[2.241818,49.077411],[2.248134,49.080652],[2.249372,49.081453],[2.250244,49.082137],[2.250975,49.082818],[2.251582,49.083485],[2.252037,49.084057],[2.252417,49.084632],[2.252861,49.085434],[2.253253,49.086421],[2.253534,49.087611],[2.253725,49.089735],[2.253999,49.091223],[2.254496,49.092709],[2.255136,49.094056],[2.255582,49.094798],[2.256178,49.09566],[2.256803,49.096457],[2.257368,49.097075],[2.258498,49.098175],[2.260477,49.099757],[2.249282,49.102881],[2.248959,49.102882],[2.248435,49.102983],[2.247912,49.103266],[2.230901,49.107973],[2.230452,49.108179],[2.230283,49.108322],[2.230084,49.108657],[2.230052,49.108882]],[[2.230035,49.070236],[2.229082,49.070146],[2.227664,49.069864],[2.226484,49.069501],[2.225325,49.06901],[2.224491,49.068535],[2.223996,49.068186],[2.21996,49.065167],[2.218725,49.064104],[2.217685,49.062946],[2.217095,49.062086],[2.215609,49.059507],[2.214858,49.058524],[2.214275,49.057899],[2.213456,49.057156],[2.212009,49.056085],[2.210617,49.055308],[2.209346,49.054714],[2.206089,49.05354],[2.204567,49.052906],[2.200744,49.050823],[2.203051,49.047764],[2.203324,49.04756],[2.203495,49.047366],[2.203616,49.047189],[2.203716,49.046873],[2.204094,49.046366],[2.204342,49.046069],[2.208662,49.042923],[2.212709,49.038399],[2.213662,49.037125],[2.214664,49.035926],[2.21775,49.032523],[2.217921,49.032211],[2.217937,49.032002],[2.217815,49.03168],[2.217606,49.031468],[2.218807,49.030156],[2.219109,49.029943],[2.223565,49.027793],[2.224014,49.027338],[2.225217,49.026472],[2.22564,49.026302],[2.227276,49.025827],[2.229051,49.024996],[2.231666,49.024184],[2.233439,49.023315],[2.234123,49.022911],[2.234889,49.022603],[2.236626,49.022108],[2.237986,49.021618],[2.23968,49.02077],[2.240881,49.020291],[2.241561,49.019958],[2.242541,49.019607],[2.244359,49.018792],[2.244798,49.018582],[2.246412,49.017649],[2.247838,49.017282],[2.248099,49.017111],[2.251567,49.013989],[2.25236,49.013935],[2.252857,49.013785],[2.253228,49.013522],[2.253349,49.013359],[2.25343,49.013062],[2.254821,49.012621],[2.256752,49.012232],[2.258716,49.01144],[2.260481,49.011293],[2.261396,49.011033],[2.261885,49.01124],[2.262424,49.011298],[2.262957,49.011216],[2.263489,49.011057],[2.264198,49.0108],[2.264396,49.010674],[2.264662,49.01036],[2.264721,49.010184],[2.264709,49.009941],[2.268608,49.008633],[2.269435,49.008441],[2.27001,49.008202],[2.270253,49.008009],[2.272933,49.006841],[2.273135,49.006844],[2.273347,49.006951],[2.273588,49.006998],[2.273985,49.007028],[2.274287,49.006986],[2.274559,49.006822],[2.274627,49.006696],[2.274631,49.006551],[2.274768,49.00642],[2.276791,49.005691],[2.280147,49.00426],[2.280271,49.004369],[2.2804,49.004731],[2.280738,49.005029],[2.281142,49.005592],[2.281238,49.006224],[2.281151,49.006565],[2.280828,49.007059],[2.28065,49.007925],[2.280128,49.008748],[2.279816,49.009423],[2.279779,49.009614],[2.279792,49.009819],[2.27987,49.010015],[2.28056,49.011133],[2.280991,49.01174],[2.281124,49.012051],[2.281202,49.014177],[2.281152,49.014401],[2.280765,49.015214],[2.28068,49.015529],[2.280677,49.01686],[2.280766,49.017019],[2.281059,49.017133],[2.281395,49.017098],[2.283149,49.016593],[2.283492,49.016393],[2.28403,49.015908],[2.285317,49.015375],[2.285465,49.015219],[2.285518,49.015041],[2.285709,49.014957],[2.286106,49.015118],[2.286926,49.015811],[2.287605,49.016764],[2.288088,49.017818],[2.288336,49.018146],[2.288659,49.018406],[2.289486,49.018907],[2.289975,49.01935],[2.290455,49.020201],[2.290624,49.020805],[2.290943,49.021263],[2.291242,49.021525],[2.29166,49.021785],[2.292885,49.022219],[2.293731,49.022956],[2.295576,49.025054],[2.295987,49.025368],[2.296581,49.025715],[2.297711,49.026127],[2.298808,49.026322],[2.29979,49.026324],[2.3035,49.026057],[2.310231,49.026827],[2.310498,49.026909],[2.310598,49.027093],[2.310536,49.027374],[2.309566,49.02781],[2.309147,49.028084],[2.308959,49.028249],[2.308634,49.028675],[2.307187,49.029965],[2.306859,49.030468],[2.306772,49.030993],[2.306906,49.031488],[2.307262,49.031971],[2.30768,49.03231],[2.308921,49.033121],[2.309222,49.033391],[2.309464,49.033704],[2.309652,49.03413],[2.310643,49.037243],[2.310792,49.037573],[2.311017,49.037864],[2.311253,49.038072],[2.311702,49.038276],[2.312237,49.038352],[2.312869,49.038256],[2.316878,49.04082],[2.317267,49.041003],[2.31817,49.041256],[2.318769,49.041492],[2.319069,49.041672],[2.319461,49.042004],[2.319394,49.042129],[2.319393,49.042265],[2.319564,49.042504],[2.319857,49.042607],[2.320164,49.042597],[2.320941,49.043191],[2.321212,49.043336],[2.323325,49.044109],[2.323289,49.044437],[2.323347,49.044614],[2.323456,49.044779],[2.32381,49.045054],[2.326836,49.046042],[2.328285,49.046611],[2.328827,49.046887],[2.327913,49.048041],[2.327353,49.049066],[2.327127,49.049208],[2.326658,49.049645],[2.326329,49.050134],[2.326151,49.050657],[2.326104,49.050949],[2.32605,49.052061],[2.326129,49.052814],[2.32628,49.053529],[2.326609,49.054478],[2.327532,49.056516],[2.327716,49.05727],[2.327755,49.057803],[2.32766,49.058482],[2.327143,49.059924],[2.325248,49.059583],[2.32299,49.05933],[2.32151,49.059232],[2.31717,49.05912],[2.315508,49.058998],[2.314245,49.058834],[2.313182,49.058646],[2.311465,49.058244],[2.30113,49.055313],[2.299396,49.054895],[2.292163,49.053788],[2.290489,49.053712],[2.288763,49.053792],[2.287152,49.054044],[2.28616,49.054276],[2.285282,49.054544],[2.284095,49.055007],[2.282371,49.055922],[2.27706,49.059071],[2.2765,49.059355],[2.275674,49.059681],[2.274751,49.059939],[2.273902,49.060097],[2.263721,49.061315],[2.261943,49.061658],[2.260842,49.06195],[2.259607,49.06235],[2.258352,49.062853],[2.253976,49.064905],[2.253169,49.065228],[2.252051,49.06554],[2.249131,49.066166],[2.247898,49.06654],[2.246866,49.066918],[2.245939,49.067326],[2.241848,49.069452],[2.241047,49.069787],[2.240483,49.069961],[2.239359,49.070203],[2.23841,49.070304],[2.231548,49.070284],[2.230035,49.070236]],[[2.237138,49.021262],[2.236231,49.021584],[2.234444,49.022097],[2.233584,49.022446],[2.232869,49.022866],[2.231206,49.023683],[2.228568,49.024505],[2.228257,49.024169],[2.227952,49.024004],[2.227871,49.023891],[2.231858,49.022375],[2.232048,49.02219],[2.232048,49.022076],[2.231982,49.02197],[2.231782,49.021862],[2.231442,49.021862],[2.227416,49.023389],[2.226993,49.023165],[2.224622,49.020952],[2.224535,49.02082],[2.223385,49.019844],[2.225254,49.018658],[2.225918,49.01832],[2.227964,49.017432],[2.228737,49.016966],[2.229242,49.01659],[2.229779,49.016072],[2.230306,49.015358],[2.231361,49.013023],[2.242798,49.010452],[2.243179,49.010955],[2.243941,49.011652],[2.244474,49.012047],[2.245313,49.012478],[2.246774,49.012971],[2.250667,49.01381],[2.247353,49.016787],[2.245934,49.017156],[2.243846,49.018314],[2.242047,49.019121],[2.241124,49.019448],[2.240366,49.019814],[2.2392,49.020278],[2.237915,49.020942],[2.237138,49.021262]],[[2.239681,49.005003],[2.238612,49.005341],[2.224028,49.008731],[2.222143,49.009217],[2.220476,49.009739],[2.219286,49.010177],[2.217474,49.01095],[2.216097,49.011667],[2.215239,49.010534],[2.215235,49.010297],[2.215096,49.00998],[2.21495,49.009807],[2.21454,49.009551],[2.21265,49.00695],[2.211558,49.00563],[2.211219,49.005051],[2.222769,49.001328],[2.223046,49.00135],[2.223212,49.001313],[2.223368,49.001232],[2.223476,49.001097],[2.226299,49.000185],[2.227788,48.999532],[2.228671,48.999199],[2.229681,48.998893],[2.232561,48.99807],[2.232954,48.998274],[2.233479,48.998375],[2.234022,48.998336],[2.234275,48.998265],[2.234694,48.998034],[2.234844,48.997883],[2.234946,48.997715],[2.234994,48.997362],[2.23634,48.996961],[2.236884,48.997195],[2.237425,48.997245],[2.237749,48.997205],[2.238136,48.997757],[2.238089,48.998293],[2.238127,48.998694],[2.23806,48.998913],[2.23807,48.999141],[2.238146,48.999343],[2.23839,48.999626],[2.23882,49.000974],[2.238848,49.001299],[2.240695,49.004418],[2.240129,49.004783],[2.239681,49.005003]],[[2.23445,48.996557],[2.233368,48.995277],[2.233916,48.994997],[2.234079,48.994853],[2.234242,48.994575],[2.23531,48.994209],[2.235464,48.994328],[2.23626,48.995276],[2.235954,48.99606],[2.23595,48.996436],[2.234667,48.996818],[2.23445,48.996557]],[[2.236625,48.992424],[2.236174,48.992227],[2.235913,48.992176],[2.235394,48.992173],[2.234904,48.992271],[2.232204,48.988919],[2.233078,48.988528],[2.234212,48.988234],[2.236034,48.987504],[2.236605,48.987326],[2.236716,48.987561],[2.23689,48.987694],[2.237158,48.987756],[2.237425,48.987721],[2.237635,48.987602],[2.237727,48.98741],[2.237694,48.987285],[2.23753,48.987052],[2.238125,48.986798],[2.238974,48.988545],[2.241193,48.992644],[2.241597,48.993564],[2.2419,48.99448],[2.239369,48.995319],[2.239181,48.995234],[2.239173,48.99505],[2.239036,48.994757],[2.237811,48.993349],[2.237214,48.992787],[2.236625,48.992424]],[[2.234784,48.985854],[2.232944,48.98659],[2.232058,48.98681],[2.231174,48.985816],[2.229941,48.984649],[2.229647,48.984316],[2.229961,48.983986],[2.230026,48.98381],[2.230031,48.983598],[2.230594,48.983517],[2.231998,48.983687],[2.233089,48.983949],[2.235183,48.984145],[2.235051,48.98449],[2.234962,48.984931],[2.235015,48.985487],[2.23509,48.985758],[2.234784,48.985854]],[[2.247668,48.982024],[2.247541,48.981714],[2.248091,48.98148],[2.249245,48.981142],[2.250253,48.980955],[2.250768,48.980986],[2.251164,48.980862],[2.251664,48.980812],[2.25285,48.980699],[2.253386,48.980744],[2.253712,48.980609],[2.255489,48.980288],[2.255419,48.980575],[2.255501,48.981951],[2.255694,48.9831],[2.255585,48.983308],[2.255651,48.983477],[2.255795,48.983631],[2.256036,48.985208],[2.256122,48.985455],[2.256041,48.985659],[2.256049,48.985807],[2.256115,48.985921],[2.256349,48.986066],[2.256409,48.986156],[2.256839,48.987149],[2.258161,48.989008],[2.256368,48.989572],[2.255988,48.989578],[2.255127,48.989416],[2.251491,48.988396],[2.251144,48.988405],[2.250475,48.988585],[2.247873,48.984626],[2.247839,48.984417],[2.248062,48.983802],[2.248105,48.983207],[2.247978,48.982692],[2.247668,48.982024]],[[2.250934,48.980284],[2.250515,48.98026],[2.250283,48.98035],[2.248627,48.980669],[2.24765,48.980973],[2.246929,48.981285],[2.246163,48.981152],[2.245267,48.979641],[2.244363,48.978663],[2.244316,48.978122],[2.244367,48.977805],[2.244421,48.977737],[2.246217,48.977098],[2.247458,48.976545],[2.248539,48.97597],[2.249762,48.975195],[2.253029,48.974003],[2.255862,48.972676],[2.255925,48.972965],[2.255922,48.973319],[2.25564,48.974661],[2.255687,48.975681],[2.255643,48.977121],[2.255775,48.978885],[2.255652,48.979608],[2.255478,48.97968],[2.253703,48.980005],[2.253191,48.980011],[2.252751,48.980121],[2.250934,48.980284]],[[2.24412,48.970817],[2.243398,48.971371],[2.242599,48.971853],[2.241921,48.972178],[2.241137,48.972474],[2.240233,48.972735],[2.239309,48.972928],[2.236992,48.973276],[2.236953,48.972728],[2.236671,48.97146],[2.236599,48.970855],[2.236627,48.970142],[2.236556,48.969878],[2.236615,48.969691],[2.236563,48.969507],[2.236317,48.969308],[2.235917,48.96924],[2.235646,48.968888],[2.232736,48.966728],[2.232609,48.966611],[2.23262,48.966503],[2.232699,48.966434],[2.232957,48.966369],[2.235358,48.965853],[2.236621,48.965732],[2.236951,48.965607],[2.23717,48.965446],[2.237313,48.965237],[2.23733,48.965046],[2.23699,48.962617],[2.237034,48.962355],[2.237168,48.962142],[2.238171,48.96111],[2.238624,48.960306],[2.239166,48.959561],[2.240249,48.957695],[2.241309,48.956388],[2.242488,48.955256],[2.24428,48.955923],[2.245416,48.956236],[2.246927,48.956445],[2.248459,48.95649],[2.249954,48.956346],[2.251278,48.956043],[2.25233,48.955648],[2.252986,48.955313],[2.253573,48.954941],[2.255831,48.958563],[2.25562,48.958732],[2.2553,48.959124],[2.255103,48.95955],[2.255035,48.959992],[2.2551,48.960435],[2.255418,48.961136],[2.255717,48.961535],[2.256129,48.961888],[2.256638,48.962181],[2.256913,48.962285],[2.257714,48.962825],[2.251203,48.965069],[2.250228,48.965487],[2.249007,48.966122],[2.24779,48.966926],[2.246854,48.967713],[2.245935,48.968685],[2.24412,48.970817]],[[2.251158,48.955433],[2.250158,48.955709],[2.249014,48.955866],[2.248419,48.955906],[2.247041,48.955865],[2.24594,48.955729],[2.245127,48.955541],[2.242917,48.954744],[2.243927,48.952928],[2.244182,48.951686],[2.24521,48.949427],[2.245456,48.949109],[2.24635,48.948177],[2.247335,48.947974],[2.247781,48.947767],[2.24795,48.947625],[2.248147,48.947289],[2.248167,48.947109],[2.248047,48.946758],[2.24791,48.9466],[2.247956,48.94656],[2.252089,48.948666],[2.252025,48.948875],[2.252033,48.949056],[2.252154,48.949449],[2.252466,48.952391],[2.25268,48.953094],[2.253192,48.954329],[2.252709,48.954688],[2.252185,48.954993],[2.251158,48.955433]],[[2.251258,48.947433],[2.249368,48.946466],[2.252788,48.943017],[2.253274,48.943037],[2.253321,48.943209],[2.253569,48.943625],[2.253935,48.944001],[2.254459,48.944353],[2.253961,48.94583],[2.253515,48.945915],[2.253083,48.946134],[2.252923,48.946281],[2.252749,48.946622],[2.252785,48.946981],[2.252883,48.94715],[2.253028,48.947303],[2.253433,48.947537],[2.253362,48.947764],[2.25261,48.948113],[2.251258,48.947433]],[[2.250531,48.944104],[2.248591,48.946065],[2.247889,48.945724],[2.245144,48.943857],[2.244344,48.943265],[2.245072,48.94268],[2.245574,48.942197],[2.245856,48.941845],[2.246271,48.941186],[2.246474,48.940727],[2.246645,48.940091],[2.246682,48.939534],[2.24663,48.938872],[2.246737,48.938804],[2.248368,48.940076],[2.248975,48.940463],[2.250177,48.94116],[2.251725,48.941871],[2.251682,48.942077],[2.251705,48.942263],[2.251783,48.942443],[2.251971,48.942658],[2.250531,48.944104]],[[2.251934,48.941235],[2.250717,48.940695],[2.249374,48.939906],[2.251831,48.9411],[2.252205,48.941297],[2.252165,48.941336],[2.251934,48.941235]],[[2.124949,49.063977],[2.123878,49.063311],[2.122527,49.062563],[2.120612,49.061283],[2.119036,49.060102],[2.118032,49.05924],[2.117336,49.058564],[2.116555,49.05795],[2.1163,49.057658],[2.115842,49.056818],[2.115592,49.056559],[2.114299,49.055483],[2.11268,49.054272],[2.109775,49.05259],[2.107426,49.051315],[2.105769,49.050669],[2.104834,49.050179],[2.104931,49.049802],[2.104801,49.049446],[2.104473,49.049149],[2.103695,49.048667],[2.104182,49.04836],[2.104902,49.048072],[2.114773,49.05258],[2.115549,49.052825],[2.116782,49.053117],[2.117005,49.05326],[2.119136,49.054271],[2.121806,49.055734],[2.123451,49.056774],[2.123666,49.057023],[2.12406,49.057159],[2.124488,49.057699],[2.125321,49.058555],[2.125737,49.058888],[2.126205,49.05907],[2.126798,49.059168],[2.127052,49.059136],[2.12727,49.058965],[2.127288,49.058851],[2.127239,49.058742],[2.127058,49.058621],[2.12646,49.058509],[2.126258,49.058403],[2.125595,49.057775],[2.12482,49.056854],[2.124501,49.056541],[2.124046,49.056344],[2.12241,49.055305],[2.121343,49.054706],[2.118919,49.053441],[2.120733,49.053726],[2.123603,49.054256],[2.128666,49.05486],[2.129507,49.055028],[2.129925,49.054993],[2.133925,49.055498],[2.139206,49.055873],[2.139925,49.056081],[2.140203,49.05607],[2.140532,49.055965],[2.142462,49.05616],[2.144828,49.056576],[2.144859,49.056828],[2.145086,49.057155],[2.145487,49.0574],[2.146,49.057525],[2.150121,49.057567],[2.152554,49.05793],[2.153096,49.057878],[2.153345,49.057801],[2.153798,49.057509],[2.15845,49.058314],[2.158579,49.058429],[2.158868,49.058534],[2.159159,49.058549],[2.159487,49.058472],[2.163399,49.059162],[2.169258,49.06058],[2.169527,49.060671],[2.169676,49.060807],[2.170015,49.060952],[2.170335,49.060988],[2.170748,49.060946],[2.178897,49.062985],[2.181852,49.063295],[2.182346,49.063286],[2.183105,49.063154],[2.184196,49.06362],[2.185197,49.063806],[2.185381,49.063878],[2.17761,49.070331],[2.176917,49.070282],[2.176403,49.070405],[2.176089,49.070582],[2.175615,49.070491],[2.171495,49.0703],[2.16924,49.070622],[2.168464,49.070675],[2.165362,49.070182],[2.162419,49.069461],[2.161615,49.069395],[2.161101,49.069406],[2.160556,49.069466],[2.159898,49.069608],[2.154179,49.071148],[2.149958,49.070742],[2.142637,49.069393],[2.137472,49.069224],[2.136913,49.069181],[2.136183,49.069035],[2.128396,49.066111],[2.124949,49.063977]],[[2.12878,49.05429],[2.123224,49.0536],[2.120951,49.053159],[2.11737,49.052621],[2.115464,49.052164],[2.105346,49.047564],[2.105375,49.047365],[2.105338,49.04718],[2.105927,49.046872],[2.108257,49.044818],[2.108418,49.0446],[2.108444,49.04432],[2.108948,49.044155],[2.109272,49.043911],[2.109699,49.04374],[2.113028,49.042704],[2.113301,49.042535],[2.113529,49.042293],[2.117463,49.039955],[2.11836,49.039437],[2.11861,49.039372],[2.118993,49.039175],[2.123591,49.04163],[2.12396,49.041911],[2.124252,49.042267],[2.12519,49.04437],[2.125233,49.04494],[2.12544,49.045454],[2.125928,49.046045],[2.126045,49.046287],[2.125428,49.046892],[2.125187,49.047192],[2.1249,49.0474],[2.124842,49.047647],[2.124976,49.047869],[2.125139,49.047968],[2.125393,49.048029],[2.12572,49.048006],[2.125949,49.047926],[2.126086,49.047812],[2.126161,49.047674],[2.12617,49.047514],[2.126105,49.047378],[2.126446,49.046931],[2.126825,49.04747],[2.127339,49.048032],[2.128008,49.048632],[2.128674,49.049139],[2.130516,49.050159],[2.13118,49.050454],[2.132478,49.050918],[2.129397,49.054195],[2.129169,49.054295],[2.12878,49.05429]],[[2.134044,49.044446],[2.133991,49.044334],[2.133957,49.043718],[2.13375,49.043204],[2.133394,49.042726],[2.13323,49.042584],[2.13307,49.042212],[2.134052,49.041352],[2.135907,49.042217],[2.138571,49.043284],[2.13657,49.046033],[2.135881,49.045844],[2.135129,49.045454],[2.13453,49.045018],[2.134044,49.044446]],[[2.132634,49.041196],[2.132295,49.040495],[2.131827,49.039758],[2.131166,49.038973],[2.130548,49.038397],[2.129799,49.037834],[2.129044,49.037359],[2.125256,49.035316],[2.128687,49.033312],[2.132886,49.030199],[2.13368,49.030302],[2.134359,49.030287],[2.135021,49.030185],[2.13564,49.030001],[2.136192,49.029741],[2.137283,49.029111],[2.144878,49.024641],[2.145269,49.025045],[2.145572,49.025129],[2.147633,49.027415],[2.147773,49.027468],[2.147895,49.027438],[2.147944,49.027381],[2.147922,49.027296],[2.145894,49.025046],[2.146019,49.024894],[2.145994,49.024725],[2.14548,49.024158],[2.145862,49.023716],[2.146059,49.02329],[2.146126,49.022847],[2.146067,49.022451],[2.148265,49.021512],[2.149262,49.021432],[2.149514,49.021349],[2.149708,49.02114],[2.14968,49.02089],[2.149489,49.02073],[2.149162,49.020647],[2.148936,49.020524],[2.158122,49.015209],[2.158576,49.015052],[2.158998,49.014704],[2.163155,49.012298],[2.163401,49.012163],[2.16415,49.012053],[2.164602,49.01186],[2.165014,49.011514],[2.165218,49.011092],[2.167371,49.009868],[2.170597,49.013342],[2.171828,49.015267],[2.173419,49.01738],[2.17604,49.019721],[2.176547,49.020235],[2.178295,49.022723],[2.179512,49.024199],[2.180054,49.024734],[2.181377,49.025789],[2.181662,49.026139],[2.181896,49.026292],[2.182242,49.026429],[2.18504,49.028348],[2.185249,49.028531],[2.185936,49.029335],[2.187322,49.031214],[2.187767,49.031485],[2.188387,49.031705],[2.189832,49.032025],[2.19101,49.032333],[2.19261,49.032828],[2.1934,49.032989],[2.187559,49.038165],[2.186184,49.039546],[2.185268,49.040625],[2.183149,49.043435],[2.18296,49.043958],[2.182945,49.044235],[2.179423,49.047399],[2.178781,49.048089],[2.178238,49.04892],[2.178045,49.049423],[2.177946,49.049857],[2.176279,49.050139],[2.174611,49.050315],[2.172401,49.050375],[2.166927,49.050167],[2.161536,49.049794],[2.158069,49.049453],[2.153843,49.048925],[2.149208,49.048218],[2.144198,49.04733],[2.145077,49.045441],[2.145343,49.04521],[2.145366,49.045037],[2.145303,49.044901],[2.145027,49.044731],[2.144683,49.044702],[2.139982,49.042986],[2.140767,49.042075],[2.141506,49.041356],[2.143526,49.039604],[2.144911,49.038686],[2.146276,49.038003],[2.146363,49.037905],[2.146372,49.037742],[2.146297,49.037641],[2.146094,49.037545],[2.145769,49.037558],[2.144916,49.037828],[2.144213,49.038169],[2.143164,49.03884],[2.140688,49.040987],[2.139924,49.041729],[2.139071,49.042672],[2.136477,49.04166],[2.134705,49.040795],[2.134568,49.040635],[2.134332,49.040524],[2.133953,49.040497],[2.133641,49.040596],[2.133463,49.040762],[2.133415,49.040937],[2.132766,49.041505],[2.132634,49.041196]],[[2.048137,49.052198],[2.048125,49.052145],[2.048707,49.052084],[2.058162,49.051169],[2.055607,49.051749],[2.049011,49.052884],[2.048632,49.052731],[2.048081,49.052598],[2.048137,49.052198]],[[2.068827,49.054054],[2.069703,49.054011],[2.07049,49.053882],[2.071224,49.053655],[2.071877,49.053338],[2.072423,49.052944],[2.072841,49.052487],[2.073139,49.051911],[2.074981,49.051423],[2.075205,49.051465],[2.075452,49.051417],[2.075618,49.051286],[2.075671,49.051079],[2.075623,49.050904],[2.07543,49.050597],[2.075672,49.050441],[2.076404,49.050133],[2.076835,49.049844],[2.077962,49.049571],[2.077779,49.055441],[2.077884,49.05636],[2.078102,49.057155],[2.078373,49.057798],[2.078956,49.058746],[2.082925,49.063857],[2.083172,49.064299],[2.083249,49.064543],[2.083219,49.064753],[2.083107,49.064937],[2.081109,49.067218],[2.080827,49.067624],[2.080672,49.068059],[2.080648,49.068506],[2.080758,49.068947],[2.080996,49.069365],[2.081304,49.069732],[2.08103,49.069857],[2.080585,49.069666],[2.077462,49.068137],[2.075923,49.067282],[2.075544,49.066972],[2.075561,49.066849],[2.07551,49.066725],[2.07522,49.066543],[2.075046,49.066182],[2.074745,49.0658],[2.073685,49.06481],[2.073434,49.064627],[2.073162,49.064538],[2.072574,49.06449],[2.072269,49.064414],[2.071376,49.063869],[2.071043,49.063745],[2.070255,49.06356],[2.068679,49.063285],[2.06783,49.06275],[2.067848,49.062492],[2.067681,49.062201],[2.067653,49.061748],[2.067537,49.061255],[2.068613,49.061072],[2.069319,49.060892],[2.070009,49.060841],[2.07028,49.060672],[2.070439,49.060368],[2.070467,49.060087],[2.070118,49.058635],[2.070339,49.057489],[2.07046,49.057147],[2.070449,49.057034],[2.070242,49.056856],[2.069905,49.056826],[2.069634,49.056962],[2.069517,49.057182],[2.069228,49.058649],[2.069477,49.059774],[2.068809,49.059249],[2.068135,49.058427],[2.065581,49.055837],[2.065538,49.05562],[2.067216,49.054575],[2.067413,49.054597],[2.067663,49.054536],[2.068364,49.054058],[2.068827,49.054054]],[[2.07349,49.051108],[2.074452,49.050841],[2.074616,49.050832],[2.074779,49.051093],[2.074775,49.051236],[2.07319,49.051668],[2.073257,49.051348],[2.073236,49.051178],[2.07349,49.051108]],[[2.070938,49.041649],[2.070441,49.04149],[2.070797,49.040012],[2.070804,49.039789],[2.070719,49.039497],[2.071236,49.039244],[2.071617,49.039147],[2.072108,49.038885],[2.072835,49.038312],[2.073123,49.037953],[2.075297,49.038712],[2.072404,49.040669],[2.071815,49.041134],[2.07118,49.041727],[2.070938,49.041649]],[[2.073935,49.037291],[2.074331,49.037043],[2.074529,49.037033],[2.075605,49.037659],[2.075956,49.037691],[2.076163,49.037607],[2.077705,49.036543],[2.0778,49.036448],[2.077833,49.036336],[2.077798,49.036224],[2.077633,49.036094],[2.077472,49.036051],[2.077215,49.036069],[2.075802,49.037002],[2.074942,49.036515],[2.074636,49.036451],[2.0742,49.036458],[2.073762,49.036593],[2.073039,49.037045],[2.072779,49.037059],[2.071384,49.03642],[2.070253,49.035723],[2.070805,49.035349],[2.071883,49.034284],[2.073557,49.033434],[2.0739,49.033178],[2.074234,49.03284],[2.078002,49.033775],[2.077888,49.034092],[2.077986,49.034404],[2.078211,49.034625],[2.078749,49.034965],[2.078471,49.035161],[2.078407,49.035357],[2.078112,49.035409],[2.07759,49.035783],[2.077547,49.035894],[2.077571,49.036007],[2.077724,49.036144],[2.077966,49.036202],[2.078217,49.036161],[2.078747,49.035802],[2.078809,49.035608],[2.0791,49.035558],[2.07939,49.03537],[2.079751,49.035506],[2.07981,49.035674],[2.07926,49.036081],[2.079137,49.036243],[2.079065,49.036417],[2.07907,49.036729],[2.078556,49.036746],[2.078296,49.036806],[2.077554,49.037153],[2.076846,49.037632],[2.076613,49.037587],[2.076366,49.037636],[2.076176,49.037821],[2.076175,49.037935],[2.076236,49.038035],[2.075993,49.038155],[2.073824,49.037415],[2.073778,49.037391],[2.073935,49.037291]],[[2.074255,49.030772],[2.073108,49.030453],[2.072216,49.030093],[2.063017,49.025465],[2.062564,49.025144],[2.06235,49.024922],[2.062181,49.024607],[2.062139,49.024303],[2.062338,49.023921],[2.062889,49.023583],[2.067369,49.021669],[2.072065,49.019447],[2.072799,49.019076],[2.073504,49.01863],[2.074348,49.017924],[2.074973,49.017178],[2.07584,49.015822],[2.076082,49.01526],[2.076237,49.014674],[2.076673,49.014493],[2.077162,49.014187],[2.077622,49.013718],[2.077896,49.013701],[2.0794,49.014096],[2.081456,49.014448],[2.085274,49.015026],[2.086192,49.015054],[2.08673,49.015921],[2.087215,49.016509],[2.087636,49.016933],[2.088726,49.0178],[2.090618,49.018955],[2.090482,49.019216],[2.090567,49.01944],[2.090825,49.019585],[2.093515,49.0221],[2.096483,49.024282],[2.096629,49.024486],[2.096741,49.02479],[2.097002,49.025853],[2.096461,49.026118],[2.096288,49.026258],[2.09608,49.026559],[2.09562,49.026825],[2.088927,49.030298],[2.088113,49.030589],[2.087115,49.03108],[2.084169,49.032627],[2.082932,49.033382],[2.081906,49.032817],[2.080553,49.032314],[2.074255,49.030772]],[[1.995109,49.04783],[1.990856,49.045917],[1.990104,49.045538],[1.99532,49.039937],[1.995439,49.039775],[1.995523,49.039419],[1.995393,49.03907],[1.995193,49.03887],[1.995764,49.038294],[1.996878,49.038796],[1.998062,49.039132],[1.999185,49.039286],[2.000446,49.039288],[2.000818,49.039497],[2.001068,49.039571],[2.00161,49.039618],[2.00189,49.039586],[2.004234,49.041998],[2.004291,49.042325],[2.00461,49.042532],[2.004685,49.042633],[2.005516,49.044348],[2.00535,49.044492],[2.005246,49.044701],[2.001696,49.045282],[2.000381,49.045705],[1.999585,49.046071],[1.999179,49.046318],[1.996584,49.04813],[1.996024,49.047965],[1.995345,49.047936],[1.995109,49.04783]],[[1.995398,49.036964],[1.993299,49.034519],[1.993247,49.034407],[1.993279,49.034229],[1.993235,49.034016],[1.994655,49.032],[1.995166,49.03139],[1.995369,49.031252],[1.995734,49.03117],[1.995901,49.031075],[1.996031,49.030929],[1.996071,49.030773],[1.9963,49.030602],[1.998483,49.029569],[1.998454,49.030365],[1.998573,49.031732],[1.998902,49.032174],[2.000101,49.033437],[2.00006,49.035091],[1.999779,49.035625],[1.999113,49.035792],[1.998966,49.035874],[1.998698,49.035857],[1.998463,49.03593],[1.995789,49.037382],[1.995398,49.036964]],[[1.792138,49.094604],[1.792632,49.094474],[1.793151,49.094236],[1.79503,49.093109],[1.795376,49.093578],[1.795619,49.094029],[1.795807,49.094521],[1.795922,49.095033],[1.795941,49.095704],[1.795832,49.09635],[1.795411,49.097939],[1.795183,49.098145],[1.795042,49.098363],[1.794981,49.098571],[1.795,49.098849],[1.793887,49.100592],[1.793483,49.100967],[1.792851,49.10132],[1.792883,49.100802],[1.792797,49.100446],[1.792512,49.10014],[1.791992,49.09991],[1.792122,49.097807],[1.792019,49.097217],[1.791681,49.096572],[1.790739,49.095565],[1.790328,49.094864],[1.790255,49.094628],[1.79031,49.094422],[1.790472,49.094311],[1.790746,49.094488],[1.791244,49.094637],[1.791517,49.094661],[1.792138,49.094604]],[[2.024174,49.028882],[2.024405,49.028046],[2.024429,49.027297],[2.024316,49.02661],[2.023894,49.025398],[2.023739,49.024678],[2.023715,49.024287],[2.023775,49.023978],[2.023695,49.023717],[2.023792,49.022792],[2.023671,49.021948],[2.023536,49.021492],[2.02318,49.020642],[2.023038,49.020487],[2.022632,49.020247],[2.022034,49.020124],[2.021973,49.01955],[2.022084,49.018998],[2.022427,49.018378],[2.022909,49.01789],[2.026251,49.015083],[2.028982,49.012707],[2.029728,49.012088],[2.030383,49.011643],[2.030967,49.011307],[2.031498,49.011393],[2.032859,49.012004],[2.033927,49.012361],[2.034456,49.012639],[2.035168,49.012883],[2.035479,49.012919],[2.037674,49.013671],[2.039092,49.013968],[2.04211,49.01434],[2.042448,49.014297],[2.042677,49.014163],[2.043937,49.011815],[2.044158,49.0116],[2.045295,49.01171],[2.047233,49.011789],[2.049595,49.01204],[2.050419,49.012186],[2.05128,49.012502],[2.051988,49.012691],[2.050453,49.013556],[2.048846,49.014729],[2.047068,49.015706],[2.046759,49.015989],[2.046229,49.016194],[2.046083,49.016352],[2.045995,49.016701],[2.045382,49.017836],[2.045104,49.018102],[2.043705,49.018875],[2.042983,49.019173],[2.042222,49.019575],[2.041333,49.020762],[2.040722,49.021785],[2.040265,49.022891],[2.038955,49.023819],[2.038044,49.024671],[2.038006,49.024782],[2.038036,49.024894],[2.038128,49.024991],[2.038353,49.025074],[2.03861,49.025062],[2.038757,49.025001],[2.039838,49.02402],[2.041009,49.023214],[2.041118,49.023056],[2.04155,49.021997],[2.042141,49.021006],[2.042929,49.019934],[2.044246,49.019339],[2.045796,49.01847],[2.046205,49.018057],[2.046848,49.016867],[2.046919,49.016581],[2.047301,49.01646],[2.047695,49.016121],[2.049454,49.015156],[2.049863,49.014895],[2.051065,49.01398],[2.052713,49.013052],[2.053352,49.013365],[2.053868,49.013474],[2.054188,49.013492],[2.054805,49.013931],[2.056637,49.014877],[2.056036,49.015212],[2.054757,49.016298],[2.052685,49.017651],[2.052275,49.017981],[2.051983,49.018302],[2.051755,49.018807],[2.051713,49.019265],[2.051883,49.020775],[2.052131,49.021281],[2.052071,49.021412],[2.052076,49.021595],[2.052218,49.021798],[2.052503,49.021948],[2.052925,49.021989],[2.053228,49.022153],[2.053722,49.022324],[2.057042,49.023234],[2.057051,49.023436],[2.057234,49.023771],[2.057397,49.023915],[2.057777,49.024105],[2.057732,49.024574],[2.057864,49.024978],[2.058224,49.025419],[2.058554,49.025673],[2.069268,49.031082],[2.068382,49.031705],[2.067906,49.032111],[2.066858,49.03324],[2.063361,49.031701],[2.063165,49.031566],[2.062981,49.031525],[2.062715,49.031541],[2.062538,49.03161],[2.062418,49.031725],[2.062347,49.031918],[2.061858,49.032095],[2.061208,49.032226],[2.060851,49.032237],[2.060652,49.032345],[2.060586,49.032451],[2.060612,49.03262],[2.060776,49.03275],[2.061333,49.032807],[2.06225,49.03262],[2.062902,49.032381],[2.063069,49.032274],[2.064883,49.033043],[2.065596,49.033392],[2.067179,49.034456],[2.068899,49.03575],[2.067947,49.036803],[2.067667,49.037296],[2.067629,49.03765],[2.067706,49.038595],[2.067818,49.038927],[2.068125,49.039304],[2.067945,49.039676],[2.067963,49.039983],[2.067466,49.041852],[2.067433,49.042073],[2.067492,49.04233],[2.066207,49.04296],[2.065207,49.043231],[2.064583,49.043295],[2.064042,49.043293],[2.063384,49.043216],[2.06185,49.042903],[2.061169,49.042851],[2.060308,49.042878],[2.059412,49.04304],[2.054993,49.044147],[2.0541,49.044439],[2.053563,49.044533],[2.053365,49.044672],[2.053289,49.044902],[2.053337,49.045034],[2.053462,49.045157],[2.053851,49.045271],[2.054657,49.045919],[2.054899,49.046324],[2.055041,49.046903],[2.046407,49.04776],[2.04552,49.047795],[2.045221,49.047574],[2.044813,49.047465],[2.044324,49.047488],[2.043979,49.047625],[2.043682,49.047512],[2.03404,49.042842],[2.03401,49.042691],[2.033869,49.04253],[2.033422,49.042365],[2.033098,49.042375],[2.032832,49.042453],[2.032631,49.042618],[2.032562,49.042791],[2.029857,49.043058],[2.029712,49.042886],[2.029399,49.042746],[2.02906,49.042716],[2.028705,49.042791],[2.028455,49.042976],[2.028386,49.043148],[2.02839,49.043312],[2.023403,49.046431],[2.022715,49.046348],[2.020791,49.045041],[2.019883,49.044317],[2.01926,49.043691],[2.018179,49.042279],[2.017279,49.040962],[2.017585,49.040782],[2.017736,49.040631],[2.017838,49.040464],[2.017899,49.040141],[2.017772,49.03972],[2.017576,49.039487],[2.017373,49.039331],[2.017304,49.03859],[2.017367,49.038144],[2.01759,49.03759],[2.017764,49.037307],[2.018194,49.036786],[2.018701,49.036437],[2.018941,49.036073],[2.020857,49.034203],[2.021277,49.034012],[2.021995,49.033341],[2.022112,49.033122],[2.022145,49.032869],[2.022716,49.032043],[2.023168,49.03102],[2.025749,49.032734],[2.026257,49.033187],[2.026572,49.03336],[2.028106,49.034554],[2.028644,49.034833],[2.030277,49.035309],[2.030561,49.035348],[2.033321,49.034973],[2.033332,49.035211],[2.033465,49.035797],[2.033694,49.036109],[2.036285,49.037306],[2.037304,49.037979],[2.038457,49.039093],[2.038802,49.039522],[2.039273,49.039944],[2.040561,49.040762],[2.041921,49.041852],[2.042315,49.041974],[2.043358,49.042035],[2.045751,49.043141],[2.046246,49.043325],[2.048143,49.043759],[2.049941,49.043996],[2.051028,49.043996],[2.052578,49.043914],[2.054725,49.043287],[2.056754,49.042518],[2.057503,49.042368],[2.058507,49.041865],[2.058678,49.041671],[2.058637,49.041504],[2.058532,49.041413],[2.058382,49.041356],[2.058124,49.04135],[2.057043,49.041867],[2.056386,49.041986],[2.054296,49.042775],[2.052569,49.043304],[2.052291,49.043352],[2.050155,49.043422],[2.048385,49.043197],[2.046768,49.042837],[2.046252,49.042658],[2.043767,49.041516],[2.043273,49.041418],[2.042494,49.041397],[2.041216,49.040366],[2.039978,49.039588],[2.039545,49.039201],[2.03921,49.038783],[2.037959,49.037583],[2.036815,49.036837],[2.03437,49.035729],[2.034216,49.035149],[2.034193,49.034811],[2.034081,49.03452],[2.033914,49.034366],[2.033708,49.034301],[2.033509,49.0343],[2.033255,49.034383],[2.030628,49.034763],[2.029092,49.034328],[2.028757,49.034155],[2.026521,49.032411],[2.023727,49.030561],[2.023887,49.030324],[2.023963,49.030043],[2.023939,49.029759],[2.023862,49.029579],[2.024174,49.028882]],[[2.036134,49.012498],[2.035011,49.012063],[2.033314,49.011502],[2.031863,49.01086],[2.032859,49.010379],[2.033569,49.009932],[2.034302,49.009358],[2.034891,49.008753],[2.03683,49.009828],[2.038201,49.010367],[2.0389,49.010557],[2.040128,49.010752],[2.041206,49.010807],[2.042657,49.010781],[2.042828,49.011062],[2.043137,49.01133],[2.043074,49.011498],[2.043097,49.011625],[2.041974,49.013733],[2.038853,49.013326],[2.037727,49.013047],[2.036134,49.012498]],[[1.99963,49.029278],[1.999677,49.029026],[1.999586,49.028852],[1.999476,49.028763],[1.999427,49.02859],[1.999798,49.024011],[2.000434,49.024067],[2.000748,49.024176],[2.0011,49.024131],[2.002229,49.024241],[2.002672,49.024329],[2.002933,49.024455],[2.003411,49.024798],[2.003524,49.025269],[2.003748,49.025504],[2.005088,49.026074],[2.007344,49.026916],[2.007739,49.026994],[2.011306,49.02726],[2.012413,49.027397],[2.014559,49.028177],[2.014903,49.028408],[2.015245,49.028447],[2.01761,49.029323],[2.018876,49.029681],[2.020173,49.029905],[2.020402,49.029988],[2.02061,49.029993],[2.020607,49.03022],[2.02026,49.031058],[2.020012,49.03153],[2.019745,49.031911],[2.019359,49.032098],[2.019183,49.032237],[2.018667,49.032755],[2.018534,49.033011],[2.018499,49.033205],[2.016685,49.034976],[2.016334,49.035152],[2.016133,49.035318],[2.015917,49.035705],[2.015464,49.036207],[2.01496,49.036949],[2.01463,49.03774],[2.014538,49.038135],[2.014499,49.038851],[2.014588,49.039562],[2.014398,49.039861],[2.014342,49.040111],[2.014361,49.04034],[2.014577,49.040752],[2.014856,49.041],[2.015066,49.041116],[2.015628,49.041286],[2.016249,49.041325],[2.017569,49.043201],[2.018391,49.044202],[2.019603,49.045303],[2.021874,49.046899],[2.021861,49.047164],[2.021944,49.047362],[2.022189,49.047573],[2.022501,49.047701],[2.023873,49.05376],[2.023735,49.053862],[2.023128,49.05397],[2.017302,49.054544],[2.017015,49.054288],[2.016798,49.054179],[2.016407,49.054075],[2.015515,49.053351],[2.015495,49.053103],[2.015419,49.052929],[2.015121,49.052628],[2.01491,49.052511],[2.01467,49.052424],[2.014134,49.05235],[2.013596,49.052415],[2.013195,49.052581],[2.013104,49.052551],[2.012709,49.052276],[2.009321,49.049535],[2.009103,49.049273],[2.008945,49.048962],[2.008679,49.047921],[2.008543,49.047582],[2.006884,49.04514],[2.006999,49.044994],[2.00705,49.044823],[2.009898,49.044175],[2.010124,49.044008],[2.010134,49.043838],[2.009999,49.043693],[2.009678,49.04362],[2.006675,49.044293],[2.006379,49.044205],[2.005518,49.042446],[2.005468,49.042294],[2.005504,49.042104],[2.005437,49.041965],[2.004993,49.041699],[2.002625,49.039257],[2.002845,49.038994],[2.002907,49.038818],[2.002916,49.038637],[2.002774,49.03829],[2.000823,49.036287],[2.000413,49.036041],[2.000599,49.035851],[2.000948,49.035158],[2.001011,49.033485],[2.000868,49.03312],[1.999565,49.03176],[1.999566,49.031608],[1.999465,49.031462],[1.999343,49.030354],[1.999347,49.029779],[1.999457,49.029479],[1.99963,49.029278]],[[2.046801,49.05116],[2.0463,49.051014],[2.045463,49.049684],[2.045132,49.048662],[2.04544,49.048496],[2.046667,49.048478],[2.060977,49.047031],[2.062467,49.046965],[2.064296,49.047045],[2.065364,49.046991],[2.066609,49.046817],[2.067502,49.046598],[2.066266,49.047505],[2.065079,49.048274],[2.064241,49.04859],[2.063646,49.048952],[2.063324,49.049244],[2.061114,49.050208],[2.047614,49.051534],[2.047112,49.051365],[2.046801,49.05116]],[[2.000145,49.046525],[2.000848,49.046203],[2.001965,49.045839],[2.005572,49.04525],[2.005828,49.045348],[2.006073,49.04538],[2.007712,49.04779],[2.008144,49.04926],[2.008506,49.049783],[2.006229,49.051211],[2.00583,49.051325],[2.005705,49.051444],[2.005656,49.051569],[2.003962,49.052592],[2.003546,49.052479],[2.002262,49.051781],[2.000489,49.050706],[1.997192,49.048559],[2.000145,49.046525]],[[1.997364,49.037282],[1.998299,49.036777],[1.99833,49.037049],[1.998452,49.037264],[1.999865,49.038702],[1.999086,49.038673],[1.998363,49.038563],[1.997309,49.038264],[1.996466,49.037882],[1.996361,49.037821],[1.997364,49.037282]],[[2.006137,49.044768],[2.00616,49.044797],[2.006137,49.044768]],[[2.023892,49.047373],[2.023981,49.047152],[2.023965,49.046886],[2.029059,49.0437],[2.029364,49.043681],[2.029629,49.043585],[2.02978,49.043463],[2.029877,49.043284],[2.032605,49.043014],[2.032696,49.043119],[2.032927,49.043243],[2.033455,49.043284],[2.043171,49.04799],[2.043679,49.048186],[2.043878,49.048517],[2.044241,49.048693],[2.044607,49.049843],[2.045379,49.05109],[2.045027,49.051246],[2.044847,49.051383],[2.044712,49.05154],[2.044586,49.05185],[2.039447,49.052371],[2.039044,49.052261],[2.038715,49.052252],[2.038419,49.052323],[2.038164,49.052485],[2.033013,49.053027],[2.032615,49.052906],[2.032263,49.052891],[2.031973,49.052965],[2.031729,49.053128],[2.025259,49.05377],[2.024964,49.053615],[2.023612,49.04762],[2.023892,49.047373]],[[2.022969,49.046944],[2.023102,49.047029],[2.023067,49.047151],[2.022902,49.047178],[2.022747,49.047109],[2.022787,49.046974],[2.022969,49.046944]],[[2.005145,49.052657],[2.006271,49.051991],[2.006632,49.051897],[2.006774,49.051786],[2.006833,49.051639],[2.009042,49.050254],[2.012027,49.052651],[2.012614,49.053068],[2.012492,49.053365],[2.012553,49.053722],[2.012662,49.053888],[2.013258,49.054447],[2.011347,49.05497],[2.010717,49.054658],[2.009977,49.054451],[2.009447,49.054379],[2.008873,49.054364],[2.006518,49.053897],[2.004939,49.053655],[2.004848,49.053283],[2.004617,49.05299],[2.005145,49.052657]],[[2.032393,49.053912],[2.032771,49.053854],[2.033052,49.053676],[2.033143,49.053665],[2.038264,49.053142],[2.03861,49.053253],[2.038938,49.053271],[2.03924,49.053203],[2.039572,49.053023],[2.044722,49.052508],[2.04496,49.052766],[2.044088,49.053144],[2.043588,49.053488],[2.043299,49.053749],[2.043085,49.053829],[2.042159,49.054033],[2.019254,49.057747],[2.018559,49.0578],[2.017682,49.057782],[2.016823,49.057669],[2.016316,49.057552],[2.016143,49.057473],[2.015624,49.056892],[2.015062,49.05651],[2.014457,49.056235],[2.016102,49.055964],[2.016643,49.055786],[2.017083,49.055578],[2.017248,49.055436],[2.017394,49.05521],[2.023853,49.054569],[2.024182,49.054729],[2.024656,49.054779],[2.025027,49.054696],[2.025371,49.054466],[2.025781,49.054386],[2.031846,49.053767],[2.032114,49.053882],[2.032393,49.053912]],[[2.044703,49.04805],[2.04475,49.048089],[2.044734,49.048138],[2.044587,49.048155],[2.044594,49.048048],[2.044703,49.04805]],[[2.024554,49.054197],[2.024513,49.054175],[2.024545,49.054145],[2.02459,49.054175],[2.024554,49.054197]],[[2.067923,49.033266],[2.068451,49.032691],[2.070048,49.031446],[2.071693,49.03215],[2.073398,49.03263],[2.072972,49.032993],[2.071372,49.033785],[2.070855,49.03421],[2.070095,49.034998],[2.069635,49.0353],[2.067539,49.033713],[2.067923,49.033266]],[[2.052675,49.020032],[2.052601,49.019263],[2.05263,49.018909],[2.052783,49.018558],[2.053002,49.018317],[2.053341,49.018046],[2.055565,49.016586],[2.056702,49.015599],[2.057713,49.015067],[2.057898,49.014913],[2.058209,49.014791],[2.058558,49.014514],[2.058719,49.01417],[2.058668,49.013812],[2.058564,49.013645],[2.058219,49.013366],[2.056996,49.01272],[2.057657,49.012473],[2.058169,49.012162],[2.060393,49.010181],[2.060958,49.010236],[2.061636,49.010214],[2.062295,49.010105],[2.062909,49.009913],[2.063454,49.009646],[2.063864,49.009348],[2.068483,49.01207],[2.070667,49.013222],[2.072308,49.014421],[2.072859,49.014676],[2.073186,49.014772],[2.072921,49.015354],[2.072126,49.016549],[2.071472,49.017183],[2.07088,49.017575],[2.064818,49.020421],[2.061384,49.021898],[2.059589,49.022481],[2.059313,49.022497],[2.058493,49.022386],[2.05822,49.022395],[2.057709,49.022516],[2.05741,49.022682],[2.053833,49.021687],[2.05359,49.021574],[2.053574,49.021369],[2.053405,49.021156],[2.053217,49.021055],[2.052907,49.020993],[2.052862,49.02093],[2.052759,49.020677],[2.052675,49.020032]],[[2.067303,49.043172],[2.067979,49.042821],[2.068342,49.042977],[2.068978,49.043067],[2.070569,49.043598],[2.069989,49.044246],[2.069372,49.044803],[2.06872,49.045218],[2.068338,49.04533],[2.068205,49.045441],[2.068127,49.045589],[2.066566,49.046075],[2.065522,49.046255],[2.064462,49.046323],[2.062742,49.046246],[2.061397,49.046271],[2.05592,49.046814],[2.055764,49.046188],[2.055515,49.045736],[2.055152,49.045368],[2.054582,49.044932],[2.055327,49.044689],[2.06029,49.043474],[2.061446,49.043453],[2.063313,49.043807],[2.063958,49.043875],[2.06463,49.043879],[2.065404,49.043801],[2.065979,49.043678],[2.066656,49.043465],[2.067303,49.043172]],[[2.069741,49.036384],[2.070618,49.036921],[2.071493,49.037354],[2.072331,49.037688],[2.072117,49.037967],[2.071689,49.038327],[2.070871,49.038808],[2.070697,49.038825],[2.070233,49.039007],[2.069999,49.038907],[2.069523,49.038812],[2.069204,49.038812],[2.06878,49.038893],[2.068648,49.038716],[2.06857,49.038427],[2.068518,49.037643],[2.068551,49.037366],[2.068734,49.037074],[2.069487,49.036206],[2.069741,49.036384]],[[1.988639,49.133523],[1.990103,49.133596],[1.990196,49.1338],[1.990329,49.133951],[1.986939,49.136971],[1.986807,49.137055],[1.986518,49.137116],[1.986312,49.137236],[1.986189,49.137399],[1.986184,49.137623],[1.986138,49.137686],[1.98062,49.142566],[1.980129,49.142539],[1.979859,49.142574],[1.979376,49.142745],[1.979057,49.142961],[1.976837,49.145065],[1.976647,49.145402],[1.976662,49.145734],[1.970058,49.14831],[1.969799,49.148371],[1.969338,49.148364],[1.968775,49.148262],[1.968232,49.148313],[1.965165,49.149489],[1.965119,49.148949],[1.965154,49.148617],[1.965462,49.147327],[1.966387,49.143688],[1.966673,49.142932],[1.966895,49.142525],[1.967591,49.141612],[1.9681,49.14111],[1.972225,49.137628],[1.973044,49.137013],[1.973963,49.13647],[1.974969,49.136019],[1.980398,49.13395],[1.981641,49.13358],[1.982697,49.133363],[1.98457,49.133204],[1.98597,49.13324],[1.988639,49.133523]],[[2.098429,49.051358],[2.09722,49.051391],[2.096957,49.051443],[2.096783,49.051582],[2.096747,49.051707],[2.095891,49.052138],[2.094837,49.052904],[2.093176,49.054006],[2.092999,49.053984],[2.092753,49.054035],[2.091946,49.05455],[2.091062,49.055762],[2.090464,49.057482],[2.090406,49.057806],[2.090408,49.058314],[2.090217,49.058423],[2.090077,49.058623],[2.090093,49.058813],[2.090271,49.059018],[2.0897,49.06175],[2.089511,49.062167],[2.08886,49.061255],[2.085359,49.056781],[2.084974,49.056094],[2.084886,49.055773],[2.084839,49.055285],[2.085013,49.049981],[2.085236,49.050125],[2.085589,49.050264],[2.086269,49.050424],[2.086623,49.050333],[2.087597,49.049638],[2.089803,49.049977],[2.091798,49.050058],[2.0921,49.049955],[2.092184,49.049856],[2.092188,49.049686],[2.092047,49.049543],[2.09181,49.049476],[2.089961,49.049401],[2.087586,49.049052],[2.087305,49.04908],[2.087063,49.049168],[2.086284,49.049714],[2.085972,49.049734],[2.085769,49.049654],[2.085004,49.049131],[2.084923,49.048497],[2.084749,49.047913],[2.084507,49.047359],[2.084085,49.046712],[2.089018,49.045185],[2.089432,49.045098],[2.090481,49.045063],[2.091529,49.045679],[2.091785,49.04577],[2.092105,49.045805],[2.092884,49.045722],[2.09393,49.045539],[2.094365,49.04545],[2.095026,49.045214],[2.097082,49.04489],[2.098161,49.044987],[2.098561,49.045113],[2.098836,49.045362],[2.098997,49.045431],[2.099282,49.045447],[2.099458,49.045397],[2.099637,49.04525],[2.099661,49.045063],[2.09951,49.044855],[2.099207,49.044624],[2.098438,49.044366],[2.097363,49.044239],[2.096737,49.044267],[2.095322,49.044492],[2.094519,49.044646],[2.093954,49.044861],[2.0925,49.045132],[2.092094,49.045131],[2.091421,49.044642],[2.091274,49.044208],[2.091228,49.043287],[2.091136,49.042952],[2.090254,49.04073],[2.09416,49.039531],[2.102889,49.037152],[2.103538,49.03798],[2.103218,49.038173],[2.103072,49.038326],[2.102928,49.038673],[2.102953,49.038945],[2.103166,49.039607],[2.103212,49.039981],[2.103362,49.040327],[2.103702,49.040608],[2.103928,49.040711],[2.104568,49.040823],[2.106182,49.042581],[2.106673,49.04289],[2.106559,49.043196],[2.106634,49.04355],[2.106979,49.044003],[2.107478,49.04426],[2.107473,49.04453],[2.105231,49.046507],[2.104869,49.046683],[2.104477,49.046527],[2.104212,49.046479],[2.103665,49.046488],[2.102681,49.046799],[2.102189,49.046893],[2.101471,49.047285],[2.100826,49.04647],[2.100654,49.046324],[2.100365,49.046175],[2.100297,49.045952],[2.100016,49.045531],[2.099786,49.045419],[2.099501,49.04541],[2.099255,49.045506],[2.099133,49.045676],[2.099142,49.045802],[2.099306,49.046058],[2.098854,49.046177],[2.09845,49.04643],[2.098311,49.04659],[2.098193,49.046924],[2.095829,49.047508],[2.095271,49.047727],[2.09517,49.047883],[2.095219,49.04805],[2.0954,49.04817],[2.095653,49.048205],[2.0984,49.047496],[2.098871,49.048091],[2.09972,49.048976],[2.10003,49.049164],[2.100605,49.049362],[2.101387,49.049819],[2.09942,49.050791],[2.099126,49.051103],[2.09905,49.051326],[2.098429,49.051358]],[[2.099689,49.031382],[2.099598,49.03107],[2.099484,49.030939],[2.099132,49.030115],[2.098848,49.029613],[2.098868,49.029437],[2.098719,49.029247],[2.098385,49.027804],[2.098978,49.027606],[2.098953,49.028322],[2.098988,49.028868],[2.099239,49.029859],[2.099701,49.030795],[2.10034,49.031662],[2.09992,49.03177],[2.099689,49.031382]],[[2.097726,49.025122],[2.097476,49.024309],[2.097135,49.023874],[2.0942,49.021727],[2.092257,49.019925],[2.098505,49.023655],[2.09921,49.024154],[2.099404,49.024443],[2.099526,49.024872],[2.097863,49.025689],[2.097726,49.025122]],[[2.082221,49.03707],[2.082286,49.03711],[2.080123,49.038071],[2.080274,49.037782],[2.080264,49.037484],[2.080757,49.037471],[2.081018,49.037414],[2.081257,49.037325],[2.081698,49.037044],[2.082005,49.036942],[2.082221,49.03707]],[[2.082642,49.036517],[2.083511,49.035906],[2.084123,49.036393],[2.08307,49.036792],[2.082642,49.036517]],[[2.084266,49.035284],[2.085197,49.034638],[2.086036,49.034161],[2.09757,49.028153],[2.097842,49.02934],[2.097795,49.02958],[2.097993,49.029781],[2.098235,49.030191],[2.098576,49.030927],[2.098623,49.031273],[2.098773,49.03142],[2.099093,49.031984],[2.090716,49.03424],[2.088527,49.03489],[2.085081,49.036032],[2.084212,49.035335],[2.084266,49.035284]],[[2.079295,49.034121],[2.080115,49.034409],[2.080928,49.034878],[2.080506,49.035178],[2.080232,49.03515],[2.080148,49.035033],[2.079848,49.03486],[2.079735,49.034735],[2.079531,49.034649],[2.078809,49.034182],[2.078778,49.034101],[2.078832,49.033987],[2.079295,49.034121]],[[2.08953,49.041477],[2.090251,49.043375],[2.090287,49.044401],[2.089314,49.044442],[2.0889,49.044504],[2.087871,49.044844],[2.087114,49.045026],[2.084468,49.043076],[2.086087,49.042304],[2.087671,49.041644],[2.089359,49.041033],[2.08953,49.041477]],[[2.08447,49.044194],[2.086043,49.045366],[2.083597,49.046148],[2.082755,49.045417],[2.081614,49.044677],[2.082776,49.043939],[2.083589,49.043529],[2.08447,49.044194]],[[2.103826,49.036915],[2.10613,49.036329],[2.107795,49.036036],[2.108504,49.036032],[2.112203,49.037278],[2.115998,49.038251],[2.111399,49.040981],[2.111063,49.041129],[2.110834,49.0413],[2.107235,49.042437],[2.106793,49.042129],[2.105439,49.040646],[2.105834,49.040354],[2.106002,49.040012],[2.105944,49.039355],[2.105655,49.038445],[2.105543,49.03828],[2.105184,49.038009],[2.104695,49.037848],[2.104414,49.037818],[2.103724,49.03694],[2.103826,49.036915]],[[2.10765,49.026803],[2.107898,49.025776],[2.107978,49.025198],[2.107978,49.024537],[2.107914,49.02408],[2.109621,49.023799],[2.110687,49.023521],[2.111853,49.024509],[2.111977,49.024705],[2.112269,49.024824],[2.113123,49.025424],[2.117237,49.028339],[2.117578,49.028646],[2.112412,49.029268],[2.110142,49.029606],[2.107975,49.029102],[2.107731,49.028878],[2.107489,49.028488],[2.107391,49.027917],[2.10765,49.026803]],[[2.108038,49.021165],[2.110207,49.023028],[2.109087,49.023294],[2.107772,49.023501],[2.107629,49.023051],[2.107312,49.022409],[2.106875,49.021776],[2.106312,49.021128],[2.107445,49.020654],[2.108038,49.021165]],[[2.122986,49.033654],[2.123975,49.033593],[2.122928,49.034218],[2.121918,49.033841],[2.122986,49.033654]],[[2.153572,49.007508],[2.152478,49.006836],[2.15227,49.006451],[2.151922,49.006161],[2.151575,49.005999],[2.151191,49.005892],[2.150289,49.005434],[2.148641,49.004849],[2.148296,49.004637],[2.147211,49.003794],[2.145607,49.002918],[2.145229,49.002595],[2.144993,49.002316],[2.144258,49.001074],[2.144261,49.000896],[2.146298,49.000423],[2.146853,49.000387],[2.147209,49.000254],[2.148353,49.000091],[2.150867,49.000073],[2.151487,49.000112],[2.151829,49.000069],[2.152415,49.000123],[2.154268,49.000146],[2.157554,49.000103],[2.158139,49.00002],[2.158906,48.999801],[2.160417,48.999144],[2.158223,49.001805],[2.15807,49.00211],[2.157189,49.002903],[2.156829,49.003109],[2.155801,49.004121],[2.155122,49.004711],[2.154753,49.005183],[2.154458,49.005765],[2.15422,49.007049],[2.154279,49.007264],[2.153631,49.007537],[2.153572,49.007508]],[[2.155189,49.00663],[2.155291,49.006009],[2.155403,49.005701],[2.155572,49.005409],[2.155933,49.004954],[2.156532,49.004454],[2.157529,49.003469],[2.157919,49.003286],[2.15881,49.002483],[2.159019,49.002065],[2.162014,48.998405],[2.164081,48.997399],[2.166521,48.996422],[2.171789,48.995716],[2.173148,48.995319],[2.174067,48.996525],[2.162245,49.003482],[2.160115,49.004662],[2.158483,49.005468],[2.15516,49.006893],[2.155189,49.00663]],[[2.169645,49.008755],[2.169549,49.008621],[2.17758,49.004381],[2.178038,49.004282],[2.178323,49.004158],[2.178563,49.004001],[2.178798,49.003739],[2.182694,49.001689],[2.182791,49.002031],[2.183096,49.002344],[2.186085,49.003763],[2.187035,49.004186],[2.19168,49.005968],[2.194698,49.007554],[2.195231,49.007662],[2.195511,49.007663],[2.196106,49.007532],[2.197986,49.008506],[2.19824,49.008821],[2.197492,49.009075],[2.195405,49.00965],[2.19242,49.010647],[2.184874,49.013053],[2.184455,49.013175],[2.184206,49.013164],[2.183985,49.013217],[2.183453,49.013535],[2.175638,49.016156],[2.174368,49.014489],[2.173485,49.013052],[2.173078,49.012484],[2.169645,49.008755]],[[2.192604,48.988032],[2.191629,48.987727],[2.191195,48.987659],[2.191175,48.987449],[2.190912,48.986992],[2.190361,48.986462],[2.18969,48.986054],[2.189445,48.985972],[2.188968,48.985912],[2.188899,48.985507],[2.188906,48.985027],[2.188745,48.984844],[2.189248,48.98338],[2.190096,48.982312],[2.190465,48.981324],[2.190796,48.980855],[2.192843,48.979413],[2.195495,48.978202],[2.195947,48.978042],[2.196135,48.977724],[2.196269,48.977212],[2.19621,48.976851],[2.196132,48.976747],[2.195978,48.976717],[2.195845,48.976806],[2.195925,48.977175],[2.195898,48.977398],[2.195681,48.977894],[2.195317,48.97801],[2.192618,48.979244],[2.190501,48.980741],[2.190136,48.981261],[2.189782,48.982222],[2.189089,48.983051],[2.188924,48.983309],[2.188416,48.984782],[2.188168,48.984856],[2.188036,48.985001],[2.188011,48.985523],[2.188117,48.986084],[2.187756,48.986334],[2.187631,48.986496],[2.187536,48.98685],[2.187654,48.987201],[2.187788,48.987358],[2.188347,48.987754],[2.188631,48.988132],[2.188804,48.988272],[2.189256,48.988474],[2.189792,48.988546],[2.190065,48.988529],[2.190571,48.988393],[2.190863,48.988217],[2.191227,48.988244],[2.191559,48.988338],[2.189079,48.98895],[2.187482,48.989443],[2.187888,48.989213],[2.187968,48.989112],[2.187984,48.988998],[2.187821,48.988802],[2.187667,48.988749],[2.187409,48.988751],[2.186158,48.989385],[2.184559,48.989821],[2.183411,48.990254],[2.183288,48.989793],[2.183267,48.989147],[2.183218,48.982401],[2.18332,48.981991],[2.183551,48.9814],[2.186353,48.977171],[2.186729,48.976674],[2.187263,48.976247],[2.19591,48.970142],[2.197717,48.971546],[2.19814,48.971697],[2.198498,48.971748],[2.19881,48.971745],[2.199279,48.971655],[2.208636,48.967388],[2.211128,48.966106],[2.211317,48.965975],[2.211517,48.965745],[2.212324,48.965476],[2.214338,48.96448],[2.215094,48.964261],[2.221742,48.962665],[2.226678,48.960891],[2.228081,48.960089],[2.231765,48.957355],[2.23336,48.956062],[2.234281,48.955249],[2.235023,48.954551],[2.236089,48.953409],[2.240467,48.954474],[2.241057,48.954664],[2.241728,48.954954],[2.240541,48.956095],[2.239457,48.957431],[2.238347,48.959336],[2.237811,48.960069],[2.237368,48.96086],[2.236401,48.961848],[2.23619,48.962174],[2.236116,48.962402],[2.236103,48.962647],[2.236431,48.96512],[2.236292,48.965188],[2.235113,48.965291],[2.232405,48.965879],[2.231992,48.966063],[2.231815,48.966255],[2.231731,48.966424],[2.231708,48.966591],[2.231752,48.966766],[2.231923,48.966992],[2.234961,48.96926],[2.235382,48.96992],[2.235638,48.970071],[2.235739,48.970206],[2.235658,48.970891],[2.235734,48.971529],[2.236015,48.972789],[2.236057,48.973438],[2.233828,48.973945],[2.23248,48.97436],[2.231502,48.974723],[2.226989,48.976625],[2.219192,48.979704],[2.213262,48.982352],[2.210895,48.983273],[2.204448,48.985235],[2.201659,48.986022],[2.193883,48.987838],[2.192733,48.988073],[2.192604,48.988032]],[[2.208742,48.964986],[2.207011,48.965886],[2.206129,48.966287],[2.205499,48.966465],[2.205146,48.966726],[2.204503,48.967041],[2.198912,48.969604],[2.19783,48.968787],[2.19903,48.967896],[2.199678,48.967246],[2.199869,48.966983],[2.199997,48.966697],[2.200048,48.966398],[2.200019,48.966077],[2.200785,48.965583],[2.201252,48.965112],[2.204036,48.961266],[2.20437,48.960739],[2.204571,48.960483],[2.204864,48.960295],[2.205111,48.960017],[2.205223,48.959691],[2.206087,48.95838],[2.206343,48.95783],[2.20666,48.956753],[2.20724,48.950782],[2.207577,48.950486],[2.207708,48.950271],[2.20777,48.950057],[2.207736,48.949682],[2.207615,48.949454],[2.207427,48.949252],[2.207521,48.947644],[2.207746,48.94577],[2.207905,48.945588],[2.207996,48.945393],[2.20799,48.94498],[2.207842,48.944722],[2.207823,48.944497],[2.207986,48.943262],[2.20808,48.943011],[2.208316,48.941774],[2.21034,48.941769],[2.21308,48.941616],[2.213304,48.941836],[2.213747,48.942046],[2.214279,48.942129],[2.214553,48.942117],[2.215223,48.942045],[2.215734,48.941919],[2.216133,48.941674],[2.216271,48.941517],[2.216372,48.941284],[2.217675,48.941155],[2.222412,48.940869],[2.222658,48.941115],[2.223104,48.941323],[2.223636,48.941404],[2.223909,48.941391],[2.224174,48.941344],[2.224636,48.941152],[2.224953,48.940859],[2.225044,48.940665],[2.226668,48.940485],[2.227849,48.94024],[2.228036,48.940926],[2.228282,48.941413],[2.230548,48.944668],[2.230955,48.945086],[2.231652,48.945516],[2.232067,48.945696],[2.232737,48.945893],[2.232013,48.947162],[2.231885,48.947311],[2.231854,48.947505],[2.231631,48.948007],[2.230462,48.949995],[2.230166,48.950327],[2.228407,48.950089],[2.226806,48.949994],[2.225439,48.950057],[2.223577,48.950229],[2.222099,48.950489],[2.22042,48.951005],[2.219728,48.951308],[2.219282,48.951561],[2.217554,48.952883],[2.217058,48.953213],[2.216968,48.95331],[2.216953,48.95348],[2.217084,48.953626],[2.217366,48.953739],[2.217538,48.953749],[2.217775,48.953682],[2.218245,48.953251],[2.219885,48.951991],[2.220631,48.951605],[2.2217,48.951233],[2.223203,48.950874],[2.224372,48.950738],[2.226491,48.950585],[2.228276,48.950667],[2.229496,48.950824],[2.227313,48.952558],[2.227262,48.952664],[2.227278,48.952775],[2.227356,48.952874],[2.227554,48.952987],[2.227883,48.953015],[2.228097,48.952926],[2.230528,48.950992],[2.23258,48.951456],[2.233831,48.95181],[2.233746,48.952065],[2.233747,48.952227],[2.233426,48.952677],[2.232908,48.953278],[2.232224,48.953944],[2.231194,48.954754],[2.22937,48.956327],[2.226038,48.958828],[2.225156,48.959343],[2.220597,48.960983],[2.213504,48.962697],[2.212531,48.963048],[2.211155,48.963744],[2.210505,48.963706],[2.209906,48.96383],[2.209435,48.964079],[2.209247,48.964255],[2.209107,48.964466],[2.209033,48.964851],[2.208742,48.964986]],[[2.208457,48.941194],[2.20832,48.941189],[2.208389,48.940212],[2.208301,48.939439],[2.208549,48.937088],[2.208759,48.936579],[2.209102,48.936023],[2.210285,48.934778],[2.212215,48.93517],[2.212898,48.935215],[2.215247,48.935056],[2.217638,48.934673],[2.218196,48.934757],[2.219743,48.935141],[2.221175,48.935067],[2.222186,48.934893],[2.222378,48.93478],[2.222441,48.934616],[2.222355,48.934456],[2.222149,48.934354],[2.221854,48.93434],[2.221061,48.934487],[2.219879,48.934562],[2.2183,48.934172],[2.219507,48.932888],[2.220025,48.932493],[2.222177,48.93025],[2.222422,48.930044],[2.223624,48.928474],[2.226558,48.93009],[2.226469,48.930313],[2.226514,48.930672],[2.226764,48.930992],[2.226956,48.931122],[2.226092,48.932486],[2.225298,48.933331],[2.225147,48.933575],[2.224996,48.933672],[2.223145,48.936205],[2.222771,48.936646],[2.222955,48.938073],[2.222462,48.938303],[2.222185,48.938613],[2.222121,48.938789],[2.222156,48.939505],[2.222262,48.940292],[2.217597,48.940572],[2.216229,48.940707],[2.21602,48.940506],[2.215577,48.940296],[2.215045,48.940214],[2.214772,48.940226],[2.214102,48.940298],[2.21359,48.940424],[2.213191,48.940669],[2.213054,48.940825],[2.212957,48.941036],[2.210299,48.941185],[2.208457,48.941194]],[[2.210777,48.934259],[2.212875,48.932022],[2.213373,48.931588],[2.213653,48.931228],[2.215263,48.929539],[2.215997,48.928828],[2.216619,48.928395],[2.217235,48.927755],[2.222763,48.928295],[2.221662,48.929741],[2.221434,48.929929],[2.219285,48.93217],[2.21877,48.932563],[2.217285,48.934128],[2.215085,48.934481],[2.212907,48.93463],[2.212288,48.934578],[2.210777,48.934259]],[[2.209834,48.931763],[2.208234,48.933462],[2.207487,48.933133],[2.209926,48.930984],[2.211194,48.930018],[2.214113,48.927242],[2.211771,48.92976],[2.210859,48.9306],[2.210653,48.930891],[2.209834,48.931763]],[[2.210444,48.929695],[2.208949,48.930858],[2.206732,48.932824],[2.206113,48.932585],[2.207421,48.931273],[2.208923,48.930031],[2.210132,48.928777],[2.211136,48.928029],[2.211212,48.927867],[2.211178,48.927754],[2.212888,48.926562],[2.213505,48.926788],[2.210444,48.929695]],[[2.198414,49.082598],[2.198323,49.082116],[2.198119,49.081443],[2.197631,49.080586],[2.197297,49.080144],[2.196751,49.079618],[2.195455,49.078713],[2.193607,49.076625],[2.192315,49.075468],[2.19157,49.074942],[2.190049,49.074208],[2.189403,49.073953],[2.188386,49.073673],[2.187085,49.073555],[2.186383,49.07339],[2.182605,49.071849],[2.178446,49.070578],[2.186002,49.064304],[2.186433,49.064499],[2.187989,49.064893],[2.190207,49.065921],[2.193571,49.067379],[2.193712,49.067508],[2.194687,49.068948],[2.196067,49.071301],[2.196873,49.072216],[2.198698,49.073675],[2.202101,49.0761],[2.20408,49.078049],[2.204567,49.078675],[2.204867,49.079196],[2.205517,49.080602],[2.205787,49.08135],[2.205794,49.081565],[2.20566,49.081672],[2.205609,49.081786],[2.205618,49.081904],[2.205753,49.082073],[2.205676,49.082819],[2.205344,49.082962],[2.205157,49.083097],[2.205014,49.083253],[2.20488,49.083606],[2.204962,49.083965],[2.205512,49.085055],[2.205404,49.086025],[2.205483,49.086587],[2.205614,49.086962],[2.206543,49.088864],[2.208299,49.092839],[2.208976,49.09359],[2.209333,49.093885],[2.211095,49.094956],[2.211524,49.095302],[2.211965,49.095974],[2.215632,49.102113],[2.217173,49.105031],[2.219776,49.108025],[2.220337,49.108598],[2.222809,49.110855],[2.219391,49.111803],[2.217224,49.11188],[2.216329,49.11196],[2.215992,49.112065],[2.215605,49.112067],[2.213752,49.112466],[2.21159,49.113049],[2.21028,49.113227],[2.20969,49.113352],[2.20946,49.112965],[2.208834,49.112455],[2.207969,49.109199],[2.207851,49.109058],[2.207581,49.10888],[2.206228,49.108163],[2.203184,49.100836],[2.202905,49.098883],[2.201536,49.095763],[2.201393,49.095513],[2.20088,49.094886],[2.200463,49.094468],[2.199321,49.093855],[2.198685,49.093657],[2.198845,49.093047],[2.19881,49.092384],[2.198658,49.09192],[2.198185,49.090957],[2.197774,49.089902],[2.19763,49.089249],[2.197626,49.088578],[2.197472,49.087967],[2.197164,49.087326],[2.197097,49.086578],[2.197537,49.086344],[2.197982,49.086278],[2.198435,49.086076],[2.198715,49.085806],[2.198926,49.085407],[2.198957,49.084979],[2.198548,49.083465],[2.198414,49.082598]],[[2.19438,49.067111],[2.193873,49.066795],[2.192929,49.066426],[2.188478,49.064405],[2.18684,49.063979],[2.186557,49.063843],[2.189336,49.061538],[2.189596,49.06119],[2.18967,49.060777],[2.189554,49.06028],[2.189403,49.05993],[2.188876,49.059266],[2.18886,49.059192],[2.188932,49.059092],[2.190133,49.058109],[2.190827,49.057165],[2.190988,49.057034],[2.193111,49.056397],[2.193489,49.056189],[2.193785,49.055957],[2.194323,49.05516],[2.194902,49.055107],[2.196528,49.05588],[2.198347,49.056887],[2.199713,49.057561],[2.201706,49.058399],[2.20475,49.059458],[2.205613,49.059861],[2.206527,49.060448],[2.207249,49.061077],[2.207583,49.061474],[2.207977,49.062042],[2.208998,49.063857],[2.209605,49.064818],[2.2106,49.066124],[2.211215,49.066791],[2.212077,49.067649],[2.212784,49.06826],[2.21716,49.071562],[2.215036,49.072579],[2.212348,49.073495],[2.211528,49.073969],[2.210324,49.074846],[2.209124,49.074761],[2.207634,49.074491],[2.207044,49.074498],[2.206697,49.074568],[2.204025,49.075544],[2.202961,49.075885],[2.202566,49.075556],[2.199357,49.073282],[2.197621,49.071899],[2.196877,49.071058],[2.19551,49.068725],[2.19438,49.067111]],[[2.205474,49.042511],[2.2022,49.044877],[2.20194,49.045113],[2.201214,49.046039],[2.200976,49.0462],[2.200781,49.046407],[2.200583,49.046703],[2.200512,49.04698],[2.198394,49.049752],[2.196607,49.049147],[2.195434,49.048831],[2.194646,49.048685],[2.19383,49.048643],[2.192939,49.048722],[2.191644,49.048409],[2.190432,49.048216],[2.188887,49.048115],[2.187631,49.048143],[2.18928,49.04665],[2.19025,49.046209],[2.190819,49.045822],[2.191357,49.045248],[2.19304,49.042896],[2.193973,49.041878],[2.200215,49.036303],[2.202178,49.037052],[2.203787,49.03775],[2.204665,49.03804],[2.205653,49.038246],[2.208028,49.038456],[2.209209,49.038672],[2.206318,49.041906],[2.205474,49.042511]],[[2.210894,49.034286],[2.209499,49.03401],[2.207259,49.033821],[2.205849,49.033205],[2.204242,49.032589],[2.206088,49.030579],[2.206534,49.030387],[2.20711,49.030014],[2.207498,49.02969],[2.207979,49.029734],[2.208531,49.029981],[2.209229,49.030072],[2.214643,49.032369],[2.212311,49.034921],[2.212054,49.034737],[2.211508,49.034474],[2.210894,49.034286]],[[2.210819,49.028508],[2.21062,49.028276],[2.210858,49.028087],[2.213403,49.026107],[2.216086,49.024211],[2.217427,49.023326],[2.219639,49.025209],[2.219962,49.025281],[2.220266,49.025182],[2.220373,49.025027],[2.220361,49.024913],[2.220284,49.024811],[2.218074,49.02291],[2.219426,49.022062],[2.219704,49.021909],[2.220123,49.021814],[2.220439,49.021509],[2.222656,49.020303],[2.224253,49.021593],[2.226506,49.023741],[2.223974,49.024782],[2.221577,49.025922],[2.221403,49.026114],[2.221412,49.026228],[2.221486,49.026331],[2.221779,49.026446],[2.222034,49.02642],[2.224462,49.025271],[2.226997,49.024229],[2.227126,49.024346],[2.227204,49.024594],[2.22756,49.02499],[2.226851,49.025313],[2.225239,49.02578],[2.22465,49.026021],[2.223313,49.026977],[2.22297,49.027358],[2.218629,49.029454],[2.218099,49.029825],[2.21689,49.031117],[2.211587,49.028896],[2.210848,49.028567],[2.210819,49.028508]],[[2.210532,49.027364],[2.211593,49.026557],[2.212432,49.025813],[2.212798,49.025402],[2.213074,49.024895],[2.213195,49.024363],[2.213155,49.023826],[2.212957,49.023304],[2.212702,49.022948],[2.213667,49.022799],[2.214399,49.022558],[2.215046,49.022229],[2.215678,49.021714],[2.216357,49.022263],[2.216929,49.022829],[2.215444,49.023807],[2.212746,49.025713],[2.209937,49.027902],[2.209785,49.027863],[2.210532,49.027364]],[[2.206607,49.021881],[2.205972,49.02222],[2.204588,49.023358],[2.203439,49.024156],[2.201271,49.025287],[2.200715,49.025658],[2.199873,49.026344],[2.199638,49.026237],[2.199309,49.0262],[2.199046,49.026242],[2.198796,49.026368],[2.198644,49.026564],[2.198657,49.026843],[2.198566,49.027015],[2.197349,49.028522],[2.197042,49.028607],[2.196842,49.028753],[2.19676,49.028972],[2.196831,49.029178],[2.195236,49.03116],[2.194754,49.031195],[2.194495,49.031266],[2.193773,49.031145],[2.192083,49.03063],[2.189597,49.030032],[2.188469,49.028504],[2.187675,49.027569],[2.189929,49.022125],[2.193149,49.021856],[2.19796,49.021182],[2.203817,49.020079],[2.205948,49.019855],[2.207775,49.019824],[2.207964,49.019825],[2.207915,49.02003],[2.207946,49.020567],[2.208137,49.021091],[2.208395,49.02146],[2.207331,49.02163],[2.206607,49.021881]],[[2.207761,49.019239],[2.205871,49.019273],[2.203635,49.019507],[2.200496,49.020103],[2.200087,49.020076],[2.199786,49.020241],[2.197743,49.020615],[2.193002,49.02128],[2.189363,49.02159],[2.189155,49.021767],[2.186991,49.026996],[2.184451,49.025257],[2.184317,49.025],[2.18409,49.024783],[2.183737,49.024588],[2.183393,49.024482],[2.182306,49.023605],[2.181959,49.023263],[2.180854,49.021927],[2.17954,49.020027],[2.17876,49.018988],[2.176158,49.016637],[2.183872,49.014046],[2.184541,49.013861],[2.184761,49.013725],[2.191903,49.011464],[2.195803,49.010173],[2.197858,49.009607],[2.198705,49.00932],[2.199248,49.00979],[2.199291,49.009947],[2.199437,49.01008],[2.199801,49.010167],[2.201582,49.011336],[2.202997,49.012132],[2.20481,49.013014],[2.205219,49.013277],[2.209724,49.017065],[2.208188,49.019242],[2.207761,49.019239]],[[2.20987,49.016234],[2.205856,49.012869],[2.208918,49.01198],[2.210156,49.011665],[2.210556,49.011646],[2.210812,49.011495],[2.212315,49.011099],[2.21272,49.011342],[2.213976,49.012973],[2.213044,49.013659],[2.212127,49.014442],[2.211031,49.015505],[2.210168,49.016489],[2.20987,49.016234]],[[2.206366,49.012057],[2.206144,49.012162],[2.205129,49.012436],[2.203561,49.01168],[2.202169,49.010897],[2.200315,49.00968],[2.200167,49.009535],[2.199988,49.009466],[2.199505,49.009049],[2.208558,49.005933],[2.208708,49.006009],[2.21015,49.007783],[2.211988,49.010314],[2.211983,49.010557],[2.210514,49.010944],[2.210077,49.010952],[2.20988,49.011039],[2.209792,49.011131],[2.208089,49.011575],[2.206667,49.01201],[2.206366,49.012057]],[[2.210508,49.004229],[2.209541,49.002976],[2.209304,49.002579],[2.208209,49.001109],[2.207973,49.000721],[2.207936,49.00053],[2.207801,49.000281],[2.207635,49.000112],[2.207333,48.999923],[2.207143,48.999718],[2.204926,48.996972],[2.204301,48.996363],[2.202387,48.994777],[2.202318,48.994616],[2.202108,48.994369],[2.20169,48.994112],[2.200365,48.992839],[2.202556,48.991843],[2.205519,48.991109],[2.206138,48.99166],[2.206381,48.991717],[2.206688,48.991665],[2.208739,48.990874],[2.209188,48.990815],[2.209341,48.990715],[2.209424,48.990595],[2.212054,48.98947],[2.212424,48.989468],[2.21268,48.98963],[2.212933,48.989698],[2.214065,48.989812],[2.215033,48.990625],[2.215166,48.990832],[2.215198,48.991279],[2.21537,48.991634],[2.215403,48.991856],[2.2157,48.992086],[2.216524,48.993448],[2.216749,48.993679],[2.216941,48.993777],[2.21716,48.993814],[2.217362,48.99379],[2.217587,48.993696],[2.221948,48.99263],[2.222001,48.992683],[2.221967,48.99276],[2.22134,48.99366],[2.220123,48.995818],[2.219924,48.995947],[2.21986,48.996071],[2.219858,48.9962],[2.218437,48.997976],[2.218337,48.998167],[2.218289,48.998348],[2.218304,48.998632],[2.218451,48.998967],[2.218684,48.999235],[2.218703,48.999555],[2.21745,49.001808],[2.217169,49.002199],[2.217132,49.002348],[2.217176,49.002501],[2.210853,49.004518],[2.210649,49.004399],[2.210508,49.004229]],[[2.208267,48.990345],[2.208249,48.990386],[2.20656,48.991037],[2.206379,48.990873],[2.208267,48.990345]],[[2.180583,49.000298],[2.180165,49.000537],[2.180583,49.000298]],[[2.18579,49.000056],[2.187544,48.999058],[2.188075,48.998991],[2.188474,48.998853],[2.188862,48.998603],[2.189038,48.998388],[2.189139,48.998164],[2.189661,48.997994],[2.193371,48.996042],[2.194199,48.995666],[2.194137,48.996447],[2.194225,48.99681],[2.194764,48.997998],[2.1961,48.99999],[2.196177,49.000167],[2.196242,49.00051],[2.196181,49.001194],[2.196254,49.001484],[2.19765,49.003469],[2.196189,49.005949],[2.194254,49.00486],[2.193494,49.004489],[2.193061,49.004165],[2.192603,49.004017],[2.192227,49.003975],[2.18854,49.002556],[2.184966,49.0009],[2.184458,49.000753],[2.18579,49.000056]],[[2.196782,48.99448],[2.198,48.993937],[2.199194,48.995141],[2.199315,48.995422],[2.199461,48.995598],[2.199743,48.995799],[2.200023,48.995924],[2.200694,48.996425],[2.201828,48.997398],[2.203295,48.998882],[2.204637,49.000543],[2.205034,49.001179],[2.205306,49.001437],[2.205626,49.001841],[2.206736,49.00336],[2.206985,49.003775],[2.207912,49.004988],[2.208088,49.005236],[2.208114,49.005426],[2.199078,49.008536],[2.198651,49.008066],[2.196711,49.007057],[2.1968,49.006825],[2.196802,49.006641],[2.196735,49.006439],[2.196946,49.006269],[2.197543,49.005319],[2.198441,49.003767],[2.198548,49.003457],[2.198476,49.003242],[2.198218,49.002848],[2.197111,49.00133],[2.197069,49.001171],[2.19713,49.000481],[2.196995,48.999918],[2.195597,48.997796],[2.195034,48.996505],[2.195141,48.995235],[2.196782,48.99448]],[[2.195439,48.967587],[2.194985,48.967211],[2.194154,48.966777],[2.193705,48.966266],[2.190426,48.961358],[2.1898,48.960313],[2.189392,48.959451],[2.194131,48.958592],[2.194923,48.958484],[2.195932,48.95844],[2.198889,48.95883],[2.201797,48.95936],[2.201797,48.959551],[2.201876,48.959799],[2.201685,48.960207],[2.198748,48.964286],[2.197573,48.965093],[2.197329,48.96539],[2.197201,48.965752],[2.197244,48.966331],[2.196817,48.966766],[2.195871,48.967471],[2.195551,48.967689],[2.195439,48.967587]],[[2.146057,49.018845],[2.148751,49.017039],[2.150402,49.016051],[2.152039,49.015154],[2.154743,49.013834],[2.154464,49.014753],[2.154237,49.014832],[2.154113,49.014986],[2.147433,49.018856],[2.146144,49.019549],[2.144709,49.020428],[2.144119,49.020766],[2.143522,49.020608],[2.146057,49.018845]],[[2.157368,49.013101],[2.156561,49.013506],[2.156299,49.013726],[2.154877,49.014546],[2.155146,49.01365],[2.160051,49.011551],[2.157368,49.013101]],[[2.176483,48.994425],[2.177004,48.994533],[2.177497,48.994508],[2.17474,48.996129],[2.173935,48.995046],[2.176236,48.994309],[2.176483,48.994425]],[[2.17895,48.993221],[2.179197,48.992898],[2.179599,48.99258],[2.180492,48.992189],[2.180527,48.992725],[2.178506,48.993915],[2.178729,48.993631],[2.17895,48.993221]],[[2.190208,48.994936],[2.192104,48.994298],[2.187899,48.996476],[2.187534,48.996744],[2.187393,48.996974],[2.187011,48.997076],[2.186707,48.997248],[2.186084,48.99746],[2.183519,48.99889],[2.183522,48.998568],[2.188326,48.995782],[2.190208,48.994936]],[[2.183418,48.991024],[2.18342,48.990876],[2.183949,48.990733],[2.183418,48.991024]],[[2.16846,49.059742],[2.163674,49.058606],[2.159724,49.057908],[2.159552,49.057739],[2.159273,49.057632],[2.158934,49.057619],[2.158659,49.057697],[2.154019,49.056943],[2.153948,49.056701],[2.153668,49.056392],[2.153229,49.056177],[2.152971,49.056116],[2.150705,49.055758],[2.149631,49.055698],[2.14747,49.055708],[2.147088,49.055666],[2.146611,49.055531],[2.146813,49.053598],[2.151104,49.054269],[2.153984,49.054653],[2.156615,49.054969],[2.160337,49.055336],[2.166254,49.055755],[2.172116,49.055972],[2.174486,49.055951],[2.176898,49.055769],[2.178522,49.055552],[2.181695,49.054974],[2.184075,49.055171],[2.185273,49.055156],[2.186082,49.055079],[2.18732,49.054865],[2.188651,49.054493],[2.18949,49.054194],[2.190156,49.053892],[2.190366,49.05375],[2.190992,49.053748],[2.191373,49.053984],[2.192067,49.054269],[2.193079,49.05451],[2.193235,49.054741],[2.193501,49.054937],[2.193129,49.055532],[2.192759,49.055838],[2.192284,49.056032],[2.190638,49.056483],[2.190296,49.056664],[2.190042,49.056889],[2.1894,49.057776],[2.188116,49.05885],[2.18798,49.059103],[2.18801,49.059403],[2.188641,49.06028],[2.188781,49.060801],[2.188743,49.061023],[2.188531,49.061268],[2.185933,49.063419],[2.18548,49.063252],[2.184615,49.063103],[2.183581,49.062658],[2.183273,49.06258],[2.182916,49.062578],[2.182205,49.062708],[2.181902,49.062711],[2.179136,49.062422],[2.175562,49.061497],[2.17077,49.060334],[2.17055,49.060153],[2.170367,49.06008],[2.170124,49.060046],[2.16983,49.060083],[2.16846,49.059742]],[[2.141731,49.044391],[2.144218,49.045266],[2.143339,49.047177],[2.137621,49.046182],[2.139512,49.043598],[2.141731,49.044391]],[[2.135865,49.051635],[2.136331,49.051749],[2.140041,49.052382],[2.140874,49.052672],[2.139752,49.055102],[2.139688,49.055186],[2.13946,49.055305],[2.135581,49.055017],[2.130364,49.054425],[2.133451,49.051184],[2.135865,49.051635]],[[2.145407,49.053349],[2.145937,49.053445],[2.145713,49.0556],[2.145335,49.055767],[2.145065,49.056013],[2.142659,49.05559],[2.140672,49.05539],[2.140603,49.055336],[2.141732,49.052824],[2.142639,49.052848],[2.145407,49.053349]],[[2.212941,48.925905],[2.212416,48.925723],[2.209693,48.924456],[2.215811,48.923748],[2.215865,48.924074],[2.215659,48.925134],[2.215275,48.92582],[2.214696,48.926549],[2.212941,48.925905]],[[2.207856,49.113591],[2.2076,49.112637],[2.207099,49.111315],[2.207236,49.110848],[2.207226,49.110637],[2.206893,49.109973],[2.206615,49.109123],[2.207133,49.109407],[2.208003,49.11269],[2.208701,49.11327],[2.208843,49.11356],[2.208872,49.113753],[2.207989,49.113947],[2.207856,49.113591]],[[2.215218,49.113126],[2.213777,49.113531],[2.21362,49.113157],[2.214074,49.112992],[2.215776,49.112623],[2.21627,49.112617],[2.216531,49.112511],[2.216755,49.112485],[2.21771,49.112448],[2.215218,49.113126]],[[2.22466,48.935465],[2.225372,48.934477],[2.225927,48.935977],[2.226168,48.936499],[2.227294,48.938018],[2.227289,48.938214],[2.227363,48.93834],[2.227637,48.9385],[2.22768,48.938573],[2.227808,48.938871],[2.227851,48.939121],[2.227824,48.939626],[2.226431,48.939921],[2.225042,48.940074],[2.224861,48.938685],[2.224624,48.938361],[2.224438,48.938229],[2.224216,48.938122],[2.223839,48.938026],[2.223678,48.936782],[2.22466,48.935465]],[[2.227808,48.937278],[2.227062,48.936285],[2.226942,48.936065],[2.22626,48.934284],[2.226095,48.933981],[2.226099,48.933874],[2.226028,48.933718],[2.22607,48.93362],[2.226899,48.93273],[2.22767,48.931521],[2.228247,48.93182],[2.228766,48.93193],[2.22931,48.9319],[2.229656,48.931795],[2.232485,48.933331],[2.230473,48.935163],[2.230449,48.935247],[2.230515,48.935317],[2.230408,48.935463],[2.230422,48.935595],[2.228823,48.937116],[2.228064,48.937621],[2.227808,48.937278]],[[2.231301,48.935781],[2.231345,48.935623],[2.23125,48.935392],[2.231081,48.935264],[2.230826,48.935218],[2.232749,48.933475],[2.236827,48.935728],[2.236732,48.936078],[2.236764,48.936261],[2.236849,48.936436],[2.237072,48.936665],[2.235837,48.937864],[2.23426,48.939534],[2.232089,48.939417],[2.230104,48.939427],[2.228814,48.939491],[2.228824,48.939152],[2.228764,48.938789],[2.228522,48.93815],[2.229528,48.937471],[2.231301,48.935781]],[[2.236661,48.934878],[2.233481,48.933114],[2.234856,48.93185],[2.23878,48.933748],[2.237294,48.935224],[2.236661,48.934878]],[[2.220079,48.927444],[2.217598,48.9272],[2.218157,48.926502],[2.218715,48.925456],[2.218827,48.925126],[2.219006,48.924184],[2.219148,48.923798],[2.219353,48.923877],[2.21961,48.92387],[2.219759,48.923812],[2.219888,48.923676],[2.220833,48.924084],[2.222753,48.925127],[2.22413,48.925904],[2.226894,48.927603],[2.229188,48.928851],[2.228334,48.929554],[2.227744,48.9295],[2.227123,48.92964],[2.223947,48.927893],[2.220404,48.924043],[2.220133,48.923909],[2.219876,48.923916],[2.219668,48.924016],[2.219593,48.924119],[2.219604,48.924289],[2.222742,48.927703],[2.220079,48.927444]],[[2.230225,48.931346],[2.230316,48.931119],[2.23032,48.930939],[2.23017,48.930593],[2.22983,48.930311],[2.229068,48.929885],[2.229837,48.929252],[2.231369,48.930182],[2.234144,48.931502],[2.232795,48.932742],[2.230225,48.931346]],[[2.218187,48.992922],[2.217425,48.993111],[2.217256,48.993079],[2.216307,48.991502],[2.216145,48.991167],[2.215937,48.990489],[2.215752,48.990282],[2.214772,48.989458],[2.214368,48.989247],[2.213194,48.989101],[2.21289,48.988927],[2.215608,48.988041],[2.218971,48.987687],[2.219537,48.987688],[2.220257,48.98762],[2.221445,48.987423],[2.222919,48.987096],[2.224146,48.986686],[2.226367,48.985581],[2.228576,48.988342],[2.227719,48.989316],[2.227019,48.989696],[2.226443,48.989932],[2.224338,48.990674],[2.223842,48.990768],[2.22289,48.991152],[2.222078,48.991599],[2.221927,48.991748],[2.221781,48.992048],[2.218187,48.992922]],[[2.219458,49.02067],[2.21937,49.020564],[2.219158,49.02047],[2.218259,49.019627],[2.217603,49.019212],[2.218441,49.01831],[2.219164,49.018158],[2.219644,49.017983],[2.221981,49.019799],[2.219758,49.021067],[2.219543,49.020853],[2.219458,49.02067]],[[2.221279,49.018252],[2.220435,49.017587],[2.220993,49.017141],[2.221363,49.016668],[2.221586,49.016157],[2.221609,49.015981],[2.223071,49.015268],[2.22496,49.014561],[2.226917,49.014035],[2.230333,49.013255],[2.22959,49.014942],[2.229332,49.01537],[2.229015,49.015773],[2.228527,49.016243],[2.227787,49.01675],[2.226984,49.017058],[2.224901,49.017988],[2.222716,49.019349],[2.221279,49.018252]],[[2.219037,49.000632],[2.219516,48.99981],[2.219593,48.999565],[2.219555,48.999097],[2.219241,48.998692],[2.219183,48.998544],[2.219192,48.998327],[2.220657,48.996455],[2.220911,48.996276],[2.220944,48.996041],[2.22211,48.993972],[2.222742,48.993051],[2.223012,48.993087],[2.223611,48.993066],[2.224106,48.992914],[2.224509,48.992661],[2.225285,48.99249],[2.225596,48.992322],[2.227578,48.991647],[2.229016,48.991057],[2.229833,48.990605],[2.23018,48.99033],[2.232437,48.993145],[2.231936,48.993453],[2.231788,48.993603],[2.231676,48.993812],[2.231095,48.994041],[2.23052,48.994347],[2.230209,48.994706],[2.230142,48.994988],[2.230198,48.995257],[2.2303,48.995425],[2.232095,48.997565],[2.228284,48.998673],[2.226968,48.999176],[2.225877,48.999671],[2.218158,49.002187],[2.219037,49.000632]],[[2.217655,49.020069],[2.218487,49.020861],[2.218665,49.020962],[2.218737,49.021108],[2.219101,49.021479],[2.217575,49.022412],[2.217066,49.02191],[2.216131,49.021168],[2.217188,49.019748],[2.217655,49.020069]],[[2.236949,48.952409],[2.23807,48.951062],[2.238642,48.950199],[2.239198,48.948922],[2.239546,48.947514],[2.240587,48.947793],[2.240643,48.948124],[2.240903,48.948441],[2.241326,48.948667],[2.241803,48.948776],[2.242817,48.948752],[2.245088,48.94841],[2.244703,48.948799],[2.244397,48.949191],[2.243946,48.950104],[2.243314,48.951566],[2.243073,48.952764],[2.242148,48.95443],[2.241484,48.954151],[2.240809,48.953934],[2.236533,48.952895],[2.236949,48.952409]],[[2.234106,48.951242],[2.232003,48.95065],[2.23112,48.950451],[2.231351,48.950157],[2.232463,48.948197],[2.232763,48.947746],[2.23293,48.947615],[2.232989,48.947422],[2.233751,48.946144],[2.236687,48.946883],[2.236239,48.948833],[2.23581,48.949739],[2.235479,48.950211],[2.234542,48.951334],[2.234106,48.951242]],[[2.234866,48.945696],[2.234097,48.945505],[2.235019,48.943759],[2.234943,48.940182],[2.236812,48.940331],[2.236978,48.940632],[2.237342,48.940901],[2.241065,48.942721],[2.237572,48.945354],[2.237227,48.945726],[2.236933,48.946221],[2.234866,48.945696]],[[2.235814,48.939666],[2.235228,48.939617],[2.236586,48.938177],[2.237827,48.936973],[2.238459,48.936981],[2.238725,48.936925],[2.239183,48.936716],[2.240852,48.935057],[2.241657,48.935577],[2.243523,48.936923],[2.244498,48.937513],[2.244098,48.937874],[2.243801,48.93835],[2.243711,48.938772],[2.243788,48.939583],[2.243691,48.940171],[2.243467,48.940692],[2.242932,48.941341],[2.239025,48.939428],[2.238534,48.939272],[2.238263,48.939244],[2.237722,48.939294],[2.237252,48.939477],[2.236934,48.939752],[2.235814,48.939666]],[[2.231165,48.940004],[2.232474,48.940008],[2.234057,48.940106],[2.23408,48.941561],[2.232676,48.942197],[2.230427,48.942885],[2.229255,48.941256],[2.228986,48.94069],[2.228845,48.940077],[2.231165,48.940004]],[[2.234133,48.943665],[2.233128,48.945256],[2.232422,48.945039],[2.231742,48.944629],[2.231438,48.94434],[2.230813,48.943414],[2.233097,48.942711],[2.234116,48.942256],[2.234133,48.943665]],[[2.234779,48.983884],[2.233154,48.983728],[2.232086,48.98347],[2.230872,48.983326],[2.230915,48.983248],[2.231528,48.982853],[2.235347,48.980491],[2.236291,48.980141],[2.236935,48.981923],[2.236939,48.982395],[2.236726,48.982663],[2.235995,48.983252],[2.235516,48.983519],[2.235306,48.983751],[2.235225,48.983921],[2.234779,48.983884]],[[2.222116,48.985319],[2.221862,48.985385],[2.224023,48.98444],[2.222593,48.985152],[2.222116,48.985319]],[[2.229224,48.984994],[2.230419,48.986124],[2.231243,48.987047],[2.230842,48.987214],[2.228797,48.98466],[2.228892,48.984627],[2.229224,48.984994]],[[2.233166,48.980789],[2.233813,48.980514],[2.230344,48.98272],[2.229969,48.982862],[2.229822,48.982967],[2.229635,48.983009],[2.229269,48.982813],[2.229016,48.982743],[2.228341,48.98272],[2.23152,48.981483],[2.233166,48.980789]],[[2.240043,48.946406],[2.242313,48.944621],[2.243713,48.943678],[2.244493,48.944255],[2.2473,48.946162],[2.247191,48.946257],[2.246734,48.94621],[2.246461,48.946232],[2.243803,48.946732],[2.24234,48.946935],[2.241567,48.946972],[2.241314,48.947042],[2.240943,48.947238],[2.239723,48.946911],[2.239891,48.946581],[2.240043,48.946406]],[[2.335936,49.139478],[2.330394,49.142962],[2.329504,49.143427],[2.328935,49.143511],[2.328534,49.143677],[2.328232,49.143905],[2.327922,49.143998],[2.326244,49.144328],[2.318535,49.144909],[2.316265,49.145034],[2.313625,49.144963],[2.312618,49.145052],[2.311876,49.144917],[2.311582,49.144911],[2.310855,49.145029],[2.309524,49.144977],[2.305126,49.145027],[2.303409,49.144964],[2.301989,49.144799],[2.301091,49.144878],[2.300404,49.145059],[2.298955,49.144785],[2.297779,49.144421],[2.297252,49.144146],[2.295704,49.143155],[2.292974,49.142507],[2.291051,49.142132],[2.289969,49.141984],[2.286402,49.141687],[2.285805,49.14149],[2.285465,49.141541],[2.285164,49.141782],[2.284416,49.141484],[2.284295,49.141256],[2.284035,49.140331],[2.283601,49.138464],[2.281932,49.131997],[2.281645,49.130808],[2.2816,49.13021],[2.281676,49.129793],[2.282413,49.128037],[2.283097,49.12602],[2.283065,49.12557],[2.282564,49.123828],[2.282486,49.123384],[2.283411,49.119644],[2.283737,49.118703],[2.28375,49.118456],[2.283683,49.118261],[2.283527,49.118053],[2.282853,49.117615],[2.282432,49.11727],[2.281551,49.116053],[2.281171,49.115723],[2.281432,49.115288],[2.281465,49.11506],[2.281408,49.114648],[2.281137,49.113962],[2.280578,49.113182],[2.280376,49.112723],[2.280331,49.112445],[2.280685,49.111946],[2.281259,49.110913],[2.282124,49.109967],[2.283446,49.108768],[2.288994,49.10766],[2.289527,49.107458],[2.289992,49.107186],[2.291199,49.106071],[2.291453,49.105924],[2.29176,49.105833],[2.292172,49.105837],[2.293329,49.106125],[2.293587,49.106134],[2.29381,49.106049],[2.293923,49.105896],[2.293916,49.105782],[2.293843,49.105678],[2.293637,49.105576],[2.292301,49.105258],[2.291717,49.105245],[2.29125,49.105329],[2.290643,49.105596],[2.289442,49.106711],[2.288798,49.107072],[2.288421,49.107181],[2.283156,49.108215],[2.282891,49.108305],[2.281394,49.109632],[2.280485,49.110624],[2.280202,49.111053],[2.279859,49.111727],[2.279461,49.112317],[2.279455,49.112662],[2.279727,49.113355],[2.280303,49.114168],[2.28053,49.11475],[2.280575,49.115222],[2.280313,49.115579],[2.280351,49.115916],[2.280725,49.116264],[2.281684,49.117586],[2.282206,49.118017],[2.28277,49.118366],[2.282863,49.118505],[2.282535,49.119539],[2.281596,49.123358],[2.281618,49.123652],[2.282187,49.125667],[2.28221,49.125963],[2.281548,49.127897],[2.280811,49.129652],[2.280709,49.130212],[2.280815,49.131138],[2.28335,49.14112],[2.280077,49.139977],[2.279519,49.139648],[2.2795,49.139439],[2.279292,49.139259],[2.279268,49.138945],[2.279179,49.138774],[2.278859,49.138482],[2.27583,49.137236],[2.274446,49.136585],[2.273815,49.1364],[2.273303,49.136357],[2.272656,49.136419],[2.272267,49.13653],[2.27193,49.136691],[2.271832,49.13664],[2.271673,49.136429],[2.271722,49.136286],[2.271682,49.136175],[2.271388,49.135898],[2.271716,49.135592],[2.271799,49.13542],[2.271806,49.135061],[2.271235,49.134075],[2.271306,49.133658],[2.271241,49.133147],[2.271028,49.132756],[2.270792,49.132518],[2.270121,49.132126],[2.266648,49.130578],[2.266423,49.130368],[2.265964,49.130111],[2.265411,49.129993],[2.264708,49.130054],[2.264504,49.129723],[2.264121,49.129466],[2.261667,49.128392],[2.260622,49.127832],[2.260417,49.127292],[2.260177,49.126931],[2.259641,49.126334],[2.258952,49.125776],[2.258056,49.125303],[2.257494,49.125112],[2.256869,49.124981],[2.256576,49.122569],[2.256895,49.122112],[2.257086,49.121586],[2.257117,49.121045],[2.256989,49.119925],[2.256945,49.118882],[2.257064,49.117734],[2.257228,49.117047],[2.25745,49.116384],[2.257777,49.115657],[2.25913,49.113336],[2.259514,49.112591],[2.260453,49.110249],[2.260813,49.109544],[2.261246,49.108938],[2.261598,49.108537],[2.263129,49.107239],[2.263481,49.106722],[2.265579,49.106656],[2.267029,49.106437],[2.268032,49.106147],[2.268906,49.105781],[2.269689,49.105328],[2.270305,49.104851],[2.278445,49.103145],[2.292951,49.100213],[2.294472,49.099841],[2.295843,49.099404],[2.29717,49.098889],[2.29841,49.098307],[2.309168,49.092639],[2.31034,49.09207],[2.312526,49.091068],[2.318375,49.088559],[2.325972,49.085098],[2.32947,49.083475],[2.331197,49.082513],[2.332067,49.081916],[2.332962,49.081195],[2.333793,49.080402],[2.334479,49.079616],[2.335054,49.078819],[2.335528,49.078001],[2.335914,49.077132],[2.336189,49.07629],[2.336354,49.075466],[2.336425,49.074741],[2.336418,49.073737],[2.336282,49.072705],[2.3361,49.071958],[2.335783,49.071086],[2.334809,49.069027],[2.33513,49.068445],[2.33531,49.067937],[2.335405,49.067436],[2.335406,49.066815],[2.343675,49.073672],[2.3438,49.073973],[2.344068,49.074266],[2.344279,49.074404],[2.344845,49.07464],[2.350588,49.079424],[2.350686,49.079691],[2.350922,49.079972],[2.351279,49.080191],[2.351701,49.08033],[2.353535,49.081851],[2.353827,49.082197],[2.359035,49.09363],[2.358988,49.094089],[2.359044,49.094305],[2.359227,49.094586],[2.359577,49.094859],[2.363532,49.103456],[2.363969,49.10418],[2.36459,49.104912],[2.364586,49.10524],[2.364729,49.10557],[2.364724,49.105873],[2.364786,49.106167],[2.365678,49.108079],[2.365658,49.108438],[2.365725,49.108613],[2.366007,49.108922],[2.366211,49.109043],[2.366697,49.109194],[2.366608,49.109721],[2.366329,49.11015],[2.365962,49.110438],[2.364869,49.111026],[2.364629,49.11127],[2.364493,49.111554],[2.364487,49.11194],[2.365035,49.113544],[2.365096,49.113916],[2.365074,49.114168],[2.364832,49.114915],[2.364882,49.115297],[2.364857,49.115462],[2.364914,49.115589],[2.36504,49.115695],[2.366091,49.117562],[2.366747,49.118352],[2.366966,49.119267],[2.367519,49.120563],[2.367549,49.120977],[2.367139,49.123456],[2.36724,49.123884],[2.367567,49.124309],[2.367573,49.12446],[2.367713,49.124629],[2.367892,49.124709],[2.368428,49.124795],[2.369114,49.1251],[2.369212,49.125184],[2.368865,49.125349],[2.368692,49.12549],[2.368488,49.125823],[2.368464,49.126003],[2.368853,49.127358],[2.368852,49.128178],[2.368954,49.129153],[2.36895,49.129526],[2.368858,49.129788],[2.368853,49.130005],[2.368959,49.130302],[2.369221,49.130589],[2.371552,49.136956],[2.361554,49.137599],[2.361063,49.137616],[2.360451,49.137527],[2.359533,49.13763],[2.357374,49.13752],[2.346044,49.136169],[2.344908,49.136092],[2.343855,49.136125],[2.343024,49.13623],[2.342165,49.136404],[2.341491,49.136595],[2.340523,49.136966],[2.339005,49.137672],[2.337604,49.138435],[2.337047,49.138554],[2.336658,49.138741],[2.336364,49.138989],[2.336184,49.139295],[2.335936,49.139478]],[[2.335956,49.059549],[2.336128,49.05873],[2.336194,49.058148],[2.336185,49.057338],[2.336078,49.056462],[2.335777,49.055319],[2.334829,49.053214],[2.335628,49.051142],[2.33603,49.051088],[2.336492,49.050895],[2.336672,49.050759],[2.336894,49.05043],[2.337271,49.049441],[2.337838,49.048295],[2.337837,49.047936],[2.337757,49.047763],[2.337451,49.047463],[2.33747,49.047436],[2.343967,49.043485],[2.345296,49.042471],[2.346578,49.041182],[2.347023,49.040629],[2.347584,49.039788],[2.348137,49.038737],[2.348911,49.036587],[2.349505,49.034305],[2.351191,49.034044],[2.359131,49.032623],[2.360912,49.032117],[2.361147,49.031955],[2.361167,49.031786],[2.361041,49.031638],[2.360811,49.031561],[2.360638,49.031564],[2.358724,49.032093],[2.349641,49.03369],[2.350696,49.029122],[2.35088,49.028519],[2.351324,49.027492],[2.353998,49.022525],[2.355093,49.023956],[2.355294,49.024138],[2.357001,49.025005],[2.356936,49.025419],[2.35699,49.025627],[2.357283,49.025917],[2.357686,49.026122],[2.358083,49.026166],[2.359032,49.025959],[2.359305,49.026029],[2.35956,49.025984],[2.359686,49.025906],[2.360018,49.025524],[2.363453,49.023585],[2.363885,49.023252],[2.364557,49.024341],[2.365866,49.025707],[2.366238,49.025955],[2.367346,49.026485],[2.367001,49.02664],[2.366869,49.026816],[2.3665,49.027045],[2.365097,49.027833],[2.364023,49.028351],[2.363628,49.028646],[2.363084,49.029202],[2.362894,49.029782],[2.362568,49.030329],[2.361866,49.030762],[2.361349,49.030873],[2.361145,49.031078],[2.36111,49.031222],[2.361156,49.03135],[2.361077,49.03152],[2.361113,49.031632],[2.361357,49.031788],[2.361614,49.031802],[2.361908,49.03167],[2.362191,49.031314],[2.362564,49.031137],[2.363318,49.030643],[2.363738,49.029968],[2.363904,49.029437],[2.364347,49.02899],[2.364615,49.028788],[2.365658,49.028286],[2.367433,49.027271],[2.36781,49.027176],[2.367934,49.027059],[2.367984,49.026896],[2.368166,49.026753],[2.368466,49.026656],[2.368628,49.026446],[2.369214,49.02617],[2.370213,49.025801],[2.370565,49.025614],[2.371443,49.024882],[2.372463,49.024156],[2.374216,49.022789],[2.374678,49.022624],[2.376231,49.022517],[2.376564,49.022389],[2.376991,49.022094],[2.380118,49.021112],[2.381,49.020787],[2.381968,49.020828],[2.383782,49.020674],[2.384241,49.020478],[2.384418,49.02034],[2.384586,49.020108],[2.385057,49.019709],[2.385072,49.022176],[2.385132,49.023162],[2.385303,49.024228],[2.385512,49.025094],[2.385942,49.02649],[2.386354,49.027466],[2.386806,49.028318],[2.3955,49.042881],[2.396059,49.043678],[2.396582,49.044289],[2.400054,49.047634],[2.400815,49.048477],[2.401276,49.049191],[2.401521,49.049719],[2.401667,49.050156],[2.401801,49.050922],[2.401803,49.051618],[2.40161,49.052566],[2.39986,49.056868],[2.399599,49.057799],[2.399459,49.058885],[2.399488,49.059801],[2.399653,49.060743],[2.399015,49.061144],[2.398561,49.061584],[2.398247,49.062074],[2.398085,49.062595],[2.39808,49.063127],[2.398215,49.063659],[2.397387,49.064721],[2.395694,49.064964],[2.392708,49.065306],[2.390624,49.065492],[2.387119,49.065688],[2.384968,49.06562],[2.383702,49.06549],[2.382376,49.065279],[2.380415,49.064818],[2.37452,49.063048],[2.357217,49.057596],[2.355367,49.057157],[2.353786,49.056941],[2.35261,49.056866],[2.35146,49.056869],[2.350434,49.056931],[2.349297,49.057067],[2.348075,49.057297],[2.346952,49.057587],[2.34587,49.057946],[2.343938,49.058681],[2.343153,49.058894],[2.342477,49.058985],[2.340282,49.059058],[2.338775,49.059169],[2.337332,49.059383],[2.335911,49.059716],[2.335956,49.059549]],[[2.375794,49.021985],[2.374466,49.022056],[2.374064,49.022149],[2.373652,49.022336],[2.37179,49.023774],[2.370774,49.024497],[2.369953,49.02519],[2.367954,49.026019],[2.367669,49.025934],[2.366606,49.025387],[2.365348,49.024073],[2.364617,49.022887],[2.36427,49.022685],[2.363867,49.022617],[2.36359,49.022648],[2.363394,49.022731],[2.362857,49.023151],[2.359404,49.0251],[2.359178,49.025281],[2.358032,49.025574],[2.357828,49.025411],[2.357891,49.024996],[2.357872,49.024861],[2.357775,49.024704],[2.357556,49.024543],[2.355879,49.023681],[2.354409,49.021746],[2.354783,49.020894],[2.354973,49.02032],[2.355198,49.019299],[2.355858,49.011541],[2.355936,49.010976],[2.356079,49.010422],[2.356454,49.009548],[2.357096,49.00861],[2.357689,49.007969],[2.35973,49.006306],[2.36055,49.005515],[2.361538,49.004314],[2.362334,49.002917],[2.362536,49.002454],[2.364062,48.998125],[2.364444,48.996756],[2.364571,48.995939],[2.364595,48.995012],[2.364485,48.993821],[2.364272,48.992973],[2.364516,48.993058],[2.364628,48.993332],[2.364926,48.993654],[2.365115,48.993784],[2.365591,48.993961],[2.366134,48.994005],[2.366404,48.993974],[2.366892,48.993811],[2.369191,48.992614],[2.369816,48.992375],[2.373377,48.991981],[2.373634,48.992304],[2.374376,48.992997],[2.375797,48.993852],[2.376834,48.994267],[2.377278,48.994666],[2.377772,48.995225],[2.377959,48.995358],[2.378431,48.995539],[2.378755,48.995583],[2.379663,48.998381],[2.37954,48.99865],[2.379658,48.99906],[2.379763,48.999211],[2.379984,48.999333],[2.380268,48.999375],[2.380568,48.999315],[2.38074,48.999189],[2.38166,48.999494],[2.382146,48.999795],[2.380257,49.004267],[2.379655,49.005908],[2.379568,49.006555],[2.379666,49.006996],[2.379892,49.007415],[2.380238,49.007797],[2.380691,49.008128],[2.381234,49.008394],[2.381972,49.008607],[2.382416,49.009886],[2.383138,49.012398],[2.384254,49.015798],[2.383898,49.015755],[2.383623,49.015832],[2.383335,49.016066],[2.383102,49.016367],[2.380947,49.016176],[2.37952,49.016201],[2.378853,49.016278],[2.378222,49.016438],[2.377651,49.016677],[2.377161,49.016984],[2.376772,49.017348],[2.376499,49.017755],[2.376351,49.01819],[2.376335,49.018635],[2.376451,49.019073],[2.376696,49.019488],[2.377058,49.019864],[2.377525,49.020186],[2.377814,49.020319],[2.377455,49.020714],[2.376263,49.021758],[2.375984,49.021945],[2.375794,49.021985]],[[2.375794,48.991034],[2.375383,48.990336],[2.37587,48.989963],[2.376448,48.989617],[2.377917,48.98889],[2.378966,48.989282],[2.379798,48.98966],[2.380583,48.990106],[2.381416,48.990677],[2.381919,48.991102],[2.382534,48.99173],[2.382669,48.991891],[2.382807,48.992234],[2.383226,48.99276],[2.380271,48.994551],[2.380147,48.994265],[2.379913,48.993971],[2.379433,48.993471],[2.378928,48.993039],[2.378425,48.992741],[2.377482,48.992378],[2.376467,48.991765],[2.375958,48.991304],[2.375794,48.991034]],[[2.374475,48.989892],[2.374144,48.98987],[2.371746,48.985139],[2.37337,48.985859],[2.373378,48.986216],[2.373518,48.98665],[2.373785,48.987058],[2.374167,48.987423],[2.374651,48.987733],[2.375216,48.987974],[2.376949,48.988563],[2.37544,48.989321],[2.374589,48.989915],[2.374475,48.989892]],[[2.374374,48.984039],[2.373078,48.983408],[2.372393,48.982857],[2.372275,48.982645],[2.372053,48.982427],[2.371804,48.982277],[2.371604,48.982059],[2.371371,48.981901],[2.371037,48.981409],[2.369535,48.978256],[2.372478,48.977834],[2.37319,48.977684],[2.37549,48.977333],[2.376296,48.97956],[2.373995,48.979916],[2.373769,48.980083],[2.373744,48.980196],[2.373788,48.980306],[2.373962,48.980431],[2.374213,48.980471],[2.377535,48.980011],[2.377925,48.980907],[2.377847,48.981036],[2.377848,48.981211],[2.377933,48.981339],[2.378106,48.981452],[2.378587,48.982657],[2.378929,48.983132],[2.38033,48.984556],[2.378402,48.983904],[2.377775,48.983741],[2.377111,48.983662],[2.376437,48.98367],[2.375778,48.983764],[2.37516,48.983941],[2.374686,48.984157],[2.374374,48.984039]],[[2.281459,49.002016],[2.280422,49.000784],[2.279553,48.999974],[2.279152,48.999457],[2.278586,48.998083],[2.278456,48.997468],[2.278315,48.997084],[2.277631,48.995673],[2.278203,48.995571],[2.279066,48.995339],[2.281822,48.994421],[2.282509,48.994306],[2.283857,48.996107],[2.284091,48.996331],[2.284112,48.996496],[2.284517,48.99725],[2.284382,48.99741],[2.284411,48.997579],[2.285325,48.998732],[2.285962,48.999435],[2.286022,48.999598],[2.287785,49.000731],[2.28824,49.00111],[2.286163,49.001867],[2.284164,49.002284],[2.282512,49.002849],[2.281972,49.002581],[2.281459,49.002016]],[[2.281535,48.991901],[2.281093,48.991689],[2.280585,48.991608],[2.280518,48.991302],[2.28042,48.991143],[2.280047,48.990829],[2.279574,48.99065],[2.27914,48.990581],[2.278594,48.9906],[2.278279,48.990679],[2.277909,48.990847],[2.277577,48.991154],[2.276831,48.991506],[2.276501,48.991591],[2.276479,48.991289],[2.276417,48.99115],[2.276407,48.990695],[2.276197,48.989999],[2.274101,48.985226],[2.273071,48.98257],[2.272854,48.982155],[2.271955,48.980738],[2.271871,48.980474],[2.271949,48.979895],[2.271859,48.979714],[2.272161,48.979159],[2.272753,48.977704],[2.272805,48.977267],[2.272782,48.977087],[2.272642,48.97683],[2.272904,48.976577],[2.273189,48.976206],[2.27339,48.975774],[2.273516,48.975339],[2.273896,48.974892],[2.274918,48.975984],[2.276089,48.9769],[2.277483,48.977734],[2.279051,48.97843],[2.280522,48.978919],[2.28206,48.979281],[2.285228,48.979741],[2.286497,48.979788],[2.287589,48.979749],[2.28823,48.980058],[2.286569,48.980263],[2.284456,48.980405],[2.281383,48.981268],[2.281259,48.981347],[2.281182,48.981509],[2.281254,48.981672],[2.281375,48.981754],[2.281621,48.981805],[2.281792,48.981783],[2.284824,48.980941],[2.286689,48.980843],[2.288332,48.980641],[2.288738,48.980716],[2.288984,48.980654],[2.289228,48.980507],[2.289453,48.980468],[2.290063,48.980701],[2.291,48.980894],[2.291123,48.981687],[2.291633,48.982478],[2.29297,48.984221],[2.294514,48.9859],[2.294838,48.98619],[2.293846,48.986863],[2.291916,48.987935],[2.29067,48.989068],[2.289872,48.989564],[2.287913,48.990277],[2.281855,48.992293],[2.281701,48.992045],[2.281535,48.991901]],[[2.281377,48.973933],[2.280745,48.973492],[2.280193,48.972966],[2.280096,48.972504],[2.279803,48.97194],[2.279892,48.971818],[2.284249,48.970235],[2.284443,48.97014],[2.284686,48.96987],[2.285326,48.970692],[2.285501,48.970841],[2.285952,48.971067],[2.286415,48.971176],[2.286658,48.971476],[2.286907,48.971635],[2.289643,48.975028],[2.28908,48.975231],[2.287988,48.975134],[2.286219,48.975134],[2.282581,48.974411],[2.282298,48.974394],[2.281377,48.973933]],[[2.280647,48.970848],[2.279521,48.971284],[2.278422,48.968536],[2.277862,48.967393],[2.282406,48.966502],[2.282908,48.967299],[2.283101,48.967502],[2.283314,48.967969],[2.284011,48.968967],[2.284007,48.969207],[2.284073,48.969385],[2.283787,48.969735],[2.280647,48.970848]],[[2.263492,49.009161],[2.262947,49.00919],[2.261558,49.009629],[2.261352,49.009748],[2.261064,49.010054],[2.260993,49.010229],[2.260996,49.010511],[2.260535,49.010664],[2.260078,49.010748],[2.258768,49.010837],[2.258317,49.010913],[2.256336,49.011715],[2.254521,49.012071],[2.253185,49.012498],[2.253127,49.012443],[2.259013,49.006369],[2.265374,49.000231],[2.26587,48.999816],[2.267858,48.998437],[2.268776,48.997931],[2.26928,48.997723],[2.268965,48.998654],[2.269018,48.999192],[2.268939,48.999442],[2.268984,48.999568],[2.269102,48.999689],[2.268887,49.000055],[2.268743,49.000505],[2.268396,49.000839],[2.268395,49.001065],[2.268697,49.001361],[2.269098,49.001632],[2.269876,49.002397],[2.270886,49.003597],[2.271212,49.00415],[2.271493,49.004523],[2.272969,49.006246],[2.272627,49.00629],[2.27231,49.006406],[2.270311,49.007271],[2.269661,49.007571],[2.269471,49.007713],[2.268996,49.007904],[2.268214,49.008109],[2.264305,49.009421],[2.264012,49.009272],[2.263492,49.009161]],[[2.263546,49.000456],[2.263298,49.000335],[2.260947,48.999678],[2.260415,48.999436],[2.259595,48.999244],[2.259469,48.999118],[2.259213,48.999003],[2.258922,48.998982],[2.258571,48.999076],[2.256441,48.998753],[2.25553,48.998396],[2.254545,48.997648],[2.254533,48.997518],[2.255468,48.99637],[2.257651,48.993873],[2.258592,48.992044],[2.259258,48.991163],[2.259444,48.991299],[2.259658,48.991578],[2.259861,48.991682],[2.260201,48.991676],[2.260342,48.991611],[2.260448,48.991484],[2.260656,48.991566],[2.261579,48.992277],[2.262033,48.992559],[2.262752,48.992926],[2.263391,48.993177],[2.264411,48.993483],[2.269283,48.994484],[2.269652,48.994659],[2.270563,48.995472],[2.270611,48.995601],[2.270546,48.995717],[2.269729,48.996819],[2.268233,48.997446],[2.267668,48.997736],[2.266758,48.998307],[2.265162,48.999434],[2.264622,48.999887],[2.263815,49.000705],[2.263546,49.000456]],[[2.263906,48.992619],[2.263298,48.992381],[2.262666,48.992056],[2.261164,48.990992],[2.260958,48.990455],[2.260787,48.990328],[2.260628,48.990289],[2.260126,48.988981],[2.260186,48.988806],[2.260116,48.98869],[2.259957,48.988626],[2.259789,48.988632],[2.259227,48.988844],[2.258967,48.988762],[2.257611,48.986843],[2.257218,48.98589],[2.257273,48.985508],[2.257071,48.985285],[2.259161,48.984576],[2.260056,48.984029],[2.26033,48.984041],[2.260762,48.98398],[2.264119,48.982732],[2.265132,48.982288],[2.266579,48.981748],[2.267565,48.98125],[2.268877,48.980692],[2.268979,48.980743],[2.269105,48.981165],[2.269323,48.981548],[2.269756,48.98217],[2.269895,48.982302],[2.270377,48.983076],[2.271405,48.985726],[2.273532,48.990588],[2.273615,48.990886],[2.273405,48.99115],[2.273314,48.991477],[2.273377,48.991779],[2.273292,48.993034],[2.273131,48.99327],[2.273066,48.993491],[2.273081,48.993719],[2.273163,48.993926],[2.272248,48.994396],[2.271242,48.995025],[2.270289,48.994207],[2.269729,48.993921],[2.264727,48.992885],[2.263906,48.992619]],[[2.267059,48.98077],[2.266129,48.981244],[2.264655,48.981795],[2.263693,48.982219],[2.260632,48.983353],[2.260304,48.983263],[2.259972,48.983304],[2.258688,48.984081],[2.256846,48.984698],[2.256387,48.981916],[2.256308,48.980588],[2.256534,48.979686],[2.256663,48.978898],[2.256531,48.977121],[2.256575,48.975672],[2.256528,48.974674],[2.256782,48.973523],[2.256821,48.973096],[2.256794,48.97281],[2.256669,48.972355],[2.261802,48.97059],[2.261618,48.971078],[2.261356,48.972442],[2.261354,48.97278],[2.261455,48.973102],[2.26156,48.97328],[2.261851,48.973581],[2.262403,48.97391],[2.263112,48.974119],[2.263846,48.97417],[2.264714,48.975689],[2.265073,48.976212],[2.268266,48.980251],[2.267059,48.98077]],[[2.265898,48.972582],[2.265535,48.972319],[2.265287,48.972223],[2.264756,48.972139],[2.264228,48.972193],[2.26439,48.971344],[2.26475,48.970638],[2.264799,48.970252],[2.26465,48.969692],[2.263672,48.967187],[2.266253,48.966137],[2.268361,48.966984],[2.269457,48.967487],[2.270242,48.968014],[2.270868,48.968652],[2.271142,48.969059],[2.271504,48.969793],[2.273059,48.973648],[2.273012,48.973835],[2.272179,48.974153],[2.27135,48.974616],[2.271214,48.974761],[2.271224,48.97493],[2.271449,48.975098],[2.271788,48.975112],[2.272692,48.974631],[2.273207,48.974432],[2.272666,48.975022],[2.272523,48.975319],[2.272446,48.975793],[2.272373,48.975974],[2.271998,48.97642],[2.271427,48.97633],[2.27089,48.976395],[2.27033,48.976635],[2.269983,48.976912],[2.269823,48.977256],[2.269823,48.977437],[2.269892,48.97764],[2.269688,48.97807],[2.268825,48.976969],[2.268839,48.976621],[2.268679,48.976299],[2.268375,48.976034],[2.267932,48.975846],[2.267435,48.97519],[2.265898,48.972582]],[[2.262921,48.959485],[2.262302,48.95933],[2.261964,48.958971],[2.261645,48.958723],[2.261206,48.958465],[2.260321,48.958051],[2.259805,48.957888],[2.259255,48.957783],[2.258341,48.957736],[2.255748,48.953563],[2.255245,48.952164],[2.254947,48.949327],[2.255606,48.949035],[2.255963,48.94919],[2.256292,48.949268],[2.256722,48.949624],[2.256973,48.949662],[2.257277,48.949562],[2.257363,48.949463],[2.257369,48.949293],[2.257052,48.948966],[2.256993,48.948849],[2.2568,48.948733],[2.256413,48.948683],[2.256743,48.948555],[2.257111,48.94828],[2.257294,48.94793],[2.257343,48.947632],[2.25719,48.947176],[2.257014,48.946947],[2.256758,48.946727],[2.255751,48.946051],[2.255374,48.945917],[2.254857,48.945865],[2.255216,48.944757],[2.256657,48.945512],[2.257915,48.946056],[2.262625,48.947809],[2.266939,48.949552],[2.268632,48.950062],[2.273396,48.951271],[2.273364,48.952231],[2.273269,48.953232],[2.273114,48.953632],[2.272798,48.954083],[2.26171,48.949545],[2.257949,48.949393],[2.257698,48.949433],[2.257569,48.949509],[2.257493,48.949611],[2.257504,48.949781],[2.257655,48.949918],[2.257811,48.949968],[2.26142,48.950111],[2.272378,48.954598],[2.271418,48.955859],[2.271278,48.956087],[2.271083,48.956605],[2.270651,48.956839],[2.268828,48.957692],[2.264425,48.959944],[2.262921,48.959485]],[[2.251579,49.011971],[2.247698,49.011135],[2.247279,49.011009],[2.246626,49.010718],[2.246161,49.01041],[2.245751,49.010026],[2.245431,49.009592],[2.2466,49.009004],[2.247694,49.008285],[2.24876,49.007327],[2.249366,49.006598],[2.249901,49.005682],[2.250232,49.004811],[2.250839,49.004156],[2.251256,49.003461],[2.252095,49.001494],[2.252587,49.000162],[2.25295,48.999607],[2.253088,48.999502],[2.253143,48.999344],[2.253987,48.99822],[2.254981,48.998925],[2.255908,48.999302],[2.25663,48.999465],[2.258556,48.999734],[2.258835,48.99983],[2.259141,48.99983],[2.259323,48.999781],[2.259898,48.999908],[2.260297,49.000052],[2.26054,49.000203],[2.262892,49.000855],[2.263088,49.00104],[2.263225,49.001257],[2.258248,49.00607],[2.252423,49.012082],[2.251579,49.011971]],[[2.250541,49.002095],[2.25078,48.997497],[2.25225,48.996838],[2.253381,48.997705],[2.252337,48.999099],[2.252188,48.999228],[2.252156,48.999344],[2.251757,48.999954],[2.251237,49.001343],[2.250446,49.003192],[2.250541,49.002095]],[[2.251894,48.995589],[2.250434,48.994202],[2.249913,48.992503],[2.252881,48.991551],[2.256007,48.990381],[2.256267,48.990425],[2.25786,48.991695],[2.256856,48.993603],[2.254682,48.996089],[2.253844,48.997126],[2.252758,48.996276],[2.252506,48.996143],[2.251894,48.995589]],[[2.249801,48.99189],[2.249687,48.991926],[2.248829,48.990132],[2.249314,48.990183],[2.249587,48.990161],[2.250165,48.989985],[2.250375,48.989869],[2.250672,48.989567],[2.250748,48.989393],[2.250758,48.989142],[2.251326,48.988981],[2.255131,48.990036],[2.252482,48.991029],[2.249801,48.99189]],[[2.24229,48.996582],[2.242314,48.997768],[2.242202,48.999798],[2.241417,49.000177],[2.241126,48.999221],[2.241093,48.998761],[2.240903,48.998448],[2.240908,48.998046],[2.241031,48.997751],[2.24101,48.997432],[2.239863,48.99581],[2.242061,48.995086],[2.24229,48.996582]],[[2.250753,48.996707],[2.250639,48.995418],[2.251599,48.996323],[2.250753,48.996707]],[[2.241765,49.000757],[2.242152,49.000547],[2.242074,49.001719],[2.241842,49.001316],[2.241878,49.001109],[2.241765,49.000757]],[[2.258466,48.989558],[2.258612,48.989516],[2.258753,48.989601],[2.258926,48.989804],[2.259011,48.990088],[2.258789,48.990493],[2.258683,48.990572],[2.258297,48.991114],[2.256928,48.990036],[2.258466,48.989558]],[[2.259839,48.990338],[2.2599,48.990046],[2.259847,48.989777],[2.259728,48.989551],[2.259422,48.989211],[2.259425,48.989078],[2.259754,48.988971],[2.260295,48.99034],[2.260176,48.990424],[2.26011,48.990588],[2.260287,48.991093],[2.259967,48.990798],[2.25966,48.990631],[2.259839,48.990338]],[[2.252381,48.972877],[2.25377,48.971218],[2.254275,48.970752],[2.254872,48.970363],[2.25513,48.970712],[2.255379,48.971161],[2.25571,48.972048],[2.252844,48.973386],[2.251373,48.97394],[2.252381,48.972877]],[[2.256925,48.969542],[2.26115,48.968135],[2.261846,48.969914],[2.256544,48.971738],[2.256248,48.970973],[2.25571,48.970093],[2.25624,48.969778],[2.256925,48.969542]],[[2.276603,48.961035],[2.277531,48.960502],[2.278349,48.959965],[2.278474,48.960157],[2.278217,48.96163],[2.27826,48.96191],[2.278387,48.962232],[2.278736,48.96266],[2.280272,48.9639],[2.28115,48.964534],[2.281292,48.964775],[2.276495,48.965666],[2.275866,48.965079],[2.275046,48.964467],[2.274284,48.964],[2.272555,48.963111],[2.276603,48.961035]],[[2.269912,48.998473],[2.270228,48.997624],[2.270399,48.997464],[2.27051,48.997246],[2.272114,48.996599],[2.27365,48.996115],[2.274517,48.995778],[2.274706,48.995864],[2.275057,48.996403],[2.275614,48.997573],[2.27586,48.998511],[2.27632,48.99969],[2.27657,49.000173],[2.27697,49.000719],[2.277361,49.001138],[2.278009,49.00172],[2.279722,49.003745],[2.276328,49.005192],[2.27428,49.005931],[2.273905,49.006159],[2.272277,49.004248],[2.271677,49.003331],[2.271065,49.002588],[2.270358,49.001795],[2.269535,49.001068],[2.26956,49.000935],[2.269514,49.000798],[2.269741,49.000217],[2.269909,48.999954],[2.270157,48.99983],[2.270274,48.999644],[2.270215,48.999417],[2.269895,48.999128],[2.269853,48.998674],[2.269912,48.998473]],[[2.272744,48.994895],[2.273649,48.994419],[2.273856,48.994713],[2.273867,48.995032],[2.27399,48.995285],[2.271144,48.996278],[2.271485,48.99573],[2.271666,48.995556],[2.272744,48.994895]],[[2.277857,48.9933],[2.279129,48.99269],[2.279232,48.992978],[2.279351,48.993155],[2.277529,48.993749],[2.276398,48.993936],[2.277857,48.9933]],[[2.272708,49.153182],[2.275315,49.151884],[2.275663,49.15211],[2.276063,49.152141],[2.276352,49.152068],[2.277095,49.151699],[2.277271,49.151548],[2.277327,49.151432],[2.277274,49.150898],[2.279469,49.149801],[2.281235,49.148813],[2.281991,49.148505],[2.282382,49.148427],[2.283831,49.147382],[2.284771,49.146429],[2.290776,49.151095],[2.291834,49.151892],[2.29218,49.152038],[2.29227,49.152214],[2.292478,49.152448],[2.292316,49.152747],[2.290442,49.154904],[2.289686,49.155664],[2.289014,49.155958],[2.288229,49.156387],[2.287472,49.156893],[2.287029,49.157299],[2.284385,49.156918],[2.282793,49.156956],[2.282037,49.156869],[2.281627,49.156698],[2.280306,49.155961],[2.279492,49.155574],[2.277416,49.154852],[2.274955,49.154234],[2.272622,49.153228],[2.272708,49.153182]],[[2.276453,49.150596],[2.276358,49.150753],[2.276436,49.15127],[2.276295,49.151341],[2.276003,49.151482],[2.275593,49.151247],[2.275363,49.151217],[2.275094,49.151257],[2.27244,49.152585],[2.271805,49.152843],[2.2703,49.152348],[2.270205,49.152243],[2.270025,49.152152],[2.269778,49.152116],[2.267881,49.150999],[2.267823,49.150865],[2.267645,49.150722],[2.267356,49.15064],[2.266912,49.150634],[2.263189,49.149088],[2.261477,49.147608],[2.259756,49.146248],[2.257093,49.144811],[2.255576,49.144098],[2.255519,49.143838],[2.255343,49.143647],[2.25532,49.143507],[2.255824,49.141688],[2.255887,49.141275],[2.258478,49.136133],[2.259049,49.134817],[2.259349,49.133459],[2.25945,49.131615],[2.261845,49.133075],[2.26469,49.134329],[2.265429,49.13472],[2.26712,49.135965],[2.268821,49.136918],[2.269493,49.137709],[2.270113,49.138124],[2.270254,49.138337],[2.27063,49.138604],[2.271132,49.138755],[2.272062,49.138837],[2.272743,49.138733],[2.272961,49.1388],[2.273263,49.13882],[2.275071,49.140172],[2.277953,49.141683],[2.279454,49.142633],[2.280324,49.143021],[2.283426,49.144106],[2.285235,49.144861],[2.284523,49.145615],[2.284263,49.145762],[2.284191,49.145936],[2.283335,49.146829],[2.282878,49.147229],[2.28225,49.147658],[2.28167,49.147742],[2.281477,49.147897],[2.281428,49.148046],[2.280681,49.148356],[2.279553,49.149006],[2.276453,49.150596]],[[2.279012,49.141552],[2.278516,49.14123],[2.275681,49.139746],[2.274523,49.138872],[2.27741,49.140019],[2.277951,49.140077],[2.278224,49.140053],[2.278679,49.139921],[2.279593,49.140468],[2.28379,49.141926],[2.284779,49.142312],[2.284262,49.142975],[2.284151,49.143185],[2.284143,49.14352],[2.284299,49.143788],[2.283025,49.143275],[2.280779,49.142518],[2.279987,49.142164],[2.279012,49.141552]],[[2.279485,49.098057],[2.275241,49.098915],[2.27503,49.098668],[2.275529,49.098154],[2.276428,49.097016],[2.276679,49.096517],[2.276717,49.096167],[2.276678,49.095913],[2.27645,49.095282],[2.276272,49.094956],[2.276023,49.094681],[2.275695,49.09442],[2.274114,49.093373],[2.27343,49.093132],[2.272402,49.092943],[2.271431,49.092532],[2.270563,49.091683],[2.271822,49.091729],[2.272382,49.091668],[2.272966,49.09153],[2.273765,49.091163],[2.274712,49.090428],[2.274996,49.090349],[2.275408,49.090112],[2.27565,49.089789],[2.275695,49.089611],[2.275623,49.089254],[2.27535,49.088943],[2.275149,49.088819],[2.274658,49.08866],[2.274014,49.088645],[2.273239,49.088834],[2.272647,49.089179],[2.271972,49.089738],[2.271726,49.089875],[2.269683,49.089812],[2.269155,49.089884],[2.268706,49.090023],[2.268222,49.090272],[2.267889,49.090537],[2.267602,49.090933],[2.267486,49.091278],[2.267508,49.091751],[2.267693,49.09213],[2.26867,49.093151],[2.269392,49.0938],[2.270076,49.094166],[2.271054,49.094561],[2.271693,49.094744],[2.272446,49.09486],[2.273731,49.095747],[2.273904,49.096205],[2.272866,49.097491],[2.27241,49.097724],[2.271135,49.098065],[2.270573,49.098195],[2.269841,49.098291],[2.266252,49.095582],[2.265257,49.094763],[2.264269,49.093754],[2.263423,49.092605],[2.262836,49.091518],[2.26246,49.090504],[2.262275,49.089711],[2.261979,49.086844],[2.261814,49.086042],[2.261492,49.084971],[2.261003,49.083783],[2.260439,49.082739],[2.259774,49.08171],[2.259072,49.080817],[2.258397,49.080059],[2.257386,49.079076],[2.256063,49.077977],[2.255137,49.077314],[2.253858,49.076507],[2.252877,49.075962],[2.247929,49.073443],[2.250708,49.071984],[2.251408,49.071672],[2.252469,49.071328],[2.255373,49.070711],[2.257193,49.07018],[2.25853,49.069648],[2.263179,49.06748],[2.26438,49.06705],[2.265833,49.066748],[2.276069,49.065524],[2.27815,49.06509],[2.279367,49.064735],[2.28076,49.064221],[2.282355,49.063469],[2.288825,49.059674],[2.289401,49.059463],[2.290188,49.059329],[2.290936,49.059333],[2.296963,49.060239],[2.308407,49.063453],[2.310075,49.063857],[2.31132,49.064101],[2.313298,49.06441],[2.315694,49.064641],[2.321074,49.064816],[2.321965,49.064887],[2.322135,49.06511],[2.322632,49.06553],[2.323244,49.065878],[2.323947,49.066141],[2.324716,49.066309],[2.325826,49.066361],[2.325931,49.066631],[2.326285,49.067116],[2.326751,49.067524],[2.326979,49.068441],[2.327402,49.06963],[2.328124,49.071129],[2.329035,49.072836],[2.329254,49.07368],[2.329311,49.074555],[2.329214,49.075325],[2.329054,49.075907],[2.328841,49.07641],[2.328459,49.077067],[2.327979,49.077687],[2.327526,49.07816],[2.326926,49.078674],[2.326346,49.07909],[2.32517,49.079748],[2.316095,49.083913],[2.312987,49.085302],[2.308685,49.087127],[2.306193,49.088261],[2.294258,49.094515],[2.293151,49.095037],[2.292039,49.095434],[2.291025,49.095704],[2.279485,49.098057]],[[2.252159,49.14806],[2.252124,49.147785],[2.253544,49.144837],[2.253965,49.14457],[2.254324,49.144229],[2.254747,49.14437],[2.255185,49.144652],[2.256541,49.14527],[2.259134,49.146666],[2.259711,49.147091],[2.26078,49.147972],[2.262296,49.149318],[2.262632,49.149545],[2.266507,49.151151],[2.266926,49.151404],[2.267335,49.151462],[2.269218,49.15257],[2.269162,49.152669],[2.269168,49.15278],[2.269363,49.152958],[2.270946,49.153316],[2.266196,49.155715],[2.26577,49.155426],[2.264673,49.154877],[2.263493,49.153679],[2.262822,49.153118],[2.262068,49.152606],[2.261321,49.152191],[2.260837,49.151826],[2.260236,49.151523],[2.25955,49.151304],[2.258972,49.151205],[2.256606,49.150383],[2.255874,49.1502],[2.254882,49.150049],[2.254149,49.149809],[2.253492,49.149691],[2.252781,49.149647],[2.251617,49.149751],[2.252008,49.148958],[2.252152,49.148525],[2.252159,49.14806]],[[2.26372,49.131108],[2.263874,49.13145],[2.264261,49.131762],[2.268495,49.133629],[2.268392,49.134107],[2.267654,49.133549],[2.266929,49.133108],[2.263844,49.131736],[2.262624,49.131028],[2.263043,49.13113],[2.26372,49.131108]],[[2.281183,49.010603],[2.280704,49.009813],[2.280667,49.009629],[2.280971,49.008932],[2.281507,49.00808],[2.281709,49.007163],[2.281993,49.006752],[2.282409,49.007038],[2.283068,49.007277],[2.283251,49.008024],[2.283289,49.008817],[2.28377,49.010378],[2.283866,49.010848],[2.284058,49.011164],[2.284304,49.011734],[2.28446,49.012318],[2.284824,49.013161],[2.285236,49.014462],[2.284791,49.014703],[2.284626,49.014991],[2.283411,49.015488],[2.282935,49.015963],[2.282474,49.01617],[2.281569,49.016396],[2.281549,49.015737],[2.281588,49.015466],[2.282011,49.01455],[2.28209,49.0142],[2.282021,49.012171],[2.281967,49.011823],[2.281825,49.011537],[2.281183,49.010603]],[[2.295912,48.969587],[2.296363,48.969438],[2.299298,48.967348],[2.300558,48.966652],[2.301054,48.966578],[2.30203,48.967109],[2.302722,48.967549],[2.303165,48.967882],[2.304452,48.969037],[2.303738,48.969407],[2.303207,48.969851],[2.302887,48.970288],[2.302781,48.970533],[2.302797,48.970703],[2.302905,48.970831],[2.303274,48.97096],[2.306334,48.973077],[2.306566,48.973122],[2.306813,48.973074],[2.307165,48.972906],[2.307729,48.972508],[2.308492,48.97298],[2.30803,48.973611],[2.307271,48.974401],[2.307017,48.974725],[2.305835,48.976824],[2.304113,48.978049],[2.299689,48.981596],[2.299038,48.982271],[2.297097,48.984646],[2.296862,48.984857],[2.295186,48.98302],[2.29396,48.981253],[2.293906,48.980385],[2.294485,48.979983],[2.294825,48.979597],[2.295045,48.979174],[2.295135,48.978731],[2.295092,48.978285],[2.295031,48.977904],[2.29488,48.977469],[2.294603,48.977061],[2.294211,48.976696],[2.293717,48.976389],[2.293037,48.976124],[2.293024,48.975753],[2.293086,48.975397],[2.29305,48.975089],[2.293424,48.974912],[2.293862,48.974628],[2.294388,48.974138],[2.295472,48.974746],[2.297516,48.975284],[2.298797,48.975496],[2.300789,48.975659],[2.300487,48.976209],[2.300447,48.976373],[2.300602,48.9767],[2.300596,48.977124],[2.300746,48.977261],[2.300988,48.977321],[2.301239,48.977282],[2.301445,48.977104],[2.301495,48.976568],[2.301349,48.976359],[2.301846,48.975482],[2.301859,48.975365],[2.301756,48.975212],[2.301532,48.975119],[2.298599,48.974878],[2.296812,48.974493],[2.295942,48.974249],[2.295177,48.973791],[2.294781,48.973609],[2.294906,48.973241],[2.294928,48.972955],[2.294863,48.972508],[2.294691,48.972025],[2.294535,48.971837],[2.294349,48.971704],[2.29353,48.971365],[2.293458,48.971313],[2.29341,48.971184],[2.293819,48.970666],[2.294465,48.970163],[2.295632,48.969617],[2.295912,48.969587]],[[2.298553,49.024354],[2.298267,49.024242],[2.297844,49.02397],[2.296105,49.021975],[2.29497,49.020986],[2.29438,49.020657],[2.293319,49.020282],[2.293128,49.019643],[2.292651,49.018755],[2.292428,49.018458],[2.291941,49.017971],[2.291571,49.017674],[2.290699,49.01714],[2.290211,49.016085],[2.289452,49.015009],[2.289048,49.014575],[2.287763,49.01349],[2.28755,49.012733],[2.287196,49.011917],[2.287018,49.011274],[2.286585,49.010357],[2.286529,49.010052],[2.286068,49.008576],[2.286006,49.007654],[2.285669,49.006492],[2.285416,49.006138],[2.285117,49.005906],[2.284241,49.005576],[2.282865,49.003671],[2.282879,49.003416],[2.284491,49.002854],[2.287046,49.00229],[2.287289,49.00215],[2.288827,49.001559],[2.289097,49.001743],[2.289277,49.001767],[2.289514,49.00172],[2.292394,48.999931],[2.292972,48.999709],[2.293309,48.999738],[2.29379,48.999596],[2.294011,48.999431],[2.294063,48.999249],[2.295395,48.998549],[2.298629,48.997361],[2.298965,48.997307],[2.299129,48.997203],[2.299209,48.99709],[2.300267,48.996587],[2.302167,48.995887],[2.30327,48.99756],[2.303551,48.997707],[2.303932,48.997691],[2.304119,48.997574],[2.304223,48.997394],[2.304222,48.99728],[2.30411,48.997134],[2.303932,48.997051],[2.30303,48.995752],[2.302978,48.995559],[2.304309,48.994792],[2.305342,48.994373],[2.306133,48.994151],[2.310193,48.993315],[2.312327,48.992477],[2.313816,48.99254],[2.314654,48.992638],[2.315004,48.992716],[2.316579,48.993267],[2.317883,48.993961],[2.321135,48.994467],[2.321662,48.994853],[2.321812,48.994911],[2.324268,48.995048],[2.325093,48.99527],[2.325594,48.995532],[2.324377,48.996225],[2.323898,48.996664],[2.323124,48.997209],[2.322777,48.997366],[2.32193,48.997873],[2.3217,48.998231],[2.321445,48.999496],[2.319935,49.000565],[2.318985,49.001563],[2.318685,49.00211],[2.318505,49.003043],[2.317379,49.004542],[2.31693,49.00503],[2.31577,49.005821],[2.313766,49.007571],[2.31352,49.007844],[2.312974,49.00866],[2.312048,49.009422],[2.311872,49.009649],[2.311795,49.009861],[2.311773,49.01029],[2.311617,49.010929],[2.311542,49.011068],[2.311032,49.01157],[2.310931,49.011927],[2.311232,49.013023],[2.312239,49.014486],[2.312294,49.014826],[2.312279,49.015671],[2.312356,49.016096],[2.311802,49.015963],[2.311176,49.015653],[2.307393,49.013538],[2.306816,49.013113],[2.306141,49.0125],[2.304595,49.010806],[2.303576,49.009817],[2.302135,49.008631],[2.301809,49.008434],[2.300771,49.007929],[2.300105,49.007669],[2.299347,49.007524],[2.297988,49.007373],[2.29754,49.007115],[2.297023,49.006893],[2.296617,49.006781],[2.295972,49.006692],[2.295547,49.006399],[2.295347,49.005771],[2.295111,49.00561],[2.294855,49.00559],[2.294693,49.005632],[2.294499,49.005815],[2.294568,49.006195],[2.294749,49.006658],[2.295185,49.007012],[2.295569,49.007215],[2.296606,49.007409],[2.29768,49.007922],[2.299736,49.008201],[2.300272,49.008412],[2.301396,49.008969],[2.302862,49.010166],[2.303853,49.011128],[2.305403,49.012825],[2.306115,49.013472],[2.306749,49.013941],[2.309456,49.015482],[2.31119,49.016399],[2.312851,49.016913],[2.313625,49.017694],[2.314191,49.018058],[2.317274,49.019394],[2.318873,49.020253],[2.32012,49.020646],[2.320656,49.020863],[2.32108,49.021175],[2.322049,49.022032],[2.323411,49.023083],[2.323327,49.023317],[2.32339,49.023675],[2.323655,49.023989],[2.323853,49.024115],[2.324487,49.024339],[2.325176,49.02448],[2.328226,49.024887],[2.329243,49.024945],[2.330867,49.024881],[2.331995,49.024721],[2.333037,49.024494],[2.334367,49.02441],[2.335582,49.024582],[2.3363,49.024822],[2.336761,49.02505],[2.337201,49.025345],[2.337495,49.025606],[2.337496,49.025846],[2.337609,49.02615],[2.337765,49.026335],[2.338072,49.026552],[2.338121,49.026696],[2.338136,49.027311],[2.338079,49.027554],[2.337782,49.027751],[2.337555,49.028018],[2.337455,49.028318],[2.337458,49.028506],[2.337622,49.028877],[2.337882,49.029133],[2.337972,49.029696],[2.338128,49.030172],[2.338555,49.030923],[2.33911,49.031571],[2.339491,49.031863],[2.339715,49.031967],[2.340465,49.032124],[2.340739,49.032136],[2.341207,49.032068],[2.342031,49.032799],[2.342135,49.033082],[2.341699,49.033075],[2.341183,49.033194],[2.340775,49.033433],[2.340633,49.033588],[2.340538,49.033757],[2.340506,49.034083],[2.340331,49.034533],[2.340145,49.03481],[2.340102,49.035154],[2.338217,49.039858],[2.337375,49.039903],[2.336732,49.040042],[2.336065,49.040297],[2.335418,49.040684],[2.334994,49.041066],[2.334721,49.041431],[2.334553,49.041777],[2.334459,49.042354],[2.334548,49.042906],[2.331503,49.044726],[2.330484,49.045399],[2.3298,49.045059],[2.328093,49.044392],[2.325321,49.043511],[2.325066,49.043445],[2.324521,49.043416],[2.324252,49.043454],[2.323831,49.043603],[2.322876,49.043303],[2.321786,49.042886],[2.321584,49.042787],[2.320647,49.042061],[2.320463,49.041964],[2.320235,49.041682],[2.31969,49.041253],[2.319145,49.040948],[2.318572,49.040734],[2.317704,49.040493],[2.317456,49.040375],[2.313504,49.037846],[2.31363,49.037625],[2.313639,49.037265],[2.313372,49.036821],[2.312389,49.033729],[2.312073,49.033028],[2.311643,49.032462],[2.311117,49.031975],[2.309579,49.030931],[2.310965,49.0297],[2.311318,49.029256],[2.312104,49.028923],[2.312519,49.028684],[2.312885,49.028382],[2.313173,49.028005],[2.313312,49.027709],[2.313388,49.027406],[2.313402,49.027063],[2.313348,49.02673],[2.313242,49.026436],[2.313045,49.026117],[2.31252,49.02563],[2.311822,49.025271],[2.310861,49.02503],[2.303989,49.02424],[2.303204,49.02422],[2.299381,49.024495],[2.299048,49.02448],[2.298553,49.024354]],[[2.298747,48.996591],[2.298329,48.99664],[2.298154,48.996758],[2.298063,48.996903],[2.294901,48.998063],[2.293313,48.998927],[2.292935,48.999014],[2.292728,48.999133],[2.291874,48.999457],[2.289573,49.000897],[2.289341,49.000781],[2.288992,49.000789],[2.28843,49.000328],[2.287032,48.999409],[2.286944,48.99924],[2.286685,48.999096],[2.286089,48.998433],[2.285549,48.997752],[2.286442,48.997739],[2.289024,48.997347],[2.28929,48.99753],[2.28978,48.997689],[2.290326,48.997712],[2.290593,48.997671],[2.292001,48.997171],[2.292356,48.996898],[2.292466,48.996733],[2.292531,48.996376],[2.292483,48.996198],[2.292236,48.995877],[2.29182,48.995643],[2.291569,48.995571],[2.291026,48.995528],[2.290756,48.99556],[2.289923,48.995818],[2.289217,48.996106],[2.288885,48.996391],[2.288788,48.99656],[2.288747,48.996791],[2.286293,48.997163],[2.284837,48.997171],[2.284441,48.996433],[2.284383,48.996207],[2.284146,48.995985],[2.282986,48.994385],[2.282794,48.994181],[2.282979,48.994057],[2.289714,48.991833],[2.291381,48.991198],[2.292191,48.990775],[2.292873,48.990303],[2.29329,48.98995],[2.294279,48.990002],[2.295869,48.990476],[2.294275,48.992222],[2.294011,48.992308],[2.293895,48.9924],[2.293823,48.992602],[2.293939,48.992811],[2.294116,48.992909],[2.29439,48.992955],[2.294668,48.992903],[2.294828,48.992809],[2.294932,48.99263],[2.296576,48.99084],[2.298594,48.99234],[2.299855,48.99354],[2.301644,48.995379],[2.301609,48.995428],[2.299782,48.996098],[2.298747,48.996591]],[[2.301527,48.994178],[2.300594,48.993217],[2.299303,48.991988],[2.297025,48.9903],[2.296927,48.990137],[2.297303,48.98796],[2.298495,48.987993],[2.299509,48.987905],[2.299929,48.987931],[2.300675,48.988093],[2.30142,48.988385],[2.301677,48.988371],[2.30203,48.988199],[2.302846,48.988521],[2.303718,48.988665],[2.303967,48.98876],[2.305549,48.989571],[2.306865,48.990798],[2.309032,48.992931],[2.305851,48.993596],[2.304933,48.993854],[2.303772,48.994326],[2.302543,48.995018],[2.302385,48.994991],[2.302,48.994689],[2.301527,48.994178]],[[2.317448,48.992956],[2.316519,48.992572],[2.315321,48.99217],[2.314457,48.992009],[2.312763,48.991887],[2.312366,48.991883],[2.311873,48.991969],[2.309921,48.992753],[2.307292,48.990173],[2.306165,48.989149],[2.304164,48.988155],[2.303156,48.987972],[2.302488,48.987696],[2.302084,48.987587],[2.301812,48.987603],[2.301482,48.987736],[2.301384,48.987695],[2.300017,48.984964],[2.30147,48.983185],[2.301932,48.982701],[2.306335,48.979173],[2.308152,48.977893],[2.30844,48.977501],[2.309589,48.975455],[2.310437,48.974553],[2.310777,48.974122],[2.310937,48.97436],[2.311372,48.975348],[2.3119,48.975924],[2.310824,48.976625],[2.308841,48.977733],[2.308055,48.978092],[2.30793,48.97824],[2.307928,48.978354],[2.308112,48.978542],[2.308358,48.978594],[2.308528,48.978573],[2.30901,48.978375],[2.311413,48.977062],[2.312542,48.976337],[2.313687,48.978227],[2.31627,48.979865],[2.3167,48.981287],[2.316319,48.982208],[2.315958,48.982682],[2.315914,48.982863],[2.315789,48.983072],[2.315813,48.983432],[2.316132,48.985014],[2.316031,48.986314],[2.315896,48.986537],[2.31566,48.986754],[2.315262,48.986992],[2.314688,48.987248],[2.314592,48.987344],[2.314559,48.987456],[2.315103,48.988671],[2.315682,48.989247],[2.315773,48.989805],[2.31598,48.990178],[2.316293,48.990469],[2.317049,48.991023],[2.317283,48.991081],[2.317527,48.991044],[2.317728,48.990873],[2.31772,48.990708],[2.31675,48.989924],[2.316613,48.989681],[2.316574,48.989288],[2.316496,48.989062],[2.316361,48.988833],[2.315933,48.988461],[2.315515,48.987585],[2.315839,48.987437],[2.316462,48.987034],[2.316778,48.986685],[2.316905,48.986418],[2.31702,48.984985],[2.316683,48.983157],[2.316802,48.982869],[2.317161,48.982396],[2.317578,48.981379],[2.317572,48.981117],[2.317323,48.980262],[2.318933,48.981019],[2.320311,48.981361],[2.320595,48.98166],[2.320937,48.981781],[2.321326,48.98206],[2.321659,48.982215],[2.327891,48.984359],[2.32801,48.984461],[2.328082,48.985826],[2.327973,48.987147],[2.326939,48.989123],[2.326468,48.989261],[2.324034,48.989749],[2.322937,48.989636],[2.322653,48.989675],[2.321229,48.99017],[2.320889,48.99039],[2.320852,48.990642],[2.320883,48.990843],[2.321341,48.991692],[2.321563,48.991982],[2.32231,48.992724],[2.322089,48.993053],[2.321691,48.993107],[2.321388,48.993243],[2.321229,48.993425],[2.32107,48.993866],[2.318263,48.993427],[2.317448,48.992956]],[[2.322577,48.993974],[2.323062,48.994139],[2.323636,48.994167],[2.323802,48.994443],[2.322179,48.994342],[2.321877,48.994131],[2.32206,48.993646],[2.322182,48.993635],[2.32238,48.993848],[2.322577,48.993974]],[[2.325756,48.99398],[2.328554,48.993676],[2.329471,48.993701],[2.32987,48.993735],[2.331715,48.994085],[2.334773,48.994341],[2.335131,48.994393],[2.339023,48.995623],[2.339831,48.995802],[2.342326,48.996181],[2.343543,48.996564],[2.344424,48.996766],[2.345193,48.996855],[2.346953,48.99687],[2.347663,48.996964],[2.349807,48.997044],[2.350744,48.996973],[2.352121,48.996682],[2.353082,48.996553],[2.353986,48.996358],[2.354916,48.996044],[2.355658,48.99567],[2.356193,48.995287],[2.356695,48.994808],[2.357384,48.994004],[2.357466,48.994367],[2.356598,48.996436],[2.355976,48.99655],[2.355751,48.996653],[2.355414,48.996936],[2.354734,48.998481],[2.354194,49.000076],[2.35332,49.002198],[2.353004,49.003157],[2.352928,49.003616],[2.352968,49.003794],[2.353061,49.003965],[2.353282,49.004177],[2.351829,49.005394],[2.35128,49.005956],[2.350549,49.006842],[2.349728,49.008153],[2.349225,49.00933],[2.348967,49.010257],[2.348849,49.010933],[2.348204,49.018647],[2.348061,49.019397],[2.347685,49.020241],[2.346767,49.021791],[2.345662,49.024086],[2.344646,49.025983],[2.344178,49.027011],[2.343798,49.028126],[2.342629,49.033157],[2.342484,49.033122],[2.342434,49.032862],[2.342327,49.032685],[2.341512,49.031961],[2.341882,49.031699],[2.342002,49.031537],[2.342073,49.031362],[2.342054,49.031003],[2.341782,49.030635],[2.341221,49.03031],[2.340907,49.029856],[2.340733,49.029373],[2.340655,49.028838],[2.340787,49.028513],[2.340757,49.028142],[2.34092,49.027535],[2.340953,49.027019],[2.340934,49.026488],[2.34076,49.02595],[2.340803,49.025688],[2.340743,49.025398],[2.340499,49.025079],[2.34002,49.024791],[2.339388,49.024192],[2.338651,49.023688],[2.337718,49.023232],[2.336645,49.022876],[2.335667,49.022681],[2.334658,49.022581],[2.333221,49.022573],[2.330725,49.023024],[2.329418,49.023102],[2.328711,49.023071],[2.326119,49.022731],[2.324839,49.022474],[2.324295,49.022515],[2.32398,49.022616],[2.32275,49.021672],[2.32176,49.020798],[2.321234,49.020418],[2.320521,49.020125],[2.319376,49.019771],[2.317797,49.018921],[2.315667,49.018017],[2.31455,49.01749],[2.314126,49.017152],[2.313655,49.016661],[2.313468,49.016446],[2.313266,49.0161],[2.313178,49.015787],[2.313183,49.014812],[2.313099,49.014338],[2.312076,49.012839],[2.31182,49.011919],[2.311863,49.011782],[2.312315,49.011357],[2.312473,49.011086],[2.312655,49.01036],[2.312702,49.00986],[2.313731,49.008967],[2.314488,49.007912],[2.314971,49.007486],[2.315235,49.007463],[2.315522,49.007315],[2.315762,49.007079],[2.315798,49.006924],[2.31576,49.006797],[2.316448,49.006199],[2.317603,49.005412],[2.318155,49.004827],[2.319344,49.003236],[2.319567,49.002195],[2.31969,49.001946],[2.319908,49.001672],[2.320415,49.001144],[2.320659,49.001101],[2.320838,49.000999],[2.320929,49.000872],[2.320939,49.000719],[2.321815,49.000107],[2.32208,49.000049],[2.322255,48.999922],[2.322314,48.999787],[2.322295,48.999669],[2.322399,48.999357],[2.322561,48.998386],[2.322677,48.998192],[2.323721,48.997643],[2.3246,48.997023],[2.325018,48.996631],[2.326054,48.996033],[2.326286,48.995975],[2.327162,48.995945],[2.32741,48.99584],[2.32755,48.995711],[2.327605,48.995577],[2.327565,48.995355],[2.327391,48.995177],[2.327231,48.995102],[2.326855,48.995049],[2.326268,48.995134],[2.325525,48.994759],[2.324777,48.994559],[2.324555,48.994099],[2.325756,48.99398]],[[2.335322,48.992534],[2.33226,48.992277],[2.330065,48.991884],[2.328681,48.991829],[2.323024,48.992375],[2.322164,48.991473],[2.321788,48.990808],[2.321743,48.99065],[2.322944,48.990231],[2.323668,48.99033],[2.324201,48.990324],[2.326735,48.989819],[2.327462,48.989599],[2.327654,48.989474],[2.327812,48.989285],[2.328704,48.987592],[2.328854,48.987221],[2.328971,48.985826],[2.328877,48.984331],[2.328695,48.984063],[2.328327,48.983849],[2.322116,48.981713],[2.321672,48.981454],[2.321522,48.981199],[2.321192,48.980974],[2.319374,48.980511],[2.317163,48.979469],[2.317033,48.978325],[2.317555,48.975696],[2.323513,48.97547],[2.324841,48.975604],[2.326093,48.976042],[2.326591,48.97612],[2.326995,48.97612],[2.328359,48.975908],[2.331051,48.975711],[2.332666,48.975649],[2.333922,48.975718],[2.336917,48.975517],[2.341483,48.975053],[2.344046,48.975383],[2.345261,48.975121],[2.346503,48.97478],[2.347799,48.976893],[2.348317,48.977553],[2.348869,48.978067],[2.35091,48.979392],[2.351782,48.980497],[2.352616,48.981842],[2.353062,48.982358],[2.353708,48.982943],[2.354142,48.983425],[2.353939,48.983547],[2.353129,48.983667],[2.351664,48.984009],[2.351539,48.984083],[2.349073,48.984528],[2.347908,48.984658],[2.347487,48.984509],[2.345668,48.984037],[2.343468,48.983281],[2.342709,48.983116],[2.342578,48.983172],[2.342514,48.983281],[2.342582,48.983588],[2.342458,48.984611],[2.342423,48.985253],[2.342467,48.985625],[2.342644,48.98567],[2.342774,48.98558],[2.3428,48.984622],[2.342969,48.983414],[2.343781,48.983627],[2.345529,48.984242],[2.347903,48.984877],[2.349163,48.984745],[2.351527,48.984309],[2.351867,48.984366],[2.35203,48.984291],[2.352114,48.984158],[2.353249,48.983877],[2.353858,48.983783],[2.353914,48.983952],[2.354116,48.984113],[2.35438,48.984186],[2.35469,48.984182],[2.355057,48.985274],[2.355196,48.985418],[2.355396,48.985505],[2.355792,48.985546],[2.358647,48.985368],[2.359967,48.985367],[2.35882,48.988284],[2.3586,48.989019],[2.358495,48.98962],[2.358206,48.98962],[2.357457,48.989358],[2.357187,48.988783],[2.357042,48.988643],[2.356715,48.988581],[2.356417,48.988688],[2.356337,48.988789],[2.356323,48.988903],[2.356525,48.989422],[2.356649,48.98962],[2.356979,48.989854],[2.357712,48.990111],[2.357287,48.990458],[2.356971,48.990854],[2.356779,48.991282],[2.356736,48.991837],[2.356086,48.992164],[2.355386,48.992661],[2.353985,48.994151],[2.353379,48.994501],[2.352853,48.994671],[2.351301,48.994919],[2.350319,48.995145],[2.34981,48.995201],[2.34786,48.995124],[2.347149,48.994841],[2.346726,48.994789],[2.346132,48.994836],[2.345679,48.994988],[2.345311,48.994971],[2.344735,48.994856],[2.343177,48.994387],[2.340297,48.99393],[2.336411,48.99272],[2.335322,48.992534]],[[2.342843,48.974634],[2.341429,48.974469],[2.336815,48.974936],[2.333851,48.975135],[2.332676,48.975065],[2.330962,48.975129],[2.328246,48.975328],[2.326774,48.975541],[2.326385,48.97549],[2.325498,48.975148],[2.325111,48.975047],[2.323584,48.974887],[2.317568,48.975111],[2.317062,48.973248],[2.317075,48.971955],[2.316953,48.970139],[2.317322,48.96927],[2.317601,48.968268],[2.318371,48.967997],[2.318695,48.967707],[2.318815,48.967412],[2.318948,48.967305],[2.321917,48.965136],[2.326194,48.962092],[2.326832,48.961682],[2.327096,48.96143],[2.328418,48.960475],[2.329276,48.960263],[2.331102,48.961173],[2.331615,48.961496],[2.333401,48.962899],[2.335535,48.964346],[2.336025,48.964759],[2.336762,48.965517],[2.337935,48.966885],[2.339027,48.968036],[2.339796,48.968955],[2.340971,48.970152],[2.341611,48.971252],[2.34215,48.971896],[2.342095,48.972005],[2.342107,48.972119],[2.342795,48.973714],[2.343303,48.97471],[2.342843,48.974634]],[[2.299042,48.986015],[2.299428,48.985669],[2.300296,48.987386],[2.299508,48.98732],[2.298479,48.987409],[2.297419,48.987378],[2.29737,48.987214],[2.299042,48.986015]],[[2.29623,48.988996],[2.296079,48.989893],[2.294651,48.989463],[2.293871,48.98939],[2.294208,48.989129],[2.295752,48.988295],[2.29643,48.987847],[2.29623,48.988996]],[[2.312444,48.971963],[2.316473,48.969081],[2.316104,48.96995],[2.316064,48.970217],[2.316187,48.971953],[2.316179,48.973315],[2.316675,48.975139],[2.315223,48.97525],[2.312702,48.975633],[2.312636,48.975594],[2.312195,48.975127],[2.311767,48.97415],[2.311262,48.973431],[2.311885,48.972377],[2.312444,48.971963]],[[2.303884,48.970255],[2.304362,48.969825],[2.305765,48.969084],[2.306993,48.969927],[2.307079,48.970059],[2.307371,48.970312],[2.307753,48.970498],[2.308118,48.970752],[2.307685,48.970862],[2.307283,48.971105],[2.307053,48.971432],[2.307015,48.971611],[2.30703,48.971791],[2.307161,48.972052],[2.306611,48.97244],[2.303914,48.970555],[2.303941,48.970404],[2.303884,48.970255]],[[2.316295,48.975739],[2.316652,48.975725],[2.316147,48.978282],[2.316209,48.979011],[2.314428,48.977903],[2.313367,48.97612],[2.314507,48.975937],[2.316295,48.975739]],[[2.334471,49.051767],[2.334509,49.051391],[2.334477,49.050835],[2.334766,49.050999],[2.334471,49.051767]],[[2.366696,48.978711],[2.368262,48.982031],[2.368699,48.98273],[2.368749,48.98295],[2.368833,48.983088],[2.367028,48.983668],[2.365483,48.98401],[2.364826,48.984005],[2.364592,48.984096],[2.364303,48.984328],[2.363422,48.98454],[2.363397,48.984484],[2.363667,48.983765],[2.365655,48.978799],[2.366668,48.97866],[2.366696,48.978711]],[[2.366143,48.977586],[2.366345,48.978027],[2.365941,48.978081],[2.366143,48.977586]],[[2.363175,48.99037],[2.362738,48.990028],[2.362208,48.989749],[2.361485,48.98952],[2.361572,48.989061],[2.361794,48.988405],[2.362899,48.985737],[2.363301,48.985401],[2.363444,48.985138],[2.364654,48.984862],[2.365274,48.984845],[2.365492,48.98476],[2.365723,48.984573],[2.367358,48.984211],[2.369434,48.983543],[2.369676,48.983851],[2.370433,48.984353],[2.373308,48.990067],[2.373178,48.990137],[2.36966,48.990504],[2.368727,48.990675],[2.367721,48.991038],[2.365833,48.992025],[2.365311,48.992108],[2.365074,48.9922],[2.364744,48.992429],[2.364415,48.992299],[2.363969,48.991998],[2.363708,48.991188],[2.363503,48.990762],[2.363175,48.99037]],[[2.297171,49.147016],[2.296632,49.14729],[2.296359,49.147499],[2.294965,49.147205],[2.294782,49.147099],[2.294584,49.147055],[2.294304,49.147082],[2.292523,49.146826],[2.290979,49.146771],[2.290196,49.146656],[2.289311,49.146127],[2.287249,49.145252],[2.286643,49.144908],[2.286556,49.144847],[2.286535,49.144657],[2.286447,49.144548],[2.286251,49.144428],[2.286002,49.144156],[2.285113,49.143542],[2.285019,49.143403],[2.285025,49.1433],[2.285678,49.142433],[2.285912,49.142199],[2.286307,49.142268],[2.289823,49.142561],[2.290813,49.142696],[2.292688,49.14306],[2.295213,49.143649],[2.296642,49.144572],[2.2973,49.144914],[2.298185,49.145217],[2.299554,49.145505],[2.298315,49.146208],[2.297171,49.147016]],[[2.293367,49.152402],[2.293192,49.152071],[2.293273,49.151853],[2.29318,49.151694],[2.293048,49.15162],[2.292458,49.151473],[2.285295,49.145908],[2.285914,49.145252],[2.286715,49.14572],[2.288428,49.146426],[2.288766,49.14659],[2.28948,49.147046],[2.289993,49.147235],[2.290877,49.147352],[2.292793,49.147447],[2.294096,49.14765],[2.294405,49.147774],[2.294692,49.147761],[2.296078,49.148054],[2.295323,49.149203],[2.292701,49.153904],[2.292211,49.154454],[2.291395,49.154984],[2.293118,49.153002],[2.293336,49.152661],[2.293367,49.152402]],[[2.347743,49.039513],[2.347727,49.03954],[2.347743,49.039513]],[[2.409012,49.068143],[2.411562,49.067448],[2.413186,49.066875],[2.415366,49.065919],[2.416878,49.065076],[2.418791,49.063745],[2.428048,49.056305],[2.431257,49.053953],[2.433425,49.052558],[2.434801,49.051731],[2.436556,49.050745],[2.437855,49.05012],[2.438012,49.050281],[2.438573,49.050665],[2.439236,49.050969],[2.439977,49.051183],[2.440768,49.051297],[2.441577,49.051308],[2.442373,49.051215],[2.443127,49.051022],[2.443911,49.050671],[2.444079,49.050883],[2.444392,49.051032],[2.444725,49.051066],[2.445113,49.050996],[2.445593,49.051203],[2.445874,49.051386],[2.446737,49.052258],[2.447092,49.052554],[2.448419,49.053434],[2.449037,49.053715],[2.449295,49.053708],[2.450326,49.053427],[2.451312,49.053381],[2.452795,49.053425],[2.453877,49.053338],[2.454603,49.053196],[2.455298,49.05296],[2.455418,49.053008],[2.456177,49.054012],[2.45734,49.055063],[2.457888,49.055699],[2.457586,49.056027],[2.457524,49.056202],[2.457559,49.056559],[2.458208,49.057415],[2.459083,49.058315],[2.45956,49.059029],[2.459756,49.059237],[2.460314,49.05965],[2.461408,49.060305],[2.462412,49.060823],[2.46273,49.060915],[2.463261,49.061428],[2.464385,49.062382],[2.465206,49.063439],[2.465997,49.064277],[2.466756,49.064779],[2.468598,49.065721],[2.46936,49.065907],[2.469788,49.065922],[2.470529,49.066042],[2.473106,49.066319],[2.474971,49.066696],[2.487169,49.070105],[2.490105,49.071113],[2.49198,49.071625],[2.493927,49.071897],[2.497883,49.072236],[2.498263,49.072377],[2.498604,49.072442],[2.499366,49.072412],[2.499854,49.072249],[2.500105,49.072104],[2.500354,49.071877],[2.500532,49.071531],[2.500544,49.071198],[2.50041,49.070923],[2.500645,49.069218],[2.500982,49.067265],[2.50096,49.066896],[2.500393,49.063726],[2.500488,49.063114],[2.500456,49.062935],[2.500237,49.062605],[2.49976,49.062328],[2.5,49.061434],[2.49999,49.061304],[2.500245,49.061195],[2.500391,49.061022],[2.500384,49.060868],[2.500218,49.060668],[2.500995,49.057885],[2.501164,49.057802],[2.501265,49.057644],[2.501265,49.057476],[2.501143,49.057304],[2.502316,49.052989],[2.502314,49.052813],[2.502417,49.052621],[2.502589,49.051906],[2.503028,49.050564],[2.50313,49.050396],[2.506234,49.048571],[2.508143,49.047215],[2.50831,49.047883],[2.508636,49.048807],[2.508873,49.04932],[2.509338,49.050118],[2.509945,49.05097],[2.514056,49.056233],[2.514178,49.056769],[2.514519,49.057341],[2.515134,49.057891],[2.515455,49.058071],[2.51561,49.058231],[2.518813,49.06239],[2.51891,49.062792],[2.519158,49.063246],[2.519624,49.063742],[2.520263,49.064158],[2.524571,49.069766],[2.524897,49.070383],[2.525003,49.070866],[2.525845,49.079182],[2.526805,49.08945],[2.526329,49.089584],[2.525852,49.089801],[2.525338,49.090138],[2.524943,49.090527],[2.524653,49.090997],[2.52453,49.091413],[2.524527,49.091888],[2.524688,49.092399],[2.524951,49.092802],[2.525337,49.09318],[2.525896,49.093541],[2.526349,49.093743],[2.52725,49.09398],[2.527675,49.098652],[2.527513,49.099055],[2.527475,49.099564],[2.527593,49.100075],[2.527727,49.100304],[2.526721,49.100614],[2.52513,49.100684],[2.524836,49.100625],[2.52463,49.100465],[2.524222,49.099919],[2.524015,49.099817],[2.523759,49.099807],[2.523816,49.099616],[2.523705,49.099463],[2.519952,49.097644],[2.519155,49.097298],[2.517022,49.096557],[2.514473,49.095721],[2.513834,49.095561],[2.51008,49.094858],[2.503842,49.094316],[2.503639,49.094234],[2.503504,49.094118],[2.503224,49.094034],[2.503011,49.094038],[2.502592,49.094166],[2.500248,49.093875],[2.497555,49.093981],[2.497195,49.094028],[2.496662,49.094181],[2.493501,49.095412],[2.49167,49.095707],[2.491188,49.095736],[2.490936,49.095686],[2.490024,49.095257],[2.489452,49.0951],[2.487705,49.09501],[2.487423,49.095065],[2.487231,49.09524],[2.486345,49.095409],[2.48372,49.095387],[2.482738,49.095613],[2.480833,49.095918],[2.480339,49.096039],[2.479911,49.09621],[2.479119,49.096755],[2.478788,49.096487],[2.478558,49.096385],[2.47803,49.096276],[2.474034,49.096422],[2.471846,49.096559],[2.470407,49.096856],[2.469989,49.097093],[2.469841,49.097248],[2.469732,49.097453],[2.468083,49.097199],[2.467447,49.097199],[2.466875,49.097341],[2.466487,49.097574],[2.466024,49.097771],[2.465504,49.097681],[2.465229,49.097688],[2.462819,49.098197],[2.462124,49.098394],[2.460258,49.098646],[2.451299,49.098397],[2.447422,49.098822],[2.445686,49.099392],[2.444407,49.099967],[2.442826,49.101005],[2.441172,49.102295],[2.440885,49.102639],[2.440673,49.103014],[2.440019,49.104736],[2.439505,49.106257],[2.439408,49.106684],[2.439365,49.107213],[2.437981,49.107331],[2.435122,49.107728],[2.434562,49.107891],[2.432189,49.108885],[2.425745,49.100986],[2.422898,49.096747],[2.421934,49.095389],[2.421786,49.095089],[2.42152,49.094793],[2.420947,49.093911],[2.418756,49.090817],[2.418584,49.090392],[2.418557,49.089888],[2.419137,49.088042],[2.419286,49.086837],[2.419181,49.085705],[2.418757,49.08447],[2.418342,49.08357],[2.417726,49.082577],[2.416308,49.08071],[2.415487,49.079542],[2.412294,49.07406],[2.411121,49.071894],[2.409005,49.068244],[2.409012,49.068143]],[[2.438349,49.04252],[2.437541,49.042496],[2.436708,49.042583],[2.435864,49.041743],[2.435078,49.040849],[2.433955,49.039306],[2.433365,49.038295],[2.433042,49.03787],[2.432584,49.037404],[2.430033,49.035108],[2.428456,49.033546],[2.427592,49.032352],[2.42576,49.030374],[2.425455,49.029968],[2.425175,49.029401],[2.424832,49.027892],[2.424464,49.027208],[2.424191,49.026872],[2.423808,49.026509],[2.422748,49.025801],[2.422402,49.025482],[2.421702,49.02445],[2.42038,49.022996],[2.419891,49.022293],[2.419737,49.021836],[2.419562,49.021601],[2.419267,49.021374],[2.418976,49.021239],[2.418336,49.021116],[2.417022,49.02058],[2.416753,49.02039],[2.415815,49.019461],[2.413415,49.01788],[2.412958,49.017323],[2.412465,49.01647],[2.412227,49.016158],[2.411641,49.015592],[2.410861,49.015036],[2.41088,49.014713],[2.410834,49.014562],[2.410648,49.014276],[2.410468,49.013841],[2.410228,49.013527],[2.409935,49.013277],[2.409211,49.012907],[2.407612,49.012429],[2.406465,49.011484],[2.406037,49.011227],[2.405553,49.011047],[2.404749,49.010866],[2.404466,49.010588],[2.401989,49.005627],[2.401715,49.005316],[2.401514,49.005193],[2.401023,49.005035],[2.400722,49.005006],[2.400639,49.004818],[2.400979,49.004572],[2.402671,49.003661],[2.403208,49.003554],[2.403996,49.003116],[2.405731,49.002686],[2.406347,49.00266],[2.406806,49.002548],[2.407311,49.002306],[2.4084,49.002035],[2.414133,49.000098],[2.414475,49.000086],[2.414911,48.999991],[2.415344,48.999773],[2.415503,48.999627],[2.418641,48.998584],[2.420529,48.997606],[2.421012,48.997208],[2.421595,48.99693],[2.422177,48.996491],[2.425095,48.994703],[2.431265,48.992351],[2.431786,48.992311],[2.432278,48.992162],[2.432713,48.991862],[2.432924,48.991521],[2.436113,48.989562],[2.436542,48.989256],[2.437892,48.988115],[2.438086,48.987834],[2.4386,48.986844],[2.439951,48.985916],[2.441029,48.985296],[2.441724,48.984783],[2.442798,48.984902],[2.444423,48.984932],[2.444733,48.984988],[2.445847,48.98532],[2.447303,48.986193],[2.448348,48.986518],[2.449215,48.98671],[2.452062,48.987009],[2.452903,48.987021],[2.454032,48.986903],[2.457306,48.986198],[2.458167,48.986056],[2.458189,48.986353],[2.458113,48.98665],[2.457784,48.987604],[2.457543,48.988115],[2.457091,48.988696],[2.45425,48.991762],[2.454175,48.991838],[2.453737,48.99199],[2.453474,48.992148],[2.453191,48.992431],[2.453054,48.992719],[2.452805,48.992873],[2.45159,48.993585],[2.451066,48.993739],[2.450851,48.993855],[2.450384,48.99418],[2.45024,48.994336],[2.45013,48.994571],[2.449348,48.994532],[2.445134,48.993861],[2.444523,48.993693],[2.444007,48.993477],[2.443555,48.993195],[2.443299,48.992841],[2.443066,48.992714],[2.44265,48.992666],[2.442236,48.992789],[2.442059,48.992958],[2.442013,48.993182],[2.435319,48.997653],[2.433866,48.998675],[2.430123,49.001162],[2.428678,49.002028],[2.428051,49.002344],[2.427732,49.002722],[2.427615,49.003528],[2.427437,49.003775],[2.427461,49.004004],[2.427613,49.004169],[2.427581,49.00431],[2.426022,49.006479],[2.425502,49.007109],[2.42486,49.007725],[2.424089,49.008303],[2.423305,49.008777],[2.423224,49.008878],[2.423226,49.009047],[2.423371,49.009188],[2.42361,49.009252],[2.423934,49.009185],[2.425162,49.008402],[2.425747,49.007922],[2.426259,49.007416],[2.426695,49.006901],[2.428422,49.004568],[2.428592,49.004215],[2.428798,49.004031],[2.428847,49.003795],[2.428709,49.003567],[2.428687,49.003006],[2.428735,49.00287],[2.428843,49.002773],[2.42982,49.002134],[2.430446,49.001856],[2.433753,48.999652],[2.43467,48.999119],[2.435881,48.998121],[2.442659,48.993609],[2.443736,48.994202],[2.444561,48.994471],[2.449162,48.995213],[2.450336,48.995254],[2.450552,48.99545],[2.450857,48.995612],[2.451599,48.995774],[2.452279,48.995726],[2.452767,48.995559],[2.454863,48.994321],[2.456522,48.995446],[2.457141,48.995774],[2.458079,48.996169],[2.460044,48.996799],[2.460906,48.997205],[2.46229,48.998045],[2.462635,48.998326],[2.463133,48.998951],[2.463343,48.999586],[2.46334,49.000109],[2.462466,49.005744],[2.462552,49.006747],[2.462921,49.007773],[2.463349,49.008398],[2.4634,49.008614],[2.463626,49.008932],[2.46385,49.009102],[2.464213,49.009271],[2.468419,49.012376],[2.46934,49.013178],[2.469504,49.013469],[2.469531,49.013638],[2.469522,49.014036],[2.469394,49.014344],[2.469076,49.014737],[2.467924,49.015881],[2.46676,49.016737],[2.466341,49.01711],[2.465141,49.01855],[2.461814,49.017204],[2.460979,49.016951],[2.4603,49.016848],[2.459557,49.016818],[2.458685,49.016904],[2.458204,49.017009],[2.457723,49.017154],[2.457029,49.017465],[2.454731,49.019008],[2.454355,49.019094],[2.453885,49.019325],[2.453578,49.019612],[2.453431,49.01993],[2.450987,49.021581],[2.450002,49.022338],[2.449361,49.022952],[2.448834,49.023572],[2.448396,49.024173],[2.447772,49.025201],[2.447203,49.026292],[2.446818,49.027167],[2.446438,49.028262],[2.44616,49.029294],[2.445956,49.029498],[2.445831,49.029715],[2.445787,49.030126],[2.445957,49.03049],[2.445052,49.038351],[2.445022,49.039057],[2.44483,49.039439],[2.444818,49.039653],[2.444883,49.039891],[2.444709,49.040236],[2.444281,49.040824],[2.443879,49.041196],[2.443543,49.041423],[2.440246,49.043057],[2.439867,49.042873],[2.439135,49.042648],[2.438349,49.04252]],[[2.442484,48.983735],[2.443026,48.983274],[2.443739,48.982854],[2.44443,48.982742],[2.444766,48.9826],[2.445084,48.982367],[2.45023,48.98091],[2.451075,48.981186],[2.451736,48.981278],[2.452412,48.981283],[2.453077,48.981201],[2.453705,48.981036],[2.454157,48.980845],[2.455485,48.981813],[2.455524,48.98196],[2.455643,48.982094],[2.455979,48.98223],[2.456359,48.982552],[2.458439,48.98459],[2.458103,48.98487],[2.458002,48.98504],[2.457959,48.985406],[2.457035,48.985649],[2.453825,48.986334],[2.452832,48.986438],[2.452162,48.986428],[2.449369,48.986134],[2.448703,48.985982],[2.447793,48.985705],[2.446289,48.984812],[2.445005,48.984432],[2.444518,48.984351],[2.443453,48.984323],[2.442137,48.984198],[2.442484,48.983735]],[[2.43722,48.982557],[2.431941,48.981296],[2.431576,48.981173],[2.424902,48.979607],[2.424624,48.979447],[2.424018,48.978543],[2.424773,48.978238],[2.425247,48.97792],[2.425618,48.977548],[2.425871,48.977135],[2.425998,48.976698],[2.425994,48.976457],[2.426349,48.976709],[2.426935,48.977028],[2.427851,48.977354],[2.431099,48.977933],[2.433583,48.978455],[2.433559,48.978655],[2.433596,48.978834],[2.433824,48.979161],[2.434322,48.979526],[2.435186,48.979968],[2.436688,48.98063],[2.439544,48.981749],[2.440133,48.981891],[2.440858,48.981962],[2.440188,48.982512],[2.439611,48.98313],[2.43722,48.982557]],[[2.457927,48.98288],[2.456789,48.9818],[2.456759,48.981686],[2.456629,48.981534],[2.456321,48.981388],[2.454979,48.980436],[2.455287,48.980217],[2.456642,48.980263],[2.457311,48.980361],[2.45799,48.980369],[2.462449,48.980128],[2.464085,48.981958],[2.46434,48.982423],[2.464978,48.983237],[2.459963,48.98429],[2.459396,48.984307],[2.457927,48.98288]],[[2.466649,48.985127],[2.469672,48.988368],[2.4769,48.996436],[2.470912,49.002317],[2.46961,49.001153],[2.468162,49.00027],[2.467254,48.999413],[2.467,48.999236],[2.466141,48.998776],[2.465939,48.998289],[2.465621,48.997793],[2.464997,48.997152],[2.46443,48.996709],[2.463374,48.996032],[2.462315,48.995461],[2.461484,48.995104],[2.459537,48.994479],[2.458857,48.994193],[2.458041,48.993706],[2.456779,48.992797],[2.460133,48.989146],[2.460499,48.988488],[2.460686,48.988046],[2.461174,48.986528],[2.461212,48.986091],[2.466473,48.984936],[2.466649,48.985127]],[[2.474563,48.984753],[2.472761,48.982816],[2.472678,48.982567],[2.472407,48.98216],[2.472022,48.981796],[2.47156,48.981503],[2.470479,48.980141],[2.475368,48.979882],[2.477889,48.979675],[2.479365,48.979475],[2.482197,48.978923],[2.483566,48.978569],[2.48697,48.977562],[2.489046,48.97894],[2.49166,48.980561],[2.49231,48.980888],[2.492714,48.981018],[2.498876,48.985107],[2.499883,48.986181],[2.50095,48.987085],[2.501831,48.987675],[2.50191,48.98782],[2.50233,48.988282],[2.502879,48.988681],[2.50445,48.989403],[2.504528,48.989667],[2.504789,48.990086],[2.505169,48.990464],[2.507656,48.992564],[2.509341,48.994128],[2.508985,48.994275],[2.50848,48.99457],[2.508087,48.994889],[2.507774,48.995244],[2.507577,48.99557],[2.506867,48.996012],[2.505712,48.996963],[2.474928,48.985148],[2.474563,48.984753]],[[2.480029,48.973468],[2.47784,48.973955],[2.476165,48.974177],[2.468734,48.974629],[2.467933,48.974721],[2.467175,48.974914],[2.466484,48.975203],[2.466094,48.975219],[2.463681,48.972483],[2.465818,48.969785],[2.466292,48.969523],[2.466497,48.969326],[2.466674,48.969016],[2.466705,48.968672],[2.467058,48.968265],[2.468104,48.967202],[2.469661,48.965921],[2.471679,48.967981],[2.472446,48.96863],[2.473308,48.969242],[2.474669,48.970013],[2.476596,48.970831],[2.477704,48.971388],[2.478389,48.971789],[2.479051,48.972114],[2.479448,48.972238],[2.480922,48.973214],[2.480029,48.973468]],[[2.344445,49.064479],[2.345657,49.064273],[2.346815,49.063992],[2.348109,49.063569],[2.350377,49.062723],[2.351056,49.062554],[2.352046,49.062466],[2.353214,49.062581],[2.35403,49.062804],[2.370813,49.068108],[2.376124,49.069692],[2.378565,49.070359],[2.381137,49.070856],[2.381527,49.0714],[2.381956,49.071817],[2.382737,49.072323],[2.383421,49.072608],[2.383989,49.072762],[2.384435,49.072863],[2.385212,49.072952],[2.386149,49.072944],[2.386938,49.072827],[2.387678,49.07261],[2.388339,49.072303],[2.388896,49.071917],[2.389328,49.071467],[2.389483,49.071202],[2.391722,49.07106],[2.394983,49.070748],[2.399846,49.070111],[2.401888,49.070849],[2.403147,49.071151],[2.403951,49.072576],[2.404797,49.073923],[2.405747,49.075664],[2.409062,49.08135],[2.410022,49.082714],[2.411335,49.084435],[2.411813,49.085218],[2.41217,49.086073],[2.412241,49.086353],[2.412276,49.08681],[2.412215,49.087315],[2.411721,49.088795],[2.411562,49.089581],[2.411546,49.090437],[2.411726,49.091346],[2.412003,49.092076],[2.412421,49.092806],[2.41575,49.097546],[2.414024,49.098612],[2.410951,49.100195],[2.410215,49.100495],[2.409081,49.100861],[2.407745,49.101175],[2.406368,49.101369],[2.399735,49.101822],[2.39769,49.102103],[2.396372,49.102407],[2.395162,49.102771],[2.392654,49.103627],[2.391515,49.104164],[2.390754,49.10469],[2.390349,49.105049],[2.389939,49.105493],[2.389654,49.105892],[2.389255,49.106742],[2.389113,49.10754],[2.389121,49.107989],[2.389196,49.108448],[2.389348,49.108916],[2.389586,49.109382],[2.389875,49.109812],[2.390614,49.110597],[2.391829,49.111649],[2.390518,49.111536],[2.38917,49.11133],[2.386085,49.110715],[2.380441,49.109159],[2.378274,49.108485],[2.369238,49.105865],[2.368086,49.105464],[2.368186,49.105112],[2.368066,49.104662],[2.367694,49.104278],[2.367003,49.103958],[2.366537,49.10339],[2.366132,49.102685],[2.362291,49.094335],[2.362342,49.093911],[2.362272,49.093683],[2.362101,49.093438],[2.361768,49.093178],[2.356545,49.081671],[2.356255,49.081197],[2.355811,49.080742],[2.353897,49.079152],[2.353757,49.078816],[2.353578,49.078619],[2.353118,49.078342],[2.352766,49.078238],[2.347036,49.073492],[2.346881,49.073175],[2.346616,49.072871],[2.346386,49.072724],[2.345895,49.072527],[2.33758,49.065618],[2.338102,49.065395],[2.339164,49.065491],[2.339969,49.065434],[2.341345,49.065103],[2.342409,49.064645],[2.344445,49.064479]],[[2.402412,49.059388],[2.402416,49.058827],[2.402487,49.058234],[2.402644,49.057598],[2.403286,49.055931],[2.403617,49.054924],[2.404354,49.053163],[2.404551,49.052499],[2.404682,49.051694],[2.404689,49.05105],[2.404579,49.050166],[2.404403,49.049508],[2.40397,49.048523],[2.403531,49.047823],[2.403171,49.047359],[2.402442,49.046576],[2.399153,49.043419],[2.398689,49.042898],[2.398319,49.042393],[2.393206,49.033898],[2.389513,49.027675],[2.389115,49.026928],[2.388483,49.02537],[2.3882,49.024409],[2.388027,49.02351],[2.387902,49.022122],[2.387882,49.019479],[2.387809,49.018522],[2.387682,49.017646],[2.387417,49.016359],[2.386112,49.012219],[2.385707,49.010758],[2.384912,49.008425],[2.385474,49.00816],[2.385934,49.007833],[2.386288,49.007454],[2.386523,49.007037],[2.387076,49.005278],[2.388163,49.002718],[2.396673,49.000921],[2.398044,49.003772],[2.398029,49.004134],[2.398179,49.004463],[2.397445,49.004917],[2.397364,49.005078],[2.397394,49.00519],[2.397553,49.005324],[2.397885,49.005373],[2.398115,49.005296],[2.398812,49.004876],[2.399749,49.005026],[2.399823,49.005194],[2.39955,49.005366],[2.399406,49.00552],[2.399265,49.005867],[2.399275,49.006048],[2.400451,49.008431],[2.400492,49.008596],[2.40184,49.011246],[2.402033,49.011513],[2.402554,49.012065],[2.402796,49.012246],[2.403372,49.012494],[2.404295,49.012728],[2.405472,49.013626],[2.405886,49.013882],[2.406573,49.014154],[2.407645,49.014455],[2.407535,49.014707],[2.407524,49.014887],[2.407615,49.015178],[2.407756,49.01539],[2.408544,49.016132],[2.409205,49.016556],[2.409713,49.016986],[2.40989,49.017199],[2.410516,49.018242],[2.411189,49.019002],[2.412135,49.019672],[2.413701,49.020673],[2.414498,49.021485],[2.414959,49.021833],[2.415438,49.022102],[2.416751,49.022641],[2.417062,49.022928],[2.417355,49.02308],[2.417998,49.023979],[2.419243,49.025335],[2.419778,49.026192],[2.420028,49.026498],[2.420518,49.026953],[2.421607,49.02768],[2.421919,49.028023],[2.422123,49.028453],[2.42224,49.029147],[2.422465,49.029954],[2.422725,49.030494],[2.423161,49.031128],[2.425116,49.033256],[2.425681,49.034078],[2.426068,49.034546],[2.427709,49.036171],[2.430612,49.038825],[2.431372,49.040068],[2.432575,49.041719],[2.433458,49.042724],[2.434392,49.043655],[2.433819,49.044085],[2.433395,49.0445],[2.432974,49.045121],[2.432805,49.045589],[2.431148,49.046407],[2.429934,49.047081],[2.427363,49.048611],[2.425451,49.049847],[2.422971,49.051588],[2.421609,49.052627],[2.414181,49.058571],[2.412364,49.059791],[2.41152,49.060288],[2.409482,49.061354],[2.407529,49.062197],[2.405794,49.061563],[2.405398,49.061169],[2.404829,49.060791],[2.404159,49.060493],[2.403413,49.060286],[2.402507,49.060179],[2.402412,49.059388]],[[2.403941,49.001174],[2.401949,49.001678],[2.400448,49.002457],[2.399151,48.999807],[2.399132,48.999533],[2.399028,48.999296],[2.398822,48.999069],[2.398499,48.998865],[2.398106,48.998732],[2.397766,48.99868],[2.397104,48.998721],[2.396607,48.998896],[2.390131,49.000278],[2.390322,48.999832],[2.390323,48.999426],[2.390255,48.999168],[2.389919,48.998474],[2.390275,48.99759],[2.390554,48.996653],[2.390687,48.995907],[2.390739,48.994777],[2.390653,48.993813],[2.390498,48.993035],[2.390246,48.992245],[2.389864,48.991371],[2.390962,48.98875],[2.390989,48.98857],[2.391259,48.988374],[2.391467,48.988034],[2.391461,48.987667],[2.391167,48.98719],[2.391215,48.987146],[2.391954,48.986611],[2.39228,48.986511],[2.392481,48.98635],[2.393047,48.98613],[2.393881,48.985913],[2.396142,48.985503],[2.398574,48.985103],[2.399331,48.985031],[2.400507,48.985143],[2.401444,48.985404],[2.401666,48.985513],[2.401883,48.985543],[2.40294,48.986613],[2.403271,48.986669],[2.407335,48.989173],[2.408994,48.99033],[2.409387,48.990775],[2.409663,48.990834],[2.410309,48.990719],[2.414005,48.99286],[2.414081,48.992961],[2.414276,48.993801],[2.414393,48.993846],[2.414795,48.993829],[2.415591,48.994356],[2.41541,48.994556],[2.415324,48.994728],[2.414023,48.998059],[2.407258,49.00035],[2.405983,49.000671],[2.405441,49.00076],[2.403941,49.001174]],[[2.406089,48.988103],[2.403502,48.986503],[2.403186,48.986415],[2.402215,48.985466],[2.40239,48.985305],[2.402871,48.985072],[2.404407,48.985184],[2.410738,48.986299],[2.413341,48.986486],[2.416114,48.986487],[2.41723,48.986445],[2.422063,48.985987],[2.423671,48.985868],[2.424015,48.985921],[2.424366,48.985803],[2.427383,48.985656],[2.431981,48.985984],[2.4323,48.986053],[2.432704,48.986037],[2.435914,48.986266],[2.435457,48.987198],[2.434383,48.988081],[2.430951,48.990212],[2.430341,48.99039],[2.429864,48.990756],[2.423376,48.993245],[2.420056,48.995281],[2.419204,48.99449],[2.416994,48.993008],[2.417337,48.992365],[2.417646,48.992181],[2.417762,48.991993],[2.417806,48.991812],[2.417693,48.991596],[2.417431,48.991465],[2.417057,48.991433],[2.416769,48.991528],[2.416522,48.991819],[2.416482,48.991967],[2.416521,48.992132],[2.416135,48.992837],[2.416108,48.993062],[2.416171,48.993245],[2.416439,48.993558],[2.418685,48.994995],[2.419374,48.995661],[2.41917,48.995819],[2.418945,48.995868],[2.416496,48.994315],[2.41621,48.994235],[2.415875,48.994225],[2.414945,48.993626],[2.414566,48.993614],[2.414415,48.992912],[2.414255,48.992706],[2.410476,48.990518],[2.410191,48.990498],[2.409622,48.990609],[2.409329,48.990252],[2.409127,48.990093],[2.407573,48.989011],[2.406089,48.988103]],[[2.401689,48.984835],[2.400786,48.984588],[2.399771,48.984458],[2.399072,48.984461],[2.39777,48.984626],[2.393625,48.985353],[2.392938,48.985514],[2.392011,48.985854],[2.391644,48.985934],[2.391452,48.986126],[2.390712,48.986619],[2.389055,48.984468],[2.389559,48.984046],[2.389967,48.983526],[2.390279,48.98324],[2.390403,48.982995],[2.390431,48.98281],[2.390383,48.982545],[2.390206,48.98227],[2.390046,48.981711],[2.389633,48.980529],[2.389494,48.980256],[2.389049,48.97891],[2.389212,48.978693],[2.389298,48.978437],[2.389293,48.978278],[2.390203,48.978086],[2.391583,48.977228],[2.392282,48.976907],[2.395179,48.976368],[2.396457,48.976068],[2.397063,48.975838],[2.397672,48.97553],[2.398886,48.974799],[2.399337,48.974867],[2.399611,48.974857],[2.400125,48.974735],[2.400529,48.974493],[2.400921,48.974154],[2.401681,48.974543],[2.402177,48.974674],[2.402575,48.974715],[2.403042,48.974701],[2.404558,48.974431],[2.404931,48.974452],[2.407203,48.974854],[2.408644,48.974775],[2.409203,48.974791],[2.409625,48.974913],[2.40986,48.975051],[2.409726,48.975699],[2.409573,48.975796],[2.408834,48.976054],[2.407542,48.976425],[2.407223,48.976634],[2.406991,48.976901],[2.406868,48.977147],[2.406736,48.977217],[2.40667,48.977329],[2.406728,48.977482],[2.406986,48.977595],[2.407035,48.977705],[2.404497,48.977775],[2.396182,48.978354],[2.395519,48.978444],[2.394896,48.978617],[2.394337,48.978867],[2.393862,48.979184],[2.39349,48.979555],[2.393235,48.979968],[2.393108,48.980405],[2.393112,48.98085],[2.393248,48.981286],[2.393511,48.981696],[2.393891,48.982064],[2.394372,48.982377],[2.394937,48.982622],[2.395563,48.982789],[2.396227,48.982873],[2.396904,48.98287],[2.405077,48.9823],[2.407808,48.982223],[2.409855,48.981992],[2.411446,48.981675],[2.413437,48.981143],[2.418606,48.979548],[2.42082,48.978747],[2.420974,48.978904],[2.421301,48.979102],[2.422036,48.980198],[2.422034,48.980438],[2.422098,48.980614],[2.422358,48.980907],[2.422135,48.981119],[2.421558,48.981962],[2.421418,48.982085],[2.420597,48.982508],[2.420201,48.982575],[2.420054,48.982666],[2.419941,48.982834],[2.418723,48.983397],[2.418413,48.983447],[2.418187,48.983625],[2.415878,48.984696],[2.415551,48.985053],[2.415114,48.985908],[2.413381,48.985901],[2.41319,48.985882],[2.413001,48.985771],[2.412748,48.985723],[2.412521,48.985752],[2.41232,48.985841],[2.411733,48.985805],[2.411363,48.985766],[2.411162,48.98563],[2.41093,48.985579],[2.410717,48.985592],[2.41051,48.985669],[2.405975,48.984846],[2.404097,48.984556],[2.402749,48.984493],[2.402272,48.984606],[2.401898,48.984814],[2.401689,48.984835]],[[2.410267,48.974475],[2.409752,48.974278],[2.409194,48.974176],[2.407298,48.974254],[2.405129,48.973864],[2.404746,48.973831],[2.404112,48.973859],[2.402983,48.974093],[2.402672,48.974115],[2.402091,48.974003],[2.401461,48.973665],[2.402806,48.97227],[2.403733,48.971432],[2.409202,48.967986],[2.413362,48.971695],[2.415898,48.973309],[2.416122,48.973592],[2.415987,48.97385],[2.415969,48.974029],[2.416024,48.974245],[2.414618,48.973729],[2.414242,48.973653],[2.413836,48.97364],[2.413535,48.973682],[2.413208,48.973794],[2.411115,48.974966],[2.410267,48.974475]],[[2.404026,49.11729],[2.403393,49.11653],[2.401039,49.114275],[2.400013,49.113395],[2.399194,49.112805],[2.398397,49.11239],[2.397414,49.112081],[2.396388,49.111862],[2.394925,49.111739],[2.395011,49.111505],[2.395007,49.111326],[2.394844,49.110987],[2.39469,49.110839],[2.393918,49.110346],[2.392943,49.109504],[2.392455,49.108996],[2.392123,49.108451],[2.39203,49.10818],[2.391973,49.10763],[2.392068,49.107091],[2.392314,49.106587],[2.392488,49.106349],[2.392941,49.105903],[2.393406,49.105575],[2.393806,49.105373],[2.396457,49.104406],[2.397945,49.103989],[2.399006,49.103777],[2.400113,49.103648],[2.406185,49.10325],[2.407345,49.10313],[2.409048,49.102843],[2.410171,49.10256],[2.411581,49.102105],[2.412555,49.101708],[2.415773,49.100044],[2.417025,49.099457],[2.417851,49.100601],[2.418505,49.101718],[2.419437,49.10308],[2.421116,49.105018],[2.42652,49.111691],[2.426833,49.112247],[2.427222,49.11346],[2.427506,49.113869],[2.427907,49.114234],[2.428409,49.11454],[2.428847,49.114718],[2.428586,49.11526],[2.428309,49.11568],[2.427471,49.116731],[2.42672,49.117566],[2.426247,49.118313],[2.426084,49.118423],[2.425381,49.118217],[2.424694,49.118083],[2.424222,49.118044],[2.423391,49.118067],[2.423139,49.118004],[2.422897,49.118019],[2.422018,49.117666],[2.421633,49.117588],[2.419034,49.116671],[2.418716,49.116617],[2.418534,49.116489],[2.417657,49.116094],[2.417239,49.115984],[2.416144,49.115577],[2.415654,49.115502],[2.413003,49.115735],[2.411735,49.116063],[2.411004,49.116328],[2.410586,49.116136],[2.410323,49.116078],[2.40977,49.116067],[2.409501,49.116115],[2.408889,49.116346],[2.404228,49.117494],[2.404152,49.117488],[2.404026,49.11729]],[[2.374045,49.135901],[2.371931,49.130102],[2.371869,49.129595],[2.37176,49.129394],[2.371625,49.127014],[2.371242,49.125805],[2.371159,49.125632],[2.37085,49.125335],[2.370392,49.125139],[2.370108,49.125087],[2.369944,49.124838],[2.369765,49.124695],[2.369009,49.124342],[2.368616,49.12421],[2.368362,49.12404],[2.368091,49.123711],[2.36803,49.123538],[2.368038,49.123408],[2.368437,49.121028],[2.3684,49.120476],[2.367835,49.119139],[2.367594,49.118172],[2.366911,49.117334],[2.365941,49.115615],[2.366018,49.115471],[2.365984,49.115282],[2.365723,49.115085],[2.365725,49.114954],[2.365953,49.11426],[2.365985,49.113883],[2.365908,49.113428],[2.365368,49.111856],[2.365412,49.111561],[2.365662,49.111328],[2.366558,49.110872],[2.366974,49.110565],[2.367215,49.110311],[2.367413,49.110001],[2.367546,49.10962],[2.367585,49.109251],[2.367963,49.109199],[2.368427,49.109009],[2.368745,49.108716],[2.368844,49.108512],[2.368881,49.108307],[2.368846,49.108064],[2.368731,49.107839],[2.368342,49.107495],[2.367635,49.105982],[2.368851,49.106411],[2.377899,49.109035],[2.380066,49.109709],[2.384855,49.111042],[2.386292,49.111399],[2.38827,49.1118],[2.390352,49.112128],[2.392559,49.112279],[2.393182,49.112437],[2.393723,49.112409],[2.393996,49.112335],[2.395348,49.112363],[2.396191,49.112451],[2.397182,49.11266],[2.39791,49.11292],[2.398303,49.113111],[2.39929,49.113796],[2.400153,49.114538],[2.402264,49.116546],[2.402912,49.117232],[2.403188,49.117624],[2.402818,49.117852],[2.402592,49.118177],[2.402453,49.118537],[2.402458,49.118719],[2.402586,49.119001],[2.402389,49.119784],[2.401655,49.121101],[2.401271,49.12169],[2.400833,49.122243],[2.400302,49.122703],[2.399672,49.123095],[2.396348,49.124861],[2.395538,49.125408],[2.395051,49.125822],[2.394541,49.126399],[2.394114,49.127066],[2.393111,49.129395],[2.3927,49.13016],[2.391946,49.131024],[2.39116,49.131651],[2.390149,49.132181],[2.38876,49.132681],[2.375107,49.136464],[2.374326,49.13663],[2.374045,49.135901]],[[2.379706,48.981375],[2.383586,48.981316],[2.386847,48.980959],[2.387319,48.982356],[2.38738,48.982646],[2.387367,48.982836],[2.387205,48.983046],[2.386909,48.983263],[2.385048,48.983995],[2.38281,48.984031],[2.381926,48.984161],[2.381253,48.984354],[2.379747,48.982891],[2.379412,48.98244],[2.379002,48.98141],[2.379706,48.981375]],[[2.384915,48.975801],[2.387191,48.975441],[2.38817,48.974896],[2.388434,48.975161],[2.390269,48.976407],[2.390515,48.976491],[2.391246,48.97652],[2.389683,48.977478],[2.389333,48.977585],[2.388922,48.977656],[2.388267,48.977344],[2.388009,48.977282],[2.387463,48.977263],[2.386917,48.977385],[2.386599,48.977533],[2.386277,48.977799],[2.38614,48.978002],[2.379916,48.978952],[2.379109,48.976715],[2.384915,48.975801]],[[2.388871,48.9732],[2.390093,48.972609],[2.390293,48.972611],[2.390531,48.972543],[2.390671,48.972437],[2.390734,48.972319],[2.391376,48.972053],[2.393364,48.971302],[2.394368,48.971015],[2.395232,48.971777],[2.395347,48.971974],[2.395705,48.972102],[2.396257,48.972568],[2.397966,48.973638],[2.397911,48.973842],[2.397923,48.974022],[2.397989,48.974198],[2.39813,48.974383],[2.397047,48.97503],[2.396521,48.975297],[2.396004,48.975493],[2.395436,48.975653],[2.392139,48.976253],[2.391935,48.976093],[2.391629,48.97598],[2.390769,48.975917],[2.389088,48.974765],[2.388732,48.974276],[2.388501,48.9742],[2.388222,48.97422],[2.387558,48.973886],[2.388871,48.9732]],[[2.376436,48.977399],[2.376349,48.977185],[2.378139,48.976896],[2.378344,48.977389],[2.378642,48.978338],[2.378712,48.978438],[2.378864,48.978523],[2.379078,48.979099],[2.377153,48.979407],[2.376436,48.977399]],[[2.383111,48.979174],[2.386062,48.978715],[2.386638,48.980389],[2.383512,48.980734],[2.379372,48.980826],[2.378874,48.980825],[2.378794,48.980785],[2.378685,48.980497],[2.378698,48.98022],[2.378578,48.979843],[2.379522,48.979695],[2.379928,48.979681],[2.383111,48.979174]],[[2.38416,49.016439],[2.384435,49.01637],[2.384684,49.017037],[2.384326,49.016797],[2.383921,49.016616],[2.38416,49.016439]],[[2.380605,48.998414],[2.37962,48.995449],[2.380038,48.995187],[2.380353,48.995197],[2.380734,48.995069],[2.383502,48.993383],[2.383631,48.993777],[2.383777,48.994671],[2.383777,48.995203],[2.383716,48.995709],[2.383561,48.996362],[2.382411,48.999141],[2.38192,48.998914],[2.380693,48.998534],[2.380605,48.998414]],[[2.389229,49.000206],[2.38908,49.000501],[2.389449,48.999584],[2.389402,48.999872],[2.389229,49.000206]],[[2.385456,48.985887],[2.386024,48.98579],[2.386715,48.985581],[2.38875,48.988228],[2.389062,48.988529],[2.388442,48.989311],[2.387575,48.988431],[2.386274,48.987371],[2.385113,48.986586],[2.383883,48.985929],[2.385456,48.985887]],[[2.389318,48.99043],[2.38892,48.989889],[2.389225,48.989589],[2.389859,48.988787],[2.390021,48.988796],[2.389318,48.99043]],[[2.378929,49.021233],[2.377456,49.021698],[2.378194,49.021039],[2.378599,49.020593],[2.379359,49.020719],[2.380386,49.020758],[2.378929,49.021233]],[[2.406052,48.963055],[2.403845,48.962003],[2.403302,48.961585],[2.403904,48.961376],[2.404792,48.960984],[2.406815,48.960265],[2.407482,48.960073],[2.408562,48.959845],[2.410022,48.959667],[2.410675,48.959657],[2.411649,48.959753],[2.413707,48.960253],[2.414583,48.96042],[2.414178,48.961019],[2.413432,48.961902],[2.41263,48.962697],[2.412427,48.962774],[2.41227,48.962897],[2.412166,48.963053],[2.412154,48.963212],[2.410968,48.964373],[2.410697,48.964513],[2.410597,48.964727],[2.409903,48.965413],[2.407669,48.963965],[2.406052,48.963055]],[[2.440287,48.979892],[2.438119,48.979044],[2.440251,48.979097],[2.448683,48.978935],[2.44868,48.979224],[2.443802,48.98061],[2.44352,48.980607],[2.443369,48.980344],[2.443119,48.980132],[2.442679,48.979913],[2.442419,48.97985],[2.441868,48.979829],[2.441599,48.979871],[2.440971,48.98012],[2.440287,48.979892]],[[2.418922,48.984071],[2.419185,48.983899],[2.420468,48.983305],[2.420882,48.983239],[2.421046,48.98313],[2.421137,48.982972],[2.422028,48.982512],[2.422342,48.982238],[2.422917,48.981396],[2.423137,48.981208],[2.429662,48.982781],[2.42987,48.982838],[2.430296,48.983075],[2.430598,48.983158],[2.431332,48.983181],[2.437729,48.98472],[2.436855,48.985293],[2.436364,48.985706],[2.432765,48.985454],[2.432466,48.985393],[2.43211,48.985406],[2.427381,48.985072],[2.425675,48.985125],[2.424178,48.985229],[2.423908,48.985199],[2.423599,48.985286],[2.419912,48.98559],[2.419679,48.985497],[2.419409,48.985483],[2.419185,48.985542],[2.419003,48.985681],[2.417152,48.985862],[2.416052,48.985903],[2.416366,48.985285],[2.416536,48.985089],[2.4187,48.984102],[2.418922,48.984071]],[[2.416607,48.975029],[2.416853,48.974852],[2.417129,48.974903],[2.416468,48.975144],[2.416607,48.975029]],[[2.420052,48.972958],[2.419899,48.972692],[2.419782,48.972586],[2.420101,48.9725],[2.420282,48.972385],[2.420389,48.972222],[2.420434,48.972017],[2.421187,48.971428],[2.421611,48.971513],[2.423558,48.972553],[2.424252,48.973087],[2.424522,48.973456],[2.424639,48.973723],[2.424896,48.974836],[2.424529,48.974622],[2.423493,48.974235],[2.422376,48.974016],[2.421201,48.973951],[2.420052,48.972958]],[[2.416135,48.970825],[2.415453,48.970362],[2.415216,48.9701],[2.414827,48.969801],[2.410468,48.965905],[2.41135,48.965036],[2.411577,48.964912],[2.41169,48.964714],[2.412898,48.963531],[2.413141,48.963452],[2.413307,48.96333],[2.413415,48.963172],[2.413447,48.963021],[2.414619,48.961823],[2.415422,48.960693],[2.415782,48.960811],[2.416472,48.961161],[2.416709,48.961405],[2.416949,48.961766],[2.416911,48.962328],[2.416296,48.964027],[2.416187,48.964666],[2.416239,48.965648],[2.416361,48.966119],[2.416544,48.966576],[2.417098,48.967456],[2.418611,48.969372],[2.419074,48.96983],[2.420225,48.970742],[2.420407,48.970993],[2.419656,48.971548],[2.419095,48.971738],[2.418928,48.971916],[2.418881,48.972103],[2.418706,48.972246],[2.418417,48.972266],[2.416135,48.970825]],[[2.431521,48.974984],[2.432712,48.976146],[2.429125,48.975535],[2.428619,48.9754],[2.42917,48.975295],[2.431317,48.974682],[2.431521,48.974984]],[[2.410995,48.975623],[2.411245,48.975643],[2.411436,48.975592],[2.413818,48.974256],[2.414256,48.974283],[2.415656,48.974801],[2.415118,48.975388],[2.414905,48.975526],[2.41482,48.975705],[2.409942,48.977194],[2.408322,48.977564],[2.407419,48.977678],[2.407541,48.977502],[2.407547,48.977399],[2.407472,48.9773],[2.407303,48.977214],[2.407303,48.977099],[2.407348,48.976934],[2.407486,48.976777],[2.407726,48.976614],[2.407979,48.976522],[2.408985,48.976255],[2.409875,48.975927],[2.410028,48.975808],[2.410079,48.975708],[2.410169,48.975229],[2.410995,48.975623]],[[2.416445,48.995123],[2.417629,48.995924],[2.418249,48.996279],[2.418136,48.996434],[2.417747,48.996721],[2.417347,48.996937],[2.415077,48.997689],[2.41616,48.994944],[2.416445,48.995123]],[[2.471051,49.064191],[2.470667,49.064126],[2.470311,49.063944],[2.47002,49.06386],[2.469551,49.063813],[2.468384,49.063265],[2.468186,49.063125],[2.46766,49.062545],[2.466746,49.061388],[2.465429,49.060251],[2.464755,49.059498],[2.464327,49.058752],[2.464158,49.058278],[2.464069,49.057861],[2.464035,49.057288],[2.464068,49.055715],[2.464075,49.055617],[2.464233,49.055341],[2.464271,49.055104],[2.464232,49.054878],[2.463961,49.05448],[2.463543,49.054222],[2.462493,49.052745],[2.462232,49.052154],[2.4632,49.051966],[2.464088,49.051608],[2.464666,49.051235],[2.465004,49.050929],[2.465313,49.05052],[2.467177,49.050429],[2.469123,49.050236],[2.470662,49.05001],[2.472661,49.049611],[2.473896,49.049297],[2.476431,49.048496],[2.478013,49.047874],[2.479366,49.047248],[2.480823,49.046466],[2.481988,49.045746],[2.483291,49.044825],[2.484159,49.044114],[2.485466,49.04287],[2.490805,49.037031],[2.491329,49.03652],[2.492072,49.035893],[2.493066,49.035177],[2.4942,49.034506],[2.49554,49.033849],[2.496547,49.033484],[2.497592,49.033221],[2.499267,49.032856],[2.500622,49.033376],[2.501895,49.035301],[2.502585,49.036252],[2.505944,49.040229],[2.506415,49.040858],[2.506706,49.041352],[2.507071,49.042293],[2.507759,49.045433],[2.507768,49.045837],[2.507868,49.046279],[2.50797,49.046473],[2.505613,49.048152],[2.50235,49.050095],[2.502161,49.050436],[2.501713,49.051804],[2.50154,49.052514],[2.501257,49.052624],[2.501115,49.052772],[2.501102,49.053006],[2.501347,49.053229],[2.500249,49.057277],[2.500156,49.057417],[2.500181,49.057641],[2.499316,49.060707],[2.499213,49.060887],[2.499226,49.06103],[2.499301,49.061146],[2.499125,49.061329],[2.498885,49.062224],[2.498285,49.062375],[2.497905,49.062634],[2.497705,49.062969],[2.49761,49.063335],[2.497603,49.063917],[2.498178,49.067193],[2.497673,49.070351],[2.4939,49.070009],[2.49259,49.069794],[2.491345,49.06944],[2.488303,49.068399],[2.476007,49.064964],[2.473736,49.064504],[2.471051,49.064191]],[[2.48414,49.033495],[2.483453,49.034189],[2.478235,49.039896],[2.477687,49.040437],[2.47685,49.041144],[2.475361,49.042154],[2.474403,49.042686],[2.473459,49.043128],[2.471485,49.043872],[2.46961,49.044373],[2.467285,49.044759],[2.465331,49.044909],[2.464565,49.044387],[2.463922,49.044098],[2.462905,49.043808],[2.462167,49.043694],[2.461433,49.043643],[2.460422,49.043681],[2.457682,49.044102],[2.453186,49.043267],[2.451116,49.042972],[2.448686,49.042768],[2.446814,49.042719],[2.445528,49.04275],[2.446074,49.042373],[2.446716,49.041774],[2.447191,49.041162],[2.447623,49.040367],[2.447924,49.040117],[2.448068,49.039892],[2.448133,49.039514],[2.448061,49.03926],[2.447854,49.038982],[2.447877,49.038478],[2.448779,49.030642],[2.449017,49.03035],[2.449099,49.030111],[2.449096,49.029861],[2.448963,49.029556],[2.449216,49.02862],[2.449553,49.027647],[2.450158,49.026335],[2.450998,49.024907],[2.451757,49.023943],[2.452599,49.023184],[2.453931,49.022235],[2.455418,49.02123],[2.45592,49.021124],[2.456319,49.020935],[2.456655,49.020645],[2.456781,49.020441],[2.456845,49.020221],[2.458742,49.018929],[2.459343,49.018698],[2.459862,49.018669],[2.460377,49.018787],[2.464282,49.020359],[2.464578,49.020599],[2.465191,49.02084],[2.46563,49.020904],[2.466119,49.020882],[2.46654,49.020786],[2.466854,49.020657],[2.467191,49.020435],[2.467386,49.02023],[2.467544,49.019847],[2.467517,49.019532],[2.468439,49.018417],[2.468941,49.017952],[2.470221,49.016999],[2.471771,49.015432],[2.472066,49.01501],[2.472247,49.014626],[2.472362,49.014246],[2.472391,49.013837],[2.472612,49.01369],[2.472886,49.013394],[2.475935,49.013109],[2.477149,49.012863],[2.478098,49.012611],[2.479682,49.012358],[2.484327,49.012048],[2.487412,49.011712],[2.487762,49.011894],[2.488239,49.012026],[2.489807,49.016063],[2.490452,49.017386],[2.494998,49.024513],[2.496217,49.026067],[2.496256,49.026282],[2.496062,49.027179],[2.494194,49.027813],[2.491995,49.028684],[2.490366,49.029389],[2.489231,49.029939],[2.487832,49.03072],[2.486493,49.031584],[2.485467,49.032344],[2.48414,49.033495]],[[2.478457,49.010622],[2.477258,49.010814],[2.475339,49.01127],[2.472852,49.011491],[2.472095,49.011493],[2.471277,49.011641],[2.466628,49.008204],[2.466574,49.007995],[2.466444,49.007791],[2.466224,49.007584],[2.465817,49.007369],[2.4657,49.007206],[2.465421,49.00662],[2.465329,49.006061],[2.465337,49.00563],[2.46625,49.000109],[2.466285,48.999471],[2.466235,48.999099],[2.466984,48.999551],[2.46797,49.000465],[2.469482,49.001401],[2.47075,49.002526],[2.470776,49.002681],[2.470871,49.002777],[2.471184,49.002863],[2.47145,49.002805],[2.472366,49.003834],[2.472437,49.004203],[2.472338,49.004476],[2.471208,49.006138],[2.471093,49.006391],[2.471039,49.006673],[2.471118,49.007121],[2.472024,49.008541],[2.47233,49.00941],[2.47239,49.009916],[2.471929,49.011276],[2.471986,49.011376],[2.472143,49.0114],[2.47226,49.011328],[2.47269,49.010107],[2.472732,49.009924],[2.4727,49.009539],[2.472573,49.009029],[2.472351,49.008475],[2.471443,49.007051],[2.47138,49.006682],[2.471527,49.006218],[2.47194,49.005561],[2.472597,49.004669],[2.472757,49.004325],[2.472779,49.004067],[2.472675,49.003737],[2.471669,49.002624],[2.477396,48.997006],[2.480794,49.000767],[2.482213,49.002115],[2.484576,49.00418],[2.485319,49.005006],[2.485715,49.005609],[2.485958,49.006078],[2.48741,49.009846],[2.483998,49.010217],[2.48114,49.010385],[2.478457,49.010622]],[[2.491875,49.003286],[2.491209,49.002429],[2.490455,49.001632],[2.487858,48.999348],[2.486494,48.998032],[2.481879,48.992896],[2.481936,48.992675],[2.481918,48.992494],[2.481725,48.992158],[2.481352,48.991896],[2.480857,48.991748],[2.475916,48.986223],[2.50525,48.997483],[2.505096,48.997752],[2.504949,48.998337],[2.50503,48.998987],[2.504856,48.999123],[2.504528,48.999515],[2.504323,48.999941],[2.503016,49.003502],[2.502623,49.004006],[2.501827,49.00453],[2.494083,49.007194],[2.49368,49.007219],[2.492711,49.004768],[2.492317,49.003991],[2.491875,49.003286]],[[2.509766,49.004995],[2.510445,49.003252],[2.510527,49.002808],[2.510498,49.002553],[2.511103,49.000883],[2.511177,49.000439],[2.511134,49.000113],[2.511423,48.99996],[2.51186,48.999618],[2.512239,48.999114],[2.512695,48.998844],[2.513217,48.99867],[2.513573,48.998487],[2.513754,48.999776],[2.513971,49.000211],[2.513805,49.000361],[2.513837,49.000537],[2.514008,49.000643],[2.514488,49.000764],[2.516516,49.001916],[2.516668,49.001945],[2.516781,49.001882],[2.516745,49.00177],[2.514703,49.000593],[2.514481,49.00032],[2.514321,49.000215],[2.514093,48.999745],[2.513863,48.998311],[2.514063,48.998153],[2.514192,48.99818],[2.514762,48.998708],[2.516101,49.000119],[2.516732,49.000882],[2.517928,49.00251],[2.519333,49.004111],[2.520376,49.00509],[2.522003,49.006289],[2.522949,49.00795],[2.522945,49.008577],[2.52302,49.009053],[2.523253,49.009917],[2.523537,49.010553],[2.523821,49.011031],[2.523984,49.011178],[2.524426,49.011396],[2.52475,49.011465],[2.524846,49.011657],[2.524592,49.011837],[2.524087,49.011977],[2.523602,49.012015],[2.522606,49.011986],[2.522435,49.011716],[2.522264,49.011572],[2.522054,49.011453],[2.521549,49.011306],[2.520563,49.011308],[2.517476,49.011134],[2.516962,49.011068],[2.516561,49.010945],[2.516056,49.010642],[2.515835,49.010406],[2.514901,49.008195],[2.514442,49.007587],[2.514175,49.007326],[2.513506,49.006865],[2.512674,49.006473],[2.510659,49.005673],[2.509532,49.005407],[2.509766,49.004995]],[[2.445552,49.048574],[2.445656,49.04836],[2.446121,49.048341],[2.448137,49.048368],[2.449576,49.048492],[2.451731,49.048816],[2.457431,49.049879],[2.457539,49.050255],[2.457739,49.05061],[2.458143,49.051071],[2.458676,49.051472],[2.459362,49.05181],[2.45946,49.052439],[2.459709,49.053118],[2.460094,49.053745],[2.461035,49.055047],[2.461087,49.055378],[2.461265,49.055645],[2.461232,49.057123],[2.460638,49.056512],[2.46016,49.055918],[2.459829,49.055634],[2.459358,49.055455],[2.458672,49.055423],[2.458077,49.054736],[2.456936,49.053706],[2.456184,49.052696],[2.455698,49.052437],[2.455377,49.052369],[2.455103,49.052387],[2.45408,49.052699],[2.452897,49.052834],[2.451269,49.052796],[2.450204,49.052842],[2.44921,49.053097],[2.449009,49.052997],[2.447598,49.052044],[2.446839,49.051269],[2.446415,49.050904],[2.446115,49.050729],[2.445439,49.050452],[2.445344,49.050295],[2.445142,49.050147],[2.444727,49.050053],[2.444856,49.049931],[2.445181,49.049444],[2.445329,49.049001],[2.445552,49.048574]],[[2.514145,49.000433],[2.514181,49.000432],[2.514145,49.000433]],[[2.521604,49.055866],[2.521443,49.055378],[2.521179,49.054968],[2.520783,49.054573],[2.520309,49.054257],[2.520178,49.05411],[2.516158,49.048905],[2.515776,49.048374],[2.515439,49.047795],[2.515232,49.047289],[2.515062,49.046679],[2.515209,49.046352],[2.515274,49.045927],[2.515205,49.045399],[2.51502,49.044969],[2.514663,49.044516],[2.514028,49.041563],[2.513872,49.041019],[2.513405,49.039919],[2.512917,49.039075],[2.512141,49.038028],[2.509032,49.034373],[2.508341,49.033434],[2.506791,49.031118],[2.506067,49.030422],[2.508507,49.029811],[2.510088,49.02953],[2.511751,49.029377],[2.51269,49.029348],[2.514026,49.029383],[2.514786,49.029442],[2.518831,49.02995],[2.519178,49.030132],[2.520245,49.030527],[2.521027,49.030685],[2.525039,49.031213],[2.527675,49.03163],[2.528482,49.031695],[2.529294,49.031654],[2.529644,49.03159],[2.531666,49.031607],[2.533306,49.031524],[2.534629,49.031336],[2.535378,49.031136],[2.535931,49.030898],[2.537304,49.031785],[2.537077,49.031922],[2.53659,49.032358],[2.536241,49.032848],[2.536045,49.033374],[2.536008,49.033914],[2.536133,49.034449],[2.538528,49.041032],[2.539083,49.042368],[2.539812,49.043774],[2.541867,49.047124],[2.542698,49.048885],[2.543154,49.050298],[2.544134,49.054445],[2.544486,49.055616],[2.544944,49.056807],[2.545487,49.058012],[2.547193,49.061288],[2.547674,49.062554],[2.54804,49.063879],[2.548214,49.064916],[2.548282,49.065636],[2.548287,49.067189],[2.546946,49.083006],[2.546077,49.082951],[2.545261,49.082967],[2.544278,49.083069],[2.543511,49.083207],[2.542163,49.083593],[2.540599,49.084238],[2.539571,49.084809],[2.538835,49.085373],[2.535924,49.08842],[2.535509,49.088797],[2.535418,49.088857],[2.534587,49.088978],[2.533784,49.089202],[2.532817,49.078877],[2.531969,49.070514],[2.531822,49.06974],[2.531679,49.06928],[2.531297,49.06845],[2.530868,49.067776],[2.526347,49.061962],[2.526255,49.061564],[2.52603,49.061143],[2.525663,49.060731],[2.525018,49.060283],[2.521604,49.055866]],[[2.518416,49.025099],[2.515732,49.024777],[2.514306,49.024675],[2.51257,49.024642],[2.510862,49.024701],[2.509166,49.024854],[2.507375,49.025117],[2.506262,49.025341],[2.50343,49.026033],[2.503361,49.025602],[2.503222,49.025168],[2.50288,49.024499],[2.501443,49.022648],[2.497048,49.015764],[2.496598,49.01484],[2.495903,49.013009],[2.495601,49.012049],[2.495889,49.011958],[2.496705,49.011552],[2.50536,49.008607],[2.506299,49.008207],[2.507183,49.008022],[2.507764,49.007791],[2.508266,49.007489],[2.508591,49.007199],[2.509006,49.00724],[2.509464,49.007363],[2.511162,49.008047],[2.511714,49.008306],[2.511952,49.008478],[2.51225,49.008847],[2.512886,49.010443],[2.513138,49.010985],[2.513351,49.011301],[2.513801,49.011768],[2.514337,49.012143],[2.514899,49.012454],[2.515545,49.012695],[2.516196,49.012861],[2.517176,49.012985],[2.520388,49.013166],[2.521209,49.013145],[2.521753,49.013083],[2.522,49.013],[2.522399,49.012749],[2.522537,49.012587],[2.524091,49.012591],[2.524635,49.012497],[2.525175,49.012304],[2.526124,49.014211],[2.526456,49.014706],[2.526798,49.015027],[2.528595,49.018473],[2.528695,49.018753],[2.528714,49.01913],[2.5289,49.019657],[2.529698,49.021239],[2.530033,49.021734],[2.530507,49.022176],[2.531021,49.022498],[2.530903,49.022949],[2.530925,49.02349],[2.531106,49.024017],[2.531452,49.024695],[2.531643,49.02496],[2.530955,49.025161],[2.530228,49.025505],[2.529721,49.025869],[2.52947,49.026147],[2.524866,49.02546],[2.522221,49.025134],[2.521406,49.025088],[2.520593,49.025147],[2.519898,49.025291],[2.518416,49.025099]],[[2.545858,49.087559],[2.546368,49.087659],[2.546427,49.087935],[2.546462,49.088792],[2.546031,49.093762],[2.545805,49.09694],[2.545406,49.096857],[2.544042,49.096748],[2.542008,49.096921],[2.540439,49.097484],[2.537223,49.098436],[2.536324,49.098649],[2.534772,49.098836],[2.534697,49.098505],[2.534501,49.096742],[2.534209,49.093752],[2.535358,49.093683],[2.536247,49.093696],[2.537136,49.093556],[2.538037,49.093235],[2.538437,49.09299],[2.539054,49.092758],[2.539729,49.092432],[2.540601,49.091896],[2.541321,49.091316],[2.544454,49.088054],[2.545122,49.087731],[2.545858,49.087559]]],[[[2.162907,49.020745],[2.1627,49.020567],[2.162536,49.02053],[2.162282,49.020558],[2.160379,49.021181],[2.160203,49.021305],[2.160163,49.021472],[2.160334,49.021666],[2.160576,49.021725],[2.160747,49.021709],[2.162748,49.021052],[2.162898,49.020914],[2.162907,49.020745]]],[[[2.176706,48.952569],[2.176178,48.951992],[2.175958,48.951904],[2.175785,48.951898],[2.175551,48.95197],[2.175418,48.952115],[2.175429,48.952285],[2.177561,48.954706],[2.17842,48.955842],[2.178772,48.956388],[2.180223,48.959136],[2.180708,48.960227],[2.181165,48.96151],[2.181179,48.962005],[2.181304,48.962324],[2.181339,48.962637],[2.181527,48.964756],[2.181456,48.96636],[2.181282,48.967171],[2.181241,48.967636],[2.180707,48.969302],[2.180158,48.970316],[2.17961,48.970975],[2.179154,48.971636],[2.178561,48.972759],[2.178235,48.973129],[2.177488,48.97417],[2.177247,48.974591],[2.177224,48.97476],[2.177292,48.974865],[2.177416,48.974945],[2.177663,48.974992],[2.177833,48.974969],[2.17803,48.97486],[2.178299,48.974409],[2.179032,48.973387],[2.179371,48.973],[2.179972,48.971863],[2.1804,48.971243],[2.180957,48.970571],[2.181463,48.969697],[2.182121,48.967721],[2.182158,48.967279],[2.182342,48.966401],[2.182415,48.964751],[2.182166,48.961841],[2.181824,48.960745],[2.181182,48.959198],[2.179605,48.956187],[2.179252,48.955635],[2.178334,48.954418],[2.176706,48.952569]]],[[[2.202803,49.085536],[2.203852,49.084856],[2.204409,49.084583],[2.204434,49.08452],[2.204379,49.084442],[2.204162,49.084433],[2.203618,49.084691],[2.202369,49.085524],[2.201838,49.086018],[2.201522,49.086382],[2.201318,49.086775],[2.201326,49.08704],[2.201469,49.087089],[2.20161,49.087038],[2.201672,49.086769],[2.201836,49.086471],[2.202128,49.086139],[2.202803,49.085536]]],[[[2.311184,48.963006],[2.31125,48.963143],[2.311354,48.963195],[2.311511,48.963171],[2.311567,48.963072],[2.311377,48.962534],[2.311118,48.962043],[2.310913,48.961851],[2.310646,48.961713],[2.310387,48.961633],[2.310238,48.961675],[2.310201,48.961757],[2.31024,48.961817],[2.310584,48.961959],[2.310808,48.962138],[2.311052,48.962603],[2.311184,48.963006]]],[[[2.500299,48.975933],[2.500656,48.975892],[2.500738,48.975825],[2.500737,48.975759],[2.500589,48.975681],[2.500296,48.975735],[2.500208,48.975846],[2.500299,48.975933]]],[[[2.511037,48.981094],[2.511097,48.981235],[2.511268,48.981375],[2.511691,48.981564],[2.512073,48.981592],[2.512568,48.981924],[2.512772,48.982128],[2.512824,48.982256],[2.513724,48.98343],[2.513989,48.983513],[2.514186,48.983506],[2.514364,48.983451],[2.51454,48.983296],[2.514569,48.983168],[2.514521,48.983042],[2.513728,48.981959],[2.513302,48.981563],[2.512889,48.981262],[2.512466,48.981026],[2.511604,48.980675],[2.511444,48.980543],[2.510104,48.97989],[2.509856,48.979826],[2.509597,48.979864],[2.509413,48.97999],[2.509364,48.980103],[2.509421,48.980274],[2.510112,48.98066],[2.511037,48.981094]]],[[[2.517416,49.003316],[2.517453,49.003527],[2.515103,49.003793],[2.514896,49.003895],[2.514823,49.003998],[2.514815,49.004112],[2.514992,49.004303],[2.515322,49.004356],[2.517584,49.004105],[2.517791,49.004115],[2.518027,49.004046],[2.518134,49.003957],[2.51818,49.003847],[2.51816,49.003734],[2.518012,49.003595],[2.517784,49.00353],[2.517745,49.003274],[2.517585,49.003138],[2.517029,49.00193],[2.516938,49.001878],[2.516818,49.001884],[2.516732,49.001963],[2.516781,49.002111],[2.517296,49.003225],[2.517416,49.003316]]]]}}]}