{"type":"FeatureCollection","features":[{"type":"Feature","properties":{"tsid":"TS09500315","name":"N104","debut":"fin de la route A16","fin":"fin de la route N104","categorie":"4","es":"30","cl_admin":"Nationale","largeur":"4m","gestion":"DIR Île-de-France","com_conc":"Attainville","com_conid":"95028"},"geometry":{"type":"MultiLineString","coordinates":[[[2.330503,49.062715],[2.330179,49.063857],[2.330225,49.064159],[2.330367,49.064326],[2.330591,49.064443],[2.330875,49.06451],[2.331941,49.064579],[2.332197,49.064521],[2.332375,49.064397],[2.332448,49.064235],[2.332397,49.064072],[2.332138,49.0639],[2.331036,49.063661]]]}},{"type":"Feature","properties":{"tsid":"TS09500919","name":"AV DE VERDUN","debut":"fin de la route CHE DES CLOS TRIPIERS","fin":"séparation de la route en PL DE LA LIBERATION,R PIERRE CURIE","categorie":"4","es":"30","cl_admin":null,"largeur":"5m","gestion":"Probable route communale ou intercommunale","com_conc":"Pontoise","com_conid":"95500"},"geometry":{"type":"MultiLineString","coordinates":[[[2.089847,49.040855],[2.0907,49.043006],[2.090785,49.043304],[2.090823,49.044157],[2.090895,49.044421]]]}},{"type":"Feature","properties":{"tsid":"TS09500239","name":"A1","debut":"limite département Val-d'Oise (95),Seine-Saint-Denis (93)","fin":"fin de la route A1","categorie":"1","es":"300","cl_admin":"Autoroute","largeur":"14m","gestion":"DIR Île-de-France","com_conc":"Gonesse,Aulnay-sous-Bois,Le Blanc-Mesnil","com_conid":"95277,93005,93007"},"geometry":{"type":"MultiLineString","coordinates":[[[2.458369,48.955316],[2.461777,48.957146],[2.46515,48.958767],[2.467281,48.959934],[2.468152,48.960457],[2.472234,48.963162],[2.474085,48.964293],[2.475417,48.965042],[2.47702,48.965836],[2.477909,48.96639],[2.480551,48.968528],[2.480753,48.968742]],[[2.461777,48.957146],[2.466401,48.959638],[2.468686,48.960996],[2.488436,48.974064]]]}},{"type":"Feature","properties":{"tsid":"TS09500322","name":"D139","debut":"debut route D139","fin":"fin de la route D14","categorie":"3","es":"100","cl_admin":"Départementale","largeur":"3m","gestion":"Conseil Départementale Val-d'Oise","com_conc":"Franconville","com_conid":"95252"},"geometry":{"type":"MultiLineString","coordinates":[[[2.233021,48.994021],[2.233187,48.993912],[2.23422,48.993524],[2.234257,48.993443],[2.226883,48.984256]],[[2.234257,48.993443],[2.234347,48.993463],[2.234351,48.993507],[2.23422,48.993524]],[[2.234347,48.993463],[2.234553,48.993438],[2.235649,48.993072]]]}},{"type":"Feature","properties":{"tsid":"TS09500670","name":"A3","debut":"fin de la route A3","fin":"séparation de la route en A3,D170F3","categorie":"1","es":"300","cl_admin":"Autoroute","largeur":"10m","gestion":"DIR Île-de-France","com_conc":"Gonesse","com_conid":"95277"},"geometry":{"type":"MultiLineString","coordinates":[[[2.494302,48.977686],[2.492592,48.976632],[2.489286,48.974406]]]}},{"type":"Feature","properties":{"tsid":"TS09500671","name":"A3","debut":"fin de la route A3","fin":"fin de la route A1","categorie":"1","es":"300","cl_admin":"Autoroute","largeur":"10m","gestion":"DIR Île-de-France","com_conc":"Roissy-en-France","com_conid":"95527"},"geometry":{"type":"MultiLineString","coordinates":[[[2.505033,48.984624],[2.506493,48.985873],[2.50703,48.986402],[2.507719,48.987185]]]}},{"type":"Feature","properties":{"tsid":"TS09501036","name":"D140E","debut":"fin de la route D928","fin":"fin de la route D140E","categorie":"4","es":"30","cl_admin":"Départementale","largeur":"de 3m à 5m","gestion":"Conseil Départementale Val-d'Oise","com_conc":"Eaubonne","com_conid":"95203"},"geometry":{"type":"MultiLineString","coordinates":[[[2.27036,48.996667],[2.270603,48.996333],[2.270527,48.996498],[2.270527,48.996665]],[[2.271106,48.99552],[2.270956,48.995831],[2.270603,48.996333]]]}},{"type":"Feature","properties":{"tsid":"TS09500380","name":"D928","debut":"fin de la route D928","fin":"fin de la route D928","categorie":"4","es":"30","cl_admin":"Départementale","largeur":"5m","gestion":"Conseil Départementale Val-d'Oise","com_conc":"Eaubonne","com_conid":"95203"},"geometry":{"type":"MultiLineString","coordinates":[[[2.281635,48.993441],[2.281622,48.993378],[2.28171,48.993297]]]}},{"type":"Feature","properties":{"tsid":"TS09501198","name":"D1016","debut":null,"fin":"limite commune Coye-la-Forêt (95026),Asnières-sur-Oise (95026)","categorie":"3","es":"100","cl_admin":"Départementale","largeur":"de 5m à 7m","gestion":"Conseil Départementale Oise","com_conc":"Coye-la-Forêt,Asnières-sur-Oise,Lamorlaye","com_conid":"60172,95026,60346"},"geometry":{"type":"MultiLineString","coordinates":[[[2.440842,49.145925],[2.440667,49.145689],[2.44051,49.14564],[2.440439,49.145543],[2.440479,49.145419],[2.440631,49.145354]]]}},{"type":"Feature","properties":{"tsid":"TS09501189","name":"D10","debut":"séparation de la route en D10,D125","fin":"Intersection AV DE LA DIVISION LECLERC,D125","categorie":"3","es":"100","cl_admin":"Départementale","largeur":"de 7m à 10m","gestion":"Conseil Départementale Val-d'Oise","com_conc":"Sarcelles","com_conid":"95585"},"geometry":{"type":"MultiLineString","coordinates":[[[2.374168,48.990789],[2.374235,48.990881]]]}},{"type":"Feature","properties":{"tsid":"TS09500181","name":"D125","debut":null,"fin":"fin de la route D125","categorie":"3","es":"100","cl_admin":"Départementale","largeur":"de 3m à 5m","gestion":"Conseil Départementale Val-d'Oise","com_conc":"Saint-Brice-sous-Forêt,Montmorency","com_conid":"95539,95428"},"geometry":{"type":"MultiLineString","coordinates":[[[2.32345,48.993253],[2.324734,48.993158],[2.328369,48.992761],[2.329997,48.992811],[2.332,48.993182],[2.334498,48.993374],[2.335651,48.993531],[2.339523,48.994743],[2.340169,48.994889],[2.34284,48.995302],[2.344522,48.995805],[2.345081,48.995899],[2.345826,48.995943],[2.346479,48.995937],[2.346417,48.995882],[2.346426,48.995797],[2.346242,48.995867],[2.345442,48.995925]],[[2.346426,48.995797],[2.34659,48.995707],[2.346738,48.995729],[2.34682,48.995807],[2.346823,48.995868],[2.346729,48.995955],[2.346479,48.995937]],[[2.346808,48.995778],[2.347164,48.995929],[2.346783,48.995918]],[[2.347164,48.995929],[2.347795,48.996046],[2.34969,48.996121],[2.350184,48.996099],[2.35337,48.995531],[2.3541,48.995295],[2.354638,48.995038],[2.355062,48.994743],[2.355512,48.994315],[2.35626,48.993446],[2.356669,48.993086],[2.357052,48.992831],[2.35801,48.992405],[2.358352,48.992199],[2.358473,48.992312],[2.35801,48.992405]],[[2.358352,48.992199],[2.358416,48.992075],[2.358785,48.991975]],[[2.358563,48.992323],[2.358473,48.992312]]]}},{"type":"Feature","properties":{"tsid":"TS09501225","name":"D124E","debut":"fin de la route Route sans nom","fin":"fin de la route D124","categorie":"4","es":"30","cl_admin":"Départementale","largeur":"5m","gestion":"Conseil Départementale Val-d'Oise","com_conc":"Domont,Andilly","com_conid":"95199,95014"},"geometry":{"type":"MultiLineString","coordinates":[[[2.304936,49.011787],[2.306265,49.013115],[2.307079,49.013745],[2.309653,49.015209],[2.311463,49.016169],[2.312323,49.016408],[2.312859,49.01661],[2.313135,49.016653]]]}},{"type":"Feature","properties":{"tsid":"TS09500187","name":"D125","debut":"fin de la route D125","fin":"séparation de la route en AV DU 8 MAI 1945,D125","categorie":"3","es":"100","cl_admin":"Départementale","largeur":"de 3m à 5m","gestion":"Conseil Départementale Val-d'Oise","com_conc":"Garges-lès-Gonesse","com_conid":"95268"},"geometry":{"type":"MultiLineString","coordinates":[[[2.400018,48.973401],[2.399403,48.973946]]]}},{"type":"Feature","properties":{"tsid":"TS09500669","name":"A3","debut":"fin de la route A3","fin":"Intersection A3,Route sans nom","categorie":"1","es":"300","cl_admin":"Autoroute","largeur":"10m","gestion":"DIR Île-de-France","com_conc":"Aulnay-sous-Bois,Le Blanc-Mesnil,Bondy,Gonesse","com_conid":"93005,93007,93010,95277"},"geometry":{"type":"MultiLineString","coordinates":[[[2.481225,48.969737],[2.479975,48.969037],[2.476924,48.967552],[2.475734,48.966687],[2.475275,48.966258],[2.474852,48.965748],[2.474553,48.965322],[2.474213,48.96464],[2.473884,48.96351],[2.473442,48.961074],[2.473183,48.958884],[2.473155,48.957112],[2.47325,48.955547],[2.473453,48.954156],[2.473821,48.952507],[2.474102,48.951522],[2.474438,48.950584],[2.475095,48.948958],[2.478703,48.940957],[2.479303,48.939506],[2.479705,48.938347],[2.480112,48.936855],[2.480474,48.934888],[2.48132,48.928651],[2.481362,48.927447],[2.4813,48.926447],[2.481158,48.925496],[2.480926,48.924539],[2.480398,48.923063],[2.47876,48.919191],[2.478425,48.918209],[2.477489,48.915013],[2.477128,48.914047]]]}},{"type":"Feature","properties":{"tsid":"TS09500234","name":"D139","debut":"limite commune Le Plessis-Bouchard (95491),Franconville (95491)","fin":"fin de la route D139","categorie":"4","es":"30","cl_admin":"Départementale","largeur":"de 5m à 7m","gestion":"Conseil Départementale Val-d'Oise","com_conc":"Franconville,Le Plessis-Bouchard","com_conid":"95252,95491"},"geometry":{"type":"MultiLineString","coordinates":[[[2.238433,48.995953],[2.238484,48.996028]]]}},{"type":"Feature","properties":{"tsid":"TS09500683","name":"PL DE LA REPUBLIQUE","debut":"fin de la route R CARNOT","fin":"debut route PL DE LA REPUBLIQUE","categorie":"4","es":"30","cl_admin":null,"largeur":"de 3m à 5m","gestion":"Probable route communale ou intercommunale","com_conc":"Persan","com_conid":"95487"},"geometry":{"type":"MultiLineString","coordinates":[[[2.269592,49.152715],[2.270531,49.152922],[2.270645,49.152902],[2.270663,49.152807]],[[2.270664,49.152875],[2.270846,49.152999],[2.271407,49.15307]]]}},{"type":"Feature","properties":{"tsid":"TS09500467","name":"PL DU BEFFROI","debut":"séparation de la route en R LEON GODIN,R TALON","fin":"fin de la route R EDOUARD BOURCHY","categorie":"4","es":"30","cl_admin":null,"largeur":"5m","gestion":"Probable route communale ou intercommunale","com_conc":"Beaumont-sur-Oise","com_conid":"95052"},"geometry":{"type":"MultiLineString","coordinates":[[[2.286368,49.141979],[2.287053,49.14202]]]}},{"type":"Feature","properties":{"tsid":"TS09500083","name":"PL DU GENERAL DE GAULLE","debut":"Intersection CHS JULES CESAR,PL DU GENERAL DE GAULLE","fin":"continue route PL DU GENERAL DE GAULLE sur 18 m","categorie":"5","es":"10","cl_admin":null,"largeur":"5m","gestion":"Probable route communale ou intercommunale","com_conc":"Osny","com_conid":"95476"},"geometry":{"type":"MultiLineString","coordinates":[[[2.062719,49.053347],[2.062666,49.053231],[2.062781,49.053149],[2.062969,49.053157],[2.063049,49.053241],[2.062954,49.053369],[2.062719,49.053347]]]}},{"type":"Feature","properties":{"tsid":"TS09500237","name":"A1","debut":"fin de la route A1","fin":"fin de la route A1","categorie":"1","es":"300","cl_admin":"Autoroute","largeur":"14m","gestion":"DIR Île-de-France","com_conc":"Le Blanc-Mesnil","com_conid":"93007"},"geometry":{"type":"MultiLineString","coordinates":[[[2.448429,48.950152],[2.445721,48.948687]]]}},{"type":"Feature","properties":{"tsid":"TS09500077","name":"A1","debut":"fin de la route A1","fin":"fin de la route A1","categorie":"2","es":"250","cl_admin":"Autoroute","largeur":"14m","gestion":"DIR Île-de-France","com_conc":"Gonesse","com_conid":"95277"},"geometry":{"type":"MultiLineString","coordinates":[[[2.488436,48.974064],[2.48866,48.974212]]]}},{"type":"Feature","properties":{"tsid":"TS09501008","name":"D4","debut":"séparation de la route en D4,D929","fin":"séparation de la route en D4,D924","categorie":"3","es":"100","cl_admin":"Départementale","largeur":"5m","gestion":"Conseil Départementale Val-d'Oise","com_conc":"Bernes-sur-Oise","com_conid":"95058"},"geometry":{"type":"MultiLineString","coordinates":[[[2.285228,49.164355],[2.285312,49.164435]]]}},{"type":"Feature","properties":{"tsid":"TS09501030","name":"A1","debut":"fin de la route A1","fin":"fin de la route A1","categorie":"3","es":"100","cl_admin":"Autoroute","largeur":"14m","gestion":"Opérateur privé : SANEF","com_conc":"Épiais-lès-Louvres","com_conid":"95212"},"geometry":{"type":"MultiLineString","coordinates":[[[2.536945,49.02632],[2.538842,49.030014],[2.539442,49.031273],[2.540419,49.033693]]]}},{"type":"Feature","properties":{"tsid":"TS09501025","name":"A1","debut":"fin de la route A1","fin":"fin de la route A1","categorie":"3","es":"100","cl_admin":"Autoroute","largeur":"14m","gestion":"Opérateur privé : SANEF","com_conc":"Roissy-en-France","com_conid":"95527"},"geometry":{"type":"MultiLineString","coordinates":[[[2.532158,49.017348],[2.531931,49.016909]]]}},{"type":"Feature","properties":{"tsid":"TS09500238","name":"A1","debut":"debut route A1","fin":"fin de la route A1","categorie":"1","es":"300","cl_admin":"Autoroute","largeur":"14m","gestion":"DIR Île-de-France","com_conc":"Aulnay-sous-Bois,Le Blanc-Mesnil,Roissy-en-France,Gonesse","com_conid":"93005,93007,95527,95277"},"geometry":{"type":"MultiLineString","coordinates":[[[2.530112,49.013351],[2.527554,49.008258],[2.526407,49.006097],[2.5256,49.004784],[2.525048,49.003991],[2.524044,49.0027],[2.523272,49.001816],[2.522016,49.000507],[2.515503,48.994554],[2.514647,48.993725],[2.507845,48.987537],[2.505913,48.985952],[2.504459,48.984892],[2.503087,48.983969],[2.468959,48.96138],[2.466295,48.959774],[2.449028,48.950474]],[[2.479226,48.968671],[2.477237,48.96785],[2.476195,48.967262],[2.475351,48.966636],[2.474861,48.966191],[2.47317,48.964437],[2.472765,48.964076],[2.467849,48.960846],[2.464836,48.959124],[2.459104,48.956031],[2.458079,48.955442],[2.457882,48.955245]]]}},{"type":"Feature","properties":{"tsid":"TS09500260","name":"A104","debut":"debut route A104","fin":"continue route A104 sur 881 m","categorie":"1","es":"300","cl_admin":"Autoroute","largeur":"de 7m à 18m","gestion":"DIR Île-de-France","com_conc":"Mitry-Mory,Aulnay-sous-Bois,Villepinte,Tremblay-en-France","com_conid":"77294,93005,93078,93073"},"geometry":{"type":"MultiLineString","coordinates":[[[2.493108,48.972558],[2.499375,48.970873],[2.502882,48.969734],[2.514631,48.966232],[2.517364,48.965267],[2.519229,48.964453],[2.520788,48.963684],[2.522064,48.962916],[2.522688,48.962478],[2.523746,48.961489],[2.525071,48.959775],[2.525696,48.959212],[2.526236,48.958841],[2.527078,48.958432],[2.527993,48.958155],[2.528952,48.95798],[2.529694,48.957917],[2.530735,48.957926],[2.531474,48.958021],[2.534752,48.958682],[2.537845,48.959425],[2.53924,48.959805],[2.542712,48.960858],[2.560409,48.966684],[2.567093,48.968932],[2.569373,48.969772],[2.573157,48.971287],[2.580955,48.974611],[2.58252,48.975172],[2.58332,48.975321],[2.584038,48.975363],[2.584877,48.975307],[2.585683,48.975135],[2.586435,48.974886],[2.602539,48.96786]]]}},{"type":"Feature","properties":{"tsid":"TS09500259","name":"A104","debut":"limite commune Aulnay-sous-Bois (93005),Villepinte (93005)","fin":"fin de la route A104","categorie":"1","es":"300","cl_admin":"Autoroute","largeur":"de 7m à 18m","gestion":"DIR Île-de-France","com_conc":"Aulnay-sous-Bois","com_conid":"93005"},"geometry":{"type":"MultiLineString","coordinates":[[[2.497257,48.971733],[2.493097,48.972887]]]}},{"type":"Feature","properties":{"tsid":"TS09500095","name":"D14","debut":"séparation de la route en D14,R PATTE D'OIE D'HERBLAY","fin":"séparation de la route en D14,R RENE CASSIN","categorie":"3","es":"100","cl_admin":"Départementale","largeur":"5m","gestion":"Conseil Départementale Val-d'Oise","com_conc":"Herblay-sur-Seine","com_conid":"95306"},"geometry":{"type":"MultiLineString","coordinates":[[[2.182726,49.000353],[2.183286,49.000064]]]}},{"type":"Feature","properties":{"tsid":"TS09500806","name":"D311","debut":"limite commune Deuil-la-Barre (95210),Enghien-les-Bains (95210)","fin":"limite commune Deuil-la-Barre (95210),Enghien-les-Bains (95210)","categorie":"4","es":"30","cl_admin":"Départementale","largeur":"de 3m à 5m","gestion":"Conseil Départementale Val-d'Oise","com_conc":"Enghien-les-Bains,Deuil-la-Barre","com_conid":"95210,95197"},"geometry":{"type":"MultiLineString","coordinates":[[[2.309969,48.970531],[2.309936,48.970579]]]}},{"type":"Feature","properties":{"tsid":"TS09500803","name":"D311","debut":"debut route D311","fin":"Intersection D311,Route sans nom","categorie":"4","es":"30","cl_admin":"Départementale","largeur":"de 3m à 5m","gestion":"Conseil Départementale Val-d'Oise","com_conc":"Argenteuil","com_conid":"95018"},"geometry":{"type":"MultiLineString","coordinates":[[[2.276403,48.955573],[2.276828,48.953807],[2.276874,48.953268]]]}},{"type":"Feature","properties":{"tsid":"TS09500808","name":"D311","debut":"séparation de la route en CHE DE LA MAISON BREAUTE,D311","fin":"fin de la route D301","categorie":"4","es":"30","cl_admin":"Départementale","largeur":"de 3m à 5m","gestion":"Conseil Départementale Val-d'Oise","com_conc":"Groslay,Sarcelles","com_conid":"95288,95585"},"geometry":{"type":"MultiLineString","coordinates":[[[2.362052,48.984771],[2.362414,48.984881],[2.363189,48.984873],[2.362161,48.984959],[2.361992,48.985027]],[[2.364463,48.984599],[2.364918,48.984553],[2.364813,48.984426],[2.364184,48.98468],[2.363189,48.984873]],[[2.364813,48.984426],[2.364881,48.984317],[2.365001,48.984276],[2.365175,48.984298],[2.365262,48.984367],[2.365274,48.984456],[2.365211,48.984534],[2.365048,48.984579],[2.364918,48.984553]],[[2.365211,48.984317],[2.365592,48.984295],[2.365279,48.984426]],[[2.365592,48.984295],[2.367635,48.983816],[2.369999,48.983033],[2.370252,48.983107],[2.370406,48.983338]],[[2.370381,48.982961],[2.369999,48.983033],[2.370082,48.982918],[2.37009,48.982785]]]}},{"type":"Feature","properties":{"tsid":"TS09500689","name":"D316","debut":"fin de la route D316","fin":"fin de la route D316","categorie":"2","es":"250","cl_admin":"Départementale","largeur":"10m","gestion":"Conseil Départementale Val-d'Oise","com_conc":"Sarcelles,Villiers-le-Bel","com_conid":"95585,95680"},"geometry":{"type":"MultiLineString","coordinates":[[[2.376833,48.985919],[2.380348,48.98712],[2.382405,48.988029],[2.383078,48.98844],[2.384084,48.98916],[2.384812,48.98978],[2.385587,48.990578],[2.386085,48.991207],[2.386664,48.992209],[2.386915,48.992809],[2.387169,48.99366],[2.387266,48.994312],[2.387295,48.995309],[2.387141,48.99637],[2.387007,48.996829],[2.386904,48.997002],[2.387133,48.99598],[2.387215,48.995312],[2.387214,48.994549],[2.387027,48.993405],[2.386701,48.99248],[2.386405,48.99188],[2.385924,48.991106],[2.385494,48.990575],[2.384722,48.989787],[2.383994,48.989178],[2.382958,48.988468],[2.382063,48.987951],[2.380791,48.987362],[2.37991,48.987024],[2.376796,48.985963]],[[2.383015,49.006449],[2.383605,49.004818],[2.383734,49.004619],[2.383185,49.00646]],[[2.386904,48.997002],[2.383734,49.004619]]]}},{"type":"Feature","properties":{"tsid":"TS09500227","name":"D140","debut":null,"fin":"fin de la route D140","categorie":"4","es":"30","cl_admin":"Départementale","largeur":"5m","gestion":"Conseil Départementale Val-d'Oise","com_conc":"Ermont","com_conid":"95219"},"geometry":{"type":"MultiLineString","coordinates":[[[2.24937,48.989226],[2.251355,48.988674],[2.254969,48.989689],[2.255897,48.989864],[2.25602,48.989904],[2.256018,48.990041],[2.256135,48.990102],[2.256277,48.990095],[2.256368,48.990028],[2.256367,48.989903],[2.256175,48.989851],[2.25602,48.989904]],[[2.256367,48.989903],[2.258691,48.989177],[2.258689,48.989108],[2.258753,48.989056],[2.258867,48.989044],[2.258983,48.989105],[2.258978,48.989186],[2.258898,48.989239],[2.258753,48.98924],[2.258691,48.989177]]]}},{"type":"Feature","properties":{"tsid":"TS09501149","name":"R AMBROISE THOMAS","debut":"fin de la route R HENRI BARBUSSE","fin":"séparation de la route en AV JEAN JAURES,AV MAURICE UTRILLO","categorie":"4","es":"30","cl_admin":null,"largeur":"5m","gestion":"Probable route communale ou intercommunale","com_conc":"Argenteuil","com_conid":"95018"},"geometry":{"type":"MultiLineString","coordinates":[[[2.238158,48.936063],[2.238114,48.936187],[2.236214,48.938018],[2.234507,48.93985]]]}},{"type":"Feature","properties":{"tsid":"TS09500692","name":"R JULES VINCENT","debut":"séparation de la route en D193,Route sans nom","fin":"fin de la route R JULES FERRY","categorie":"5","es":"10","cl_admin":null,"largeur":"5m","gestion":"Probable route communale ou intercommunale","com_conc":"Groslay","com_conid":"95288"},"geometry":{"type":"MultiLineString","coordinates":[[[2.342874,48.983291],[2.343395,48.983382],[2.345594,48.984138],[2.347427,48.984615]]]}},{"type":"Feature","properties":{"tsid":"TS09500395","name":"R LEON GODIN","debut":"séparation de la route en D85","fin":"fin de la route PL DU BEFFROI","categorie":"4","es":"30","cl_admin":null,"largeur":"5m","gestion":"Probable route communale ou intercommunale","com_conc":"Beaumont-sur-Oise","com_conid":"95052"},"geometry":{"type":"MultiLineString","coordinates":[[[2.285804,49.141858],[2.286368,49.141979]]]}},{"type":"Feature","properties":{"tsid":"TS09501106","name":"D106","debut":"limite commune Herblay-sur-Seine (95488),Pierrelaye (95488)","fin":"limite commune Herblay-sur-Seine (95488),Pierrelaye (95488)","categorie":"4","es":"30","cl_admin":"Départementale","largeur":"5m","gestion":"Conseil Départementale Val-d'Oise","com_conc":"Pierrelaye,Herblay-sur-Seine","com_conid":"95488,95306"},"geometry":{"type":"MultiLineString","coordinates":[[[2.182158,49.000785],[2.184139,49.001682]]]}},{"type":"Feature","properties":{"tsid":"TS09500877","name":"Route sans nom ou bretelle","debut":null,"fin":null,"categorie":"4","es":"30","cl_admin":null,"largeur":"3m","gestion":"Probable route communale ou intercommunale","com_conc":"Roissy-en-France","com_conid":"95527"},"geometry":{"type":"MultiLineString","coordinates":[[[2.516289,48.989138],[2.516462,48.989182]]]}},{"type":"Feature","properties":{"tsid":"TS09500807","name":"D311","debut":"limite commune Enghien-les-Bains (95210),Montmorency (95210)","fin":"debut route D311","categorie":"4","es":"30","cl_admin":"Départementale","largeur":"de 3m à 5m","gestion":"Conseil Départementale Val-d'Oise","com_conc":"Montmagny,Enghien-les-Bains,Groslay,Montmorency,Deuil-la-Barre","com_conid":"95427,95210,95288,95428,95197"},"geometry":{"type":"MultiLineString","coordinates":[[[2.310167,48.972775],[2.310749,48.973408],[2.311361,48.974268],[2.311789,48.975247],[2.312308,48.975791],[2.312692,48.975937],[2.314419,48.97565],[2.316054,48.975456],[2.321118,48.975295],[2.322795,48.97518],[2.323543,48.975178],[2.324872,48.975307],[2.325302,48.975411],[2.326225,48.975763],[2.326779,48.975834],[2.327301,48.975793],[2.32829,48.975619],[2.331001,48.97542],[2.332661,48.975357],[2.333747,48.975431],[2.336879,48.975225],[2.341476,48.97476],[2.343958,48.975094],[2.345108,48.974847],[2.346557,48.974432],[2.346613,48.974451],[2.346649,48.974406],[2.346578,48.974387],[2.346557,48.974432]],[[2.346629,48.974445],[2.34674,48.974487],[2.346893,48.974633],[2.348208,48.976779],[2.34881,48.977528],[2.349205,48.977876],[2.351117,48.979087],[2.351499,48.979463],[2.352386,48.980673],[2.353003,48.981699],[2.353258,48.982015],[2.354078,48.982781],[2.354621,48.98339],[2.354473,48.983619],[2.354706,48.983675],[2.354748,48.983748],[2.354708,48.983841],[2.354567,48.983903],[2.354398,48.983885],[2.354307,48.983812],[2.354318,48.983698]],[[2.354538,48.983615],[2.354725,48.983488],[2.354621,48.98339]],[[2.354725,48.983488],[2.354655,48.983644]],[[2.354746,48.983775],[2.355057,48.983956],[2.355122,48.984118],[2.354983,48.983966],[2.354678,48.983867]],[[2.355122,48.984118],[2.355473,48.985172],[2.355582,48.98524],[2.357612,48.985167],[2.358383,48.985106],[2.358642,48.98503],[2.358875,48.985092],[2.359004,48.98505],[2.359071,48.984919],[2.358976,48.98482],[2.358798,48.984793],[2.358621,48.984892],[2.358642,48.98503]],[[2.359029,48.985027],[2.359269,48.985098],[2.361256,48.985011],[2.361452,48.985063]],[[2.359669,48.985083],[2.361089,48.984952],[2.361276,48.984882],[2.361369,48.984761]]]}},{"type":"Feature","properties":{"tsid":"TS09500087","name":"D14","debut":"fin de la route D14","fin":"fin de la route D14","categorie":"3","es":"100","cl_admin":"Départementale","largeur":"5m","gestion":"Conseil Départementale Val-d'Oise","com_conc":"Saint-Gervais","com_conid":"95554"},"geometry":{"type":"MultiLineString","coordinates":[[[1.763347,49.164161],[1.762133,49.165456]]]}},{"type":"Feature","properties":{"tsid":"TS09500086","name":"D14","debut":"fin de la route D14","fin":"fin de la route D14","categorie":"3","es":"100","cl_admin":"Départementale","largeur":"5m","gestion":"Conseil Départementale Val-d'Oise","com_conc":"Saint-Gervais","com_conid":"95554"},"geometry":{"type":"MultiLineString","coordinates":[[[1.762024,49.165415],[1.762274,49.165147]]]}},{"type":"Feature","properties":{"tsid":"TS09500257","name":"A104","debut":"séparation de la route en A104,D170","fin":"fin de la route A104","categorie":"1","es":"300","cl_admin":"Autoroute","largeur":"de 7m à 18m","gestion":"DIR Île-de-France","com_conc":"Gonesse,Aulnay-sous-Bois","com_conid":"95277,93005"},"geometry":{"type":"MultiLineString","coordinates":[[[2.487243,48.97448],[2.48922,48.973934],[2.492301,48.972828]]]}},{"type":"Feature","properties":{"tsid":"TS09501251","name":"D14","debut":"limite commune Pierrelaye (95306),Herblay-sur-Seine (95306)","fin":"fin de la route D14","categorie":"4","es":"30","cl_admin":"Départementale","largeur":"5m","gestion":"Conseil Départementale Val-d'Oise","com_conc":"Herblay-sur-Seine","com_conid":"95306"},"geometry":{"type":"MultiLineString","coordinates":[[[2.182055,49.000741],[2.182726,49.000353]]]}},{"type":"Feature","properties":{"tsid":"TS09500923","name":"R LOUIS MASSIGNON","debut":"fin de la route D48","fin":"fin de la route BD DE LA RESISTANCE","categorie":"4","es":"30","cl_admin":null,"largeur":"5m","gestion":"Probable route communale ou intercommunale","com_conc":"Argenteuil","com_conid":"95018"},"geometry":{"type":"MultiLineString","coordinates":[[[2.234969,48.952673],[2.234472,48.952523],[2.234238,48.952335],[2.234183,48.952118],[2.234377,48.951682]]]}},{"type":"Feature","properties":{"tsid":"TS09501254","name":"D14","debut":null,"fin":"fin de la route D14","categorie":"4","es":"30","cl_admin":"Départementale","largeur":"5m","gestion":"Conseil Départementale Val-d'Oise","com_conc":"Franconville,Sannois","com_conid":"95252,95582"},"geometry":{"type":"MultiLineString","coordinates":[[[2.228596,48.983622],[2.22907,48.983458],[2.230182,48.983189],[2.230226,48.983247],[2.229246,48.98347],[2.22864,48.983679]],[[2.230182,48.983189],[2.230195,48.983122],[2.230277,48.983079],[2.230474,48.983123],[2.230427,48.983244],[2.230226,48.983247]],[[2.230391,48.983075],[2.235185,48.980072],[2.236812,48.979501],[2.237289,48.979391],[2.237258,48.979488],[2.237321,48.97954],[2.237014,48.979531],[2.235067,48.980261],[2.230474,48.983123]],[[2.237289,48.979391],[2.237377,48.979283],[2.237466,48.979271],[2.237545,48.979328],[2.238087,48.979166],[2.239975,48.978424],[2.242608,48.977511],[2.242652,48.977453],[2.242573,48.977457],[2.241507,48.977819],[2.237496,48.97928]],[[2.237459,48.979529],[2.237321,48.97954]],[[2.242652,48.977453],[2.252789,48.973757],[2.256149,48.972212],[2.263231,48.969762]]]}},{"type":"Feature","properties":{"tsid":"TS09501023","name":"D14","debut":"séparation de la route en AV DES ARPENTS,D14","fin":"fin de la route D14","categorie":"5","es":"10","cl_admin":"Départementale","largeur":"5m","gestion":"Conseil Départementale Val-d'Oise","com_conc":"Osny","com_conid":"95476"},"geometry":{"type":"MultiLineString","coordinates":[[[2.068737,49.051454],[2.068547,49.05146],[2.06848,49.051397],[2.068501,49.051342]]]}},{"type":"Feature","properties":{"tsid":"TS09500130","name":"D144","debut":null,"fin":"fin de la route D144","categorie":"4","es":"30","cl_admin":"Départementale","largeur":"5m","gestion":"Conseil Départementale Val-d'Oise","com_conc":"Montlignon,Eaubonne,Saint-Prix","com_conid":"95426,95203,95574"},"geometry":{"type":"MultiLineString","coordinates":[[[2.263329,49.010076],[2.268414,49.00837],[2.268786,49.008262],[2.269104,49.008239],[2.269757,49.007973],[2.269868,49.007854],[2.268905,49.008259]],[[2.269868,49.007854],[2.270576,49.007506],[2.272769,49.006567],[2.273219,49.006564],[2.273573,49.006698],[2.274114,49.006717],[2.27418,49.00667],[2.274189,49.006583],[2.273982,49.006479],[2.273583,49.006457],[2.2734,49.006515],[2.272927,49.006548]],[[2.273461,49.006645],[2.273429,49.006568],[2.273478,49.006495]],[[2.273982,49.006479],[2.274433,49.006223],[2.274214,49.00647],[2.274189,49.006583]],[[2.274433,49.006223],[2.276562,49.00544],[2.279761,49.004073],[2.280951,49.003647],[2.281085,49.003538]],[[2.281167,49.003627],[2.280951,49.003647]]]}},{"type":"Feature","properties":{"tsid":"TS09501203","name":"A104","debut":"fin de la route A104","fin":"fin de la route A104","categorie":"2","es":"250","cl_admin":"Autoroute","largeur":"de 7m à 10m","gestion":"DIR Île-de-France","com_conc":"Aulnay-sous-Bois","com_conid":"93005"},"geometry":{"type":"MultiLineString","coordinates":[[[2.492026,48.972862],[2.493108,48.972558],[2.492301,48.972828]]]}},{"type":"Feature","properties":{"tsid":"TS09500391","name":"A104","debut":"fin de la route A3","fin":"fin de la route A104","categorie":"3","es":"100","cl_admin":"Autoroute","largeur":"10m","gestion":"DIR Île-de-France","com_conc":"Gonesse,Aulnay-sous-Bois","com_conid":"95277,93005"},"geometry":{"type":"MultiLineString","coordinates":[[[2.485048,48.971584],[2.486961,48.972737],[2.487896,48.973104],[2.488406,48.973223],[2.489311,48.973313],[2.490107,48.973274],[2.49099,48.973117],[2.492026,48.972862]]]}},{"type":"Feature","properties":{"tsid":"TS09500681","name":"D370","debut":"fin de la route D370","fin":"fin de la route D370","categorie":"2","es":"250","cl_admin":"Départementale","largeur":"de 5m à 10m","gestion":"Conseil Départementale Val-d'Oise","com_conc":"Écouen","com_conid":"95205"},"geometry":{"type":"MultiLineString","coordinates":[[[2.379777,49.018465],[2.380395,49.018487],[2.381011,49.018446],[2.38166,49.018558],[2.382112,49.018539]]]}},{"type":"Feature","properties":{"tsid":"TS09500716","name":"D144E","debut":"fin de la route Route sans nom","fin":"debut route D144E","categorie":"3","es":"100","cl_admin":"Départementale","largeur":"5m","gestion":"Conseil Départementale Val-d'Oise","com_conc":"Deuil-la-Barre","com_conid":"95197"},"geometry":{"type":"MultiLineString","coordinates":[[[2.317428,48.967315],[2.317361,48.967133]]]}},{"type":"Feature","properties":{"tsid":"TS09500016","name":"D159","debut":"Intersection D159,PL DU DOCTEUR CESBRON","fin":"fin de la route D28","categorie":"3","es":"100","cl_admin":"Départementale","largeur":"5m","gestion":"Conseil Départementale Val-d'Oise","com_conc":"Marines","com_conid":"95370"},"geometry":{"type":"MultiLineString","coordinates":[[[1.978034,49.145548],[1.980271,49.143455]]]}},{"type":"Feature","properties":{"tsid":"TS09500660","name":"R ANTOINE DE SAINT-EXUPERY","debut":"Intersection R ANTOINE DE SAINT-EXUPERY,Route sans nom","fin":"fin de la route RPT DE LA CROIX SAINT-BENOIT","categorie":"4","es":"30","cl_admin":null,"largeur":"5m","gestion":"Probable route communale ou intercommunale","com_conc":"Gonesse","com_conid":"95277"},"geometry":{"type":"MultiLineString","coordinates":[[[2.443217,48.981454],[2.442515,48.980901],[2.442345,48.980845]]]}},{"type":"Feature","properties":{"tsid":"TS09500627","name":"A3","debut":"continue route A3 sur 45 m","fin":"fin de la route A3","categorie":"2","es":"250","cl_admin":"Autoroute","largeur":"10m","gestion":"DIR Île-de-France","com_conc":"Roissy-en-France","com_conid":"95527"},"geometry":{"type":"MultiLineString","coordinates":[[[2.51477,48.995027],[2.513131,48.993665],[2.510445,48.991159],[2.507892,48.989005]]]}},{"type":"Feature","properties":{"tsid":"TS09500680","name":"R LUCIEN BOXTAEL","debut":"Intersection D14,R LUCIEN BOXTAEL","fin":"fin de la route D14","categorie":"3","es":"100","cl_admin":null,"largeur":"5m","gestion":"Probable route communale ou intercommunale","com_conc":"Montigny-lès-Cormeilles","com_conid":"95424"},"geometry":{"type":"MultiLineString","coordinates":[[[2.189634,48.996827],[2.189575,48.996777]]]}},{"type":"Feature","properties":{"tsid":"TS09500118","name":"D144","debut":"fin de la route D144","fin":"fin de la route D192P","categorie":"3","es":"100","cl_admin":"Départementale","largeur":"5m","gestion":"Conseil Départementale Val-d'Oise","com_conc":"Saint-Prix","com_conid":"95574"},"geometry":{"type":"MultiLineString","coordinates":[[[2.262376,49.010377],[2.263329,49.010076]]]}},{"type":"Feature","properties":{"tsid":"TS09501285","name":"D191","debut":null,"fin":"debut route D191","categorie":"4","es":"30","cl_admin":"Départementale","largeur":"5m","gestion":"Conseil Départementale Val-d'Oise","com_conc":"Pierrelaye","com_conid":"95488"},"geometry":{"type":"MultiLineString","coordinates":[[[2.14721,49.020292],[2.147886,49.020608],[2.148576,49.020757],[2.148998,49.02098],[2.149186,49.020946],[2.149279,49.021018],[2.149268,49.021091],[2.149185,49.021144],[2.149047,49.02113],[2.148968,49.021065],[2.148998,49.02098]]]}},{"type":"Feature","properties":{"tsid":"TS09500392","name":"A104","debut":"séparation de la route en A104,D170F1","fin":"continue route A104 sur 14 m","categorie":"3","es":"100","cl_admin":"Autoroute","largeur":"10m","gestion":"DIR Île-de-France","com_conc":"Gonesse,Aulnay-sous-Bois","com_conid":"95277,93005"},"geometry":{"type":"MultiLineString","coordinates":[[[2.491285,48.975486],[2.491161,48.975286],[2.491092,48.97495],[2.491343,48.974007],[2.491542,48.97378],[2.491889,48.973522],[2.492753,48.973021],[2.491386,48.973716]],[[2.493097,48.972887],[2.492753,48.973021]]]}},{"type":"Feature","properties":{"tsid":"TS09500624","name":"A3","debut":"fin de la route A3","fin":"fin de la route A1","categorie":"2","es":"250","cl_admin":"Autoroute","largeur":"10m","gestion":"DIR Île-de-France","com_conc":"Aulnay-sous-Bois,Gonesse","com_conid":"93005,95277"},"geometry":{"type":"MultiLineString","coordinates":[[[2.489286,48.974406],[2.480753,48.968742]]]}},{"type":"Feature","properties":{"tsid":"TS09501233","name":"D317A2","debut":"fin de la route D317A1","fin":"fin de la route D370","categorie":"4","es":"30","cl_admin":"Départementale","largeur":"4m","gestion":"Conseil Départementale Val-d'Oise","com_conc":"Gonesse","com_conid":"95277"},"geometry":{"type":"MultiLineString","coordinates":[[[2.46044,48.973151],[2.460744,48.973315],[2.461003,48.973327],[2.461128,48.973267],[2.461424,48.972972]]]}},{"type":"Feature","properties":{"tsid":"TS09501043","name":"D192","debut":null,"fin":"fin de la route D192","categorie":"4","es":"30","cl_admin":"Départementale","largeur":"de 3m à 5m","gestion":"Conseil Départementale Val-d'Oise","com_conc":"Ermont","com_conid":"95219"},"geometry":{"type":"MultiLineString","coordinates":[[[2.257181,48.993803],[2.257268,48.993726],[2.258178,48.991937],[2.258974,48.990887],[2.259056,48.990804],[2.259128,48.990832],[2.258974,48.990887]],[[2.258898,48.989239],[2.259336,48.989688],[2.259456,48.990039],[2.259405,48.990274],[2.259142,48.990697],[2.259063,48.990724],[2.259056,48.990804]],[[2.259142,48.990697],[2.259256,48.990769],[2.259128,48.990832]],[[2.259209,48.990588],[2.25922,48.990711]]]}},{"type":"Feature","properties":{"tsid":"TS09500930","name":"A104","debut":"séparation de la route en A104,D170F4","fin":"fin de la route A104","categorie":"4","es":"30","cl_admin":"Autoroute","largeur":"7m","gestion":"DIR Île-de-France","com_conc":"Gonesse","com_conid":"95277"},"geometry":{"type":"MultiLineString","coordinates":[[[2.489908,48.975614],[2.486606,48.973407],[2.486316,48.973335],[2.486129,48.97334],[2.48586,48.973427],[2.485701,48.973542],[2.48559,48.97367],[2.485501,48.973891],[2.485477,48.974057],[2.485534,48.974283],[2.485735,48.974491],[2.486043,48.974572],[2.486483,48.974582],[2.487243,48.97448]]]}},{"type":"Feature","properties":{"tsid":"TS09500569","name":"R MALIBRAN","debut":"séparation de la route en D392,D48","fin":"Intersection R DE SAINT-GERMAIN,R MALIBRAN","categorie":"4","es":"30","cl_admin":null,"largeur":"5m","gestion":"Probable route communale ou intercommunale","com_conc":"Cormeilles-en-Parisis","com_conid":"95176"},"geometry":{"type":"MultiLineString","coordinates":[[[2.195963,48.968755],[2.195729,48.968493]]]}},{"type":"Feature","properties":{"tsid":"TS09500049","name":"R MARCEL DASSAULT","debut":"continue route R MARCEL DASSAULT sur 58 m","fin":"Intersection R MARCEL DASSAULT","categorie":"1","es":"300","cl_admin":null,"largeur":"4m","gestion":"Probable route communale ou intercommunale","com_conc":"Saint-Ouen-l'Aumône","com_conid":"95572"},"geometry":{"type":"MultiLineString","coordinates":[[[2.129307,49.044505],[2.129883,49.044153]]]}},{"type":"Feature","properties":{"tsid":"TS09500909","name":"R VICTOR HUGO","debut":"continue route R VICTOR HUGO sur 9 m","fin":"séparation de la route en CHS JULES CESAR,R PAUL ELUARD","categorie":"4","es":"30","cl_admin":null,"largeur":"5m","gestion":"Probable route communale ou intercommunale","com_conc":"Pierrelaye","com_conid":"95488"},"geometry":{"type":"MultiLineString","coordinates":[[[2.160603,49.021433],[2.160709,49.021392]]]}},{"type":"Feature","properties":{"tsid":"TS09500585","name":"D109P","debut":null,"fin":"fin de la route D109P","categorie":"4","es":"30","cl_admin":"Départementale","largeur":"5m","gestion":"Conseil Départementale Val-d'Oise","com_conc":"Soisy-sous-Montmorency,Andilly","com_conid":"95598,95014"},"geometry":{"type":"MultiLineString","coordinates":[[[2.298945,48.992161],[2.300226,48.99338],[2.301606,48.99482],[2.302221,48.995286],[2.302097,48.995365],[2.301606,48.99482]],[[2.302221,48.995286],[2.302382,48.995289],[2.302506,48.995346],[2.302613,48.995853],[2.302384,48.995552],[2.302211,48.995542],[2.302102,48.995482],[2.302097,48.995365]],[[2.302518,48.995452],[2.302384,48.995552]],[[2.303733,48.99743],[2.303632,48.997391],[2.303649,48.997321],[2.302613,48.995853]],[[2.303649,48.997321],[2.303787,48.997338]]]}},{"type":"Feature","properties":{"tsid":"TS09500335","name":"D193E","debut":null,"fin":"Intersection AV MAURICE UTRILLO,D301","categorie":"4","es":"30","cl_admin":"Départementale","largeur":"5m","gestion":"Conseil Départementale Val-d'Oise","com_conc":"Groslay,Montmagny","com_conid":"95288,95427"},"geometry":{"type":"MultiLineString","coordinates":[[[2.349187,48.973828],[2.349594,48.974403],[2.349981,48.974767],[2.350757,48.975341],[2.351591,48.975818],[2.352767,48.976242],[2.356926,48.977507],[2.360512,48.978098],[2.361227,48.978135],[2.361787,48.978092],[2.362349,48.977982],[2.364419,48.977344],[2.364648,48.977324]]]}},{"type":"Feature","properties":{"tsid":"TS09500074","name":"A115","debut":"Intersection A115,Route sans nom","fin":"fin de la route A115","categorie":"1","es":"300","cl_admin":"Autoroute","largeur":"10m","gestion":"DIR Île-de-France","com_conc":"Saint-Leu-la-Forêt,Le Plessis-Bouchard,Ermont,Sannois,Franconville,Taverny","com_conid":"95563,95491,95219,95582,95252,95607"},"geometry":{"type":"MultiLineString","coordinates":[[[2.241082,48.980731],[2.241391,48.983248],[2.241633,48.984294],[2.242028,48.985505],[2.242494,48.986584],[2.242873,48.987326],[2.245016,48.991269],[2.245553,48.992383],[2.246011,48.993594],[2.246338,48.994815],[2.246519,48.995895],[2.246608,48.99762],[2.246251,49.003596],[2.246194,49.004041],[2.246021,49.004637],[2.245818,49.005066],[2.245548,49.005491],[2.244976,49.006118],[2.244298,49.006665],[2.243411,49.007172],[2.242801,49.007446],[2.242152,49.007664],[2.241046,49.007949],[2.22468,49.011656],[2.222442,49.012326],[2.220295,49.013188],[2.218694,49.014004],[2.21786,49.014508],[2.217014,49.015084],[2.215616,49.01617],[2.214784,49.016953],[2.214009,49.017807],[2.21218,49.020234]]]}},{"type":"Feature","properties":{"tsid":"TS09500073","name":"A115","debut":"fin de la route A115","fin":"limite commune Franconville (95582),Sannois (95582)","categorie":"1","es":"300","cl_admin":"Autoroute","largeur":"10m","gestion":"DIR Île-de-France","com_conc":"Le Plessis-Bouchard,Ermont,Sannois,Franconville,Taverny","com_conid":"95491,95219,95582,95252,95607"},"geometry":{"type":"MultiLineString","coordinates":[[[2.212081,49.020194],[2.213716,49.017938],[2.214602,49.016925],[2.215554,49.016008],[2.21653,49.015197],[2.217431,49.014566],[2.218526,49.013904],[2.219831,49.013214],[2.220691,49.012832],[2.222341,49.012194],[2.224593,49.011523],[2.23955,49.008037],[2.241111,49.007623],[2.241975,49.007299],[2.24286,49.00686],[2.24338,49.006544],[2.243876,49.006196],[2.244527,49.005641],[2.245202,49.004882],[2.245512,49.004426],[2.245893,49.003681],[2.246061,49.003158],[2.246201,49.002345],[2.246485,48.997812],[2.246457,48.996452],[2.246304,48.995231],[2.24597,48.99387],[2.245433,48.992375],[2.244893,48.991269],[2.242928,48.987673],[2.242516,48.98687],[2.241949,48.985597],[2.241627,48.984679],[2.241425,48.983936],[2.241085,48.981972]]]}},{"type":"Feature","properties":{"tsid":"TS09501239","name":"A3","debut":"continue route A3 sur 648 m","fin":"fin de la route A1","categorie":"3","es":"100","cl_admin":"Autoroute","largeur":"7m","gestion":"DIR Île-de-France","com_conc":"Gonesse,Roissy-en-France","com_conid":"95277,95527"},"geometry":{"type":"MultiLineString","coordinates":[[[2.502019,48.982216],[2.503921,48.983003],[2.505299,48.983767],[2.505989,48.984238],[2.506685,48.984788],[2.507657,48.985754],[2.508094,48.986315],[2.507378,48.985596],[2.506996,48.985277],[2.506563,48.984966],[2.505963,48.984623],[2.505323,48.984321],[2.503169,48.983501],[2.500812,48.982141],[2.50004,48.981746]]]}},{"type":"Feature","properties":{"tsid":"TS09500205","name":"D301","debut":"limite commune Persan (95487),Chambly (95487)","fin":"fin de la route D301","categorie":"3","es":"100","cl_admin":"Départementale","largeur":"7m","gestion":"Conseil Départementale Val-d'Oise","com_conc":"Chambly,Persan","com_conid":"60139,95487"},"geometry":{"type":"MultiLineString","coordinates":[[[2.246076,49.153426],[2.246128,49.153327]]]}},{"type":"Feature","properties":{"tsid":"TS09500071","name":"A115","debut":"fin de la route A115","fin":"limite commune Bessancourt (95060),Frépillon (95060)","categorie":"1","es":"300","cl_admin":"Autoroute","largeur":"10m","gestion":"DIR Île-de-France","com_conc":"Taverny,Bessancourt,Frépillon","com_conid":"95607,95060,95256"},"geometry":{"type":"MultiLineString","coordinates":[[[2.209026,49.024227],[2.208373,49.02481],[2.207559,49.025438],[2.204501,49.027482],[2.203357,49.028376],[2.20271,49.028965],[2.19987,49.03199],[2.191436,49.03948],[2.190485,49.04037],[2.189278,49.041697],[2.187547,49.044117]]]}},{"type":"Feature","properties":{"tsid":"TS09500448","name":"A1","debut":"fin de la route A1","fin":"fin de la route A1","categorie":"1","es":"300","cl_admin":"Autoroute","largeur":"14m","gestion":"Opérateur privé : SANEF","com_conc":"Roissy-en-France","com_conid":"95527"},"geometry":{"type":"MultiLineString","coordinates":[[[2.533132,49.018783],[2.53394,49.020385]]]}},{"type":"Feature","properties":{"tsid":"TS09500070","name":"A115","debut":"limite commune Frépillon (95060),Bessancourt (95060)","fin":"fin de la route A115","categorie":"1","es":"300","cl_admin":"Autoroute","largeur":"10m","gestion":"DIR Île-de-France","com_conc":"Bessancourt,Frépillon,Taverny","com_conid":"95060,95256,95607"},"geometry":{"type":"MultiLineString","coordinates":[[[2.187098,49.044325],[2.187587,49.04374],[2.188991,49.041867],[2.190318,49.040374],[2.191247,49.039499],[2.199549,49.032137],[2.200213,49.031489],[2.202696,49.0288],[2.203971,49.027719],[2.207313,49.02547],[2.208161,49.024829],[2.208907,49.024172]]]}},{"type":"Feature","properties":{"tsid":"TS09500449","name":"A1","debut":"limite commune Mauregard (77282),Épiais-lès-Louvres (77282)","fin":"fin de la route A1","categorie":"1","es":"300","cl_admin":"Autoroute","largeur":"14m","gestion":"Opérateur privé : SANEF","com_conc":"Mauregard","com_conid":"77282"},"geometry":{"type":"MultiLineString","coordinates":[[[2.535406,49.023772],[2.535087,49.023148]]]}},{"type":"Feature","properties":{"tsid":"TS09500341","name":"A115","debut":"fin de la route N184","fin":"fin de la route A115","categorie":"2","es":"250","cl_admin":"Autoroute","largeur":"10m","gestion":"DIR Île-de-France","com_conc":"Méry-sur-Oise,Frépillon","com_conid":"95394,95256"},"geometry":{"type":"MultiLineString","coordinates":[[[2.178751,49.052564],[2.180387,49.052104],[2.180866,49.051851],[2.181148,49.051597],[2.181332,49.051301],[2.181382,49.051136],[2.181383,49.050201],[2.181439,49.049891],[2.181567,49.049558],[2.181778,49.049288],[2.181536,49.049896],[2.181524,49.050316],[2.181633,49.050734],[2.181858,49.051127],[2.182199,49.051491],[2.182479,49.051701],[2.183134,49.052045],[2.183902,49.052268],[2.184663,49.05236],[2.185681,49.052307],[2.187868,49.051737],[2.189081,49.051542],[2.190112,49.05146],[2.191089,49.051452],[2.192001,49.051506],[2.193925,49.051811]],[[2.181778,49.049288],[2.182095,49.048897],[2.182439,49.048571],[2.186553,49.044892],[2.187098,49.044325]]]}},{"type":"Feature","properties":{"tsid":"TS09500450","name":"A1","debut":"limite commune Mauregard (95212),Épiais-lès-Louvres (95212)","fin":"fin de la route A1","categorie":"1","es":"300","cl_admin":"Autoroute","largeur":"14m","gestion":"Opérateur privé : SANEF","com_conc":"Épiais-lès-Louvres,Mauregard","com_conid":"95212,77282"},"geometry":{"type":"MultiLineString","coordinates":[[[2.535639,49.023741],[2.535944,49.024338]]]}},{"type":"Feature","properties":{"tsid":"TS09501257","name":"D317","debut":"fin de la route D317","fin":"fin de la route D317","categorie":"3","es":"100","cl_admin":"Départementale","largeur":"7m","gestion":"Conseil Départementale Val-d'Oise","com_conc":"Gonesse","com_conid":"95277"},"geometry":{"type":"MultiLineString","coordinates":[[[2.467421,48.981374],[2.46387,48.977368]]]}},{"type":"Feature","properties":{"tsid":"TS09501137","name":"D317","debut":"séparation de la route en D170E2,D317","fin":"fin de la route D317","categorie":"4","es":"30","cl_admin":"Départementale","largeur":"7m","gestion":"Conseil Départementale Val-d'Oise","com_conc":"Gonesse","com_conid":"95277"},"geometry":{"type":"MultiLineString","coordinates":[[[2.463947,48.977312],[2.463998,48.977371]]]}},{"type":"Feature","properties":{"tsid":"TS09500800","name":"D311","debut":"limite commune Houilles (95063),Bezons (95063)","fin":"fin de la route D308","categorie":"4","es":"30","cl_admin":"Départementale","largeur":"de 3m à 5m","gestion":"Conseil Départementale Val-d'Oise","com_conc":"Bezons","com_conid":"95063"},"geometry":{"type":"MultiLineString","coordinates":[[[2.204898,48.922739],[2.20772,48.923591]]]}},{"type":"Feature","properties":{"tsid":"TS09501074","name":"D317A3","debut":"fin de la route D317A4","fin":"debut route D317A3","categorie":"4","es":"30","cl_admin":"Départementale","largeur":"4m","gestion":"Conseil Départementale Val-d'Oise","com_conc":"Gonesse","com_conid":"95277"},"geometry":{"type":"MultiLineString","coordinates":[[[2.461461,48.974243],[2.461283,48.973903],[2.461256,48.97374],[2.461273,48.973621],[2.461495,48.973227]]]}},{"type":"Feature","properties":{"tsid":"TS09500742","name":"D11","debut":null,"fin":"séparation de la route en D11,R JEAN MERMOZ","categorie":"3","es":"100","cl_admin":"Départementale","largeur":"5m","gestion":"Conseil Départementale Val-d'Oise","com_conc":"Moisselles","com_conid":"95409"},"geometry":{"type":"MultiLineString","coordinates":[[[2.335526,49.050228],[2.335901,49.049229],[2.336462,49.048116]]]}},{"type":"Feature","properties":{"tsid":"TS09501113","name":"D311","debut":"fin de la route D311","fin":"fin de la route D311","categorie":"5","es":"10","cl_admin":"Départementale","largeur":"5m","gestion":"Conseil Départementale Val-d'Oise","com_conc":"Argenteuil","com_conid":"95018"},"geometry":{"type":"MultiLineString","coordinates":[[[2.275252,48.955499],[2.274749,48.95541],[2.274409,48.955458],[2.274264,48.955539],[2.274197,48.955634],[2.274176,48.955788],[2.274272,48.955954],[2.274523,48.956068],[2.274889,48.956051],[2.275088,48.955953],[2.275441,48.955661]]]}},{"type":"Feature","properties":{"tsid":"TS09501114","name":"D311","debut":"séparation de la route en D311,R DE LA STATION","fin":"séparation de la route en D311","categorie":"5","es":"10","cl_admin":"Départementale","largeur":"5m","gestion":"Conseil Départementale Val-d'Oise","com_conc":"Groslay","com_conid":"95288"},"geometry":{"type":"MultiLineString","coordinates":[[[2.354318,48.983698],[2.354473,48.983619]]]}},{"type":"Feature","properties":{"tsid":"TS09501293","name":"D311A1","debut":"fin de la route D311","fin":"fin de la route D311A1","categorie":"3","es":"100","cl_admin":"Départementale","largeur":"3m","gestion":"Conseil Départementale Val-d'Oise","com_conc":"Bezons","com_conid":"95063"},"geometry":{"type":"MultiLineString","coordinates":[[[2.221727,48.923363],[2.220875,48.92304]]]}},{"type":"Feature","properties":{"tsid":"TS09501121","name":"D311A1","debut":"séparation de la route en D311,D311A1","fin":"fin de la route D308","categorie":"4","es":"30","cl_admin":"Départementale","largeur":"7m","gestion":"Conseil Départementale Val-d'Oise","com_conc":"Bezons","com_conid":"95063"},"geometry":{"type":"MultiLineString","coordinates":[[[2.220875,48.92304],[2.219817,48.922622],[2.218776,48.922105],[2.2185,48.922125],[2.218264,48.922255]]]}},{"type":"Feature","properties":{"tsid":"TS09500345","name":"D311A2","debut":"Intersection D311,D392G1,R JEAN CARASSO","fin":"fin de la route D311A2","categorie":"3","es":"100","cl_admin":"Départementale","largeur":"de 6m à 7m","gestion":"Conseil Départementale Val-d'Oise","com_conc":"Bezons","com_conid":"95063"},"geometry":{"type":"MultiLineString","coordinates":[[[2.217271,48.921222],[2.217721,48.921355],[2.217538,48.92123],[2.217583,48.921068]],[[2.217721,48.921355],[2.218262,48.921627],[2.21856,48.921688],[2.218744,48.92164],[2.219158,48.921406]]]}},{"type":"Feature","properties":{"tsid":"TS09500429","name":"D311D1","debut":"fin de la route D311","fin":"fin de la route D41","categorie":"4","es":"30","cl_admin":"Départementale","largeur":"4m","gestion":"Conseil Départementale Val-d'Oise","com_conc":"Argenteuil","com_conid":"95018"},"geometry":{"type":"MultiLineString","coordinates":[[[2.276774,48.952975],[2.276538,48.953748],[2.276285,48.954131],[2.275424,48.955173],[2.275261,48.955269],[2.27499,48.955296]]]}},{"type":"Feature","properties":{"tsid":"TS09500690","name":"D316","debut":"debut route D316","fin":"séparation de la route en D316,N104","categorie":"2","es":"250","cl_admin":"Départementale","largeur":"10m","gestion":"Conseil Départementale Val-d'Oise","com_conc":"Luzarches,Épinay-Champlâtreux,Mareil-en-France","com_conid":"95352,95214,95365"},"geometry":{"type":"MultiLineString","coordinates":[[[2.403729,49.065534],[2.407887,49.072719],[2.40807,49.073123],[2.407804,49.072779],[2.407171,49.071727],[2.403691,49.065684]],[[2.40807,49.073123],[2.409013,49.074848],[2.412301,49.080488],[2.413172,49.081722],[2.414514,49.083481],[2.415029,49.0843],[2.415396,49.085096],[2.41572,49.086067],[2.415783,49.086776],[2.415667,49.087719],[2.415151,49.089268],[2.415063,49.089685],[2.415049,49.090353],[2.415153,49.090863],[2.415361,49.091417],[2.415588,49.09182],[2.417747,49.094872],[2.421029,49.099663],[2.421511,49.1003],[2.422523,49.101845],[2.423565,49.103191],[2.423108,49.102724],[2.422381,49.101832],[2.42169,49.100811],[2.421029,49.099663]],[[2.430528,49.112715],[2.430413,49.112216],[2.430198,49.11162],[2.429712,49.110748],[2.423565,49.103191]]]}},{"type":"Feature","properties":{"tsid":"TS09501216","name":"D11","debut":"fin de la route D11","fin":"fin de la route D11","categorie":"2","es":"250","cl_admin":"Départementale","largeur":"5m","gestion":"Conseil Départementale Val-d'Oise","com_conc":"Domont","com_conid":"95199"},"geometry":{"type":"MultiLineString","coordinates":[[[2.338128,49.04259],[2.337933,49.042453],[2.337912,49.042339],[2.337978,49.042209],[2.338126,49.042119]]]}},{"type":"Feature","properties":{"tsid":"TS09501218","name":"D370","debut":"fin de la route D10","fin":"debut route D370","categorie":"3","es":"100","cl_admin":"Départementale","largeur":"5m","gestion":"Conseil Départementale Val-d'Oise","com_conc":"Villiers-le-Bel","com_conid":"95680"},"geometry":{"type":"MultiLineString","coordinates":[[[2.39977,49.003865],[2.400128,49.003754],[2.400938,49.003335],[2.401316,49.003192],[2.400556,49.003634],[2.399844,49.003977]],[[2.401316,49.003192],[2.40208,49.002793],[2.402383,49.002684],[2.402507,49.002737],[2.402682,49.002664]],[[2.402383,49.002684],[2.402417,49.002602],[2.402759,49.002444],[2.402877,49.002463],[2.402905,49.002527]],[[2.405824,49.001684],[2.405893,49.001633],[2.406193,49.001592],[2.406247,49.001666],[2.406152,49.001733],[2.405921,49.001775],[2.40583,49.001734],[2.405824,49.001684],[2.402822,49.002444]],[[2.406193,49.001592],[2.4068,49.001447],[2.406251,49.001648]],[[2.414339,48.999095],[2.414293,48.999163],[2.414214,48.99918],[2.414106,48.999143],[2.414083,48.99907],[2.407777,49.001209],[2.4068,49.001447]],[[2.414109,48.999062],[2.414202,48.999021]]]}},{"type":"Feature","properties":{"tsid":"TS09501171","name":"D37","debut":"fin de la route Route sans nom","fin":"Intersection D37,R JULES FERRY","categorie":"3","es":"100","cl_admin":"Départementale","largeur":"5m","gestion":"Conseil Départementale Val-d'Oise","com_conc":"Saint-Clair-sur-Epte","com_conid":"95541"},"geometry":{"type":"MultiLineString","coordinates":[[[1.678141,49.205216],[1.678527,49.206278],[1.678728,49.206585],[1.679589,49.206833],[1.680369,49.207128]]]}},{"type":"Feature","properties":{"tsid":"TS09500342","name":"A115","debut":"limite commune Bessancourt (95256),Frépillon (95256)","fin":"fin de la route N184","categorie":"2","es":"250","cl_admin":"Autoroute","largeur":"10m","gestion":"DIR Île-de-France","com_conc":"Méry-sur-Oise,Frépillon,Bessancourt","com_conid":"95394,95256,95060"},"geometry":{"type":"MultiLineString","coordinates":[[[2.187547,49.044117],[2.187044,49.044704],[2.18638,49.045371],[2.184136,49.047406],[2.183431,49.048219],[2.183258,49.048631],[2.183237,49.049043],[2.183348,49.049419],[2.183571,49.049759],[2.184115,49.050208],[2.184616,49.050445],[2.185202,49.05061],[2.186093,49.050777],[2.187345,49.050887],[2.189454,49.050871],[2.190681,49.05094],[2.192189,49.051106],[2.193913,49.051387]]]}},{"type":"Feature","properties":{"tsid":"TS09500343","name":"A115","debut":"fin de la route A15","fin":"fin de la route A115","categorie":"2","es":"250","cl_admin":"Autoroute","largeur":"10m","gestion":"DIR Île-de-France","com_conc":"Sannois","com_conid":"95582"},"geometry":{"type":"MultiLineString","coordinates":[[[2.247389,48.972817],[2.246954,48.973232],[2.245756,48.974061],[2.24324,48.975349],[2.242091,48.975999],[2.241616,48.976368],[2.241273,48.97674],[2.240973,48.977259],[2.240843,48.977751],[2.240836,48.978322],[2.241082,48.980731]]]}},{"type":"Feature","properties":{"tsid":"TS09500119","name":"D144","debut":"limite commune Montlignon (95426),Eaubonne (95426)","fin":"séparation de la route en D144,D909","categorie":"3","es":"100","cl_admin":"Départementale","largeur":"5m","gestion":"Conseil Départementale Val-d'Oise","com_conc":"Montlignon,Eaubonne","com_conid":"95426,95203"},"geometry":{"type":"MultiLineString","coordinates":[[[2.281167,49.003627],[2.281085,49.003538],[2.281141,49.003427],[2.281334,49.003401],[2.281482,49.003489],[2.281415,49.003615],[2.281297,49.003651],[2.281167,49.003627]]]}},{"type":"Feature","properties":{"tsid":"TS09500789","name":"D392","debut":"fin de la route Route sans nom","fin":"fin de la route D392","categorie":"4","es":"30","cl_admin":"Départementale","largeur":"7m","gestion":"Conseil Départementale Val-d'Oise","com_conc":"Bezons","com_conid":"95063"},"geometry":{"type":"MultiLineString","coordinates":[[[2.219115,48.921715],[2.219257,48.921514]]]}},{"type":"Feature","properties":{"tsid":"TS09501061","name":"D392","debut":"limite commune Bezons (95063),Colombes (95063)","fin":"fin de la route D392A1","categorie":"2","es":"250","cl_admin":"Départementale","largeur":"9m","gestion":"Conseil Départementale Val-d'Oise","com_conc":"Bezons,Colombes","com_conid":"95063,92025"},"geometry":{"type":"MultiLineString","coordinates":[[[2.220487,48.920668],[2.219828,48.921134]]]}},{"type":"Feature","properties":{"tsid":"TS09500406","name":"D392","debut":"fin de la route Route sans nom","fin":"séparation de la route en D392,D392A1","categorie":"3","es":"100","cl_admin":"Départementale","largeur":"7m","gestion":"Conseil Départementale Val-d'Oise","com_conc":"Bezons","com_conid":"95063"},"geometry":{"type":"MultiLineString","coordinates":[[[2.219115,48.921715],[2.218942,48.921862]]]}},{"type":"Feature","properties":{"tsid":"TS09500407","name":"D392","debut":"séparation de la route en D308,D392","fin":"fin de la route D392A1","categorie":"3","es":"100","cl_admin":"Départementale","largeur":"7m","gestion":"Conseil Départementale Val-d'Oise","com_conc":"Bezons","com_conid":"95063"},"geometry":{"type":"MultiLineString","coordinates":[[[2.219257,48.921514],[2.219828,48.921134]]]}},{"type":"Feature","properties":{"tsid":"TS09500606","name":"D392A1","debut":"séparation de la route en D392,D392A1","fin":"séparation de la route en D311,Route sans nom","categorie":"4","es":"30","cl_admin":"Départementale","largeur":"4m","gestion":"Conseil Départementale Val-d'Oise","com_conc":"Bezons","com_conid":"95063"},"geometry":{"type":"MultiLineString","coordinates":[[[2.218983,48.921887],[2.21891,48.922003],[2.218954,48.922088],[2.219821,48.92254],[2.220169,48.922597],[2.220641,48.922506]]]}},{"type":"Feature","properties":{"tsid":"TS09500607","name":"D392A1","debut":"fin de la route Route sans nom","fin":"fin de la route D392","categorie":"4","es":"30","cl_admin":"Départementale","largeur":"4m","gestion":"Conseil Départementale Val-d'Oise","com_conc":"Bezons","com_conid":"95063"},"geometry":{"type":"MultiLineString","coordinates":[[[2.219149,48.921737],[2.219407,48.92144]]]}},{"type":"Feature","properties":{"tsid":"TS09500348","name":"D392G1","debut":"fin de la route D392","fin":"séparation de la route en D392G1,Route sans nom","categorie":"3","es":"100","cl_admin":"Départementale","largeur":"3m","gestion":"Conseil Départementale Val-d'Oise","com_conc":"Bezons","com_conid":"95063"},"geometry":{"type":"MultiLineString","coordinates":[[[2.217957,48.922244],[2.21825,48.92197],[2.218281,48.921861]]]}},{"type":"Feature","properties":{"tsid":"TS09500538","name":"D392G1","debut":"séparation de la route en D392G1,Route sans nom","fin":"séparation de la route en D311,D311A2","categorie":"4","es":"30","cl_admin":"Départementale","largeur":"6m","gestion":"Conseil Départementale Val-d'Oise","com_conc":"Bezons","com_conid":"95063"},"geometry":{"type":"MultiLineString","coordinates":[[[2.218281,48.921861],[2.218226,48.921742],[2.218116,48.921658],[2.217271,48.921222]]]}},{"type":"Feature","properties":{"tsid":"TS09500177","name":"BD OSCAR THEVENIN","debut":"continue route BD OSCAR THEVENIN sur 55 m","fin":null,"categorie":"4","es":"30","cl_admin":null,"largeur":"5m","gestion":"Probable route communale ou intercommunale","com_conc":"Herblay-sur-Seine","com_conid":"95306"},"geometry":{"type":"MultiLineString","coordinates":[[[2.161622,48.991082],[2.163131,48.990177],[2.163937,48.989797]]]}},{"type":"Feature","properties":{"tsid":"TS09500283","name":"D4","debut":"fin de la route D4","fin":"Intersection D4,Route sans nom","categorie":"2","es":"250","cl_admin":"Départementale","largeur":"7m","gestion":"Conseil Départementale Val-d'Oise","com_conc":"Persan","com_conid":"95487"},"geometry":{"type":"MultiLineString","coordinates":[[[2.253288,49.152486],[2.253571,49.152383],[2.254028,49.152347],[2.254903,49.152461],[2.257616,49.153399],[2.257846,49.153503],[2.257974,49.153637],[2.258008,49.153532],[2.258152,49.153447],[2.257817,49.153398],[2.255111,49.152441],[2.254466,49.152314],[2.253459,49.152227],[2.253229,49.152099],[2.253339,49.152328],[2.253288,49.152486],[2.253193,49.152579],[2.252806,49.152711],[2.25246,49.152682],[2.252273,49.152586],[2.252146,49.152438],[2.252126,49.15226],[2.252235,49.152089],[2.252564,49.151939],[2.252798,49.151926],[2.253003,49.151967],[2.253229,49.152099]],[[2.258152,49.153447],[2.258317,49.153437],[2.258482,49.153504],[2.258545,49.153605],[2.25851,49.153711],[2.258367,49.153795],[2.258202,49.153805],[2.258037,49.153739],[2.257974,49.153637]],[[2.258367,49.153795],[2.258819,49.153902],[2.259961,49.15454],[2.260509,49.154976],[2.261501,49.156022],[2.26194,49.156397],[2.263219,49.157173],[2.263343,49.157317],[2.26342,49.157206],[2.263521,49.157164],[2.262861,49.156866],[2.262164,49.156455],[2.261499,49.155897],[2.26087,49.155202],[2.260428,49.154788],[2.259664,49.154251],[2.258752,49.153793],[2.258546,49.153623]],[[2.263356,49.157378],[2.263343,49.157317]]]}},{"type":"Feature","properties":{"tsid":"TS09500562","name":"D48","debut":"fin de la route D48","fin":"fin de la route D48","categorie":"3","es":"100","cl_admin":"Départementale","largeur":"de 5m à 12m","gestion":"Conseil Départementale Val-d'Oise","com_conc":"Herblay-sur-Seine","com_conid":"95306"},"geometry":{"type":"MultiLineString","coordinates":[[[2.131122,49.003896],[2.132503,49.003538],[2.134284,49.002964],[2.137233,49.002346],[2.141964,49.001074],[2.14231,49.000904],[2.142352,49.001054],[2.141964,49.001074]],[[2.14231,49.000904],[2.142481,49.000778]],[[2.142857,49.000974],[2.14278,49.001075],[2.142642,49.001126],[2.142459,49.001116],[2.142352,49.001054]]]}},{"type":"Feature","properties":{"tsid":"TS09500547","name":"AV DENIS PAPIN","debut":"fin de la route R JEAN LAUGERE","fin":"séparation de la route en AV PIERRE SEMARD,R JEAN LAUGERE","categorie":"5","es":"10","cl_admin":null,"largeur":"de 3m à 5m","gestion":"Probable route communale ou intercommunale","com_conc":"Arnouville","com_conid":"95019"},"geometry":{"type":"MultiLineString","coordinates":[[[2.415796,48.994333],[2.415995,48.994505]]]}},{"type":"Feature","properties":{"tsid":"TS09500546","name":"AV DENIS PAPIN","debut":"fin de la route Route sans nom","fin":"continue route AV DENIS PAPIN sur 75 m","categorie":"5","es":"10","cl_admin":null,"largeur":"de 3m à 5m","gestion":"Probable route communale ou intercommunale","com_conc":"Arnouville","com_conid":"95019"},"geometry":{"type":"MultiLineString","coordinates":[[[2.415746,48.994298],[2.414847,48.993718]]]}},{"type":"Feature","properties":{"tsid":"TS09500055","name":"D11","debut":"limite commune Domont (95199),Moisselles (95199)","fin":"séparation de la route en D11,R JEAN MERMOZ","categorie":"4","es":"30","cl_admin":"Départementale","largeur":"de 3m à 5m","gestion":"Conseil Départementale Val-d'Oise","com_conc":"Domont,Moisselles","com_conid":"95199,95409"},"geometry":{"type":"MultiLineString","coordinates":[[[2.337539,49.044754],[2.337364,49.044984],[2.337225,49.045365],[2.3373,49.046444],[2.33718,49.047077],[2.337094,49.047273],[2.336462,49.048116]]]}},{"type":"Feature","properties":{"tsid":"TS09500349","name":"D409","debut":"fin de la route D409","fin":"Intersection D409,Route sans nom","categorie":"1","es":"300","cl_admin":"Départementale","largeur":"5m","gestion":"Conseil Départementale Val-d'Oise","com_conc":"Taverny","com_conid":"95607"},"geometry":{"type":"MultiLineString","coordinates":[[[2.202771,49.028457],[2.202741,49.028374]]]}},{"type":"Feature","properties":{"tsid":"TS09500908","name":"D14B5","debut":"fin de la route D28","fin":"fin de la route D14","categorie":"1","es":"300","cl_admin":"Départementale","largeur":"4m","gestion":"Conseil Départementale Val-d'Oise","com_conc":"Sagy,Ableiges","com_conid":"95535,95002"},"geometry":{"type":"MultiLineString","coordinates":[[[1.963278,49.070372],[1.96305,49.07042],[1.962885,49.070548],[1.962879,49.070726],[1.962939,49.070822],[1.963302,49.07108],[1.963946,49.071258],[1.964518,49.071244],[1.965217,49.071146],[1.967012,49.070753]]]}},{"type":"Feature","properties":{"tsid":"TS09500185","name":"D125","debut":"fin de la route D125","fin":"séparation de la route en D125,Route sans nom","categorie":"3","es":"100","cl_admin":"Départementale","largeur":"de 3m à 5m","gestion":"Conseil Départementale Val-d'Oise","com_conc":"Sarcelles","com_conid":"95585"},"geometry":{"type":"MultiLineString","coordinates":[[[2.387896,48.978278],[2.387878,48.978408],[2.387755,48.978468],[2.387565,48.978455],[2.387481,48.978615],[2.38798,48.979911],[2.388164,48.980644],[2.38873,48.982355],[2.388791,48.982731],[2.388766,48.982824],[2.388837,48.982882],[2.388487,48.983435],[2.388099,48.983793],[2.38774,48.984007],[2.385709,48.984849],[2.384891,48.984977],[2.382837,48.984992],[2.382205,48.985107],[2.381822,48.985238]],[[2.387565,48.978455],[2.387486,48.978395],[2.387476,48.978278],[2.387663,48.978175]],[[2.388092,48.980347],[2.388022,48.980263],[2.387702,48.979387],[2.387571,48.978899]],[[2.388155,48.980542],[2.388243,48.980653],[2.388443,48.981199],[2.388782,48.982201],[2.388862,48.982578],[2.38897,48.982719],[2.388791,48.982731]],[[2.38897,48.982719],[2.389028,48.982778],[2.389011,48.982849],[2.388837,48.982882]]]}},{"type":"Feature","properties":{"tsid":"TS09500193","name":"D10","debut":"debut route D10","fin":"fin de la route D10","categorie":"4","es":"30","cl_admin":"Départementale","largeur":"5m","gestion":"Conseil Départementale Val-d'Oise","com_conc":"Saint-Witz,Plailly","com_conid":"95580,60494"},"geometry":{"type":"MultiLineString","coordinates":[[[2.559343,49.089087],[2.55963,49.089121],[2.560904,49.089535],[2.559404,49.088969],[2.559401,49.089045],[2.559305,49.089094],[2.559201,49.08907],[2.559155,49.088995]],[[2.56744,49.091788],[2.567516,49.091769],[2.567528,49.091818],[2.567456,49.091824],[2.564539,49.090839],[2.560904,49.089535]],[[2.571083,49.095193],[2.570254,49.094347],[2.567514,49.091822]]]}},{"type":"Feature","properties":{"tsid":"TS09500048","name":"BD HENRI BARBUSSE","debut":"limite commune Sartrouville (78586),Bezons (78586)","fin":"limite commune Bezons (78586),Sartrouville (78586)","categorie":"4","es":"30","cl_admin":null,"largeur":"5m","gestion":"Probable route communale ou intercommunale","com_conc":"Bezons,Sartrouville","com_conid":"95063,78586"},"geometry":{"type":"MultiLineString","coordinates":[[[2.200969,48.936111],[2.201885,48.935769]]]}},{"type":"Feature","properties":{"tsid":"TS09500192","name":"D10","debut":"fin de la route N104","fin":"fin de la route D10","categorie":"4","es":"30","cl_admin":"Départementale","largeur":"5m","gestion":"Conseil Départementale Val-d'Oise","com_conc":"Fontenay-en-Parisis","com_conid":"95241"},"geometry":{"type":"MultiLineString","coordinates":[[[2.441256,49.048603],[2.441765,49.048998],[2.442874,49.049621],[2.444225,49.050266],[2.444588,49.050359],[2.444436,49.050416],[2.444341,49.050517],[2.444007,49.050274],[2.442414,49.049465],[2.441765,49.048998]],[[2.444588,49.050359],[2.444821,49.050372],[2.444965,49.050465],[2.444993,49.05058],[2.444918,49.050695],[2.44459,49.050761],[2.444405,49.050672],[2.444341,49.050517]],[[2.444993,49.050571],[2.445168,49.050696],[2.444883,49.050711]],[[2.457936,49.05513],[2.456565,49.053869],[2.455833,49.052876],[2.45548,49.052692],[2.455184,49.052674],[2.45445,49.052922],[2.453823,49.053048],[2.452968,49.053123],[2.451273,49.053088],[2.450265,49.053132],[2.449149,49.053432],[2.448318,49.052972],[2.447413,49.052352],[2.446098,49.051109],[2.445736,49.050912],[2.445168,49.050696]]]}},{"type":"Feature","properties":{"tsid":"TS09500648","name":"D409","debut":"fin de la route D409","fin":"debut route D409","categorie":"4","es":"30","cl_admin":"Départementale","largeur":"5m","gestion":"Conseil Départementale Val-d'Oise","com_conc":"Taverny","com_conid":"95607"},"geometry":{"type":"MultiLineString","coordinates":[[[2.203909,49.028192],[2.203923,49.02844]]]}},{"type":"Feature","properties":{"tsid":"TS09501086","name":"D41","debut":null,"fin":"fin de la route R JEAN JAURES","categorie":"4","es":"30","cl_admin":"Départementale","largeur":"de 3m à 5m","gestion":"Conseil Départementale Val-d'Oise","com_conc":"Bezons","com_conid":"95063"},"geometry":{"type":"MultiLineString","coordinates":[[[2.216063,48.927219],[2.216241,48.927236],[2.216523,48.927364],[2.21677,48.927416],[2.223441,48.928062],[2.223556,48.928034]]]}},{"type":"Feature","properties":{"tsid":"TS09501192","name":"D10","debut":"fin de la route D10","fin":"fin de la route D10","categorie":"3","es":"100","cl_admin":"Départementale","largeur":"de 7m à 10m","gestion":"Conseil Départementale Val-d'Oise","com_conc":"Châtenay-en-France,Fontenay-en-Parisis","com_conid":"95144,95241"},"geometry":{"type":"MultiLineString","coordinates":[[[2.462584,49.055248],[2.462434,49.05512],[2.462508,49.05499],[2.462711,49.054962],[2.462804,49.055002],[2.462868,49.055098],[2.462804,49.055212],[2.462584,49.055248],[2.462675,49.055573],[2.462647,49.057696],[2.462782,49.058455],[2.463178,49.059414],[2.463489,49.059895],[2.4639,49.060406],[2.465574,49.061894],[2.466429,49.062988],[2.467083,49.063694],[2.467374,49.063903],[2.4684,49.064409],[2.469118,49.064705],[2.469409,49.064752],[2.469324,49.064807],[2.469301,49.064924],[2.469149,49.064806],[2.468073,49.064311],[2.467374,49.063903]],[[2.462729,49.055245],[2.462675,49.055573]],[[2.469409,49.064752],[2.469567,49.064733],[2.46971,49.064804],[2.469755,49.064898],[2.469671,49.065008]]]}},{"type":"Feature","properties":{"tsid":"TS09500184","name":"D125","debut":"séparation de la route en D125,D316B3","fin":"fin de la route D125","categorie":"3","es":"100","cl_admin":"Départementale","largeur":"de 3m à 5m","gestion":"Conseil Départementale Val-d'Oise","com_conc":"Sarcelles","com_conid":"95585"},"geometry":{"type":"MultiLineString","coordinates":[[[2.379357,48.987217],[2.379849,48.986574],[2.380221,48.986191],[2.381079,48.985567],[2.381503,48.985363]]]}},{"type":"Feature","properties":{"tsid":"TS09500667","name":"D14E1","debut":"fin de la route D43","fin":"fin de la route D14","categorie":"4","es":"30","cl_admin":"Départementale","largeur":"4m","gestion":"Conseil Départementale Val-d'Oise","com_conc":"Avernes","com_conid":"95040"},"geometry":{"type":"MultiLineString","coordinates":[[[1.881273,49.110649],[1.880957,49.110406],[1.880568,49.109906],[1.880425,49.109572],[1.880437,49.109209],[1.880575,49.108945],[1.880805,49.108715],[1.882119,49.107861]]]}},{"type":"Feature","properties":{"tsid":"TS09500677","name":"D43","debut":null,"fin":"fin de la route D913","categorie":"4","es":"30","cl_admin":"Départementale","largeur":"7m","gestion":"Conseil Départementale Val-d'Oise","com_conc":"Seraincourt","com_conid":"95592"},"geometry":{"type":"MultiLineString","coordinates":[[[1.866459,49.035547],[1.866922,49.035079],[1.867649,49.031998],[1.8677,49.031617],[1.867635,49.031298],[1.866693,49.029524],[1.866665,49.029189],[1.866884,49.027985]]]}},{"type":"Feature","properties":{"tsid":"TS09501231","name":"D44E2","debut":null,"fin":"fin de la route D44E2","categorie":"5","es":"10","cl_admin":"Départementale","largeur":"5m","gestion":"Conseil Départementale Val-d'Oise","com_conc":"Écouen","com_conid":"95205"},"geometry":{"type":"MultiLineString","coordinates":[[[2.376624,49.021932],[2.376941,49.021987],[2.379858,49.02107],[2.383263,49.019818]]]}},{"type":"Feature","properties":{"tsid":"TS09500941","name":"Route sans nom ou bretelle","debut":null,"fin":null,"categorie":"1","es":"300","cl_admin":null,"largeur":"4m","gestion":"Probable route communale ou intercommunale","com_conc":"Taverny","com_conid":"95607"},"geometry":{"type":"MultiLineString","coordinates":[[[2.203209,49.027923],[2.204114,49.027253],[2.206357,49.026114]]]}},{"type":"Feature","properties":{"tsid":"TS09501259","name":"D47A","debut":null,"fin":"séparation de la route en D47A,VOI ROSIERE","categorie":"3","es":"100","cl_admin":"Départementale","largeur":"5m","gestion":"Conseil Départementale Val-d'Oise","com_conc":"Le Thillay,Goussainville","com_conid":"95612,95280"},"geometry":{"type":"MultiLineString","coordinates":[[[2.471383,49.012595],[2.472235,49.01241],[2.472525,49.012391],[2.472869,49.012437],[2.471857,49.012606],[2.471685,49.012681],[2.471622,49.01277]],[[2.488249,49.0108],[2.488267,49.010931],[2.488401,49.011063],[2.488773,49.011148],[2.489101,49.011013],[2.489166,49.010814],[2.489019,49.010612],[2.488663,49.010536],[2.48836,49.010633],[2.488249,49.0108],[2.487616,49.010758],[2.484172,49.011132],[2.47925,49.011467],[2.477701,49.011708],[2.475678,49.012185],[2.472869,49.012437]]]}},{"type":"Feature","properties":{"tsid":"TS09500451","name":"A1","debut":"continue route A1 sur 444 m","fin":"limite commune Épiais-lès-Louvres (95154),Chennevières-lès-Louvres (95154)","categorie":"1","es":"300","cl_admin":"Autoroute","largeur":"14m","gestion":"Opérateur privé : SANEF","com_conc":"Chennevières-lès-Louvres,Villeron,Vémars,Saint-Witz,Plailly,Fontaine-Chaalis,Thiers-sur-Thève,Survilliers,Épiais-lès-Louvres","com_conid":"95154,95675,95641,95580,60494,60241,60631,95604,95212"},"geometry":{"type":"MultiLineString","coordinates":[[[2.596238,49.16087],[2.594672,49.159416],[2.564625,49.13571],[2.562344,49.133833],[2.561185,49.132726],[2.560563,49.132062],[2.559779,49.131097],[2.558706,49.129508],[2.558153,49.128468],[2.557465,49.126781],[2.55713,49.125528],[2.556356,49.120232],[2.555882,49.118403],[2.555139,49.116515],[2.553358,49.113009],[2.55248,49.111121],[2.551991,49.109775],[2.551633,49.108541],[2.551358,49.107249],[2.55058,49.102551],[2.550197,49.100126],[2.550056,49.098943],[2.550003,49.098039],[2.550008,49.096991],[2.550084,49.095708],[2.552486,49.067274],[2.552479,49.065477],[2.552402,49.064695],[2.552208,49.063528],[2.551784,49.061982],[2.551231,49.060524],[2.549503,49.057204],[2.549001,49.056092],[2.548571,49.054976],[2.548284,49.054022],[2.54727,49.049746],[2.546627,49.047856],[2.546115,49.046755],[2.545519,49.045651],[2.543723,49.04277],[2.543102,49.041568],[2.542611,49.040385],[2.5402,49.033766]]]}},{"type":"Feature","properties":{"tsid":"TS09500042","name":"A16","debut":"séparation de la route en A16,N184","fin":"fin de la route A16","categorie":"1","es":"300","cl_admin":"Autoroute","largeur":"10m","gestion":"Opérateur privé : SANEF","com_conc":"L'Isle-Adam,Presles","com_conid":"95313,95504"},"geometry":{"type":"MultiLineString","coordinates":[[[2.259498,49.105847],[2.258855,49.106327],[2.25803,49.107076],[2.257524,49.107653],[2.256901,49.108531],[2.256403,49.109507],[2.255474,49.111826],[2.253783,49.114791],[2.253375,49.115696],[2.253093,49.116536],[2.252888,49.117396],[2.252779,49.118192],[2.252737,49.119377],[2.252919,49.121213]]]}},{"type":"Feature","properties":{"tsid":"TS09500043","name":"A16","debut":"fin de la route A16","fin":"fin de la route D301","categorie":"1","es":"300","cl_admin":"Autoroute","largeur":"10m","gestion":"Opérateur privé : SANEF","com_conc":"Attainville,Baillet-en-France,Montsoult","com_conid":"95028,95042,95430"},"geometry":{"type":"MultiLineString","coordinates":[[[2.329857,49.065693],[2.329736,49.064853],[2.329823,49.064142],[2.331438,49.059892]]]}},{"type":"Feature","properties":{"tsid":"TS09500813","name":"D48","debut":"limite commune Montigny-lès-Cormeilles (95424),Herblay-sur-Seine (95424)","fin":"séparation de la route en D392,D48","categorie":"4","es":"30","cl_admin":"Départementale","largeur":"de 3m à 5m","gestion":"Conseil Départementale Val-d'Oise","com_conc":"Montigny-lès-Cormeilles","com_conid":"95424"},"geometry":{"type":"MultiLineString","coordinates":[[[2.179731,48.991421],[2.180709,48.991107],[2.18188,48.99085]]]}},{"type":"Feature","properties":{"tsid":"TS09500278","name":"D48E","debut":null,"fin":"fin de la route D48E","categorie":"3","es":"100","cl_admin":"Départementale","largeur":"6m","gestion":"Conseil Départementale Val-d'Oise","com_conc":"Neuville-sur-Oise,Jouy-le-Moutier","com_conid":"95450,95323"},"geometry":{"type":"MultiLineString","coordinates":[[[2.054682,49.012463],[2.055596,49.013161],[2.057325,49.014076]]]}},{"type":"Feature","properties":{"tsid":"TS09500304","name":"D170D5","debut":"fin de la route D370","fin":"fin de la route D170","categorie":"4","es":"30","cl_admin":"Départementale","largeur":"4m","gestion":"Conseil Départementale Val-d'Oise","com_conc":"Gonesse","com_conid":"95277"},"geometry":{"type":"MultiLineString","coordinates":[[[2.45273,48.978905],[2.453203,48.978845],[2.453501,48.978729],[2.453628,48.978583],[2.453646,48.978495],[2.453576,48.978323],[2.45325,48.978163],[2.452075,48.978004]]]}},{"type":"Feature","properties":{"tsid":"TS09500061","name":"D317A4","debut":"fin de la route D317A4","fin":"fin de la route D317","categorie":"4","es":"30","cl_admin":"Départementale","largeur":"7m","gestion":"Conseil Départementale Val-d'Oise","com_conc":"Gonesse","com_conid":"95277"},"geometry":{"type":"MultiLineString","coordinates":[[[2.462102,48.975027],[2.463032,48.97621],[2.463123,48.976388]]]}},{"type":"Feature","properties":{"tsid":"TS09500100","name":"RPT DE LA DIME","debut":"Intersection DEV DE ROISSY-EN-FRANCE,RPT DE LA DIME","fin":"continue route RPT DE LA DIME sur 22 m","categorie":"4","es":"30","cl_admin":null,"largeur":"7m","gestion":"Probable route communale ou intercommunale","com_conc":"Roissy-en-France","com_conid":"95527"},"geometry":{"type":"MultiLineString","coordinates":[[[2.513384,48.997148],[2.513544,48.997083],[2.513722,48.997117],[2.513807,48.997178],[2.513811,48.997323],[2.513678,48.997414],[2.513439,48.997404],[2.51332,48.997279],[2.513384,48.997148]]]}},{"type":"Feature","properties":{"tsid":"TS09500820","name":"D48E","debut":null,"fin":"debut route D48E","categorie":"4","es":"30","cl_admin":"Départementale","largeur":"5m","gestion":"Conseil Départementale Val-d'Oise","com_conc":"Conflans-Sainte-Honorine,Neuville-sur-Oise,Éragny","com_conid":"78172,95450,95218"},"geometry":{"type":"MultiLineString","coordinates":[[[2.074456,49.012104],[2.076848,49.013104],[2.077481,49.013279],[2.07765,49.013226],[2.077778,49.01324],[2.077848,49.013312],[2.077818,49.013383],[2.077618,49.013407]],[[2.079434,49.013774],[2.079587,49.013755],[2.083191,49.014389],[2.079977,49.013914],[2.07784,49.01336]],[[2.083191,49.014389],[2.085628,49.01477],[2.086279,49.014758],[2.086692,49.014699],[2.087437,49.014456],[2.08884,49.013677],[2.089749,49.013361]]]}},{"type":"Feature","properties":{"tsid":"TS09500041","name":"A16","debut":"Intersection A16,Route sans nom","fin":"limite commune Presles (95504),L'Isle-Adam (95504)","categorie":"1","es":"300","cl_admin":"Autoroute","largeur":"10m","gestion":"Opérateur privé : SANEF","com_conc":"Presles,L'Isle-Adam","com_conid":"95504,95313"},"geometry":{"type":"MultiLineString","coordinates":[[[2.252665,49.120661],[2.252533,49.119381],[2.252575,49.118166],[2.252684,49.11738],[2.252892,49.116508],[2.253176,49.11566],[2.253587,49.114749],[2.255278,49.111784],[2.256193,49.109537],[2.256693,49.1086],[2.257492,49.107501],[2.258033,49.106929],[2.258637,49.106391]]]}},{"type":"Feature","properties":{"tsid":"TS09500190","name":"D10","debut":"debut route D10","fin":"séparation de la route en D10,D125","categorie":"4","es":"30","cl_admin":"Départementale","largeur":"5m","gestion":"Conseil Départementale Val-d'Oise","com_conc":"Sarcelles","com_conid":"95585"},"geometry":{"type":"MultiLineString","coordinates":[[[2.370498,48.983072],[2.370523,48.983159],[2.370406,48.983338],[2.3713,48.985187],[2.374168,48.990789]],[[2.370688,48.983272],[2.370562,48.983346],[2.370489,48.983498]]]}},{"type":"Feature","properties":{"tsid":"TS09500069","name":"D301E5","debut":"fin de la route D301","fin":"fin de la route D301E5","categorie":"3","es":"100","cl_admin":"Départementale","largeur":"4m","gestion":"Conseil Départementale Val-d'Oise","com_conc":"Baillet-en-France","com_conid":"95042"},"geometry":{"type":"MultiLineString","coordinates":[[[2.328105,49.061805],[2.328211,49.061914],[2.328482,49.062029],[2.329102,49.062128],[2.329603,49.06206],[2.330095,49.061854],[2.330502,49.06157],[2.330833,49.06118],[2.331438,49.059892]]]}},{"type":"Feature","properties":{"tsid":"TS09500433","name":"D84","debut":"séparation de la route en D84,Route sans nom","fin":"séparation de la route en D84,Route sans nom","categorie":"2","es":"250","cl_admin":"Départementale","largeur":"4m","gestion":"Conseil Départementale Val-d'Oise","com_conc":"Gonesse","com_conid":"95277"},"geometry":{"type":"MultiLineString","coordinates":[[[2.469294,48.98328],[2.469406,48.983266]]]}},{"type":"Feature","properties":{"tsid":"TS09500986","name":"D84","debut":"fin de la route D370","fin":"debut route D84","categorie":"4","es":"30","cl_admin":"Départementale","largeur":"5m","gestion":"Conseil Départementale Val-d'Oise","com_conc":"Gonesse","com_conid":"95277"},"geometry":{"type":"MultiLineString","coordinates":[[[2.440486,48.984308],[2.44033,48.984287]]]}},{"type":"Feature","properties":{"tsid":"TS09500910","name":"D301E6","debut":"limite commune Attainville (95028),Montsoult (95028)","fin":"fin de la route A16","categorie":"5","es":"10","cl_admin":"Départementale","largeur":"4m","gestion":"Conseil Départementale Val-d'Oise","com_conc":"Baillet-en-France,Attainville,Montsoult","com_conid":"95042,95028,95430"},"geometry":{"type":"MultiLineString","coordinates":[[[2.3294,49.066394],[2.329573,49.066338],[2.329669,49.066238],[2.329611,49.065178],[2.329689,49.064456],[2.329849,49.063858],[2.330273,49.062924]]]}},{"type":"Feature","properties":{"tsid":"TS09500998","name":"D14E4","debut":"fin de la route D43","fin":"fin de la route D14","categorie":"4","es":"30","cl_admin":"Départementale","largeur":"4m","gestion":"Conseil Départementale Val-d'Oise","com_conc":"Avernes","com_conid":"95040"},"geometry":{"type":"MultiLineString","coordinates":[[[1.879243,49.108945],[1.879025,49.108817],[1.878638,49.108799],[1.878364,49.108901],[1.877982,49.109157],[1.877896,49.109347],[1.878011,49.109533],[1.878279,49.10963],[1.878636,49.109575],[1.880821,49.10846]]]}},{"type":"Feature","properties":{"tsid":"TS09500934","name":"RPT DES COUDRAIES","debut":"continue route RPT DES COUDRAIES sur 6 m","fin":"Intersection Route sans nom,RPT DES COUDRAIES","categorie":"4","es":"30","cl_admin":null,"largeur":"5m","gestion":"Probable route communale ou intercommunale","com_conc":"Courdimanche","com_conid":"95183"},"geometry":{"type":"MultiLineString","coordinates":[[[2.004692,49.042119],[2.004777,49.042045],[2.004911,49.042033],[2.005026,49.042082],[2.005067,49.042158],[2.005019,49.042236],[2.004869,49.04228],[2.004704,49.042217],[2.004692,49.042119]]]}},{"type":"Feature","properties":{"tsid":"TS09500258","name":"A104","debut":"continue route A104 sur 469 m","fin":"fin de la route A104","categorie":"1","es":"300","cl_admin":"Autoroute","largeur":"de 7m à 18m","gestion":"DIR Île-de-France","com_conc":"Gonesse","com_conid":"95277"},"geometry":{"type":"MultiLineString","coordinates":[[[2.494504,48.978553],[2.491925,48.976954],[2.489908,48.975614]]]}},{"type":"Feature","properties":{"tsid":"TS09500672","name":"A3","debut":"fin de la route A3","fin":"fin de la route A1","categorie":"1","es":"300","cl_admin":"Autoroute","largeur":"10m","gestion":"DIR Île-de-France","com_conc":"Roissy-en-France","com_conid":"95527"},"geometry":{"type":"MultiLineString","coordinates":[[[2.505681,48.986647],[2.506516,48.986996],[2.507441,48.987477],[2.509148,48.988723]]]}},{"type":"Feature","properties":{"tsid":"TS09500401","name":"D915","debut":"debut route D915","fin":"debut route D915","categorie":"3","es":"100","cl_admin":"Départementale","largeur":"5m","gestion":"Conseil Départementale Val-d'Oise","com_conc":"Osny,Chars,Frémécourt,Marines,Santeuil,Cormeilles-en-Vexin,Génicourt","com_conid":"95476,95142,95254,95370,95584,95177,95271"},"geometry":{"type":"MultiLineString","coordinates":[[[1.946797,49.157603],[1.946864,49.157513],[1.947115,49.157454],[1.947276,49.157515],[1.947323,49.157614],[1.947576,49.157432],[1.947242,49.157492]],[[1.947576,49.157432],[1.963243,49.151317],[1.964009,49.150943],[1.964123,49.151057],[1.963605,49.151173]],[[1.963728,49.149346],[1.964031,49.150377],[1.964173,49.150616],[1.964328,49.150735],[1.964085,49.150784],[1.964088,49.150648],[1.963768,49.149778],[1.963713,49.148928],[1.963756,49.14852],[1.965003,49.143527],[1.965331,49.142657],[1.965597,49.14217],[1.966176,49.141384],[1.966959,49.140573],[1.971121,49.137058],[1.972222,49.13625],[1.973383,49.135605],[1.975341,49.134807],[1.979719,49.133143],[1.980678,49.132843],[1.981873,49.132557],[1.983253,49.132343],[1.985188,49.132261],[1.986446,49.132332],[1.989214,49.13263],[1.990114,49.132656],[1.991329,49.132512],[1.992455,49.132176],[1.993047,49.1319],[1.993819,49.131356],[1.996646,49.12874],[2.000171,49.125619],[2.000564,49.12525],[2.000908,49.124818],[2.000995,49.124913],[2.001167,49.124953],[2.000915,49.125075],[2.000431,49.125457],[1.995757,49.129592]],[[1.964009,49.150943],[1.964085,49.150784]],[[1.964328,49.150735],[1.964501,49.150812],[1.964546,49.150911],[1.964524,49.150978],[1.964376,49.151074],[1.964123,49.151057]],[[2.000908,49.124818],[2.000916,49.12472],[2.001025,49.124637],[2.001298,49.124551],[2.001916,49.124176],[2.002456,49.123948],[2.0017,49.124452],[2.001566,49.124564],[2.001436,49.12478],[2.001352,49.124646],[2.001117,49.124607]],[[2.001436,49.12478],[2.001358,49.124907],[2.001167,49.124953]],[[2.029711,49.113059],[2.02984,49.112245],[2.030043,49.111544],[2.030582,49.110482],[2.030804,49.110253],[2.03064,49.110244],[2.030505,49.110163],[2.030418,49.110601],[2.029895,49.111588],[2.029704,49.1124],[2.029756,49.113923],[2.029998,49.116505],[2.029969,49.117269],[2.029773,49.11801],[2.029314,49.118871],[2.028695,49.119622],[2.028323,49.119969],[2.02719,49.120779],[2.026164,49.121279],[2.024759,49.121738],[2.023902,49.121921],[2.019338,49.122764],[2.017497,49.123036],[2.015799,49.123143],[2.014629,49.12315],[2.007933,49.122947],[2.006281,49.122969],[2.005365,49.123066],[2.004207,49.123293],[2.003346,49.123562],[2.002456,49.123948]],[[2.030505,49.110163],[2.030468,49.110056],[2.030523,49.109974],[2.030619,49.109916],[2.030827,49.10991],[2.030986,49.109998],[2.031014,49.110083],[2.030951,49.110194],[2.030804,49.110253]],[[2.030986,49.109998],[2.03111,49.109665],[2.031576,49.109132],[2.0334,49.107686],[2.032653,49.108153],[2.031723,49.108888],[2.031331,49.10926],[2.030922,49.109751],[2.030706,49.1099]],[[2.0334,49.107686],[2.053988,49.093181],[2.054433,49.092809],[2.057714,49.090438],[2.057888,49.090287],[2.057948,49.090152],[2.058047,49.090246],[2.058198,49.0903],[2.057979,49.090382],[2.055843,49.091958],[2.053988,49.093181]],[[2.057948,49.090152],[2.057946,49.089958],[2.058108,49.089826],[2.058357,49.089791],[2.058597,49.08986],[2.05872,49.090021],[2.058662,49.090187],[2.058465,49.090296],[2.058198,49.0903]],[[2.058448,49.0898],[2.058697,49.089701],[2.066359,49.084285],[2.07057,49.080592],[2.071114,49.080016],[2.071241,49.080114],[2.071417,49.080157],[2.069971,49.081318],[2.066563,49.084305],[2.062079,49.087463],[2.059681,49.089234],[2.059076,49.089605],[2.058703,49.089965]],[[2.071114,49.080016],[2.0711,49.079824],[2.071236,49.079698],[2.071426,49.079642],[2.071713,49.07968],[2.07186,49.079841],[2.071842,49.080006],[2.071654,49.080137],[2.071417,49.080157]],[[2.071585,49.079643],[2.072827,49.078595],[2.074906,49.076729],[2.081237,49.071442],[2.081721,49.070989],[2.081804,49.070808],[2.081899,49.071007],[2.082227,49.071137],[2.081862,49.071309],[2.080334,49.072405],[2.075525,49.076391],[2.073609,49.078065],[2.072399,49.079182],[2.071834,49.079787]],[[2.081804,49.070808],[2.081922,49.070599],[2.082269,49.070438],[2.082413,49.070312],[2.08411,49.068361]],[[2.082144,49.070508],[2.082313,49.070494],[2.082607,49.070564],[2.082732,49.070645],[2.082783,49.070777],[2.082758,49.070934],[2.082616,49.071063],[2.082227,49.071137]],[[2.086788,49.065149],[2.086634,49.065539],[2.086403,49.065918],[2.083897,49.068905],[2.082762,49.070461],[2.082732,49.070645]]]}},{"type":"Feature","properties":{"tsid":"TS09500351","name":"D9","debut":null,"fin":"fin de la route D1","categorie":"4","es":"30","cl_admin":"Départementale","largeur":"5m","gestion":"Conseil Départementale Val-d'Oise","com_conc":"Mériel","com_conid":"95392"},"geometry":{"type":"MultiLineString","coordinates":[[[2.202829,49.076249],[2.204231,49.075803],[2.206905,49.074826],[2.207154,49.074781],[2.207543,49.074777],[2.209649,49.075119],[2.210521,49.075115]]]}},{"type":"Feature","properties":{"tsid":"TS09500756","name":"D909","debut":null,"fin":"fin de la route D909","categorie":"4","es":"30","cl_admin":"Départementale","largeur":"5m","gestion":"Conseil Départementale Val-d'Oise","com_conc":"Argenteuil","com_conid":"95018"},"geometry":{"type":"MultiLineString","coordinates":[[[2.253421,48.94894],[2.253511,48.948843],[2.253553,48.948559],[2.25502,48.943996],[2.255275,48.943613],[2.255277,48.943543],[2.255137,48.943407],[2.255171,48.943261],[2.255025,48.943151],[2.253051,48.942169],[2.253129,48.942093],[2.253652,48.94234],[2.253487,48.942089],[2.253538,48.941704]],[[2.253652,48.94234],[2.255335,48.943163],[2.255171,48.943261]],[[2.254993,48.944145],[2.255554,48.943571],[2.255277,48.943543]],[[2.255335,48.943163],[2.255586,48.943164],[2.255775,48.943301],[2.255749,48.943466],[2.255554,48.943571]]]}},{"type":"Feature","properties":{"tsid":"TS09501044","name":"D170D3","debut":"fin de la route D370","fin":"fin de la route D170D2","categorie":"4","es":"30","cl_admin":"Départementale","largeur":"4m","gestion":"Conseil Départementale Val-d'Oise","com_conc":"Gonesse","com_conid":"95277"},"geometry":{"type":"MultiLineString","coordinates":[[[2.457174,48.977427],[2.457393,48.977631],[2.457784,48.977722],[2.458184,48.977757],[2.459229,48.977729]]]}},{"type":"Feature","properties":{"tsid":"TS09500929","name":"D915","debut":"séparation de la route en BD DE L'OISE,D915","fin":"Intersection BD DE L'OISE,BD DE LA VIOSNE","categorie":"4","es":"30","cl_admin":"Départementale","largeur":"de 3m à 5m","gestion":"Conseil Départementale Val-d'Oise","com_conc":"Cergy","com_conid":"95127"},"geometry":{"type":"MultiLineString","coordinates":[[[2.071857,49.042997],[2.071708,49.042944]]]}},{"type":"Feature","properties":{"tsid":"TS09500955","name":"D170D4","debut":"fin de la route D170","fin":"fin de la route D370","categorie":"3","es":"100","cl_admin":"Départementale","largeur":"4m","gestion":"Conseil Départementale Val-d'Oise","com_conc":"Gonesse","com_conid":"95277"},"geometry":{"type":"MultiLineString","coordinates":[[[2.457717,48.978097],[2.454956,48.978258],[2.4528,48.979074]]]}},{"type":"Feature","properties":{"tsid":"TS09500727","name":"R D'EAUBONNE","debut":"limite commune Margency (95369),Eaubonne (95369)","fin":"continue route R D'EAUBONNE sur 15 m","categorie":"4","es":"30","cl_admin":null,"largeur":"5m","gestion":"Probable route communale ou intercommunale","com_conc":"Eaubonne,Margency","com_conid":"95203,95369"},"geometry":{"type":"MultiLineString","coordinates":[[[2.284819,48.997463],[2.285703,48.998578],[2.286448,48.999385],[2.286421,48.99947],[2.286549,48.999487],[2.286575,48.999403],[2.286448,48.999385]],[[2.286554,48.999483],[2.288114,49.000534],[2.288916,49.001179]]]}},{"type":"Feature","properties":{"tsid":"TS09500695","name":"D922","debut":null,"fin":"fin de la route D922","categorie":"4","es":"30","cl_admin":"Départementale","largeur":"5m","gestion":"Conseil Départementale Val-d'Oise","com_conc":"Saint-Ouen-l'Aumône","com_conid":"95572"},"geometry":{"type":"MultiLineString","coordinates":[[[2.103973,49.047387],[2.104822,49.04768],[2.115269,49.052427],[2.117038,49.052863],[2.120846,49.053443],[2.123104,49.053881],[2.128535,49.054557],[2.129263,49.054575],[2.129452,49.054524],[2.12941,49.05462],[2.129464,49.054694],[2.128647,49.054568]],[[2.129452,49.054524],[2.129587,49.054461],[2.129712,49.054471],[2.129791,49.054498],[2.129861,49.054607],[2.129815,49.05469],[2.1297,49.054739],[2.129464,49.054694]],[[2.129815,49.05469],[2.133967,49.055214],[2.1355,49.055305],[2.130175,49.054693],[2.129855,49.054573]],[[2.139228,49.055582],[2.139764,49.055701],[2.139732,49.055617],[2.139764,49.055527],[2.139554,49.055587],[2.139228,49.055582],[2.1355,49.055305]],[[2.139764,49.055527],[2.139857,49.055457],[2.140071,49.055426],[2.140244,49.055508],[2.140292,49.055622],[2.140219,49.055727],[2.14008,49.055789],[2.139906,49.055781],[2.139764,49.055701]],[[2.140283,49.05557],[2.140612,49.055679],[2.140247,49.055703]],[[2.140612,49.055679],[2.142226,49.055828],[2.145199,49.056344],[2.145781,49.05636],[2.145725,49.056464],[2.145755,49.05655],[2.145585,49.056451],[2.145199,49.056344]],[[2.146223,49.056615],[2.145987,49.056664],[2.145755,49.05655]],[[2.145781,49.05636],[2.145918,49.056297],[2.146094,49.05629],[2.146195,49.056319],[2.146308,49.056431]]]}},{"type":"Feature","properties":{"tsid":"TS09500827","name":"A16","debut":"fin de la route A16","fin":"fin de la route A16","categorie":"2","es":"250","cl_admin":"Autoroute","largeur":"10m","gestion":"Opérateur privé : SANEF","com_conc":"Chambly,Persan,Mours,L'Isle-Adam,Ronquerolles,Champagne-sur-Oise","com_conid":"60139,95487,95436,95313,95529,95134"},"geometry":{"type":"MultiLineString","coordinates":[[[2.229744,49.166867],[2.230294,49.16593],[2.231164,49.164677],[2.232164,49.163446],[2.233329,49.162271],[2.234105,49.161579],[2.235068,49.160809],[2.243269,49.154734],[2.244177,49.153975],[2.24498,49.153189],[2.245863,49.152145],[2.246547,49.151138],[2.246952,49.150428],[2.249307,49.145779],[2.25067,49.142773],[2.2523,49.138591],[2.252737,49.137094],[2.253066,49.135536],[2.253251,49.134375],[2.253361,49.13301],[2.253429,49.130688],[2.253306,49.126032],[2.253129,49.124051],[2.252665,49.120661]]]}},{"type":"Feature","properties":{"tsid":"TS09500699","name":"D922","debut":null,"fin":"fin de la route D922","categorie":"4","es":"30","cl_admin":"Départementale","largeur":"5m","gestion":"Conseil Départementale Val-d'Oise","com_conc":"Luzarches","com_conid":"95352"},"geometry":{"type":"MultiLineString","coordinates":[[[2.393884,49.112055],[2.395399,49.112063],[2.396553,49.112206],[2.39793,49.112544],[2.398414,49.112743],[2.398899,49.113015],[2.399679,49.113578],[2.400551,49.11432],[2.403212,49.116887],[2.403528,49.117262],[2.403857,49.117805],[2.403988,49.118127],[2.404089,49.118737]],[[2.397252,49.112363],[2.398143,49.112679],[2.398715,49.11297],[2.399627,49.113616],[2.400402,49.114276],[2.402626,49.116387],[2.403298,49.117101],[2.403716,49.117704],[2.403948,49.118388]]]}},{"type":"Feature","properties":{"tsid":"TS09500825","name":"A16","debut":"fin de la route A16","fin":"limite commune Ronquerolles (95529),Chambly (95529)","categorie":"2","es":"250","cl_admin":"Autoroute","largeur":"10m","gestion":"Opérateur privé : SANEF","com_conc":"Méru,Bornel,Ronquerolles,Belle-Église,Amblainville,Chambly","com_conid":"60395,60088,95529,60060,60010,60139"},"geometry":{"type":"MultiLineString","coordinates":[[[2.146309,49.212655],[2.150543,49.211448],[2.1628,49.207606],[2.164815,49.206921],[2.166453,49.206273],[2.168228,49.205408],[2.169592,49.20481],[2.170951,49.204334],[2.171924,49.203911],[2.191301,49.194936],[2.193933,49.193651],[2.196418,49.192343],[2.202467,49.188909],[2.220217,49.179736],[2.221571,49.178902],[2.223225,49.177692],[2.224608,49.176448],[2.225369,49.17564],[2.226028,49.174853],[2.226875,49.173621],[2.227714,49.172075],[2.228151,49.170998],[2.229261,49.167878]]]}},{"type":"Feature","properties":{"tsid":"TS09500146","name":"D370","debut":"fin de la route PL VICTOR HUGO","fin":"fin de la route D370","categorie":"4","es":"30","cl_admin":"Départementale","largeur":"de 3m à 5m","gestion":"Conseil Départementale Val-d'Oise","com_conc":"Villiers-le-Bel","com_conid":"95680"},"geometry":{"type":"MultiLineString","coordinates":[[[2.397808,49.005085],[2.399443,49.004047]],[[2.39956,49.004117],[2.398781,49.004554],[2.39856,49.004633]]]}},{"type":"Feature","properties":{"tsid":"TS09501112","name":"AV AUGUSTE PERRET","debut":null,"fin":null,"categorie":"4","es":"30","cl_admin":null,"largeur":"5m","gestion":"Probable route communale ou intercommunale","com_conc":"Sarcelles,Garges-lès-Gonesse","com_conid":"95585,95268"},"geometry":{"type":"MultiLineString","coordinates":[[[2.378608,48.976558],[2.379103,48.976398],[2.387015,48.975173],[2.387646,48.97482]]]}},{"type":"Feature","properties":{"tsid":"TS09500147","name":"D370","debut":"fin de la route D370","fin":"séparation de la route en D370,R ARTHUR RIMBAUD","categorie":"4","es":"30","cl_admin":"Départementale","largeur":"de 3m à 5m","gestion":"Conseil Départementale Val-d'Oise","com_conc":"Villiers-le-Bel","com_conid":"95680"},"geometry":{"type":"MultiLineString","coordinates":[[[2.414202,48.999021],[2.414339,48.999095]]]}},{"type":"Feature","properties":{"tsid":"TS09501080","name":"AV CLAUDE MAILLAT","debut":null,"fin":"séparation de la route en AV DENIS PAPIN,AV LAFONTAINE,R COROT","categorie":"5","es":"10","cl_admin":null,"largeur":"5m","gestion":"Probable route communale ou intercommunale","com_conc":"Arnouville","com_conid":"95019"},"geometry":{"type":"MultiLineString","coordinates":[[[2.407456,48.989093],[2.409126,48.990259],[2.409434,48.99063]]]}},{"type":"Feature","properties":{"tsid":"TS09500059","name":"AV DE CHOISEUL","debut":"continue route AV DE CHOISEUL sur 32 m","fin":"fin de la route AV DENIS PAPIN","categorie":"5","es":"10","cl_admin":null,"largeur":"5m","gestion":"Probable route communale ou intercommunale","com_conc":"Arnouville","com_conid":"95019"},"geometry":{"type":"MultiLineString","coordinates":[[[2.414413,48.993734],[2.414847,48.993718]]]}},{"type":"Feature","properties":{"tsid":"TS09500243","name":"AV DE PARIS","debut":null,"fin":"fin de la route R ABBE BREUIL","categorie":"5","es":"10","cl_admin":null,"largeur":"5m","gestion":"Probable route communale ou intercommunale","com_conc":"L'Isle-Adam","com_conid":"95313"},"geometry":{"type":"MultiLineString","coordinates":[[[2.219522,49.112086],[2.217374,49.11266]]]}},{"type":"Feature","properties":{"tsid":"TS09500918","name":"AV DE VERDUN","debut":null,"fin":"fin de la route CHE DES CLOS TRIPIERS","categorie":"4","es":"30","cl_admin":null,"largeur":"5m","gestion":"Probable route communale ou intercommunale","com_conc":"Pontoise","com_conid":"95500"},"geometry":{"type":"MultiLineString","coordinates":[[[2.090734,49.044453],[2.09069,49.043326],[2.08975,49.040863]]]}},{"type":"Feature","properties":{"tsid":"TS09500970","name":"AV DES 3 FONTAINES","debut":null,"fin":"continue route AV DES 3 FONTAINES sur 12 m","categorie":"4","es":"30","cl_admin":null,"largeur":"5m","gestion":"Probable route communale ou intercommunale","com_conc":"Cergy","com_conid":"95127"},"geometry":{"type":"MultiLineString","coordinates":[[[2.073039,49.037484],[2.073909,49.036889],[2.074199,49.036761],[2.074431,49.036734],[2.074792,49.036796],[2.075836,49.037409]]]}},{"type":"Feature","properties":{"tsid":"TS09501055","name":"AV DE VERDUN","debut":"fin de la route D984","fin":"limite commune Saint-Ouen-l'Aumône (95572),Éragny (95572)","categorie":"4","es":"30","cl_admin":null,"largeur":"3m","gestion":"Probable route communale ou intercommunale","com_conc":"Éragny,Saint-Ouen-l'Aumône","com_conid":"95218,95572"},"geometry":{"type":"MultiLineString","coordinates":[[[2.102015,49.034146],[2.101901,49.033938]]]}},{"type":"Feature","properties":{"tsid":"TS09501056","name":"AV DE VERDUN","debut":"fin de la route D984","fin":"fin de la route D984","categorie":"4","es":"30","cl_admin":null,"largeur":"3m","gestion":"Probable route communale ou intercommunale","com_conc":"Saint-Ouen-l'Aumône","com_conid":"95572"},"geometry":{"type":"MultiLineString","coordinates":[[[2.102202,49.035086],[2.102196,49.034806]]]}},{"type":"Feature","properties":{"tsid":"TS09500479","name":"D301F1","debut":"fin de la route D922","fin":"fin de la route D301","categorie":"2","es":"250","cl_admin":"Départementale","largeur":"4m","gestion":"Conseil Départementale Val-d'Oise","com_conc":"Mours","com_conid":"95436"},"geometry":{"type":"MultiLineString","coordinates":[[[2.257234,49.128205],[2.257145,49.12801],[2.256968,49.127803],[2.256456,49.127339],[2.255999,49.127164],[2.25561,49.127191],[2.255331,49.127349],[2.255225,49.127535],[2.255298,49.127852],[2.255512,49.128253],[2.25558,49.128523]]]}},{"type":"Feature","properties":{"tsid":"TS09500549","name":"AV DU 8 MAI 1945","debut":"Intersection AV DU 8 MAI 1945,D316A1","fin":"Intersection AV DU 8 MAI 1945,D316A2","categorie":"3","es":"100","cl_admin":null,"largeur":"5m","gestion":"Probable route communale ou intercommunale","com_conc":"Sarcelles","com_conid":"95585"},"geometry":{"type":"MultiLineString","coordinates":[[[2.368044,48.978077],[2.368082,48.978069]]]}},{"type":"Feature","properties":{"tsid":"TS09500711","name":"R DE LA NONAISE","debut":null,"fin":"fin de la route BD MARCEAU GUILLOT","categorie":"4","es":"30","cl_admin":null,"largeur":"5m","gestion":"Probable route communale ou intercommunale","com_conc":"Argenteuil","com_conid":"95018"},"geometry":{"type":"MultiLineString","coordinates":[[[2.235862,48.953045],[2.240643,48.954205],[2.241277,48.95441],[2.242321,48.954875]]]}},{"type":"Feature","properties":{"tsid":"TS09501068","name":"AV DU 8 MAI 1945","debut":null,"fin":"debut route AV DU 8 MAI 1945","categorie":"4","es":"30","cl_admin":null,"largeur":"5m","gestion":"Probable route communale ou intercommunale","com_conc":"Sarcelles","com_conid":"95585"},"geometry":{"type":"MultiLineString","coordinates":[[[2.368082,48.978069],[2.378379,48.976453],[2.378471,48.976454],[2.378608,48.976558]],[[2.378471,48.976454],[2.379103,48.976398]]]}},{"type":"Feature","properties":{"tsid":"TS09500329","name":"AV DU BOIS DE LA PIE","debut":"continue route AV DU BOIS DE LA PIE sur 53 m","fin":"limite commune Roissy-en-France (95527),Tremblay-en-France (95527)","categorie":"4","es":"30","cl_admin":null,"largeur":"7m","gestion":"Probable route communale ou intercommunale","com_conc":"Tremblay-en-France,Roissy-en-France","com_conid":"93073,95527"},"geometry":{"type":"MultiLineString","coordinates":[[[2.511182,48.98079],[2.510589,48.980517]]]}},{"type":"Feature","properties":{"tsid":"TS09500554","name":"AV FERNAND CHATELAIN","debut":null,"fin":"fin de la route AV DU GROS CHENE","categorie":"4","es":"30","cl_admin":null,"largeur":"5m","gestion":"Probable route communale ou intercommunale","com_conc":"Éragny","com_conid":"95218"},"geometry":{"type":"MultiLineString","coordinates":[[[2.107561,49.02027],[2.110703,49.022974],[2.111104,49.023408],[2.11233,49.024428]]]}},{"type":"Feature","properties":{"tsid":"TS09500527","name":"AV GAVIGNOT","debut":"limite commune Soisy-sous-Montmorency (95210),Enghien-les-Bains (95210)","fin":"limite commune Enghien-les-Bains (95210),Soisy-sous-Montmorency (95210)","categorie":"4","es":"30","cl_admin":null,"largeur":"5m","gestion":"Probable route communale ou intercommunale","com_conc":"Soisy-sous-Montmorency,Enghien-les-Bains","com_conid":"95598,95210"},"geometry":{"type":"MultiLineString","coordinates":[[[2.301015,48.977029],[2.301055,48.976607]]]}},{"type":"Feature","properties":{"tsid":"TS09500101","name":"D301H1","debut":"fin de la route D301","fin":"fin de la route D4","categorie":"4","es":"30","cl_admin":"Départementale","largeur":"3m","gestion":"Conseil Départementale Val-d'Oise","com_conc":"Champagne-sur-Oise","com_conid":"95134"},"geometry":{"type":"MultiLineString","coordinates":[[[2.25195,49.14182],[2.251734,49.142461],[2.251796,49.142608],[2.252028,49.142779]]]}},{"type":"Feature","properties":{"tsid":"TS09501034","name":"D301H2","debut":"fin de la route D301","fin":"fin de la route D4","categorie":"4","es":"30","cl_admin":"Départementale","largeur":"3m","gestion":"Conseil Départementale Val-d'Oise","com_conc":"Champagne-sur-Oise","com_conid":"95134"},"geometry":{"type":"MultiLineString","coordinates":[[[2.251315,49.143095],[2.251605,49.142766],[2.251741,49.142729],[2.252028,49.142779]]]}},{"type":"Feature","properties":{"tsid":"TS09500031","name":"AV DU PONCEAU","debut":"fin de la route AV DU NORD","fin":"Intersection AV DU NORD,AV DU PONCEAU","categorie":"3","es":"100","cl_admin":null,"largeur":"4m","gestion":"Probable route communale ou intercommunale","com_conc":"Cergy","com_conid":"95127"},"geometry":{"type":"MultiLineString","coordinates":[[[2.069322,49.039805],[2.069364,49.039721]]]}},{"type":"Feature","properties":{"tsid":"TS09500768","name":"AV HENRI BARBUSSE","debut":null,"fin":"Intersection AV HENRI BARBUSSE,D208","categorie":"4","es":"30","cl_admin":null,"largeur":"5m","gestion":"Probable route communale ou intercommunale","com_conc":"Arnouville","com_conid":"95019"},"geometry":{"type":"MultiLineString","coordinates":[[[2.418619,48.983785],[2.416217,48.984885],[2.415954,48.985176],[2.415437,48.986198]]]}},{"type":"Feature","properties":{"tsid":"TS09501241","name":"D301H3","debut":"fin de la route D301","fin":"fin de la route D4E2","categorie":"5","es":"10","cl_admin":"Départementale","largeur":"3m","gestion":"Conseil Départementale Val-d'Oise","com_conc":"Champagne-sur-Oise","com_conid":"95134"},"geometry":{"type":"MultiLineString","coordinates":[[[2.251169,49.143164],[2.251356,49.142617],[2.251324,49.142516],[2.251186,49.142382]]]}},{"type":"Feature","properties":{"tsid":"TS09500997","name":"AV KENNEDY","debut":null,"fin":"fin de la route D915Z","categorie":"4","es":"30","cl_admin":null,"largeur":"5m","gestion":"Probable route communale ou intercommunale","com_conc":"Pontoise","com_conid":"95500"},"geometry":{"type":"MultiLineString","coordinates":[[[2.093901,49.062871],[2.090747,49.062932],[2.08973,49.062857]]]}},{"type":"Feature","properties":{"tsid":"TS09500781","name":"D301H4","debut":"fin de la route D301","fin":"fin de la route D4E2","categorie":"5","es":"10","cl_admin":"Départementale","largeur":"3m","gestion":"Conseil Départementale Val-d'Oise","com_conc":"Champagne-sur-Oise","com_conid":"95134"},"geometry":{"type":"MultiLineString","coordinates":[[[2.251859,49.141781],[2.251521,49.14233],[2.251383,49.142397],[2.251186,49.142382]]]}},{"type":"Feature","properties":{"tsid":"TS09500739","name":"AV PAUL VALERY","debut":"continue route AV PAUL VALERY sur 44 m","fin":"fin de la route BD EDOUARD BRANLY","categorie":"4","es":"30","cl_admin":null,"largeur":"4m","gestion":"Probable route communale ou intercommunale","com_conc":"Sarcelles","com_conid":"95585"},"geometry":{"type":"MultiLineString","coordinates":[[[2.374188,48.980179],[2.379471,48.97937]]]}},{"type":"Feature","properties":{"tsid":"TS09501284","name":"D4","debut":"debut route D4","fin":"fin de la route D4","categorie":"4","es":"30","cl_admin":"Départementale","largeur":"5m","gestion":"Conseil Départementale Val-d'Oise","com_conc":"Persan","com_conid":"95487"},"geometry":{"type":"MultiLineString","coordinates":[[[2.263521,49.157164],[2.263921,49.15719],[2.264056,49.157243],[2.264084,49.157395],[2.263895,49.157479]]]}},{"type":"Feature","properties":{"tsid":"TS09500599","name":"BD D'OSNY","debut":null,"fin":"continue route BD D'OSNY sur 115 m","categorie":"4","es":"30","cl_admin":null,"largeur":"5m","gestion":"Probable route communale ou intercommunale","com_conc":"Cergy","com_conid":"95127"},"geometry":{"type":"MultiLineString","coordinates":[[[2.044635,49.048457],[2.044843,49.049256],[2.045142,49.049964],[2.045968,49.05124],[2.046315,49.051473],[2.0465,49.051712]],[[2.046239,49.051739],[2.045968,49.05124]]]}},{"type":"Feature","properties":{"tsid":"TS09500424","name":"BD DE L'OISE","debut":null,"fin":"fin de la route BD DE L'HAUTIL","categorie":"3","es":"100","cl_admin":null,"largeur":"de 5m à 14m","gestion":"Probable route communale ou intercommunale","com_conc":"Cergy","com_conid":"95127"},"geometry":{"type":"MultiLineString","coordinates":[[[2.080446,49.036573],[2.082758,49.034925]]]}},{"type":"Feature","properties":{"tsid":"TS09500350","name":"D409","debut":"fin de la route D409","fin":"fin de la route D409","categorie":"1","es":"300","cl_admin":"Départementale","largeur":"5m","gestion":"Conseil Départementale Val-d'Oise","com_conc":"Taverny","com_conid":"95607"},"geometry":{"type":"MultiLineString","coordinates":[[[2.203403,49.027919],[2.203703,49.028009],[2.203909,49.028192]]]}},{"type":"Feature","properties":{"tsid":"TS09500030","name":"BD DE L'OISE","debut":"continue route BD DE L'OISE sur 42 m","fin":"continue route BD DE L'OISE sur 20 m","categorie":"4","es":"30","cl_admin":null,"largeur":"5m","gestion":"Probable route communale ou intercommunale","com_conc":"Cergy","com_conid":"95127"},"geometry":{"type":"MultiLineString","coordinates":[[[2.078988,49.037704],[2.078535,49.037943],[2.078623,49.03777]]]}},{"type":"Feature","properties":{"tsid":"TS09500637","name":"BD DE LA CRETE","debut":null,"fin":"continue route BD DE LA CRETE sur 28 m","categorie":"4","es":"30","cl_admin":null,"largeur":"de 3m à 5m","gestion":"Probable route communale ou intercommunale","com_conc":"Courdimanche","com_conid":"95183"},"geometry":{"type":"MultiLineString","coordinates":[[[2.001589,49.038943],[2.001747,49.038986],[2.002065,49.039233],[2.004602,49.041835],[2.004911,49.042033]],[[2.004729,49.042071],[2.004602,49.041835]]]}},{"type":"Feature","properties":{"tsid":"TS09500725","name":"AV DES GROUETTES","debut":"Intersection AV DES GROUETTES,Route sans nom","fin":"fin de la route BD DE L'HAUTIL","categorie":"4","es":"30","cl_admin":null,"largeur":"4m","gestion":"Probable route communale ou intercommunale","com_conc":"Cergy","com_conid":"95127"},"geometry":{"type":"MultiLineString","coordinates":[[[2.067055,49.033692],[2.068098,49.032525],[2.069256,49.03159],[2.070669,49.0306]]]}},{"type":"Feature","properties":{"tsid":"TS09500766","name":"BD DU 11 NOVEMBRE 1918","debut":null,"fin":"séparation de la route en BD GEORGES CLEMENCEAU,R DU PORT AUX VINS","categorie":"4","es":"30","cl_admin":null,"largeur":"5m","gestion":"Probable route communale ou intercommunale","com_conc":"Herblay-sur-Seine","com_conid":"95306"},"geometry":{"type":"MultiLineString","coordinates":[[[2.163937,48.989797],[2.16709,48.987995]]]}},{"type":"Feature","properties":{"tsid":"TS09501075","name":"BD DU GENERAL DELAMBRE","debut":"séparation de la route en AV JEAN JAURES","fin":"continue route BD DU GENERAL DELAMBRE sur 60 m","categorie":"3","es":"100","cl_admin":null,"largeur":"5m","gestion":"Probable route communale ou intercommunale","com_conc":"Argenteuil","com_conid":"95018"},"geometry":{"type":"MultiLineString","coordinates":[[[2.223676,48.940482],[2.223507,48.938916]]]}},{"type":"Feature","properties":{"tsid":"TS09500284","name":"D4","debut":"debut route D4","fin":"séparation de la route en D4,D78","categorie":"2","es":"250","cl_admin":"Départementale","largeur":"7m","gestion":"Conseil Départementale Val-d'Oise","com_conc":"Persan","com_conid":"95487"},"geometry":{"type":"MultiLineString","coordinates":[[[2.263895,49.157479],[2.263539,49.157498]]]}},{"type":"Feature","properties":{"tsid":"TS09501007","name":"D4","debut":"fin de la route D4B1","fin":"fin de la route D4","categorie":"3","es":"100","cl_admin":"Départementale","largeur":"5m","gestion":"Conseil Départementale Val-d'Oise","com_conc":"Persan","com_conid":"95487"},"geometry":{"type":"MultiLineString","coordinates":[[[2.251743,49.151348],[2.252041,49.151477],[2.252451,49.151841],[2.252623,49.151934]],[[2.252274,49.152063],[2.252276,49.1518],[2.252103,49.151528]]]}},{"type":"Feature","properties":{"tsid":"TS09501282","name":"D4","debut":"continue route D4 sur 61 m","fin":"fin de la route D4","categorie":"4","es":"30","cl_admin":"Départementale","largeur":"5m","gestion":"Conseil Départementale Val-d'Oise","com_conc":"Parmain,Persan,Champagne-sur-Oise","com_conid":"95480,95487,95134"},"geometry":{"type":"MultiLineString","coordinates":[[[2.209367,49.113861],[2.209997,49.116469],[2.210001,49.11708],[2.209873,49.117686],[2.209986,49.11861],[2.210607,49.120346],[2.211225,49.121903],[2.212314,49.124235],[2.212584,49.124714],[2.212977,49.125128],[2.213204,49.125256],[2.21304,49.125263],[2.212933,49.125341],[2.212909,49.125222],[2.212584,49.124714]],[[2.213204,49.125256],[2.21331,49.125305],[2.213345,49.125381],[2.213327,49.125464],[2.213239,49.125522],[2.21299,49.125499],[2.212932,49.125436],[2.212933,49.125341]],[[2.213322,49.125328],[2.214232,49.125691],[2.213516,49.125474],[2.213291,49.1255]],[[2.214232,49.125691],[2.215702,49.12626],[2.223342,49.129751],[2.234797,49.133505],[2.23727,49.13455],[2.240504,49.13557],[2.24204,49.135942],[2.245527,49.1371],[2.249812,49.1386],[2.253211,49.139636],[2.254454,49.140144],[2.254829,49.140348],[2.25512,49.140587],[2.255322,49.140855],[2.255418,49.141114],[2.2554,49.141523],[2.254934,49.143149],[2.254784,49.143861],[2.25464,49.143915],[2.254367,49.143897],[2.252028,49.142779]],[[2.254733,49.143897],[2.254724,49.143993],[2.25478,49.144047],[2.254367,49.143897]],[[2.254784,49.143861],[2.255015,49.143859],[2.255088,49.143966],[2.254973,49.144075],[2.25478,49.144047]],[[2.254881,49.14342],[2.254924,49.143721],[2.255015,49.143859]]]}},{"type":"Feature","properties":{"tsid":"TS09501283","name":"D4","debut":"fin de la route D4","fin":"fin de la route D4","categorie":"4","es":"30","cl_admin":"Départementale","largeur":"5m","gestion":"Conseil Départementale Val-d'Oise","com_conc":"Persan","com_conid":"95487"},"geometry":{"type":"MultiLineString","coordinates":[[[2.263539,49.157498],[2.263356,49.157378]]]}},{"type":"Feature","properties":{"tsid":"TS09501209","name":"D401","debut":"fin de la route D14","fin":"fin de la route D401","categorie":"4","es":"30","cl_admin":"Départementale","largeur":"5m","gestion":"Conseil Départementale Val-d'Oise","com_conc":"Ermont,Sannois","com_conid":"95219,95582"},"geometry":{"type":"MultiLineString","coordinates":[[[2.242652,48.977453],[2.243183,48.97804],[2.243138,48.97808],[2.243161,48.978143],[2.2433,48.97816],[2.24335,48.97812],[2.243341,48.978058],[2.243183,48.97804]],[[2.2433,48.97816],[2.244307,48.979124],[2.244778,48.979712],[2.244858,48.979754],[2.245802,48.981349],[2.246082,48.981926]],[[2.245949,48.981962],[2.245647,48.981311],[2.244778,48.979712]]]}},{"type":"Feature","properties":{"tsid":"TS09500718","name":"R D'ERAGNY","debut":"fin de la route D48","fin":"limite commune Herblay-sur-Seine (95306),Conflans-Sainte-Honorine (95306)","categorie":"4","es":"30","cl_admin":null,"largeur":"5m","gestion":"Probable route communale ou intercommunale","com_conc":"Conflans-Sainte-Honorine,Herblay-sur-Seine","com_conid":"78172,95306"},"geometry":{"type":"MultiLineString","coordinates":[[[2.127466,49.004844],[2.1272,49.005013],[2.126243,49.005318],[2.12495,49.00605]]]}},{"type":"Feature","properties":{"tsid":"TS09500563","name":"D48","debut":"Intersection BD JOFFRE,D48","fin":"limite commune Herblay-sur-Seine (95306),Montigny-lès-Cormeilles (95306)","categorie":"3","es":"100","cl_admin":"Départementale","largeur":"de 5m à 12m","gestion":"Conseil Départementale Val-d'Oise","com_conc":"Montigny-lès-Cormeilles,Herblay-sur-Seine","com_conid":"95424,95306"},"geometry":{"type":"MultiLineString","coordinates":[[[2.177157,48.993617],[2.177426,48.993292],[2.177784,48.992658],[2.17815,48.992277],[2.178753,48.991838],[2.179731,48.991421]]]}},{"type":"Feature","properties":{"tsid":"TS09501188","name":"BD GALLIENI","debut":"fin de la route R DU PERREUX","fin":"Intersection BD GALLIENI,D48","categorie":"3","es":"100","cl_admin":null,"largeur":"5m","gestion":"Probable route communale ou intercommunale","com_conc":"Argenteuil","com_conid":"95018"},"geometry":{"type":"MultiLineString","coordinates":[[[2.238184,48.940164],[2.24231,48.942188],[2.243001,48.942697]]]}},{"type":"Feature","properties":{"tsid":"TS09500120","name":"CAR GEORGES BRASSENS","debut":"Intersection CAR GEORGES BRASSENS,R DE CREIL","fin":"Intersection CAR GEORGES BRASSENS,GRANDE RUE","categorie":"4","es":"30","cl_admin":null,"largeur":"5m","gestion":"Probable route communale ou intercommunale","com_conc":"Bernes-sur-Oise","com_conid":"95058"},"geometry":{"type":"MultiLineString","coordinates":[[[2.299682,49.161471],[2.300096,49.161452]]]}},{"type":"Feature","properties":{"tsid":"TS09501169","name":"CHE VERT","debut":"séparation de la route en D10,D316C3,R DES GELINIERES","fin":"limite commune Sarcelles (95680),Villiers-le-Bel (95680)","categorie":"3","es":"100","cl_admin":null,"largeur":"5m","gestion":"Probable route communale ou intercommunale","com_conc":"Villiers-le-Bel","com_conid":"95680"},"geometry":{"type":"MultiLineString","coordinates":[[[2.384677,49.001543],[2.384455,49.001356]]]}},{"type":"Feature","properties":{"tsid":"TS09500142","name":"GR DES TAVERNES","debut":null,"fin":"continue route GR DES TAVERNES sur 14 m","categorie":"2","es":"250","cl_admin":null,"largeur":"7m","gestion":"Probable route communale ou intercommunale","com_conc":"Cléry-en-Vexin,Banthelu","com_conid":"95166,95046"},"geometry":{"type":"MultiLineString","coordinates":[[[1.831581,49.133672],[1.831742,49.133708],[1.831998,49.133653],[1.839982,49.130515]]]}},{"type":"Feature","properties":{"tsid":"TS09501205","name":"GRANDE RUE","debut":null,"fin":"fin de la route R FORTUNE CHARLOT","categorie":"4","es":"30","cl_admin":null,"largeur":"5m","gestion":"Probable route communale ou intercommunale","com_conc":"Montigny-lès-Cormeilles","com_conid":"95424"},"geometry":{"type":"MultiLineString","coordinates":[[[2.188468,48.985071],[2.188455,48.985517],[2.18852,48.985933],[2.188902,48.986646],[2.188936,48.986831]]]}},{"type":"Feature","properties":{"tsid":"TS09500917","name":"GRANDE RUE","debut":null,"fin":"fin de la route D55A","categorie":"4","es":"30","cl_admin":null,"largeur":"5m","gestion":"Probable route communale ou intercommunale","com_conc":"Jouy-le-Moutier","com_conid":"95323"},"geometry":{"type":"MultiLineString","coordinates":[[[2.042608,49.019728],[2.043966,49.019112],[2.045441,49.018294],[2.045789,49.017954],[2.046427,49.016772],[2.046542,49.016401],[2.04705,49.016219],[2.047392,49.015907],[2.049147,49.014944],[2.050767,49.013762],[2.052561,49.012751],[2.052921,49.012463],[2.053613,49.012301]]]}},{"type":"Feature","properties":{"tsid":"TS09500273","name":"D4B2","debut":"fin de la route D4B1","fin":"fin de la route D301","categorie":"3","es":"100","cl_admin":"Départementale","largeur":"3m","gestion":"Conseil Départementale Val-d'Oise","com_conc":"Persan","com_conid":"95487"},"geometry":{"type":"MultiLineString","coordinates":[[[2.251743,49.151348],[2.250302,49.150913],[2.249419,49.150721],[2.248762,49.150657],[2.248302,49.150713],[2.247799,49.150878],[2.247428,49.151148],[2.246729,49.152189]]]}},{"type":"Feature","properties":{"tsid":"TS09501078","name":"R ANDRE CITROEN","debut":null,"fin":"debut route R ANDRE CITROEN","categorie":"4","es":"30","cl_admin":null,"largeur":"5m","gestion":"Probable route communale ou intercommunale","com_conc":"Franconville,Montigny-lès-Cormeilles","com_conid":"95252,95424"},"geometry":{"type":"MultiLineString","coordinates":[[[2.206402,48.991425],[2.208718,48.990542],[2.208795,48.990584],[2.208939,48.990573],[2.208998,48.990516],[2.208981,48.99043],[2.208778,48.990381],[2.208684,48.990443],[2.208718,48.990542]],[[2.20895,48.990399],[2.211703,48.989222],[2.212111,48.989101],[2.212194,48.989194],[2.212006,48.989182],[2.211679,48.989276],[2.20915,48.990373],[2.208999,48.990489]],[[2.212111,48.989101],[2.212235,48.989049],[2.212336,48.989094],[2.212328,48.98917],[2.212194,48.989194]]]}},{"type":"Feature","properties":{"tsid":"TS09500661","name":"R ANTOINE DE SAINT-EXUPERY","debut":"fin de la route D370","fin":"fin de la route RPT DE LA CROIX SAINT-BENOIT","categorie":"4","es":"30","cl_admin":null,"largeur":"5m","gestion":"Probable route communale ou intercommunale","com_conc":"Gonesse","com_conid":"95277"},"geometry":{"type":"MultiLineString","coordinates":[[[2.443554,48.981536],[2.442847,48.98103],[2.442623,48.980851],[2.442557,48.980743]]]}},{"type":"Feature","properties":{"tsid":"TS09500012","name":"R D'EPLUCHES","debut":null,"fin":"continue route R D'EPLUCHES sur 27 m","categorie":"4","es":"30","cl_admin":null,"largeur":"4m","gestion":"Probable route communale ou intercommunale","com_conc":"Saint-Ouen-l'Aumône","com_conid":"95572"},"geometry":{"type":"MultiLineString","coordinates":[[[2.117038,49.052863],[2.117263,49.05303],[2.119406,49.054039],[2.121058,49.05493],[2.122103,49.055516],[2.123728,49.056548],[2.124063,49.056687],[2.123938,49.05675],[2.123728,49.056548]],[[2.124063,49.056687],[2.124146,49.056717],[2.124428,49.056992],[2.124188,49.056858],[2.123981,49.056817],[2.123938,49.05675]],[[2.124165,49.056742],[2.124075,49.05683]],[[2.124428,49.056992],[2.125218,49.05793],[2.125911,49.058586],[2.126269,49.058775],[2.126845,49.058878]]]}},{"type":"Feature","properties":{"tsid":"TS09501243","name":"R AUGUSTE DELAUNE","debut":"debut route R AUGUSTE DELAUNE","fin":"fin de la route AV DE LA GLACIERE","categorie":"4","es":"30","cl_admin":null,"largeur":"5m","gestion":"Probable route communale ou intercommunale","com_conc":"Argenteuil","com_conid":"95018"},"geometry":{"type":"MultiLineString","coordinates":[[[2.230845,48.935511],[2.230903,48.935653]]]}},{"type":"Feature","properties":{"tsid":"TS09500643","name":"R D'ERMONT","debut":null,"fin":"fin de la route D470","categorie":"4","es":"30","cl_admin":null,"largeur":"5m","gestion":"Probable route communale ou intercommunale","com_conc":"Saint-Gratien,Sannois","com_conid":"95555,95582"},"geometry":{"type":"MultiLineString","coordinates":[[[2.272197,48.974514],[2.273703,48.973921],[2.274019,48.97387]]]}},{"type":"Feature","properties":{"tsid":"TS09501046","name":"R DE GONESSE","debut":null,"fin":"Intersection R DE GONESSE,SEN DU NIVEAU","categorie":"4","es":"30","cl_admin":null,"largeur":"5m","gestion":"Probable route communale ou intercommunale","com_conc":"Gonesse,Bonneuil-en-France","com_conid":"95277,95088"},"geometry":{"type":"MultiLineString","coordinates":[[[2.431913,48.974846],[2.433485,48.976372],[2.434385,48.977083],[2.434537,48.977389],[2.434728,48.97828],[2.434958,48.97862]]]}},{"type":"Feature","properties":{"tsid":"TS09500432","name":"R D'HERBLAY","debut":"limite commune Pierrelaye (95488),Herblay-sur-Seine (95488)","fin":"continue route R D'HERBLAY sur 26 m","categorie":"4","es":"30","cl_admin":null,"largeur":"5m","gestion":"Probable route communale ou intercommunale","com_conc":"Pierrelaye","com_conid":"95488"},"geometry":{"type":"MultiLineString","coordinates":[[[2.155261,49.011787],[2.155261,49.012016]]]}},{"type":"Feature","properties":{"tsid":"TS09501237","name":"D48E","debut":"limite département Val-d'Oise (95),Yvelines (78)","fin":"limite commune Éragny (78172),Conflans-Sainte-Honorine (78172)","categorie":"2","es":"250","cl_admin":"Départementale","largeur":"6m","gestion":"Conseil Départementale Val-d'Oise","com_conc":"Conflans-Sainte-Honorine,Éragny","com_conid":"78172,95218"},"geometry":{"type":"MultiLineString","coordinates":[[[2.089918,49.013312],[2.089749,49.013361]]]}},{"type":"Feature","properties":{"tsid":"TS09500279","name":"D48E","debut":"limite département Val-d'Oise (95),Yvelines (78)","fin":"limite départementale","categorie":"3","es":"100","cl_admin":"Départementale","largeur":"6m","gestion":"Conseil Départementale Val-d'Oise","com_conc":"Conflans-Sainte-Honorine,Éragny","com_conid":"78172,95218"},"geometry":{"type":"MultiLineString","coordinates":[[[2.09261,49.012592],[2.092622,49.012514],[2.092802,49.012489],[2.092872,49.012567],[2.09281,49.012632],[2.092695,49.012642],[2.09261,49.012592],[2.089918,49.013312]],[[2.098697,49.01104],[2.097221,49.011398],[2.095705,49.011877],[2.092859,49.012526]]]}},{"type":"Feature","properties":{"tsid":"TS09500819","name":"D48E","debut":"séparation de la route en D48E,Route sans nom","fin":"fin de la route D48E","categorie":"4","es":"30","cl_admin":"Départementale","largeur":"5m","gestion":"Conseil Départementale Val-d'Oise","com_conc":"Neuville-sur-Oise","com_conid":"95450"},"geometry":{"type":"MultiLineString","coordinates":[[[2.057325,49.014076],[2.057561,49.014243],[2.057747,49.014305],[2.057693,49.014429],[2.057503,49.014418],[2.057452,49.01433],[2.057561,49.014243]]]}},{"type":"Feature","properties":{"tsid":"TS09500721","name":"D4B1","debut":"debut route D4B1","fin":"séparation de la route en D4,D4B2","categorie":"3","es":"100","cl_admin":"Départementale","largeur":"de 4m à 7m","gestion":"Conseil Départementale Val-d'Oise","com_conc":"Persan","com_conid":"95487"},"geometry":{"type":"MultiLineString","coordinates":[[[2.248725,49.148262],[2.248476,49.149108],[2.248564,49.149475],[2.248755,49.149732],[2.249304,49.150169],[2.249934,49.150549],[2.251743,49.151348]]]}},{"type":"Feature","properties":{"tsid":"TS09500244","name":"D4E3","debut":"fin de la route D4E3","fin":"limite commune Persan (95487),Chambly (95487)","categorie":"3","es":"100","cl_admin":"Départementale","largeur":"7m","gestion":"Conseil Départementale Val-d'Oise","com_conc":"Chambly","com_conid":"60139"},"geometry":{"type":"MultiLineString","coordinates":[[[2.245748,49.153568],[2.246423,49.153445]]]}},{"type":"Feature","properties":{"tsid":"TS09500358","name":"R D'ERMONT","debut":"séparation de la route en D170B1,D470","fin":"continue route R D'ERMONT sur 4 m","categorie":"3","es":"100","cl_admin":null,"largeur":"5m","gestion":"Probable route communale ou intercommunale","com_conc":"Saint-Gratien","com_conid":"95555"},"geometry":{"type":"MultiLineString","coordinates":[[[2.277022,48.972636],[2.277441,48.97246],[2.277836,48.972393],[2.277616,48.97258],[2.27713,48.972772]],[[2.27825,48.972234],[2.277836,48.972393]]]}},{"type":"Feature","properties":{"tsid":"TS09501069","name":"D4E3","debut":"continue route D4E3 sur 80 m","fin":"limite commune Persan (95487),Chambly (95487)","categorie":"4","es":"30","cl_admin":"Départementale","largeur":"de 3m à 7m","gestion":"Conseil Départementale Val-d'Oise","com_conc":"Persan,Chambly","com_conid":"95487,60139"},"geometry":{"type":"MultiLineString","coordinates":[[[2.252167,49.152469],[2.251855,49.15272],[2.251028,49.153166],[2.250158,49.153441],[2.24926,49.153486],[2.246423,49.153445]],[[2.251255,49.153055],[2.251961,49.152736],[2.252364,49.15264]]]}},{"type":"Feature","properties":{"tsid":"TS09500241","name":"R DE MONTIGNY","debut":null,"fin":"limite commune Montigny-lès-Cormeilles (95176),Cormeilles-en-Parisis (95176)","categorie":"5","es":"10","cl_admin":null,"largeur":"5m","gestion":"Probable route communale ou intercommunale","com_conc":"Montigny-lès-Cormeilles,Cormeilles-en-Parisis","com_conid":"95424,95176"},"geometry":{"type":"MultiLineString","coordinates":[[[2.196013,48.976827],[2.196099,48.977201],[2.196067,48.977414],[2.195825,48.977963],[2.19529,48.978158],[2.192734,48.979327],[2.190705,48.980744],[2.190301,48.98129],[2.189941,48.982265],[2.189123,48.983278]]]}},{"type":"Feature","properties":{"tsid":"TS09501117","name":"R DE PARIS","debut":null,"fin":"debut route R DE PARIS","categorie":"4","es":"30","cl_admin":null,"largeur":"de 3m à 5m","gestion":"Probable route communale ou intercommunale","com_conc":"Bonneuil-en-France,Arnouville","com_conid":"95088,95019"},"geometry":{"type":"MultiLineString","coordinates":[[[2.425224,48.97596],[2.428909,48.974996],[2.429228,48.974943],[2.428977,48.975042],[2.428377,48.975154]],[[2.429228,48.974943],[2.431509,48.974334]]]}},{"type":"Feature","properties":{"tsid":"TS09500053","name":"R DE PARIS","debut":null,"fin":"fin de la route RTE DE LA GARE AU THILLAY","categorie":"5","es":"10","cl_admin":null,"largeur":"5m","gestion":"Probable route communale ou intercommunale","com_conc":"Le Thillay","com_conid":"95612"},"geometry":{"type":"MultiLineString","coordinates":[[[2.467461,48.999804],[2.468093,49.000387],[2.469119,49.000987],[2.469614,49.00133],[2.470756,49.002372],[2.471013,49.002513],[2.471541,49.002699],[2.472525,49.00379],[2.472608,49.00421],[2.472501,49.004508],[2.471366,49.006181],[2.471257,49.006423],[2.471209,49.006681],[2.471282,49.007089],[2.472186,49.008505],[2.472404,49.009049],[2.472551,49.009729]]]}},{"type":"Feature","properties":{"tsid":"TS09500713","name":"R AUGUSTE DELAUNE","debut":"continue route R AUGUSTE DELAUNE sur 36 m","fin":"continue route R AUGUSTE DELAUNE sur 44 m","categorie":"5","es":"10","cl_admin":null,"largeur":"5m","gestion":"Probable route communale ou intercommunale","com_conc":"Argenteuil","com_conid":"95018"},"geometry":{"type":"MultiLineString","coordinates":[[[2.230616,48.935224],[2.230845,48.935511]]]}},{"type":"Feature","properties":{"tsid":"TS09501115","name":"R DE VAUREAL","debut":null,"fin":"fin de la route R NATIONALE","categorie":"4","es":"30","cl_admin":null,"largeur":"5m","gestion":"Probable route communale ou intercommunale","com_conc":"Cergy","com_conid":"95127"},"geometry":{"type":"MultiLineString","coordinates":[[[2.058237,49.041632],[2.05729,49.042111],[2.056561,49.042255],[2.054505,49.043033],[2.052508,49.043626],[2.050136,49.043714],[2.048253,49.043476],[2.04628,49.043009],[2.043554,49.041772],[2.043326,49.041718],[2.042239,49.041648],[2.04088,49.040558],[2.039683,49.039814],[2.039167,49.039355],[2.038829,49.038933],[2.037721,49.037856],[2.037088,49.037415]]]}},{"type":"Feature","properties":{"tsid":"TS09500831","name":"R DES ANNIVERSAIRES","debut":null,"fin":"continue route R DES ANNIVERSAIRES sur 101 m","categorie":"4","es":"30","cl_admin":null,"largeur":"5m","gestion":"Probable route communale ou intercommunale","com_conc":"Roissy-en-France","com_conid":"95527"},"geometry":{"type":"MultiLineString","coordinates":[[[2.529705,49.014555],[2.529365,49.014972],[2.52937,49.015408],[2.529497,49.015728],[2.529677,49.015854],[2.529937,49.015936],[2.530833,49.016]]]}},{"type":"Feature","properties":{"tsid":"TS09500832","name":"R DES ANNIVERSAIRES","debut":null,"fin":"debut route R DES ANNIVERSAIRES","categorie":"4","es":"30","cl_admin":null,"largeur":"5m","gestion":"Probable route communale ou intercommunale","com_conc":"Roissy-en-France","com_conid":"95527"},"geometry":{"type":"MultiLineString","coordinates":[[[2.531662,49.00885],[2.53312,49.011764]]]}},{"type":"Feature","properties":{"tsid":"TS09500933","name":"R DES BAUVES","debut":"continue route R DES BAUVES sur 13 m","fin":"fin de la route R EMILE ZOLA","categorie":"2","es":"250","cl_admin":null,"largeur":"5m","gestion":"Probable route communale ou intercommunale","com_conc":"Sarcelles","com_conid":"95585"},"geometry":{"type":"MultiLineString","coordinates":[[[2.38604,48.991441],[2.386167,48.991363]]]}},{"type":"Feature","properties":{"tsid":"TS09500079","name":"R DES BLEUETS","debut":null,"fin":"séparation de la route en R DE L'AGRICULTURE,R DU 8 MAI 1945,R MOZART","categorie":"4","es":"30","cl_admin":null,"largeur":"5m","gestion":"Probable route communale ou intercommunale","com_conc":"Bezons","com_conid":"95063"},"geometry":{"type":"MultiLineString","coordinates":[[[2.217571,48.934383],[2.219148,48.932715]]]}},{"type":"Feature","properties":{"tsid":"TS09500004","name":"R DES LOGES","debut":null,"fin":"fin de la route R DE LA REPUBLIQUE","categorie":"4","es":"30","cl_admin":null,"largeur":"5m","gestion":"Probable route communale ou intercommunale","com_conc":"Montmorency","com_conid":"95428"},"geometry":{"type":"MultiLineString","coordinates":[[[2.312692,48.975937],[2.312031,48.976225],[2.31113,48.976837],[2.309123,48.977959],[2.308364,48.978302]]]}},{"type":"Feature","properties":{"tsid":"TS09501067","name":"AV DU 8 MAI 1945","debut":"Intersection AV DU 8 MAI 1945,D301","fin":"continue route AV DU 8 MAI 1945 sur 34 m","categorie":"4","es":"30","cl_admin":null,"largeur":"5m","gestion":"Probable route communale ou intercommunale","com_conc":"Sarcelles","com_conid":"95585"},"geometry":{"type":"MultiLineString","coordinates":[[[2.364307,48.978556],[2.364773,48.978523],[2.364527,48.978456],[2.364406,48.978304]],[[2.364773,48.978523],[2.368044,48.978077]]]}},{"type":"Feature","properties":{"tsid":"TS09500340","name":"AV DU BOIS DE LA PIE","debut":"fin de la route Route sans nom","fin":"fin de la route D902A","categorie":"4","es":"30","cl_admin":null,"largeur":"5m","gestion":"Probable route communale ou intercommunale","com_conc":"Roissy-en-France","com_conid":"95527"},"geometry":{"type":"MultiLineString","coordinates":[[[2.516303,48.991286],[2.516318,48.991424],[2.516884,48.992447],[2.517041,48.992577]]]}},{"type":"Feature","properties":{"tsid":"TS09500339","name":"AV DU BOIS DE LA PIE","debut":"fin de la route D902A","fin":"fin de la route Route sans nom","categorie":"4","es":"30","cl_admin":null,"largeur":"5m","gestion":"Probable route communale ou intercommunale","com_conc":"Roissy-en-France","com_conid":"95527"},"geometry":{"type":"MultiLineString","coordinates":[[[2.51674,48.992664],[2.516782,48.992546],[2.516755,48.992369],[2.516163,48.991316]]]}},{"type":"Feature","properties":{"tsid":"TS09500194","name":"R JEAN JAURES","debut":null,"fin":"continue route R JEAN JAURES sur 31 m","categorie":"4","es":"30","cl_admin":null,"largeur":"de 3m à 5m","gestion":"Probable route communale ou intercommunale","com_conc":"Ermont","com_conid":"95219"},"geometry":{"type":"MultiLineString","coordinates":[[[2.256479,48.985182],[2.258938,48.984323],[2.260122,48.983605],[2.260121,48.983686],[2.260214,48.983745],[2.259802,48.983778]],[[2.260122,48.983605],[2.260248,48.983553],[2.260398,48.983616],[2.260362,48.983726],[2.260214,48.983745]]]}},{"type":"Feature","properties":{"tsid":"TS09501150","name":"D317B1","debut":"fin de la route D317","fin":"fin de la route D317B5","categorie":"4","es":"30","cl_admin":"Départementale","largeur":"4m","gestion":"Conseil Départementale Val-d'Oise","com_conc":"Gonesse","com_conid":"95277"},"geometry":{"type":"MultiLineString","coordinates":[[[2.476296,48.991147],[2.477746,48.99259],[2.478162,48.992826],[2.478509,48.992901],[2.478828,48.992906],[2.479175,48.992833],[2.479841,48.992601],[2.480536,48.992645]]]}},{"type":"Feature","properties":{"tsid":"TS09501215","name":"D317B2","debut":"fin de la route D317B5","fin":"limite commune Gonesse (95277),Le Thillay (95277)","categorie":"4","es":"30","cl_admin":"Départementale","largeur":"4m","gestion":"Conseil Départementale Val-d'Oise","com_conc":"Gonesse","com_conid":"95277"},"geometry":{"type":"MultiLineString","coordinates":[[[2.480591,48.993062],[2.480452,48.993104],[2.480158,48.993309],[2.479576,48.993803],[2.479415,48.994041],[2.479396,48.994345],[2.4795,48.994562],[2.480834,48.99621]]]}},{"type":"Feature","properties":{"tsid":"TS09500944","name":"Route sans nom ou bretelle","debut":null,"fin":null,"categorie":"1","es":"300","cl_admin":null,"largeur":"4m","gestion":"Probable route communale ou intercommunale","com_conc":"Épiais-lès-Louvres","com_conid":"95212"},"geometry":{"type":"MultiLineString","coordinates":[[[2.540786,49.028633],[2.548437,49.028287],[2.550453,49.02825],[2.553496,49.028336],[2.556442,49.028555],[2.560968,49.029099],[2.564149,49.029555]]]}},{"type":"Feature","properties":{"tsid":"TS09501272","name":"R SALVADOR ALLENDE","debut":"Intersection R BERTHIE ALBRECHT,R SALVADOR ALLENDE","fin":"fin de la route D109","categorie":"3","es":"100","cl_admin":null,"largeur":"5m","gestion":"Probable route communale ou intercommunale","com_conc":"Saint-Gratien","com_conid":"95555"},"geometry":{"type":"MultiLineString","coordinates":[[[2.285394,48.96908],[2.285526,48.969048]]]}},{"type":"Feature","properties":{"tsid":"TS09500939","name":"Route sans nom ou bretelle","debut":null,"fin":null,"categorie":"1","es":"300","cl_admin":null,"largeur":"4m","gestion":"Probable route communale ou intercommunale","com_conc":"Montigny-lès-Cormeilles","com_conid":"95424"},"geometry":{"type":"MultiLineString","coordinates":[[[2.186216,48.993002],[2.187239,48.992572],[2.18845,48.992142],[2.189798,48.991729],[2.190572,48.991553]]]}},{"type":"Feature","properties":{"tsid":"TS09500948","name":"Route sans nom ou bretelle","debut":null,"fin":null,"categorie":"1","es":"300","cl_admin":null,"largeur":"4m","gestion":"Probable route communale ou intercommunale","com_conc":"Saint-Witz","com_conid":"95580"},"geometry":{"type":"MultiLineString","coordinates":[[[2.551254,49.082114],[2.551119,49.082615],[2.551046,49.083449],[2.550955,49.083888],[2.550781,49.084525],[2.550411,49.085336]]]}},{"type":"Feature","properties":{"tsid":"TS09500947","name":"Route sans nom ou bretelle","debut":null,"fin":null,"categorie":"1","es":"300","cl_admin":null,"largeur":"4m","gestion":"Probable route communale ou intercommunale","com_conc":"Saint-Witz","com_conid":"95580"},"geometry":{"type":"MultiLineString","coordinates":[[[2.55019,49.085781],[2.55008,49.086006]]]}},{"type":"Feature","properties":{"tsid":"TS09500946","name":"Route sans nom ou bretelle","debut":null,"fin":null,"categorie":"1","es":"300","cl_admin":null,"largeur":"4m","gestion":"Probable route communale ou intercommunale","com_conc":"Saint-Witz","com_conid":"95580"},"geometry":{"type":"MultiLineString","coordinates":[[[2.549996,49.086377],[2.550171,49.086465],[2.55027,49.086582],[2.550542,49.08767],[2.55062,49.089411]]]}},{"type":"Feature","properties":{"tsid":"TS09500945","name":"Route sans nom ou bretelle","debut":null,"fin":null,"categorie":"1","es":"300","cl_admin":null,"largeur":"4m","gestion":"Probable route communale ou intercommunale","com_conc":"Épiais-lès-Louvres","com_conid":"95212"},"geometry":{"type":"MultiLineString","coordinates":[[[2.541592,49.028725],[2.549054,49.028441],[2.554426,49.028537],[2.555782,49.028644],[2.55932,49.029075],[2.561254,49.029352],[2.563973,49.029866]]]}},{"type":"Feature","properties":{"tsid":"TS09500940","name":"Route sans nom ou bretelle","debut":null,"fin":null,"categorie":"1","es":"300","cl_admin":null,"largeur":"4m","gestion":"Probable route communale ou intercommunale","com_conc":"Taverny","com_conid":"95607"},"geometry":{"type":"MultiLineString","coordinates":[[[2.202741,49.028374],[2.202249,49.028741],[2.201932,49.029052],[2.201674,49.029401],[2.201086,49.0304],[2.200293,49.031402]]]}},{"type":"Feature","properties":{"tsid":"TS09500942","name":"Route sans nom ou bretelle","debut":null,"fin":null,"categorie":"1","es":"300","cl_admin":null,"largeur":"4m","gestion":"Probable route communale ou intercommunale","com_conc":"Taverny","com_conid":"95607"},"geometry":{"type":"MultiLineString","coordinates":[[[2.203943,49.028275],[2.204442,49.027857],[2.205023,49.027243],[2.206152,49.026374]]]}},{"type":"Feature","properties":{"tsid":"TS09500943","name":"Route sans nom ou bretelle","debut":null,"fin":null,"categorie":"1","es":"300","cl_admin":null,"largeur":"4m","gestion":"Probable route communale ou intercommunale","com_conc":"Taverny","com_conid":"95607"},"geometry":{"type":"MultiLineString","coordinates":[[[2.217529,49.015667],[2.217159,49.015627],[2.216511,49.015831],[2.215792,49.016205],[2.214968,49.01677]]]}},{"type":"Feature","properties":{"tsid":"TS09500935","name":"Route sans nom ou bretelle","debut":null,"fin":null,"categorie":"1","es":"300","cl_admin":null,"largeur":"4m","gestion":"Probable route communale ou intercommunale","com_conc":"Saint-Ouen-l'Aumône","com_conid":"95572"},"geometry":{"type":"MultiLineString","coordinates":[[[2.112446,49.034268],[2.112199,49.034235],[2.109866,49.033456],[2.109096,49.033336],[2.108082,49.033307],[2.107246,49.033343],[2.104492,49.033766]]]}},{"type":"Feature","properties":{"tsid":"TS09500936","name":"Route sans nom ou bretelle","debut":null,"fin":null,"categorie":"1","es":"300","cl_admin":null,"largeur":"4m","gestion":"Probable route communale ou intercommunale","com_conc":"Saint-Ouen-l'Aumône","com_conid":"95572"},"geometry":{"type":"MultiLineString","coordinates":[[[2.109534,49.03316],[2.107513,49.032441],[2.106676,49.032282],[2.106282,49.032369],[2.106112,49.032544],[2.106107,49.032673],[2.106165,49.032807],[2.10632,49.032937],[2.106493,49.032988],[2.106664,49.033004],[2.108035,49.032844]]]}},{"type":"Feature","properties":{"tsid":"TS09500937","name":"Route sans nom ou bretelle","debut":null,"fin":null,"categorie":"1","es":"300","cl_admin":null,"largeur":"4m","gestion":"Probable route communale ou intercommunale","com_conc":"Saint-Ouen-l'Aumône","com_conid":"95572"},"geometry":{"type":"MultiLineString","coordinates":[[[2.142343,49.050147],[2.142105,49.04997],[2.140746,49.049665]]]}},{"type":"Feature","properties":{"tsid":"TS09500938","name":"Route sans nom ou bretelle","debut":null,"fin":null,"categorie":"1","es":"300","cl_admin":null,"largeur":"4m","gestion":"Probable route communale ou intercommunale","com_conc":"Méry-sur-Oise","com_conid":"95394"},"geometry":{"type":"MultiLineString","coordinates":[[[2.18749,49.051821],[2.186031,49.052285],[2.185009,49.052448],[2.184188,49.052459],[2.182415,49.052278],[2.181452,49.052265],[2.18057,49.052349],[2.178788,49.052648]]]}},{"type":"Feature","properties":{"tsid":"TS09500949","name":"Route sans nom ou bretelle","debut":null,"fin":null,"categorie":"1","es":"300","cl_admin":null,"largeur":"4m","gestion":"Probable route communale ou intercommunale","com_conc":"Saint-Witz","com_conid":"95580"},"geometry":{"type":"MultiLineString","coordinates":[[[2.550862,49.089377],[2.550973,49.089101],[2.551267,49.087707],[2.55146,49.087035],[2.551625,49.086875],[2.552002,49.086738]]]}},{"type":"Feature","properties":{"tsid":"TS09501014","name":"Route sans nom ou bretelle","debut":null,"fin":null,"categorie":"2","es":"250","cl_admin":null,"largeur":"7m","gestion":"Probable route communale ou intercommunale","com_conc":"Argenteuil","com_conid":"95018"},"geometry":{"type":"MultiLineString","coordinates":[[[2.276874,48.953268],[2.276742,48.953838],[2.276508,48.95441],[2.276278,48.954798],[2.275701,48.95551]]]}},{"type":"Feature","properties":{"tsid":"TS09501011","name":"Route sans nom ou bretelle","debut":null,"fin":null,"categorie":"2","es":"250","cl_admin":null,"largeur":"7m","gestion":"Probable route communale ou intercommunale","com_conc":"Neuville-sur-Oise","com_conid":"95450"},"geometry":{"type":"MultiLineString","coordinates":[[[2.074557,49.012707],[2.074399,49.012445],[2.073918,49.012221],[2.072865,49.011478]]]}},{"type":"Feature","properties":{"tsid":"TS09501012","name":"Route sans nom ou bretelle","debut":null,"fin":null,"categorie":"2","es":"250","cl_admin":null,"largeur":"7m","gestion":"Probable route communale ou intercommunale","com_conc":"Argenteuil","com_conid":"95018"},"geometry":{"type":"MultiLineString","coordinates":[[[2.27507,48.957635],[2.27461,48.957276],[2.274504,48.957118],[2.274479,48.956947],[2.274658,48.956637],[2.275441,48.955661]]]}},{"type":"Feature","properties":{"tsid":"TS09501201","name":"A104","debut":null,"fin":"limite commune Gonesse (95277),Aulnay-sous-Bois (95277)","categorie":"2","es":"250","cl_admin":"Autoroute","largeur":"de 7m à 10m","gestion":"DIR Île-de-France","com_conc":"Aulnay-sous-Bois,Gonesse","com_conid":"93005,95277"},"geometry":{"type":"MultiLineString","coordinates":[[[2.483245,48.971078],[2.484498,48.971999],[2.484734,48.972259],[2.485291,48.973127],[2.48552,48.973354],[2.486088,48.973621],[2.488943,48.97416],[2.489723,48.974252],[2.490446,48.974154],[2.490957,48.973953],[2.491386,48.973716]]]}},{"type":"Feature","properties":{"tsid":"TS09501013","name":"Route sans nom ou bretelle","debut":null,"fin":null,"categorie":"2","es":"250","cl_admin":null,"largeur":"7m","gestion":"Probable route communale ou intercommunale","com_conc":"Argenteuil","com_conid":"95018"},"geometry":{"type":"MultiLineString","coordinates":[[[2.275583,48.955626],[2.274687,48.956734],[2.274568,48.956969],[2.274582,48.957095],[2.274676,48.957237],[2.275081,48.957549]]]}},{"type":"Feature","properties":{"tsid":"TS09501015","name":"Route sans nom ou bretelle","debut":null,"fin":null,"categorie":"2","es":"250","cl_admin":null,"largeur":"7m","gestion":"Probable route communale ou intercommunale","com_conc":"Roissy-en-France","com_conid":"95527"},"geometry":{"type":"MultiLineString","coordinates":[[[2.539779,49.009551],[2.535538,49.008647],[2.531045,49.007414],[2.528933,49.006769],[2.527762,49.006355],[2.52655,49.005843],[2.525313,49.005215],[2.524521,49.004723],[2.523482,49.003981],[2.522449,49.00308],[2.520978,49.00141],[2.519822,48.999832],[2.518671,48.998472],[2.517648,48.99743],[2.5166,48.996475],[2.51477,48.995027]]]}},{"type":"Feature","properties":{"tsid":"TS09501010","name":"Route sans nom ou bretelle","debut":null,"fin":null,"categorie":"2","es":"250","cl_admin":null,"largeur":"7m","gestion":"Probable route communale ou intercommunale","com_conc":"Cléry-en-Vexin","com_conid":"95166"},"geometry":{"type":"MultiLineString","coordinates":[[[1.847421,49.127079],[1.848481,49.126528],[1.851942,49.124577],[1.852913,49.123887]]]}},{"type":"Feature","properties":{"tsid":"TS09501016","name":"Route sans nom ou bretelle","debut":null,"fin":null,"categorie":"2","es":"250","cl_admin":null,"largeur":"7m","gestion":"Probable route communale ou intercommunale","com_conc":"Roissy-en-France","com_conid":"95527"},"geometry":{"type":"MultiLineString","coordinates":[[[2.529641,49.011336],[2.529706,49.011581],[2.53031,49.012897],[2.530982,49.014552]]]}},{"type":"Feature","properties":{"tsid":"TS09500507","name":"Route sans nom ou bretelle","debut":null,"fin":null,"categorie":"3","es":"100","cl_admin":null,"largeur":"4m","gestion":"Probable route communale ou intercommunale","com_conc":"Roissy-en-France","com_conid":"95527"},"geometry":{"type":"MultiLineString","coordinates":[[[2.51477,48.995027],[2.515982,48.996148],[2.516096,48.99634],[2.516145,48.996547],[2.516102,48.996751],[2.515977,48.996941],[2.515637,48.99717],[2.515066,48.997298],[2.514576,48.997288]]]}},{"type":"Feature","properties":{"tsid":"TS09500519","name":"Route sans nom ou bretelle","debut":null,"fin":null,"categorie":"3","es":"100","cl_admin":null,"largeur":"4m","gestion":"Probable route communale ou intercommunale","com_conc":"Roissy-en-France,Mauregard","com_conid":"95527,77282"},"geometry":{"type":"MultiLineString","coordinates":[[[2.541921,49.011624],[2.541911,49.010816],[2.54179,49.010496],[2.54156,49.010214],[2.541101,49.009916],[2.539779,49.009551],[2.548307,49.010671],[2.550839,49.010922],[2.553467,49.011086]]]}},{"type":"Feature","properties":{"tsid":"TS09500393","name":"A104","debut":"Intersection A104,Route sans nom","fin":"limite commune Aulnay-sous-Bois (93078),Villepinte (93078)","categorie":"3","es":"100","cl_admin":"Autoroute","largeur":"10m","gestion":"DIR Île-de-France","com_conc":"Villepinte,Aulnay-sous-Bois","com_conid":"93078,93005"},"geometry":{"type":"MultiLineString","coordinates":[[[2.498797,48.971306],[2.497257,48.971733]]]}},{"type":"Feature","properties":{"tsid":"TS09501131","name":"N104","debut":"limite commune Épiais-lès-Louvres (95212),Mauregard (95212)","fin":"fin de la route N104","categorie":"3","es":"100","cl_admin":"Nationale","largeur":"7m","gestion":"DIR Île-de-France","com_conc":"Épiais-lès-Louvres","com_conid":"95212"},"geometry":{"type":"MultiLineString","coordinates":[[[2.535238,49.023798],[2.535496,49.024314]]]}},{"type":"Feature","properties":{"tsid":"TS09500482","name":"Route sans nom ou bretelle","debut":null,"fin":null,"categorie":"3","es":"100","cl_admin":null,"largeur":"4m","gestion":"Probable route communale ou intercommunale","com_conc":"Château-sur-Epte,Saint-Clair-sur-Epte","com_conid":"27152,95541"},"geometry":{"type":"MultiLineString","coordinates":[[[1.676564,49.203874],[1.676484,49.203834]]]}},{"type":"Feature","properties":{"tsid":"TS09500518","name":"Route sans nom ou bretelle","debut":null,"fin":null,"categorie":"3","es":"100","cl_admin":null,"largeur":"4m","gestion":"Probable route communale ou intercommunale","com_conc":"Tremblay-en-France,Roissy-en-France","com_conid":"93073,95527"},"geometry":{"type":"MultiLineString","coordinates":[[[2.54116,49.005844],[2.548867,49.006307]]]}},{"type":"Feature","properties":{"tsid":"TS09500517","name":"Route sans nom ou bretelle","debut":null,"fin":null,"categorie":"3","es":"100","cl_admin":null,"largeur":"4m","gestion":"Probable route communale ou intercommunale","com_conc":"Épiais-lès-Louvres","com_conid":"95212"},"geometry":{"type":"MultiLineString","coordinates":[[[2.539222,49.028502],[2.539493,49.028315],[2.539578,49.028126],[2.539568,49.027989],[2.539437,49.027785],[2.539275,49.027672],[2.538829,49.027566],[2.538398,49.027635],[2.538076,49.027866],[2.538003,49.028178],[2.538044,49.02847]]]}},{"type":"Feature","properties":{"tsid":"TS09500516","name":"Route sans nom ou bretelle","debut":null,"fin":null,"categorie":"3","es":"100","cl_admin":null,"largeur":"4m","gestion":"Probable route communale ou intercommunale","com_conc":"Épiais-lès-Louvres","com_conid":"95212"},"geometry":{"type":"MultiLineString","coordinates":[[[2.53772,49.029006],[2.536468,49.02919],[2.536355,49.029271],[2.536237,49.029489],[2.53624,49.02959],[2.536313,49.029692],[2.537362,49.030374],[2.537623,49.030446],[2.537792,49.030439],[2.53808,49.030337],[2.538223,49.03022],[2.538273,49.030105],[2.538255,49.02996],[2.537993,49.029327]]]}},{"type":"Feature","properties":{"tsid":"TS09500515","name":"Route sans nom ou bretelle","debut":null,"fin":null,"categorie":"3","es":"100","cl_admin":null,"largeur":"4m","gestion":"Probable route communale ou intercommunale","com_conc":"Tremblay-en-France,Roissy-en-France","com_conid":"93073,95527"},"geometry":{"type":"MultiLineString","coordinates":[[[2.532938,49.005465],[2.53205,49.005506],[2.531243,49.005626],[2.530682,49.005814],[2.530019,49.006155],[2.529324,49.006596],[2.528802,49.007029],[2.528186,49.00773],[2.527779,49.008466],[2.527612,49.009126],[2.5276,49.009641],[2.527687,49.010149],[2.527898,49.010725],[2.530184,49.014032]]]}},{"type":"Feature","properties":{"tsid":"TS09500514","name":"Route sans nom ou bretelle","debut":null,"fin":null,"categorie":"3","es":"100","cl_admin":null,"largeur":"4m","gestion":"Probable route communale ou intercommunale","com_conc":"Roissy-en-France","com_conid":"95527"},"geometry":{"type":"MultiLineString","coordinates":[[[2.532971,49.011761],[2.529991,49.0116]]]}},{"type":"Feature","properties":{"tsid":"TS09500513","name":"Route sans nom ou bretelle","debut":null,"fin":null,"categorie":"3","es":"100","cl_admin":null,"largeur":"4m","gestion":"Probable route communale ou intercommunale","com_conc":"Roissy-en-France","com_conid":"95527"},"geometry":{"type":"MultiLineString","coordinates":[[[2.526559,49.003592],[2.526195,49.004152]]]}},{"type":"Feature","properties":{"tsid":"TS09500512","name":"Route sans nom ou bretelle","debut":null,"fin":null,"categorie":"3","es":"100","cl_admin":null,"largeur":"4m","gestion":"Probable route communale ou intercommunale","com_conc":"Roissy-en-France","com_conid":"95527"},"geometry":{"type":"MultiLineString","coordinates":[[[2.523922,49.006801],[2.524023,49.007088],[2.524263,49.007322]]]}},{"type":"Feature","properties":{"tsid":"TS09500511","name":"Route sans nom ou bretelle","debut":null,"fin":null,"categorie":"3","es":"100","cl_admin":null,"largeur":"4m","gestion":"Probable route communale ou intercommunale","com_conc":"Louvres,Épiais-lès-Louvres","com_conid":"95351,95212"},"geometry":{"type":"MultiLineString","coordinates":[[[2.528576,49.028966],[2.531118,49.029132],[2.530804,49.029396],[2.530263,49.029718],[2.529837,49.029829],[2.529241,49.029849],[2.528867,49.029779],[2.528489,49.029632],[2.527611,49.029109],[2.527077,49.028884],[2.52532,49.028519],[2.523056,49.028207],[2.521852,49.027994]],[[2.532802,49.027856],[2.532503,49.027955],[2.531118,49.029132],[2.53267,49.029124],[2.537816,49.0289],[2.536487,49.02634]],[[2.537575,49.028511],[2.537203,49.027898],[2.536841,49.027705],[2.53652,49.027672],[2.536233,49.027703],[2.535932,49.027871],[2.535817,49.028058],[2.535807,49.028248],[2.535969,49.028484],[2.5363,49.028614],[2.53685,49.028687],[2.538478,49.028745]],[[2.540477,49.028354],[2.540674,49.028766],[2.537816,49.0289],[2.539023,49.031353],[2.539875,49.033297]],[[2.542356,49.032313],[2.540674,49.028766],[2.541592,49.028725]]]}},{"type":"Feature","properties":{"tsid":"TS09500510","name":"Route sans nom ou bretelle","debut":null,"fin":null,"categorie":"3","es":"100","cl_admin":null,"largeur":"4m","gestion":"Probable route communale ou intercommunale","com_conc":"Épiais-lès-Louvres,Louvres","com_conid":"95212,95351"},"geometry":{"type":"MultiLineString","coordinates":[[[2.521455,49.027832],[2.527712,49.028494],[2.529118,49.02856],[2.530038,49.028495],[2.531267,49.028277],[2.531896,49.02807],[2.532443,49.027776],[2.532537,49.027683]]]}},{"type":"Feature","properties":{"tsid":"TS09500509","name":"Route sans nom ou bretelle","debut":null,"fin":null,"categorie":"3","es":"100","cl_admin":null,"largeur":"4m","gestion":"Probable route communale ou intercommunale","com_conc":"Roissy-en-France","com_conid":"95527"},"geometry":{"type":"MultiLineString","coordinates":[[[2.5212,49.001676],[2.52226,49.003193],[2.523732,49.004997],[2.524158,49.005683],[2.524375,49.006267],[2.524433,49.006688],[2.524361,49.008569],[2.524575,49.009538],[2.524519,49.008952],[2.524537,49.008191]],[[2.524575,49.009538],[2.525039,49.010557]]]}},{"type":"Feature","properties":{"tsid":"TS09500483","name":"Route sans nom ou bretelle","debut":null,"fin":null,"categorie":"3","es":"100","cl_admin":null,"largeur":"4m","gestion":"Probable route communale ou intercommunale","com_conc":"Buhy,Saint-Clair-sur-Epte","com_conid":"95119,95541"},"geometry":{"type":"MultiLineString","coordinates":[[[1.681443,49.206617],[1.681418,49.206365],[1.681559,49.206132],[1.682586,49.205577],[1.68378,49.204998],[1.68748,49.203408],[1.689474,49.202469],[1.690619,49.202015]]]}},{"type":"Feature","properties":{"tsid":"TS09500484","name":"Route sans nom ou bretelle","debut":null,"fin":null,"categorie":"3","es":"100","cl_admin":null,"largeur":"4m","gestion":"Probable route communale ou intercommunale","com_conc":"Arthies","com_conid":"95024"},"geometry":{"type":"MultiLineString","coordinates":[[[1.791664,49.102921],[1.791519,49.102788],[1.791372,49.102522],[1.79143,49.102819],[1.791365,49.103018]],[[1.791372,49.102522],[1.79148,49.100764]]]}},{"type":"Feature","properties":{"tsid":"TS09500485","name":"Route sans nom ou bretelle","debut":null,"fin":null,"categorie":"3","es":"100","cl_admin":null,"largeur":"4m","gestion":"Probable route communale ou intercommunale","com_conc":"Marines","com_conid":"95370"},"geometry":{"type":"MultiLineString","coordinates":[[[1.964854,49.150682],[1.964546,49.150911]]]}},{"type":"Feature","properties":{"tsid":"TS09500486","name":"Route sans nom ou bretelle","debut":null,"fin":null,"categorie":"3","es":"100","cl_admin":null,"largeur":"4m","gestion":"Probable route communale ou intercommunale","com_conc":"Neuville-sur-Oise","com_conid":"95450"},"geometry":{"type":"MultiLineString","coordinates":[[[2.073898,49.011861],[2.074136,49.011876],[2.074305,49.011794],[2.074357,49.011588],[2.074318,49.011245]]]}},{"type":"Feature","properties":{"tsid":"TS09500487","name":"Route sans nom ou bretelle","debut":null,"fin":null,"categorie":"3","es":"100","cl_admin":null,"largeur":"4m","gestion":"Probable route communale ou intercommunale","com_conc":"Cergy","com_conid":"95127"},"geometry":{"type":"MultiLineString","coordinates":[[[2.080616,49.040574],[2.0805,49.040624],[2.080433,49.040725]]]}},{"type":"Feature","properties":{"tsid":"TS09500488","name":"Route sans nom ou bretelle","debut":null,"fin":null,"categorie":"3","es":"100","cl_admin":null,"largeur":"4m","gestion":"Probable route communale ou intercommunale","com_conc":"Pontoise","com_conid":"95500"},"geometry":{"type":"MultiLineString","coordinates":[[[2.081221,49.041393],[2.081849,49.041396],[2.082215,49.041272],[2.082521,49.041093],[2.08223,49.041386],[2.082198,49.041472],[2.082187,49.041678],[2.082285,49.041888]],[[2.082521,49.041093],[2.083441,49.04039],[2.083868,49.040138],[2.085886,49.039226],[2.086612,49.038851]]]}},{"type":"Feature","properties":{"tsid":"TS09500489","name":"Route sans nom ou bretelle","debut":null,"fin":null,"categorie":"3","es":"100","cl_admin":null,"largeur":"4m","gestion":"Probable route communale ou intercommunale","com_conc":"Labbeville","com_conid":"95328"},"geometry":{"type":"MultiLineString","coordinates":[[[2.117422,49.143879],[2.117538,49.144065],[2.117704,49.14454],[2.117681,49.144792],[2.11765,49.144916],[2.117137,49.145333]]]}},{"type":"Feature","properties":{"tsid":"TS09500497","name":"Route sans nom ou bretelle","debut":null,"fin":null,"categorie":"3","es":"100","cl_admin":null,"largeur":"4m","gestion":"Probable route communale ou intercommunale","com_conc":"Cormeilles-en-Parisis","com_conid":"95176"},"geometry":{"type":"MultiLineString","coordinates":[[[2.202576,48.989179],[2.202978,48.989359],[2.203698,48.989426],[2.204017,48.989552]]]}},{"type":"Feature","properties":{"tsid":"TS09500498","name":"Route sans nom ou bretelle","debut":null,"fin":null,"categorie":"3","es":"100","cl_admin":null,"largeur":"4m","gestion":"Probable route communale ou intercommunale","com_conc":"Franconville,Montigny-lès-Cormeilles","com_conid":"95252,95424"},"geometry":{"type":"MultiLineString","coordinates":[[[2.204481,48.989788],[2.20463,48.989969]]]}},{"type":"Feature","properties":{"tsid":"TS09500508","name":"Route sans nom ou bretelle","debut":null,"fin":null,"categorie":"3","es":"100","cl_admin":null,"largeur":"4m","gestion":"Probable route communale ou intercommunale","com_conc":"Roissy-en-France,Tremblay-en-France","com_conid":"95527,93073"},"geometry":{"type":"MultiLineString","coordinates":[[[2.516199,48.993785],[2.519146,48.996787],[2.521556,48.999062],[2.523954,49.001187],[2.525318,49.002242],[2.526726,49.003135],[2.52849,49.003984],[2.530089,49.004572],[2.530949,49.004834],[2.532138,49.005119]]]}},{"type":"Feature","properties":{"tsid":"TS09500786","name":"D170E1","debut":"fin de la route D317","fin":"séparation de la route en D170E1,D170E4","categorie":"3","es":"100","cl_admin":"Départementale","largeur":"4m","gestion":"Conseil Départementale Val-d'Oise","com_conc":"Gonesse","com_conid":"95277"},"geometry":{"type":"MultiLineString","coordinates":[[[2.466842,48.980704],[2.464984,48.978859]]]}},{"type":"Feature","properties":{"tsid":"TS09500490","name":"Route sans nom ou bretelle","debut":null,"fin":null,"categorie":"3","es":"100","cl_admin":null,"largeur":"4m","gestion":"Probable route communale ou intercommunale","com_conc":"Saint-Ouen-l'Aumône","com_conid":"95572"},"geometry":{"type":"MultiLineString","coordinates":[[[2.126842,49.033125],[2.127516,49.032634],[2.128146,49.031959],[2.128483,49.031346],[2.129351,49.030145],[2.127636,49.03048],[2.124773,49.030847],[2.124126,49.030907],[2.122637,49.030894],[2.12091,49.031229],[2.119887,49.03133]],[[2.126068,49.030586],[2.128071,49.030329],[2.129429,49.030037],[2.129351,49.030145],[2.130166,49.029906],[2.131457,49.029388],[2.133906,49.028027]],[[2.133083,49.028394],[2.131113,49.029451],[2.130111,49.029834],[2.129429,49.030037],[2.130022,49.029344],[2.130621,49.02895],[2.134018,49.027696],[2.13538,49.027068]]]}},{"type":"Feature","properties":{"tsid":"TS09500506","name":"Route sans nom ou bretelle","debut":null,"fin":null,"categorie":"3","es":"100","cl_admin":null,"largeur":"4m","gestion":"Probable route communale ou intercommunale","com_conc":"Argenteuil","com_conid":"95018"},"geometry":{"type":"MultiLineString","coordinates":[[[2.275701,48.95551],[2.275583,48.955626]]]}},{"type":"Feature","properties":{"tsid":"TS09500505","name":"Route sans nom ou bretelle","debut":null,"fin":null,"categorie":"3","es":"100","cl_admin":null,"largeur":"4m","gestion":"Probable route communale ou intercommunale","com_conc":"Argenteuil","com_conid":"95018"},"geometry":{"type":"MultiLineString","coordinates":[[[2.272337,48.95947],[2.272617,48.95924],[2.273552,48.958707],[2.274037,48.958291],[2.274159,48.957979],[2.274285,48.957073],[2.274554,48.95668],[2.274957,48.956258]]]}},{"type":"Feature","properties":{"tsid":"TS09500491","name":"Route sans nom ou bretelle","debut":null,"fin":null,"categorie":"3","es":"100","cl_admin":null,"largeur":"4m","gestion":"Probable route communale ou intercommunale","com_conc":"Saint-Ouen-l'Aumône","com_conid":"95572"},"geometry":{"type":"MultiLineString","coordinates":[[[2.128793,49.044825],[2.128905,49.044664],[2.128966,49.04443],[2.128965,49.043961],[2.128837,49.042981],[2.128641,49.042311]]]}},{"type":"Feature","properties":{"tsid":"TS09500504","name":"Route sans nom ou bretelle","debut":null,"fin":null,"categorie":"3","es":"100","cl_admin":null,"largeur":"4m","gestion":"Probable route communale ou intercommunale","com_conc":"Nerville-la-Forêt","com_conid":"95445"},"geometry":{"type":"MultiLineString","coordinates":[[[2.268252,49.099298],[2.267925,49.09929]]]}},{"type":"Feature","properties":{"tsid":"TS09500503","name":"Route sans nom ou bretelle","debut":null,"fin":null,"categorie":"3","es":"100","cl_admin":null,"largeur":"4m","gestion":"Probable route communale ou intercommunale","com_conc":"Sannois,Argenteuil","com_conid":"95582,95018"},"geometry":{"type":"MultiLineString","coordinates":[[[2.258923,48.965547],[2.260599,48.964768],[2.261562,48.964192],[2.262044,48.963736],[2.262487,48.962931],[2.262684,48.962752],[2.262932,48.96262],[2.263431,48.962514],[2.263888,48.962547],[2.265393,48.963029]]]}},{"type":"Feature","properties":{"tsid":"TS09500492","name":"Route sans nom ou bretelle","debut":null,"fin":null,"categorie":"3","es":"100","cl_admin":null,"largeur":"4m","gestion":"Probable route communale ou intercommunale","com_conc":"Herblay-sur-Seine","com_conid":"95306"},"geometry":{"type":"MultiLineString","coordinates":[[[2.159246,49.009753],[2.159568,49.009333],[2.159861,49.008737],[2.160034,49.008529],[2.161511,49.00761]]]}},{"type":"Feature","properties":{"tsid":"TS09500493","name":"Route sans nom ou bretelle","debut":null,"fin":null,"categorie":"3","es":"100","cl_admin":null,"largeur":"4m","gestion":"Probable route communale ou intercommunale","com_conc":"Herblay-sur-Seine","com_conid":"95306"},"geometry":{"type":"MultiLineString","coordinates":[[[2.178662,48.997329],[2.177714,48.997947],[2.177309,48.99832]]]}},{"type":"Feature","properties":{"tsid":"TS09500494","name":"Route sans nom ou bretelle","debut":null,"fin":null,"categorie":"3","es":"100","cl_admin":null,"largeur":"4m","gestion":"Probable route communale ou intercommunale","com_conc":"Herblay-sur-Seine","com_conid":"95306"},"geometry":{"type":"MultiLineString","coordinates":[[[2.17798,48.998337],[2.178931,48.997851],[2.179371,48.997704],[2.179987,48.997621],[2.180488,48.997656],[2.181233,48.997902],[2.181623,48.998187],[2.181894,48.998598],[2.181997,48.999121]]]}},{"type":"Feature","properties":{"tsid":"TS09500495","name":"Route sans nom ou bretelle","debut":null,"fin":null,"categorie":"3","es":"100","cl_admin":null,"largeur":"4m","gestion":"Probable route communale ou intercommunale","com_conc":"Montigny-lès-Cormeilles","com_conid":"95424"},"geometry":{"type":"MultiLineString","coordinates":[[[2.18859,48.992368],[2.18643,48.99337],[2.185899,48.993668]]]}},{"type":"Feature","properties":{"tsid":"TS09500496","name":"Route sans nom ou bretelle","debut":null,"fin":null,"categorie":"3","es":"100","cl_admin":null,"largeur":"4m","gestion":"Probable route communale ou intercommunale","com_conc":"Cormeilles-en-Parisis","com_conid":"95176"},"geometry":{"type":"MultiLineString","coordinates":[[[2.203861,48.989692],[2.203802,48.989586],[2.203682,48.989517],[2.20302,48.989451],[2.2025,48.989225]]]}},{"type":"Feature","properties":{"tsid":"TS09500839","name":"Route sans nom ou bretelle","debut":null,"fin":null,"categorie":"4","es":"30","cl_admin":null,"largeur":"3m","gestion":"Probable route communale ou intercommunale","com_conc":"Cergy","com_conid":"95127"},"geometry":{"type":"MultiLineString","coordinates":[[[2.067045,49.033785],[2.067055,49.033692]]]}},{"type":"Feature","properties":{"tsid":"TS09500499","name":"Route sans nom ou bretelle","debut":null,"fin":null,"categorie":"3","es":"100","cl_admin":null,"largeur":"4m","gestion":"Probable route communale ou intercommunale","com_conc":"Bezons","com_conid":"95063"},"geometry":{"type":"MultiLineString","coordinates":[[[2.21571,48.922723],[2.216503,48.922664],[2.217437,48.922522]]]}},{"type":"Feature","properties":{"tsid":"TS09500500","name":"Route sans nom ou bretelle","debut":null,"fin":null,"categorie":"3","es":"100","cl_admin":null,"largeur":"4m","gestion":"Probable route communale ou intercommunale","com_conc":"Le Plessis-Bouchard","com_conid":"95491"},"geometry":{"type":"MultiLineString","coordinates":[[[2.244527,49.005641],[2.24436,49.00572],[2.243959,49.006052],[2.243439,49.006289],[2.243011,49.006303],[2.242696,49.006195]]]}},{"type":"Feature","properties":{"tsid":"TS09500501","name":"Route sans nom ou bretelle","debut":null,"fin":null,"categorie":"3","es":"100","cl_admin":null,"largeur":"4m","gestion":"Probable route communale ou intercommunale","com_conc":"Mours,L'Isle-Adam","com_conid":"95436,95313"},"geometry":{"type":"MultiLineString","coordinates":[[[2.249572,49.12387],[2.250376,49.123788],[2.251848,49.124102],[2.25217,49.124032],[2.252437,49.123854],[2.252744,49.123201],[2.252786,49.122852],[2.252666,49.121276],[2.252665,49.120661]],[[2.253001,49.126279],[2.2525,49.125692],[2.252281,49.125111],[2.252304,49.124501],[2.25265,49.123625],[2.252721,49.123266]]]}},{"type":"Feature","properties":{"tsid":"TS09500502","name":"Route sans nom ou bretelle","debut":null,"fin":null,"categorie":"3","es":"100","cl_admin":null,"largeur":"4m","gestion":"Probable route communale ou intercommunale","com_conc":"L'Isle-Adam,Mours","com_conid":"95313,95436"},"geometry":{"type":"MultiLineString","coordinates":[[[2.254035,49.125892],[2.253598,49.124779],[2.252919,49.121213]]]}},{"type":"Feature","properties":{"tsid":"TS09500892","name":"Route sans nom ou bretelle","debut":null,"fin":null,"categorie":"4","es":"30","cl_admin":null,"largeur":"3m","gestion":"Probable route communale ou intercommunale","com_conc":"Roissy-en-France","com_conid":"95527"},"geometry":{"type":"MultiLineString","coordinates":[[[2.515927,48.991189],[2.51597,48.991052],[2.516138,48.990994],[2.516333,48.991038],[2.516399,48.991122],[2.516384,48.991215],[2.51624,48.991307],[2.516039,48.991293],[2.515927,48.991189]]]}},{"type":"Feature","properties":{"tsid":"TS09500848","name":"Route sans nom ou bretelle","debut":null,"fin":null,"categorie":"4","es":"30","cl_admin":null,"largeur":"3m","gestion":"Probable route communale ou intercommunale","com_conc":"Saint-Ouen-l'Aumône","com_conid":"95572"},"geometry":{"type":"MultiLineString","coordinates":[[[2.120498,49.031074],[2.121703,49.030693],[2.122804,49.030247],[2.123356,49.030139],[2.123772,49.030138],[2.12411,49.030198],[2.125269,49.030539],[2.126068,49.030586]]]}},{"type":"Feature","properties":{"tsid":"TS09500847","name":"Route sans nom ou bretelle","debut":null,"fin":null,"categorie":"4","es":"30","cl_admin":null,"largeur":"3m","gestion":"Probable route communale ou intercommunale","com_conc":"Saint-Ouen-l'Aumône","com_conid":"95572"},"geometry":{"type":"MultiLineString","coordinates":[[[2.117403,49.052927],[2.117415,49.05303]]]}},{"type":"Feature","properties":{"tsid":"TS09500846","name":"Route sans nom ou bretelle","debut":null,"fin":null,"categorie":"4","es":"30","cl_admin":null,"largeur":"3m","gestion":"Probable route communale ou intercommunale","com_conc":"Éragny","com_conid":"95218"},"geometry":{"type":"MultiLineString","coordinates":[[[2.102432,49.027657],[2.102525,49.027774],[2.102407,49.027908],[2.102251,49.027932],[2.102127,49.027894],[2.102067,49.027815],[2.102091,49.027701],[2.102248,49.027636],[2.102432,49.027657],[2.102735,49.027606],[2.102998,49.027483],[2.103086,49.027368],[2.103195,49.026837],[2.103369,49.026274],[2.103494,49.026026]],[[2.102525,49.027774],[2.102765,49.027701],[2.10295,49.027819],[2.103048,49.028328],[2.10312,49.028479]]]}},{"type":"Feature","properties":{"tsid":"TS09500845","name":"Route sans nom ou bretelle","debut":null,"fin":null,"categorie":"4","es":"30","cl_admin":null,"largeur":"3m","gestion":"Probable route communale ou intercommunale","com_conc":"Éragny","com_conid":"95218"},"geometry":{"type":"MultiLineString","coordinates":[[[2.100726,49.034137],[2.100262,49.034432],[2.09987,49.034606],[2.098622,49.034995],[2.098117,49.035219]]]}},{"type":"Feature","properties":{"tsid":"TS09500844","name":"Route sans nom ou bretelle","debut":null,"fin":null,"categorie":"4","es":"30","cl_admin":null,"largeur":"3m","gestion":"Probable route communale ou intercommunale","com_conc":"Cergy","com_conid":"95127"},"geometry":{"type":"MultiLineString","coordinates":[[[2.087152,49.038452],[2.085108,49.039092],[2.084129,49.039485],[2.082803,49.039909],[2.082124,49.040065],[2.080949,49.040188]]]}},{"type":"Feature","properties":{"tsid":"TS09500885","name":"Route sans nom ou bretelle","debut":null,"fin":null,"categorie":"4","es":"30","cl_admin":null,"largeur":"3m","gestion":"Probable route communale ou intercommunale","com_conc":"Roissy-en-France","com_conid":"95527"},"geometry":{"type":"MultiLineString","coordinates":[[[2.531054,49.01557],[2.530184,49.014032]]]}},{"type":"Feature","properties":{"tsid":"TS09500843","name":"Route sans nom ou bretelle","debut":null,"fin":null,"categorie":"4","es":"30","cl_admin":null,"largeur":"3m","gestion":"Probable route communale ou intercommunale","com_conc":"Cergy","com_conid":"95127"},"geometry":{"type":"MultiLineString","coordinates":[[[2.078358,49.038802],[2.077303,49.038315]]]}},{"type":"Feature","properties":{"tsid":"TS09501275","name":"R DE PUISEUX","debut":"fin de la route Route sans nom","fin":null,"categorie":"3","es":"100","cl_admin":null,"largeur":"5m","gestion":"Probable route communale ou intercommunale","com_conc":"Courdimanche","com_conid":"95183"},"geometry":{"type":"MultiLineString","coordinates":[[[1.999692,49.036831],[2.001517,49.038698]]]}},{"type":"Feature","properties":{"tsid":"TS09500842","name":"Route sans nom ou bretelle","debut":null,"fin":null,"categorie":"4","es":"30","cl_admin":null,"largeur":"3m","gestion":"Probable route communale ou intercommunale","com_conc":"Pontoise","com_conid":"95500"},"geometry":{"type":"MultiLineString","coordinates":[[[2.081482,49.041734],[2.081172,49.041789],[2.080909,49.041902],[2.080273,49.042507],[2.079775,49.042879],[2.079225,49.043203],[2.078388,49.043571],[2.077096,49.044022],[2.076114,49.044488]]]}},{"type":"Feature","properties":{"tsid":"TS09500841","name":"Route sans nom ou bretelle","debut":null,"fin":null,"categorie":"4","es":"30","cl_admin":null,"largeur":"3m","gestion":"Probable route communale ou intercommunale","com_conc":"Cergy","com_conid":"95127"},"geometry":{"type":"MultiLineString","coordinates":[[[2.075219,49.044158],[2.07514,49.044005],[2.075179,49.043865],[2.07548,49.043638],[2.075121,49.043753],[2.07477,49.04379],[2.073933,49.043593]],[[2.080177,49.041575],[2.077929,49.042679],[2.07548,49.043638]]]}},{"type":"Feature","properties":{"tsid":"TS09500840","name":"Route sans nom ou bretelle","debut":null,"fin":null,"categorie":"4","es":"30","cl_admin":null,"largeur":"3m","gestion":"Probable route communale ou intercommunale","com_conc":"Cergy","com_conid":"95127"},"geometry":{"type":"MultiLineString","coordinates":[[[2.07365,49.037685],[2.073347,49.037486],[2.073325,49.037391],[2.07337,49.037244],[2.073005,49.037344],[2.072521,49.037305]]]}},{"type":"Feature","properties":{"tsid":"TS09500836","name":"Route sans nom ou bretelle","debut":null,"fin":null,"categorie":"4","es":"30","cl_admin":null,"largeur":"3m","gestion":"Probable route communale ou intercommunale","com_conc":"Courdimanche","com_conid":"95183"},"geometry":{"type":"MultiLineString","coordinates":[[[1.995841,49.037862],[1.996506,49.038265],[1.995975,49.038046],[1.995692,49.037984]],[[1.996506,49.038265],[1.997081,49.038526],[1.997784,49.038739],[1.999012,49.038971],[1.999892,49.039003],[2.001422,49.038946]]]}},{"type":"Feature","properties":{"tsid":"TS09500837","name":"Route sans nom ou bretelle","debut":null,"fin":null,"categorie":"4","es":"30","cl_admin":null,"largeur":"3m","gestion":"Probable route communale ou intercommunale","com_conc":"Cergy","com_conid":"95127"},"geometry":{"type":"MultiLineString","coordinates":[[[2.003437,49.053504],[2.00357,49.053248],[2.003193,49.053379]],[[2.006134,49.051673],[2.00357,49.053248]]]}},{"type":"Feature","properties":{"tsid":"TS09500838","name":"Route sans nom ou bretelle","debut":null,"fin":null,"categorie":"4","es":"30","cl_admin":null,"largeur":"3m","gestion":"Probable route communale ou intercommunale","com_conc":"Cergy","com_conid":"95127"},"geometry":{"type":"MultiLineString","coordinates":[[[2.067159,49.033461],[2.066825,49.033541],[2.066347,49.033372]]]}},{"type":"Feature","properties":{"tsid":"TS09500891","name":"Route sans nom ou bretelle","debut":null,"fin":null,"categorie":"4","es":"30","cl_admin":null,"largeur":"3m","gestion":"Probable route communale ou intercommunale","com_conc":"Saint-Ouen-l'Aumône","com_conid":"95572"},"geometry":{"type":"MultiLineString","coordinates":[[[2.144668,49.045012],[2.14484,49.044997],[2.144911,49.045039],[2.144921,49.045119],[2.144828,49.045178],[2.144662,49.045158],[2.144616,49.045091],[2.144668,49.045012]]]}},{"type":"Feature","properties":{"tsid":"TS09500890","name":"Route sans nom ou bretelle","debut":null,"fin":null,"categorie":"4","es":"30","cl_admin":null,"largeur":"3m","gestion":"Probable route communale ou intercommunale","com_conc":"Saint-Witz","com_conid":"95580"},"geometry":{"type":"MultiLineString","coordinates":[[[2.551599,49.084962],[2.551613,49.084281],[2.551507,49.081788]]]}},{"type":"Feature","properties":{"tsid":"TS09500628","name":"A3","debut":"fin de la route A3","fin":"continue route A3 sur 604 m","categorie":"2","es":"250","cl_admin":"Autoroute","largeur":"10m","gestion":"DIR Île-de-France","com_conc":"Roissy-en-France","com_conid":"95527"},"geometry":{"type":"MultiLineString","coordinates":[[[2.508094,48.986315],[2.510788,48.989493],[2.511787,48.990543],[2.512286,48.990985]]]}},{"type":"Feature","properties":{"tsid":"TS09501172","name":"D317A5","debut":"fin de la route D317","fin":"fin de la route D317A6","categorie":"4","es":"30","cl_admin":"Départementale","largeur":"4m","gestion":"Conseil Départementale Val-d'Oise","com_conc":"Gonesse","com_conid":"95277"},"geometry":{"type":"MultiLineString","coordinates":[[[2.462927,48.976313],[2.462325,48.975767],[2.461242,48.974512]]]}},{"type":"Feature","properties":{"tsid":"TS09500889","name":"Route sans nom ou bretelle","debut":null,"fin":null,"categorie":"4","es":"30","cl_admin":null,"largeur":"3m","gestion":"Probable route communale ou intercommunale","com_conc":"Épiais-lès-Louvres","com_conid":"95212"},"geometry":{"type":"MultiLineString","coordinates":[[[2.545863,49.02865],[2.542765,49.028883],[2.542252,49.028957],[2.542014,49.029045],[2.541643,49.029319],[2.541532,49.029495],[2.541487,49.029676],[2.54151,49.029924],[2.541687,49.030541],[2.542425,49.032296]]]}},{"type":"Feature","properties":{"tsid":"TS09500879","name":"Route sans nom ou bretelle","debut":null,"fin":null,"categorie":"4","es":"30","cl_admin":null,"largeur":"3m","gestion":"Probable route communale ou intercommunale","com_conc":"Roissy-en-France","com_conid":"95527"},"geometry":{"type":"MultiLineString","coordinates":[[[2.520803,48.997043],[2.522642,48.997713],[2.524304,48.998531],[2.525426,48.999296],[2.526052,48.999844],[2.526354,49.00017],[2.526995,49.001082],[2.527096,49.00134],[2.527189,49.001866],[2.527158,49.002265],[2.527035,49.002659],[2.526559,49.003592]]]}},{"type":"Feature","properties":{"tsid":"TS09500888","name":"Route sans nom ou bretelle","debut":null,"fin":null,"categorie":"4","es":"30","cl_admin":null,"largeur":"3m","gestion":"Probable route communale ou intercommunale","com_conc":"Tremblay-en-France,Roissy-en-France","com_conid":"93073,95527"},"geometry":{"type":"MultiLineString","coordinates":[[[2.542448,49.011674],[2.542523,49.011195],[2.542713,49.010774],[2.54309,49.010488],[2.543613,49.010343],[2.544466,49.010381],[2.547618,49.010824],[2.54839,49.010759],[2.54911,49.010511],[2.549619,49.010115],[2.549892,49.009684],[2.550934,49.0073],[2.551006,49.006884],[2.550954,49.006549]]]}},{"type":"Feature","properties":{"tsid":"TS09500887","name":"Route sans nom ou bretelle","debut":null,"fin":null,"categorie":"4","es":"30","cl_admin":null,"largeur":"3m","gestion":"Probable route communale ou intercommunale","com_conc":"Épiais-lès-Louvres","com_conid":"95212"},"geometry":{"type":"MultiLineString","coordinates":[[[2.540477,49.028354],[2.540353,49.028019],[2.54041,49.027698],[2.540577,49.027507],[2.540684,49.027452],[2.541206,49.02737],[2.541497,49.027393],[2.541852,49.027507],[2.542228,49.02783],[2.542619,49.028052],[2.543755,49.028268],[2.544198,49.028306],[2.548248,49.028203],[2.550453,49.02825]]]}},{"type":"Feature","properties":{"tsid":"TS09500886","name":"Route sans nom ou bretelle","debut":null,"fin":null,"categorie":"4","es":"30","cl_admin":null,"largeur":"3m","gestion":"Probable route communale ou intercommunale","com_conc":"Roissy-en-France","com_conid":"95527"},"geometry":{"type":"MultiLineString","coordinates":[[[2.532971,49.011761],[2.53225,49.01183],[2.530849,49.0118],[2.53058,49.011835],[2.530342,49.011942],[2.530241,49.012048],[2.530187,49.012224],[2.530542,49.013476]]]}},{"type":"Feature","properties":{"tsid":"TS09500884","name":"Route sans nom ou bretelle","debut":null,"fin":null,"categorie":"4","es":"30","cl_admin":null,"largeur":"3m","gestion":"Probable route communale ou intercommunale","com_conc":"Roissy-en-France","com_conid":"95527"},"geometry":{"type":"MultiLineString","coordinates":[[[2.529961,49.011598],[2.529991,49.0116]]]}},{"type":"Feature","properties":{"tsid":"TS09500866","name":"Route sans nom ou bretelle","debut":null,"fin":null,"categorie":"4","es":"30","cl_admin":null,"largeur":"3m","gestion":"Probable route communale ou intercommunale","com_conc":"Argenteuil","com_conid":"95018"},"geometry":{"type":"MultiLineString","coordinates":[[[2.245274,48.937234],[2.24563,48.936929]]]}},{"type":"Feature","properties":{"tsid":"TS09500883","name":"Route sans nom ou bretelle","debut":null,"fin":null,"categorie":"4","es":"30","cl_admin":null,"largeur":"3m","gestion":"Probable route communale ou intercommunale","com_conc":"Roissy-en-France","com_conid":"95527"},"geometry":{"type":"MultiLineString","coordinates":[[[2.53125,49.0084],[2.531523,49.008733],[2.530961,49.008981],[2.530608,49.009208],[2.530147,49.009606],[2.529843,49.009999],[2.5297,49.010298],[2.529596,49.010696],[2.529577,49.0109],[2.529641,49.011336]],[[2.531471,49.008337],[2.531473,49.008479],[2.531584,49.008711],[2.531523,49.008733],[2.531813,49.00918]],[[2.53543,49.008613],[2.533936,49.008413],[2.53303,49.008405],[2.532596,49.008452],[2.531853,49.008619],[2.531584,49.008711],[2.531662,49.00885]]]}},{"type":"Feature","properties":{"tsid":"TS09500882","name":"Route sans nom ou bretelle","debut":null,"fin":null,"categorie":"4","es":"30","cl_admin":null,"largeur":"3m","gestion":"Probable route communale ou intercommunale","com_conc":"Roissy-en-France","com_conid":"95527"},"geometry":{"type":"MultiLineString","coordinates":[[[2.524537,49.008191],[2.524638,49.00743],[2.524811,49.00693],[2.524736,49.007812],[2.524869,49.008375],[2.525395,49.009551],[2.526072,49.010663],[2.526829,49.011625],[2.527861,49.012693],[2.529675,49.014241],[2.530024,49.014355],[2.530039,49.01449],[2.529949,49.014561],[2.529746,49.01457],[2.529634,49.014506],[2.529624,49.01439],[2.529774,49.0143]],[[2.526195,49.004152],[2.525361,49.005646],[2.524811,49.00693]]]}},{"type":"Feature","properties":{"tsid":"TS09500881","name":"Route sans nom ou bretelle","debut":null,"fin":null,"categorie":"4","es":"30","cl_admin":null,"largeur":"3m","gestion":"Probable route communale ou intercommunale","com_conc":"Roissy-en-France","com_conid":"95527"},"geometry":{"type":"MultiLineString","coordinates":[[[2.523922,49.006801],[2.523938,49.006306],[2.523876,49.005592],[2.523761,49.005287],[2.523356,49.00458]]]}},{"type":"Feature","properties":{"tsid":"TS09500880","name":"Route sans nom ou bretelle","debut":null,"fin":null,"categorie":"4","es":"30","cl_admin":null,"largeur":"3m","gestion":"Probable route communale ou intercommunale","com_conc":"Roissy-en-France","com_conid":"95527"},"geometry":{"type":"MultiLineString","coordinates":[[[2.521241,49.012215],[2.523803,49.012311],[2.524338,49.012247],[2.524837,49.012092],[2.525131,49.011935],[2.525373,49.011516],[2.525327,49.011203],[2.525039,49.010557]]]}},{"type":"Feature","properties":{"tsid":"TS09500878","name":"Route sans nom ou bretelle","debut":null,"fin":null,"categorie":"4","es":"30","cl_admin":null,"largeur":"3m","gestion":"Probable route communale ou intercommunale","com_conc":"Roissy-en-France","com_conid":"95527"},"geometry":{"type":"MultiLineString","coordinates":[[[2.517915,48.995567],[2.519189,48.9964],[2.520575,48.996962]]]}},{"type":"Feature","properties":{"tsid":"TS09500876","name":"Route sans nom ou bretelle","debut":null,"fin":null,"categorie":"4","es":"30","cl_admin":null,"largeur":"3m","gestion":"Probable route communale ou intercommunale","com_conc":"Roissy-en-France","com_conid":"95527"},"geometry":{"type":"MultiLineString","coordinates":[[[2.516199,48.993785],[2.515714,48.993333],[2.515259,48.993029],[2.513775,48.992265],[2.513489,48.992073],[2.513142,48.991802],[2.512286,48.990985],[2.513444,48.991887],[2.513844,48.992104],[2.515474,48.992683],[2.516025,48.992971],[2.516372,48.992985],[2.516588,48.992859]]]}},{"type":"Feature","properties":{"tsid":"TS09500644","name":"R D'ERMONT","debut":"debut route R D'ERMONT","fin":"continue route R D'ERMONT sur 5 m","categorie":"4","es":"30","cl_admin":null,"largeur":"5m","gestion":"Probable route communale ou intercommunale","com_conc":"Saint-Gratien","com_conid":"95555"},"geometry":{"type":"MultiLineString","coordinates":[[[2.27825,48.972234],[2.278709,48.972045],[2.27918,48.971761],[2.279299,48.971808],[2.279433,48.97178],[2.279468,48.971693],[2.279357,48.971614],[2.279193,48.971649],[2.27918,48.971761]],[[2.279445,48.971659],[2.280857,48.971105],[2.284035,48.969978],[2.28423,48.969811]]]}},{"type":"Feature","properties":{"tsid":"TS09500849","name":"Route sans nom ou bretelle","debut":null,"fin":null,"categorie":"4","es":"30","cl_admin":null,"largeur":"3m","gestion":"Probable route communale ou intercommunale","com_conc":"Saint-Ouen-l'Aumône","com_conid":"95572"},"geometry":{"type":"MultiLineString","coordinates":[[[2.121324,49.032971],[2.122346,49.033142],[2.123097,49.033371]]]}},{"type":"Feature","properties":{"tsid":"TS09500875","name":"Route sans nom ou bretelle","debut":null,"fin":null,"categorie":"4","es":"30","cl_admin":null,"largeur":"3m","gestion":"Probable route communale ou intercommunale","com_conc":"Tremblay-en-France,Roissy-en-France","com_conid":"93073,95527"},"geometry":{"type":"MultiLineString","coordinates":[[[2.513484,48.99709],[2.513539,48.996972],[2.513535,48.996296],[2.51362,48.996013],[2.513826,48.995633],[2.514116,48.995313],[2.514869,48.994732],[2.517215,48.99356],[2.517182,48.993684],[2.517284,48.993781],[2.517052,48.993782],[2.516841,48.993844],[2.515156,48.994657],[2.514644,48.994989],[2.514108,48.995447],[2.513705,48.99603],[2.513587,48.996476],[2.513635,48.996717],[2.513723,48.996876],[2.513991,48.997097],[2.514576,48.997288],[2.513806,48.997182]],[[2.513667,48.997098],[2.513577,48.99667],[2.513587,48.996476]],[[2.515594,48.994442],[2.516904,48.99397],[2.517231,48.993905],[2.517681,48.993994],[2.518333,48.994436],[2.517716,48.993904],[2.517523,48.993814],[2.517284,48.993781]],[[2.517215,48.99356],[2.517416,48.993512],[2.517569,48.99358],[2.517584,48.993702],[2.517411,48.993791]],[[2.517416,48.993512],[2.517726,48.993413],[2.51759,48.993617]],[[2.519346,48.990941],[2.519168,48.991352],[2.518749,48.992],[2.518228,48.99297],[2.517726,48.993413]],[[2.518835,48.995099],[2.518551,48.994665],[2.518333,48.994436]]]}},{"type":"Feature","properties":{"tsid":"TS09500874","name":"Route sans nom ou bretelle","debut":null,"fin":null,"categorie":"4","es":"30","cl_admin":null,"largeur":"3m","gestion":"Probable route communale ou intercommunale","com_conc":"Garges-lès-Gonesse","com_conid":"95268"},"geometry":{"type":"MultiLineString","coordinates":[[[2.387646,48.97482],[2.387988,48.974591],[2.388427,48.974489]]]}},{"type":"Feature","properties":{"tsid":"TS09500873","name":"Route sans nom ou bretelle","debut":null,"fin":null,"categorie":"4","es":"30","cl_admin":null,"largeur":"3m","gestion":"Probable route communale ou intercommunale","com_conc":"Persan","com_conid":"95487"},"geometry":{"type":"MultiLineString","coordinates":[[[2.292773,49.152175],[2.292751,49.152005],[2.292829,49.151875]]]}},{"type":"Feature","properties":{"tsid":"TS09500872","name":"Route sans nom ou bretelle","debut":null,"fin":null,"categorie":"4","es":"30","cl_admin":null,"largeur":"3m","gestion":"Probable route communale ou intercommunale","com_conc":"Argenteuil","com_conid":"95018"},"geometry":{"type":"MultiLineString","coordinates":[[[2.272588,48.959599],[2.272971,48.959497],[2.274494,48.958761],[2.275632,48.957978],[2.275081,48.957549]],[[2.275632,48.957978],[2.276266,48.957605],[2.276679,48.957517],[2.277001,48.957551],[2.277259,48.957666],[2.277468,48.95789],[2.277492,48.958026],[2.277444,48.958198],[2.277219,48.958407],[2.276991,48.958494],[2.276642,48.95852],[2.276257,48.95843],[2.275632,48.957978]]]}},{"type":"Feature","properties":{"tsid":"TS09500871","name":"Route sans nom ou bretelle","debut":null,"fin":null,"categorie":"4","es":"30","cl_admin":null,"largeur":"3m","gestion":"Probable route communale ou intercommunale","com_conc":"Sannois,Argenteuil","com_conid":"95582,95018"},"geometry":{"type":"MultiLineString","coordinates":[[[2.269636,48.964617],[2.269375,48.964441],[2.268597,48.964089],[2.268275,48.963797],[2.268164,48.963391],[2.268344,48.962523],[2.268482,48.962133],[2.269,48.961645],[2.269448,48.961333],[2.270289,48.960862],[2.270581,48.960612]]]}},{"type":"Feature","properties":{"tsid":"TS09500870","name":"Route sans nom ou bretelle","debut":null,"fin":null,"categorie":"4","es":"30","cl_admin":null,"largeur":"3m","gestion":"Probable route communale ou intercommunale","com_conc":"Sannois","com_conid":"95582"},"geometry":{"type":"MultiLineString","coordinates":[[[2.264495,48.962935],[2.263857,48.962778],[2.263257,48.962739],[2.262815,48.962893],[2.26268,48.963045],[2.262628,48.963193],[2.262688,48.963373],[2.262841,48.963528],[2.262986,48.963612],[2.263231,48.963666],[2.263542,48.963643],[2.26445,48.963366]]]}},{"type":"Feature","properties":{"tsid":"TS09500067","name":"Route sans nom ou bretelle","debut":null,"fin":null,"categorie":"5","es":"10","cl_admin":null,"largeur":"4m","gestion":"Probable route communale ou intercommunale","com_conc":"Argenteuil","com_conid":"95018"},"geometry":{"type":"MultiLineString","coordinates":[[[2.273726,48.954788],[2.273937,48.954987],[2.274013,48.955314],[2.274171,48.957718]]]}},{"type":"Feature","properties":{"tsid":"TS09500390","name":"R BLANCHET","debut":"fin de la route Route sans nom","fin":"séparation de la route en R DE L'ABREUVOIR,R DU PRESIDENT WILSON","categorie":"4","es":"30","cl_admin":null,"largeur":"5m","gestion":"Probable route communale ou intercommunale","com_conc":"Parmain","com_conid":"95480"},"geometry":{"type":"MultiLineString","coordinates":[[[2.208869,49.112928],[2.208419,49.112587],[2.207661,49.109797]]]}},{"type":"Feature","properties":{"tsid":"TS09500068","name":"Route sans nom ou bretelle","debut":null,"fin":null,"categorie":"5","es":"10","cl_admin":null,"largeur":"4m","gestion":"Probable route communale ou intercommunale","com_conc":"Roissy-en-France","com_conid":"95527"},"geometry":{"type":"MultiLineString","coordinates":[[[2.53312,49.011764],[2.532971,49.011761]]]}},{"type":"Feature","properties":{"tsid":"TS09500869","name":"Route sans nom ou bretelle","debut":null,"fin":null,"categorie":"4","es":"30","cl_admin":null,"largeur":"3m","gestion":"Probable route communale ou intercommunale","com_conc":"Argenteuil,Sannois","com_conid":"95018,95582"},"geometry":{"type":"MultiLineString","coordinates":[[[2.267976,48.96165],[2.266428,48.962271],[2.265593,48.962462],[2.264713,48.962452],[2.263461,48.962179],[2.265914,48.963029],[2.26702,48.962576],[2.267332,48.962523],[2.267528,48.962529],[2.267831,48.962622],[2.267962,48.962711],[2.268093,48.96292],[2.268084,48.963074],[2.267988,48.963233],[2.267757,48.963395],[2.267575,48.963447],[2.267123,48.963442],[2.265914,48.963029],[2.264748,48.963552],[2.264097,48.963746]]]}},{"type":"Feature","properties":{"tsid":"TS09500868","name":"Route sans nom ou bretelle","debut":null,"fin":null,"categorie":"4","es":"30","cl_admin":null,"largeur":"3m","gestion":"Probable route communale ou intercommunale","com_conc":"Sannois","com_conid":"95582"},"geometry":{"type":"MultiLineString","coordinates":[[[2.256712,48.966494],[2.25714,48.966435],[2.260879,48.965172],[2.264026,48.963987],[2.264503,48.963825],[2.265095,48.963694],[2.265872,48.963655],[2.266414,48.963713],[2.267242,48.963931],[2.268484,48.964349]]]}},{"type":"Feature","properties":{"tsid":"TS09500867","name":"Route sans nom ou bretelle","debut":null,"fin":null,"categorie":"4","es":"30","cl_admin":null,"largeur":"3m","gestion":"Probable route communale ou intercommunale","com_conc":"Argenteuil","com_conid":"95018"},"geometry":{"type":"MultiLineString","coordinates":[[[2.245534,48.937428],[2.245461,48.937272],[2.245469,48.937166],[2.245581,48.93709],[2.245709,48.937084],[2.246638,48.937422]]]}},{"type":"Feature","properties":{"tsid":"TS09500865","name":"Route sans nom ou bretelle","debut":null,"fin":null,"categorie":"4","es":"30","cl_admin":null,"largeur":"3m","gestion":"Probable route communale ou intercommunale","com_conc":"Argenteuil","com_conid":"95018"},"geometry":{"type":"MultiLineString","coordinates":[[[2.245187,48.937149],[2.245543,48.936877]]]}},{"type":"Feature","properties":{"tsid":"TS09500674","name":"R D'ARGENTEUIL","debut":"fin de la route Route sans nom","fin":"fin de la route Route sans nom","categorie":"4","es":"30","cl_admin":null,"largeur":"5m","gestion":"Probable route communale ou intercommunale","com_conc":"Sannois","com_conid":"95582"},"geometry":{"type":"MultiLineString","coordinates":[[[2.256381,48.966781],[2.256333,48.966894]]]}},{"type":"Feature","properties":{"tsid":"TS09500864","name":"Route sans nom ou bretelle","debut":null,"fin":null,"categorie":"4","es":"30","cl_admin":null,"largeur":"3m","gestion":"Probable route communale ou intercommunale","com_conc":"Mériel","com_conid":"95392"},"geometry":{"type":"MultiLineString","coordinates":[[[2.216611,49.066993],[2.220044,49.069936],[2.220084,49.070127],[2.220012,49.070273]]]}},{"type":"Feature","properties":{"tsid":"TS09500863","name":"Route sans nom ou bretelle","debut":null,"fin":null,"categorie":"4","es":"30","cl_admin":null,"largeur":"3m","gestion":"Probable route communale ou intercommunale","com_conc":"Taverny","com_conid":"95607"},"geometry":{"type":"MultiLineString","coordinates":[[[2.219831,49.013214],[2.217932,49.013989],[2.216918,49.014219]]]}},{"type":"Feature","properties":{"tsid":"TS09500862","name":"Route sans nom ou bretelle","debut":null,"fin":null,"categorie":"4","es":"30","cl_admin":null,"largeur":"3m","gestion":"Probable route communale ou intercommunale","com_conc":"Taverny","com_conid":"95607"},"geometry":{"type":"MultiLineString","coordinates":[[[2.214359,49.01719],[2.214501,49.016936],[2.216168,49.015161],[2.216285,49.014967],[2.216459,49.014437]]]}},{"type":"Feature","properties":{"tsid":"TS09500861","name":"Route sans nom ou bretelle","debut":null,"fin":null,"categorie":"4","es":"30","cl_admin":null,"largeur":"3m","gestion":"Probable route communale ou intercommunale","com_conc":"Taverny","com_conid":"95607"},"geometry":{"type":"MultiLineString","coordinates":[[[2.200069,49.031795],[2.200605,49.031336],[2.20149,49.030433],[2.202751,49.029432],[2.203285,49.028848],[2.203469,49.028706]]]}},{"type":"Feature","properties":{"tsid":"TS09500860","name":"Route sans nom ou bretelle","debut":null,"fin":null,"categorie":"4","es":"30","cl_admin":null,"largeur":"3m","gestion":"Probable route communale ou intercommunale","com_conc":"Montigny-lès-Cormeilles,Cormeilles-en-Parisis","com_conid":"95424,95176"},"geometry":{"type":"MultiLineString","coordinates":[[[2.194392,48.990636],[2.196194,48.990136],[2.197065,48.98984],[2.19771,48.989445],[2.198254,48.988889],[2.198659,48.988549],[2.199061,48.988345],[2.199575,48.988208],[2.200344,48.988171],[2.201079,48.988336],[2.202043,48.988864],[2.20194,48.988887],[2.2025,48.989225]],[[2.20194,48.988887],[2.200153,48.989225],[2.199708,48.989257],[2.199256,48.989143],[2.199077,48.988974],[2.199014,48.988747],[2.199135,48.988498],[2.199347,48.988362],[2.199762,48.988265],[2.200189,48.988254],[2.200711,48.988315],[2.201177,48.988449],[2.20194,48.988887]],[[2.202347,48.988797],[2.202043,48.988864],[2.202576,48.989179]]]}},{"type":"Feature","properties":{"tsid":"TS09500226","name":"D140","debut":"debut route D140","fin":"fin de la route D140","categorie":"4","es":"30","cl_admin":"Départementale","largeur":"5m","gestion":"Conseil Départementale Val-d'Oise","com_conc":"Ermont","com_conid":"95219"},"geometry":{"type":"MultiLineString","coordinates":[[[2.24589,48.982055],[2.245986,48.981941],[2.246142,48.98193],[2.246287,48.98203],[2.246272,48.982097]]]}},{"type":"Feature","properties":{"tsid":"TS09500859","name":"Route sans nom ou bretelle","debut":null,"fin":null,"categorie":"4","es":"30","cl_admin":null,"largeur":"3m","gestion":"Probable route communale ou intercommunale","com_conc":"Montigny-lès-Cormeilles,Herblay-sur-Seine","com_conid":"95424,95306"},"geometry":{"type":"MultiLineString","coordinates":[[[2.18199,48.996262],[2.181922,48.997129],[2.181849,48.997311],[2.181691,48.99747],[2.181487,48.997565],[2.181213,48.997614],[2.180935,48.997587],[2.180686,48.997481],[2.180537,48.997343],[2.180479,48.99715],[2.180526,48.996967],[2.180676,48.996798],[2.182141,48.995863],[2.185899,48.993668],[2.184851,48.99436],[2.184566,48.994619],[2.184384,48.994975],[2.184359,48.995864],[2.184272,48.996182],[2.184176,48.996316],[2.183842,48.996601],[2.182727,48.997291],[2.182365,48.997635],[2.182242,48.998023],[2.182116,48.999215]]]}},{"type":"Feature","properties":{"tsid":"TS09500858","name":"Route sans nom ou bretelle","debut":null,"fin":null,"categorie":"4","es":"30","cl_admin":null,"largeur":"3m","gestion":"Probable route communale ou intercommunale","com_conc":"Montigny-lès-Cormeilles,Herblay-sur-Seine","com_conid":"95424,95306"},"geometry":{"type":"MultiLineString","coordinates":[[[2.182038,48.992325],[2.182155,48.992914],[2.182376,48.993236],[2.182769,48.993419],[2.183781,48.993695],[2.184191,48.993712],[2.184628,48.993646],[2.186216,48.993002],[2.184448,48.993878],[2.181927,48.995395],[2.181805,48.995003],[2.181624,48.99483],[2.181351,48.994719],[2.181072,48.9947],[2.180774,48.994751],[2.180309,48.994961],[2.180029,48.995201],[2.179949,48.995347],[2.179938,48.995502],[2.180067,48.995727],[2.180364,48.995881],[2.180674,48.995914],[2.180929,48.995877],[2.181927,48.995395],[2.181975,48.99541]]]}},{"type":"Feature","properties":{"tsid":"TS09500857","name":"Route sans nom ou bretelle","debut":null,"fin":null,"categorie":"4","es":"30","cl_admin":null,"largeur":"3m","gestion":"Probable route communale ou intercommunale","com_conc":"Herblay-sur-Seine","com_conid":"95306"},"geometry":{"type":"MultiLineString","coordinates":[[[2.175194,48.999764],[2.176508,48.999154],[2.17798,48.998337]]]}},{"type":"Feature","properties":{"tsid":"TS09500856","name":"Route sans nom ou bretelle","debut":null,"fin":null,"categorie":"4","es":"30","cl_admin":null,"largeur":"3m","gestion":"Probable route communale ou intercommunale","com_conc":"Herblay-sur-Seine","com_conid":"95306"},"geometry":{"type":"MultiLineString","coordinates":[[[2.156563,49.008257],[2.157374,49.008091],[2.158584,49.008255],[2.159266,49.008233],[2.159928,49.008066],[2.161496,49.007432]]]}},{"type":"Feature","properties":{"tsid":"TS09500855","name":"Route sans nom ou bretelle","debut":null,"fin":null,"categorie":"4","es":"30","cl_admin":null,"largeur":"3m","gestion":"Probable route communale ou intercommunale","com_conc":"Herblay-sur-Seine","com_conid":"95306"},"geometry":{"type":"MultiLineString","coordinates":[[[2.156662,49.0084],[2.156844,49.008297],[2.157194,49.008197],[2.157661,49.008179],[2.157869,49.008262],[2.158017,49.008394],[2.158092,49.008548],[2.158069,49.008704],[2.157931,49.008887],[2.157777,49.008997],[2.156474,49.009562],[2.155922,49.009849]]]}},{"type":"Feature","properties":{"tsid":"TS09500854","name":"Route sans nom ou bretelle","debut":null,"fin":null,"categorie":"4","es":"30","cl_admin":null,"largeur":"3m","gestion":"Probable route communale ou intercommunale","com_conc":"Herblay-sur-Seine,Pierrelaye","com_conid":"95306,95488"},"geometry":{"type":"MultiLineString","coordinates":[[[2.15897,49.009645],[2.159182,49.009564],[2.159337,49.009438],[2.159398,49.009304],[2.159382,49.009175],[2.159147,49.00902],[2.158782,49.009026],[2.155301,49.010466],[2.153878,49.010988],[2.15325,49.011158]]]}},{"type":"Feature","properties":{"tsid":"TS09500853","name":"Route sans nom ou bretelle","debut":null,"fin":null,"categorie":"4","es":"30","cl_admin":null,"largeur":"3m","gestion":"Probable route communale ou intercommunale","com_conc":"Saint-Ouen-l'Aumône","com_conid":"95572"},"geometry":{"type":"MultiLineString","coordinates":[[[2.147304,49.048773],[2.147966,49.048874],[2.1485,49.049082],[2.148773,49.049325],[2.14889,49.04957],[2.148915,49.049748],[2.148874,49.04997],[2.148683,49.050422],[2.148582,49.050589],[2.148462,49.050671],[2.148076,49.050755],[2.147392,49.050739]],[[2.148683,49.050422],[2.148725,49.050699],[2.148879,49.050853],[2.149537,49.051097]]]}},{"type":"Feature","properties":{"tsid":"TS09500852","name":"Route sans nom ou bretelle","debut":null,"fin":null,"categorie":"4","es":"30","cl_admin":null,"largeur":"3m","gestion":"Probable route communale ou intercommunale","com_conc":"Saint-Ouen-l'Aumône","com_conid":"95572"},"geometry":{"type":"MultiLineString","coordinates":[[[2.142239,49.050654],[2.142343,49.050147]]]}},{"type":"Feature","properties":{"tsid":"TS09500851","name":"Route sans nom ou bretelle","debut":null,"fin":null,"categorie":"4","es":"30","cl_admin":null,"largeur":"3m","gestion":"Probable route communale ou intercommunale","com_conc":"Saint-Ouen-l'Aumône","com_conid":"95572"},"geometry":{"type":"MultiLineString","coordinates":[[[2.129155,49.044605],[2.129003,49.044513],[2.128973,49.044377]]]}},{"type":"Feature","properties":{"tsid":"TS09500249","name":"D311","debut":"limite département Seine-Saint-Denis (93),Val-d'Oise (95)","fin":"limite départementale","categorie":"3","es":"100","cl_admin":"Départementale","largeur":"5m","gestion":"Conseil Départementale Val-d'Oise","com_conc":"Épinay-sur-Seine,Enghien-les-Bains","com_conid":"93031,95210"},"geometry":{"type":"MultiLineString","coordinates":[[[2.300497,48.965733],[2.30046,48.965699]]]}},{"type":"Feature","properties":{"tsid":"TS09500850","name":"Route sans nom ou bretelle","debut":null,"fin":null,"categorie":"4","es":"30","cl_admin":null,"largeur":"3m","gestion":"Probable route communale ou intercommunale","com_conc":"Saint-Ouen-l'Aumône","com_conid":"95572"},"geometry":{"type":"MultiLineString","coordinates":[[[2.130673,49.043649],[2.13023,49.043706],[2.129994,49.043655],[2.129829,49.043553],[2.129092,49.042649],[2.128613,49.041933]],[[2.130324,49.043876],[2.13024,49.04376],[2.130064,49.043676]]]}},{"type":"Feature","properties":{"tsid":"TS09500066","name":"Route sans nom ou bretelle","debut":null,"fin":null,"categorie":"5","es":"10","cl_admin":null,"largeur":"4m","gestion":"Probable route communale ou intercommunale","com_conc":"Nerville-la-Forêt","com_conid":"95445"},"geometry":{"type":"MultiLineString","coordinates":[[[2.266999,49.099345],[2.267108,49.099247],[2.267139,49.098963],[2.267037,49.098726],[2.2668,49.098506],[2.266332,49.098352],[2.264981,49.098247],[2.26431,49.098097],[2.264025,49.097971],[2.262948,49.097248]],[[2.267139,49.098963],[2.267274,49.099105],[2.267466,49.099204],[2.267925,49.09929]]]}},{"type":"Feature","properties":{"tsid":"TS09500065","name":"Route sans nom ou bretelle","debut":null,"fin":null,"categorie":"5","es":"10","cl_admin":null,"largeur":"4m","gestion":"Probable route communale ou intercommunale","com_conc":"Pontoise","com_conid":"95500"},"geometry":{"type":"MultiLineString","coordinates":[[[2.076437,49.04484],[2.076025,49.045079],[2.074255,49.045921],[2.073221,49.046672],[2.07284,49.046895]],[[2.076025,49.045079],[2.076447,49.045025],[2.076983,49.045126]]]}},{"type":"Feature","properties":{"tsid":"TS09500705","name":"R D'ARGENTEUIL","debut":"limite commune La Frette-sur-Seine (95306),Herblay-sur-Seine (95306)","fin":"limite commune La Frette-sur-Seine (95424),Montigny-lès-Cormeilles (95424)","categorie":"4","es":"30","cl_admin":null,"largeur":"5m","gestion":"Probable route communale ou intercommunale","com_conc":"Herblay-sur-Seine,La Frette-sur-Seine,Montigny-lès-Cormeilles","com_conid":"95306,95257,95424"},"geometry":{"type":"MultiLineString","coordinates":[[[2.173763,48.986659],[2.17454,48.986477],[2.175551,48.986341]]]}},{"type":"Feature","properties":{"tsid":"TS09500645","name":"RPT DU VERGER","debut":"continue route RPT DU VERGER sur 11 m","fin":"continue route RPT DU VERGER sur 11 m","categorie":"5","es":"10","cl_admin":null,"largeur":"5m","gestion":"Probable route communale ou intercommunale","com_conc":"Roissy-en-France","com_conid":"95527"},"geometry":{"type":"MultiLineString","coordinates":[[[2.513695,48.998239],[2.513682,48.998143]]]}},{"type":"Feature","properties":{"tsid":"TS09501161","name":"RTE DE L'ARPENTEUR","debut":"Intersection Route sans nom,RTE DE L'ARPENTEUR","fin":"continue route RTE DE L'ARPENTEUR sur 32 m","categorie":"3","es":"100","cl_admin":null,"largeur":"7m","gestion":"Probable route communale ou intercommunale","com_conc":"Épiais-lès-Louvres","com_conid":"95212"},"geometry":{"type":"MultiLineString","coordinates":[[[2.536407,49.026564],[2.536303,49.026286]]]}},{"type":"Feature","properties":{"tsid":"TS09500301","name":"RTE DE PUISEUX","debut":"debut route RTE DE PUISEUX","fin":null,"categorie":"4","es":"30","cl_admin":null,"largeur":"5m","gestion":"Probable route communale ou intercommunale","com_conc":"Fontenay-en-Parisis","com_conid":"95241"},"geometry":{"type":"MultiLineString","coordinates":[[[2.457936,49.05513],[2.458907,49.056323]]]}},{"type":"Feature","properties":{"tsid":"TS09500121","name":"R VICTOR HUGO","debut":"fin de la route R DES BARENTINS","fin":"fin de la route D41","categorie":"4","es":"30","cl_admin":null,"largeur":"5m","gestion":"Probable route communale ou intercommunale","com_conc":"Bezons","com_conid":"95063"},"geometry":{"type":"MultiLineString","coordinates":[[[2.220662,48.931304],[2.221814,48.930081],[2.222032,48.929905],[2.223441,48.928062]]]}},{"type":"Feature","properties":{"tsid":"TS09500008","name":"D1001","debut":"continue route D1001 sur 117 m","fin":"limite commune Chambly (95529),Ronquerolles (95529)","categorie":"3","es":"100","cl_admin":"Départementale","largeur":"10m","gestion":"Conseil Départementale Oise","com_conc":"Ronquerolles,Chambly","com_conid":"95529,60139"},"geometry":{"type":"MultiLineString","coordinates":[[[2.229662,49.167976],[2.229342,49.16883],[2.229276,49.169396],[2.229292,49.1697],[2.229432,49.170282],[2.229963,49.171311]]]}},{"type":"Feature","properties":{"tsid":"TS09501157","name":"RPT DE LA CROIX SAINT-BENOIT","debut":"continue route RPT DE LA CROIX SAINT-BENOIT sur 10 m","fin":"continue route RPT DE LA CROIX SAINT-BENOIT sur 10 m","categorie":"3","es":"100","cl_admin":null,"largeur":"7m","gestion":"Probable route communale ou intercommunale","com_conc":"Gonesse","com_conid":"95277"},"geometry":{"type":"MultiLineString","coordinates":[[[2.442149,48.980815],[2.442062,48.980751]]]}},{"type":"Feature","properties":{"tsid":"TS09501072","name":"D1","debut":"fin de la route D1","fin":null,"categorie":"4","es":"30","cl_admin":"Départementale","largeur":"5m","gestion":"Conseil Départementale Val-d'Oise","com_conc":"Mériel","com_conid":"95392"},"geometry":{"type":"MultiLineString","coordinates":[[[2.219889,49.070452],[2.220047,49.070469],[2.220145,49.070375],[2.220047,49.070279],[2.219901,49.070289],[2.219831,49.070374],[2.219889,49.070452],[2.219601,49.070728],[2.215582,49.072691],[2.214945,49.072955],[2.212616,49.073728],[2.212347,49.073861],[2.210521,49.075115]]]}},{"type":"Feature","properties":{"tsid":"TS09500804","name":"D311","debut":"limite département Seine-Saint-Denis (93),Val-d'Oise (95)","fin":null,"categorie":"4","es":"30","cl_admin":"Départementale","largeur":"de 3m à 5m","gestion":"Conseil Départementale Val-d'Oise","com_conc":"Épinay-sur-Seine,Enghien-les-Bains","com_conid":"93031,95210"},"geometry":{"type":"MultiLineString","coordinates":[[[2.300497,48.965733],[2.300885,48.966088],[2.302652,48.967088],[2.303385,48.967596],[2.305069,48.969102],[2.306475,48.968258]]]}},{"type":"Feature","properties":{"tsid":"TS09500801","name":"D311","debut":"Intersection D311A1,R DE PONTOISE","fin":"séparation de la route en D311,D392A1","categorie":"4","es":"30","cl_admin":"Départementale","largeur":"de 3m à 5m","gestion":"Conseil Départementale Val-d'Oise","com_conc":"Bezons","com_conid":"95063"},"geometry":{"type":"MultiLineString","coordinates":[[[2.220055,48.922722],[2.220169,48.922597]]]}},{"type":"Feature","properties":{"tsid":"TS09501145","name":"D316","debut":"séparation de la route en D301,D316","fin":"limite commune Sarcelles (95427),Montmagny (95427)","categorie":"4","es":"30","cl_admin":"Départementale","largeur":"5m","gestion":"Conseil Départementale Val-d'Oise","com_conc":"Sarcelles","com_conid":"95585"},"geometry":{"type":"MultiLineString","coordinates":[[[2.365956,48.974419],[2.365836,48.974178]]]}},{"type":"Feature","properties":{"tsid":"TS09501265","name":"QU DE SEINE","debut":"fin de la route AV DES LILAS","fin":"Intersection CHE COTE A BOIVIN,QU DE SEINE","categorie":"5","es":"10","cl_admin":null,"largeur":"5m","gestion":"Probable route communale ou intercommunale","com_conc":"La Frette-sur-Seine","com_conid":"95257"},"geometry":{"type":"MultiLineString","coordinates":[[[2.18172,48.96724],[2.181719,48.967314]]]}},{"type":"Feature","properties":{"tsid":"TS09500098","name":"D14","debut":"séparation de la route en BD MAURICE BERTEAUX,D14","fin":null,"categorie":"3","es":"100","cl_admin":"Départementale","largeur":"5m","gestion":"Conseil Départementale Val-d'Oise","com_conc":"Saint-Gratien,Sannois","com_conid":"95555,95582"},"geometry":{"type":"MultiLineString","coordinates":[[[2.2732,48.967177],[2.27317,48.967051],[2.2732,48.966983],[2.273509,48.966804],[2.27378,48.966802],[2.273969,48.966876],[2.274238,48.966904],[2.27546,48.966822],[2.278987,48.966139],[2.279842,48.966026],[2.27556,48.966873],[2.274433,48.966994],[2.274123,48.967118],[2.274006,48.967305],[2.273828,48.96739],[2.273559,48.967405],[2.273301,48.967316]],[[2.279842,48.966026],[2.282942,48.965405]],[[2.280191,48.965963],[2.282961,48.965435]]]}},{"type":"Feature","properties":{"tsid":"TS09500707","name":"D144E","debut":"limite commune Deuil-la-Barre (95197),Montmorency (95197)","fin":null,"categorie":"4","es":"30","cl_admin":"Départementale","largeur":"5m","gestion":"Conseil Départementale Val-d'Oise","com_conc":"Deuil-la-Barre,Montmorency","com_conid":"95197,95428"},"geometry":{"type":"MultiLineString","coordinates":[[[2.316699,48.97959],[2.316588,48.978313],[2.317168,48.975413],[2.316619,48.973275],[2.316631,48.971948],[2.316509,48.970112],[2.316886,48.969216],[2.317428,48.967315]]]}},{"type":"Feature","properties":{"tsid":"TS09501041","name":"D192","debut":"séparation de la route en D192,PAS DE LA POSTE","fin":null,"categorie":"4","es":"30","cl_admin":"Départementale","largeur":"de 3m à 5m","gestion":"Conseil Départementale Val-d'Oise","com_conc":"Sannois","com_conid":"95582"},"geometry":{"type":"MultiLineString","coordinates":[[[2.255429,48.97042],[2.255284,48.970153],[2.255313,48.96997],[2.256272,48.969381],[2.256428,48.969334],[2.256376,48.969252],[2.256178,48.969351],[2.255282,48.969902],[2.255187,48.970072],[2.255235,48.97021],[2.255551,48.970594],[2.255816,48.971071],[2.256252,48.972174]],[[2.256333,48.966894],[2.256205,48.967372],[2.256168,48.967747],[2.256187,48.96797],[2.25633,48.968372],[2.256502,48.969161],[2.256376,48.969252]],[[2.256502,48.969161],[2.256622,48.969179],[2.256664,48.969296],[2.256551,48.969356],[2.256428,48.969334]]]}},{"type":"Feature","properties":{"tsid":"TS09500038","name":"D209","debut":"fin de la route D209","fin":null,"categorie":"4","es":"30","cl_admin":"Départementale","largeur":"5m","gestion":"Conseil Départementale Val-d'Oise","com_conc":"Villiers-le-Bel,Sarcelles","com_conid":"95680,95585"},"geometry":{"type":"MultiLineString","coordinates":[[[2.390064,48.98786],[2.390512,48.98844],[2.390542,48.988649],[2.388495,48.99357],[2.388534,48.993714],[2.389997,48.996279],[2.389166,48.997766],[2.389182,48.997889],[2.389832,48.999257],[2.38988,48.999445],[2.389881,48.999797],[2.38956,49.000498],[2.389487,49.000813],[2.389546,49.001157],[2.389655,49.001348]]]}},{"type":"Feature","properties":{"tsid":"TS09500459","name":"D301","debut":"séparation de la route en D125,D301","fin":"séparation de la route en D125,D301","categorie":"4","es":"30","cl_admin":"Départementale","largeur":"7m","gestion":"Conseil Départementale Val-d'Oise","com_conc":"Saint-Brice-sous-Forêt","com_conid":"95539"},"geometry":{"type":"MultiLineString","coordinates":[[[2.360279,48.991597],[2.360319,48.99166]]]}},{"type":"Feature","properties":{"tsid":"TS09500251","name":"D311","debut":"limite commune Enghien-les-Bains (95210),Montmorency (95210)","fin":null,"categorie":"3","es":"100","cl_admin":"Départementale","largeur":"5m","gestion":"Conseil Départementale Val-d'Oise","com_conc":"Enghien-les-Bains,Montmorency","com_conid":"95210,95428"},"geometry":{"type":"MultiLineString","coordinates":[[[2.310167,48.972775],[2.308413,48.971649]]]}},{"type":"Feature","properties":{"tsid":"TS09501104","name":"RPT DES ETANGS","debut":"Intersection CHE NEUF,RPT DES ETANGS","fin":"continue route RPT DES ETANGS sur 25 m","categorie":"4","es":"30","cl_admin":null,"largeur":"5m","gestion":"Probable route communale ou intercommunale","com_conc":"Neuville-sur-Oise","com_conid":"95450"},"geometry":{"type":"MultiLineString","coordinates":[[[2.052509,49.02153],[2.052546,49.021385],[2.052824,49.021282],[2.053064,49.021343],[2.05316,49.021487],[2.053067,49.021638],[2.052804,49.021704],[2.052584,49.021633],[2.052509,49.02153]]]}},{"type":"Feature","properties":{"tsid":"TS09500230","name":"D140","debut":"fin de la route D140","fin":"fin de la route D140","categorie":"4","es":"30","cl_admin":"Départementale","largeur":"5m","gestion":"Conseil Départementale Val-d'Oise","com_conc":"Eaubonne","com_conid":"95203"},"geometry":{"type":"MultiLineString","coordinates":[[[2.279186,48.991639],[2.280274,48.991911]]]}},{"type":"Feature","properties":{"tsid":"TS09500250","name":"D311","debut":"debut route D311","fin":null,"categorie":"3","es":"100","cl_admin":"Départementale","largeur":"5m","gestion":"Conseil Départementale Val-d'Oise","com_conc":"Deuil-la-Barre,Enghien-les-Bains","com_conid":"95197,95210"},"geometry":{"type":"MultiLineString","coordinates":[[[2.309969,48.970531],[2.309913,48.970453],[2.309439,48.970332],[2.308544,48.969704],[2.308351,48.969654],[2.308289,48.969579],[2.308296,48.969504],[2.306475,48.968258]],[[2.309936,48.970579],[2.309825,48.970607],[2.309734,48.970566],[2.309733,48.970482],[2.309843,48.97044]]]}},{"type":"Feature","properties":{"tsid":"TS09500463","name":"AV DES 3 FONTAINES","debut":"Intersection AV DES 3 FONTAINES,R DE LA BOUCLE","fin":"Intersection AV DES 3 FONTAINES,Route sans nom","categorie":"3","es":"100","cl_admin":null,"largeur":"4m","gestion":"Probable route communale ou intercommunale","com_conc":"Cergy","com_conid":"95127"},"geometry":{"type":"MultiLineString","coordinates":[[[2.077995,49.038745],[2.078419,49.038884],[2.07873,49.03906]]]}},{"type":"Feature","properties":{"tsid":"TS09501006","name":"D4","debut":"séparation de la route en D928,R DE PARIS","fin":null,"categorie":"3","es":"100","cl_admin":"Départementale","largeur":"5m","gestion":"Conseil Départementale Val-d'Oise","com_conc":"Auvers-sur-Oise,Butry-sur-Oise","com_conid":"95039,95120"},"geometry":{"type":"MultiLineString","coordinates":[[[2.177131,49.071193],[2.181867,49.072632],[2.185722,49.074205],[2.18677,49.074454],[2.188088,49.074574],[2.188815,49.07479],[2.190148,49.075383],[2.190957,49.075838],[2.192461,49.077157],[2.194351,49.079284],[2.19587,49.080382],[2.196331,49.080932],[2.196731,49.081617],[2.196942,49.08228],[2.19716,49.083599],[2.19755,49.085015],[2.197563,49.085191],[2.197434,49.085429],[2.196922,49.085457],[2.196534,49.085651],[2.196459,49.08576]]]}},{"type":"Feature","properties":{"tsid":"TS09501280","name":"D4","debut":"fin de la route D927","fin":null,"categorie":"4","es":"30","cl_admin":"Départementale","largeur":"5m","gestion":"Conseil Départementale Val-d'Oise","com_conc":"Auvers-sur-Oise,Pontoise","com_conid":"95039,95500"},"geometry":{"type":"MultiLineString","coordinates":[[[2.105528,49.050916],[2.107144,49.05154],[2.10949,49.052815],[2.112348,49.054467],[2.113959,49.055671],[2.115227,49.056725],[2.115427,49.056924],[2.115888,49.057769],[2.116195,49.058123],[2.116977,49.058736],[2.118147,49.059839],[2.11915,49.060636],[2.120285,49.061482],[2.122216,49.062772],[2.123587,49.063532],[2.127523,49.065993],[2.128113,49.066338],[2.128448,49.06648],[2.133151,49.068244],[2.133983,49.068514],[2.134589,49.068784],[2.136,49.069303],[2.136823,49.069468],[2.137441,49.069515],[2.142552,49.06968],[2.149864,49.071028],[2.154016,49.071435],[2.154347,49.071419],[2.160065,49.069879],[2.161119,49.069698],[2.162297,49.069742],[2.165218,49.07046],[2.168402,49.07097]]]}},{"type":"Feature","properties":{"tsid":"TS09501281","name":"D4","debut":"fin de la route R DE LA CAVEE","fin":null,"categorie":"4","es":"30","cl_admin":"Départementale","largeur":"5m","gestion":"Conseil Départementale Val-d'Oise","com_conc":"Butry-sur-Oise,Valmondois,Parmain","com_conid":"95120,95628,95480"},"geometry":{"type":"MultiLineString","coordinates":[[[2.196459,49.08576],[2.196669,49.086679],[2.196721,49.087361],[2.197037,49.088029],[2.197186,49.088621],[2.197186,49.089272],[2.197338,49.08996],[2.197757,49.091038],[2.198232,49.092005],[2.198368,49.092418],[2.198401,49.093036],[2.19819,49.093824],[2.198316,49.093895],[2.199084,49.094102],[2.200243,49.09475],[2.201002,49.095652],[2.201476,49.096615],[2.202497,49.099035],[2.202753,49.100908],[2.206127,49.10903],[2.206461,49.110044],[2.206784,49.110675],[2.206796,49.110806],[2.206648,49.111324],[2.207038,49.112325],[2.207247,49.113029]]]}},{"type":"Feature","properties":{"tsid":"TS09501141","name":"D41","debut":"fin de la route D41","fin":null,"categorie":"3","es":"100","cl_admin":"Départementale","largeur":"5m","gestion":"Conseil Départementale Val-d'Oise","com_conc":"Argenteuil","com_conid":"95018"},"geometry":{"type":"MultiLineString","coordinates":[[[2.24198,48.947852],[2.242604,48.947841],[2.244134,48.947628],[2.246768,48.947132]]]}},{"type":"Feature","properties":{"tsid":"TS09500404","name":"D44E1","debut":"fin de la route D370","fin":null,"categorie":"4","es":"30","cl_admin":"Départementale","largeur":"de 3m à 5m","gestion":"Conseil Départementale Val-d'Oise","com_conc":"Ézanville,Écouen","com_conid":"95229,95205"},"geometry":{"type":"MultiLineString","coordinates":[[[2.367991,49.02632],[2.367425,49.02618],[2.36623,49.02554],[2.364943,49.024197],[2.364204,49.023008],[2.363827,49.022908],[2.363581,49.023032]]]}},{"type":"Feature","properties":{"tsid":"TS09500027","name":"BD DE L'OISE","debut":"fin de la route RPT DU CEDRE","fin":null,"categorie":"4","es":"30","cl_admin":null,"largeur":"5m","gestion":"Probable route communale ou intercommunale","com_conc":"Cergy","com_conid":"95127"},"geometry":{"type":"MultiLineString","coordinates":[[[2.028917,49.043365],[2.026423,49.044963],[2.02342,49.046808]]]}},{"type":"Feature","properties":{"tsid":"TS09500811","name":"D48","debut":"fin de la route D48","fin":null,"categorie":"4","es":"30","cl_admin":"Départementale","largeur":"de 3m à 5m","gestion":"Conseil Départementale Val-d'Oise","com_conc":"Herblay-sur-Seine,Conflans-Sainte-Honorine","com_conid":"95306,78172"},"geometry":{"type":"MultiLineString","coordinates":[[[2.126775,49.004735],[2.127027,49.004702],[2.127205,49.004622],[2.127186,49.004695],[2.12725,49.004796],[2.126775,49.004735],[2.125381,49.004752],[2.12424,49.004876]],[[2.127205,49.004622],[2.127383,49.004532],[2.127973,49.004633],[2.128662,49.004546],[2.12817,49.004679],[2.127806,49.004705],[2.127466,49.004844],[2.12725,49.004796]],[[2.127617,49.004581],[2.12767,49.004674],[2.127618,49.004783]],[[2.128662,49.004546],[2.131122,49.003896]]]}},{"type":"Feature","properties":{"tsid":"TS09500545","name":"AV DENIS PAPIN","debut":"fin de la route AV CLAUDE MAILLAT","fin":null,"categorie":"5","es":"10","cl_admin":null,"largeur":"de 3m à 5m","gestion":"Probable route communale ou intercommunale","com_conc":"Arnouville","com_conid":"95019"},"geometry":{"type":"MultiLineString","coordinates":[[[2.409434,48.99063],[2.409611,48.990724],[2.410367,48.990605],[2.413943,48.992666],[2.414137,48.992788],[2.414246,48.99293],[2.414413,48.993734]]]}},{"type":"Feature","properties":{"tsid":"TS09500901","name":"R CARNOT","debut":"fin de la route R THIERS","fin":"Intersection PL DU GENERAL DE GAULLE,R CARNOT","categorie":"4","es":"30","cl_admin":null,"largeur":"5m","gestion":"Probable route communale ou intercommunale","com_conc":"Pontoise","com_conid":"95500"},"geometry":{"type":"MultiLineString","coordinates":[[[2.095783,49.047855],[2.095612,49.047914]]]}},{"type":"Feature","properties":{"tsid":"TS09500328","name":"D4E2","debut":"fin de la route D4E2","fin":null,"categorie":"5","es":"10","cl_admin":"Départementale","largeur":"de 3m à 5m","gestion":"Conseil Départementale Val-d'Oise","com_conc":"Champagne-sur-Oise","com_conid":"95134"},"geometry":{"type":"MultiLineString","coordinates":[[[2.251239,49.13905],[2.251167,49.139298],[2.250829,49.139925],[2.250356,49.141007],[2.250046,49.141563],[2.250134,49.141847],[2.250281,49.141989],[2.251186,49.142382]],[[2.251514,49.139136],[2.251037,49.139567]]]}},{"type":"Feature","properties":{"tsid":"TS09500387","name":"D508","debut":"debut route D508","fin":"fin de la route D405","categorie":"4","es":"30","cl_admin":"Départementale","largeur":"5m","gestion":"Conseil Départementale Val-d'Oise","com_conc":"Franconville","com_conid":"95252"},"geometry":{"type":"MultiLineString","coordinates":[[[2.223276,48.992171],[2.222995,48.992291]]]}},{"type":"Feature","properties":{"tsid":"TS09501118","name":"D85","debut":"debut route D85","fin":null,"categorie":"4","es":"30","cl_admin":"Départementale","largeur":"de 4m à 5m","gestion":"Conseil Départementale Val-d'Oise","com_conc":"Beaumont-sur-Oise","com_conid":"95052"},"geometry":{"type":"MultiLineString","coordinates":[[[2.285451,49.142139],[2.285745,49.141881],[2.285668,49.141838],[2.285339,49.142062]],[[2.285668,49.141838],[2.285717,49.141782],[2.285803,49.141796],[2.285804,49.141858],[2.285745,49.141881]]]}},{"type":"Feature","properties":{"tsid":"TS09500366","name":"D84A","debut":"Intersection D84A,Route sans nom","fin":"fin de la route D125","categorie":"4","es":"30","cl_admin":"Départementale","largeur":"3m","gestion":"Conseil Départementale Val-d'Oise","com_conc":"Garges-lès-Gonesse","com_conid":"95268"},"geometry":{"type":"MultiLineString","coordinates":[[[2.415938,48.959846],[2.415693,48.959793]]]}},{"type":"Feature","properties":{"tsid":"TS09500966","name":"R DE CONFLANS","debut":"fin de la route D48","fin":"debut route R DE CONFLANS","categorie":"4","es":"30","cl_admin":null,"largeur":"de 3m à 5m","gestion":"Probable route communale ou intercommunale","com_conc":"Herblay-sur-Seine","com_conid":"95306"},"geometry":{"type":"MultiLineString","coordinates":[[[2.15138,48.999635],[2.151574,48.999377],[2.151548,48.999552],[2.151605,48.999644]],[[2.151574,48.999377],[2.151817,48.999167],[2.152524,48.997972],[2.153095,48.997146],[2.153639,48.996471],[2.154804,48.995335],[2.155631,48.994939],[2.155834,48.994678]]]}},{"type":"Feature","properties":{"tsid":"TS09500771","name":"R DE CORMEILLES","debut":"limite commune Montigny-lès-Cormeilles (95424),Cormeilles-en-Parisis (95424)","fin":"fin de la route Route sans nom","categorie":"5","es":"10","cl_admin":null,"largeur":"5m","gestion":"Probable route communale ou intercommunale","com_conc":"Montigny-lès-Cormeilles,Cormeilles-en-Parisis","com_conid":"95424,95176"},"geometry":{"type":"MultiLineString","coordinates":[[[2.189123,48.983278],[2.188468,48.985071]]]}},{"type":"Feature","properties":{"tsid":"TS09501202","name":"A104","debut":"fin de la route A3","fin":"fin de la route A104","categorie":"2","es":"250","cl_admin":"Autoroute","largeur":"de 7m à 10m","gestion":"DIR Île-de-France","com_conc":"Gonesse","com_conid":"95277"},"geometry":{"type":"MultiLineString","coordinates":[[[2.494302,48.977686],[2.49309,48.976784],[2.49158,48.975774],[2.491285,48.975486]]]}},{"type":"Feature","properties":{"tsid":"TS09500377","name":"D928","debut":"fin de la route D928","fin":null,"categorie":"4","es":"30","cl_admin":"Départementale","largeur":"5m","gestion":"Conseil Départementale Val-d'Oise","com_conc":"Auvers-sur-Oise,Méry-sur-Oise","com_conid":"95039,95394"},"geometry":{"type":"MultiLineString","coordinates":[[[2.161271,49.076329],[2.163896,49.073715],[2.164027,49.07345],[2.163869,49.072731],[2.163997,49.072428],[2.164195,49.072273],[2.164893,49.071969],[2.165511,49.071393],[2.165986,49.071163],[2.166698,49.071039],[2.169324,49.07091],[2.171471,49.070592],[2.175628,49.070787],[2.177131,49.071193],[2.188982,49.061361],[2.189196,49.061041],[2.189228,49.060882],[2.189187,49.060575],[2.188998,49.060051],[2.188447,49.05935],[2.188416,49.05916],[2.188495,49.059002],[2.189777,49.057933],[2.190443,49.057016],[2.190685,49.05682],[2.191266,49.056602],[2.192643,49.056243],[2.193305,49.055892],[2.193575,49.055593],[2.194415,49.054244]]]}},{"type":"Feature","properties":{"tsid":"TS09500592","name":"D970","debut":"fin de la route D970","fin":null,"categorie":"4","es":"30","cl_admin":"Départementale","largeur":"5m","gestion":"Conseil Départementale Val-d'Oise","com_conc":"Gonesse","com_conid":"95277"},"geometry":{"type":"MultiLineString","coordinates":[[[2.459365,48.985563],[2.459289,48.985416],[2.459363,48.985294],[2.459339,48.985151],[2.458863,48.984483],[2.456719,48.982381],[2.456198,48.981947],[2.455966,48.981894],[2.455927,48.981814],[2.455959,48.981735],[2.455459,48.981346],[2.452849,48.979488],[2.452443,48.979269]],[[2.452738,48.979174],[2.452871,48.97938],[2.45616,48.98168],[2.455959,48.981735]],[[2.45616,48.98168],[2.456275,48.981713],[2.456343,48.981792],[2.456305,48.981898],[2.456198,48.981947]],[[2.456326,48.981875],[2.459161,48.984594],[2.459667,48.985229]]]}},{"type":"Feature","properties":{"tsid":"TS09501125","name":"N104","debut":"debut route N104","fin":null,"categorie":"3","es":"100","cl_admin":"Nationale","largeur":"7m","gestion":"DIR Île-de-France","com_conc":"Épiais-lès-Louvres","com_conid":"95212"},"geometry":{"type":"MultiLineString","coordinates":[[[2.525803,49.028401],[2.528293,49.028811],[2.529687,49.02895],[2.531022,49.029017],[2.532889,49.028991],[2.540692,49.02864],[2.541677,49.030731]],[[2.540692,49.02864],[2.54107,49.028553],[2.541761,49.028221],[2.541893,49.027976],[2.541867,49.027809],[2.541794,49.027707],[2.541579,49.027553],[2.541213,49.027471],[2.54083,49.027523],[2.540584,49.027663],[2.540472,49.027817],[2.540442,49.027989],[2.54048,49.028173],[2.540692,49.02864]]]}},{"type":"Feature","properties":{"tsid":"TS09501111","name":"AV AUGUSTE PERRET","debut":"fin de la route Route sans nom","fin":null,"categorie":"4","es":"30","cl_admin":null,"largeur":"5m","gestion":"Probable route communale ou intercommunale","com_conc":"Sarcelles","com_conid":"95585"},"geometry":{"type":"MultiLineString","coordinates":[[[2.375808,48.976987],[2.378358,48.976594]]]}},{"type":"Feature","properties":{"tsid":"TS09501228","name":"AV CHARLES DE GAULLE","debut":"continue route AV CHARLES DE GAULLE sur 55 m","fin":null,"categorie":"5","es":"10","cl_admin":null,"largeur":"3m","gestion":"Probable route communale ou intercommunale","com_conc":"Roissy-en-France","com_conid":"95527"},"geometry":{"type":"MultiLineString","coordinates":[[[2.516888,49.001976],[2.517447,49.003196],[2.517597,49.00331],[2.517596,49.003481],[2.517737,49.003825]]]}},{"type":"Feature","properties":{"tsid":"TS09500216","name":"R DE L'ARRIVEE","debut":"fin de la route D909","fin":"fin de la route Route sans nom","categorie":"4","es":"30","cl_admin":null,"largeur":"5m","gestion":"Probable route communale ou intercommunale","com_conc":"Ermont","com_conid":"95219"},"geometry":{"type":"MultiLineString","coordinates":[[[2.270495,48.97996],[2.271307,48.979952],[2.271506,48.979907]]]}},{"type":"Feature","properties":{"tsid":"TS09501133","name":"N104","debut":"fin de la route N104","fin":"fin de la route A1","categorie":"3","es":"100","cl_admin":"Nationale","largeur":"7m","gestion":"DIR Île-de-France","com_conc":"Épiais-lès-Louvres,Chennevières-lès-Louvres","com_conid":"95212,95154"},"geometry":{"type":"MultiLineString","coordinates":[[[2.541709,49.030799],[2.542488,49.032431],[2.542621,49.03282],[2.542606,49.033034],[2.54246,49.033308],[2.541331,49.034472],[2.54111,49.034839],[2.541136,49.03527],[2.541858,49.037666]]]}},{"type":"Feature","properties":{"tsid":"TS09501128","name":"N104","debut":"fin de la route N104","fin":"fin de la route N104","categorie":"3","es":"100","cl_admin":"Nationale","largeur":"7m","gestion":"DIR Île-de-France","com_conc":"Roissy-en-France","com_conid":"95527"},"geometry":{"type":"MultiLineString","coordinates":[[[2.531708,49.016897],[2.531933,49.017337]]]}},{"type":"Feature","properties":{"tsid":"TS09501126","name":"N104","debut":"debut route N104","fin":"Intersection N104,Route sans nom","categorie":"3","es":"100","cl_admin":"Nationale","largeur":"7m","gestion":"DIR Île-de-France","com_conc":"Chennevières-lès-Louvres,Épiais-lès-Louvres","com_conid":"95154,95212"},"geometry":{"type":"MultiLineString","coordinates":[[[2.53955,49.031536],[2.540224,49.032936],[2.540485,49.033277],[2.540749,49.033435],[2.541249,49.033553],[2.541797,49.033504],[2.542264,49.033281],[2.542454,49.033051],[2.5425,49.032922],[2.542491,49.032648],[2.542179,49.031933],[2.540793,49.029415],[2.540538,49.029151],[2.540142,49.028991],[2.53974,49.028957],[2.537832,49.029002],[2.532365,49.029246],[2.53056,49.029185],[2.528576,49.028966]],[[2.536849,49.030193],[2.536113,49.029717],[2.535555,49.029468],[2.535121,49.029342],[2.534216,49.029224],[2.532365,49.029246]]]}},{"type":"Feature","properties":{"tsid":"TS09501005","name":"BD DE LA GARE","debut":"fin de la route Route sans nom","fin":"séparation de la route en D4,Route sans nom","categorie":"4","es":"30","cl_admin":null,"largeur":"5m","gestion":"Probable route communale ou intercommunale","com_conc":"Valmondois","com_conid":"95628"},"geometry":{"type":"MultiLineString","coordinates":[[[2.196587,49.094093],[2.196877,49.094103],[2.197899,49.093943],[2.198216,49.093852]]]}},{"type":"Feature","properties":{"tsid":"TS09501096","name":"AV DES BELLEVUES","debut":"continue route AV DES BELLEVUES sur 134 m","fin":null,"categorie":"4","es":"30","cl_admin":null,"largeur":"5m","gestion":"Probable route communale ou intercommunale","com_conc":"Saint-Ouen-l'Aumône","com_conid":"95572"},"geometry":{"type":"MultiLineString","coordinates":[[[2.113886,49.025539],[2.117576,49.02815],[2.118136,49.028689],[2.118471,49.029157],[2.118652,49.02952],[2.119245,49.03162],[2.119501,49.032072],[2.119718,49.032301],[2.120022,49.032517],[2.120619,49.032802],[2.121324,49.032971],[2.124633,49.033303],[2.125108,49.033454],[2.125672,49.033826]]]}},{"type":"Feature","properties":{"tsid":"TS09500922","name":"AV DES BETHUNES","debut":"fin de la route AV DE LA MARE","fin":null,"categorie":"4","es":"30","cl_admin":null,"largeur":"5m","gestion":"Probable route communale ou intercommunale","com_conc":"Saint-Ouen-l'Aumône","com_conid":"95572"},"geometry":{"type":"MultiLineString","coordinates":[[[2.139299,49.042944],[2.140292,49.041876],[2.141044,49.041146],[2.143201,49.039253],[2.143754,49.038852],[2.144632,49.038318],[2.145167,49.038069],[2.145955,49.037813],[2.144618,49.038467],[2.143636,49.03908],[2.143179,49.039421],[2.14186,49.040542],[2.140402,49.041924],[2.139817,49.042575],[2.139506,49.043006]]]}},{"type":"Feature","properties":{"tsid":"TS09500231","name":"D140","debut":"continue route D140 sur 27 m","fin":"debut route D140","categorie":"4","es":"30","cl_admin":"Départementale","largeur":"5m","gestion":"Conseil Départementale Val-d'Oise","com_conc":"Eaubonne","com_conid":"95203"},"geometry":{"type":"MultiLineString","coordinates":[[[2.280508,48.992527],[2.280433,48.992052],[2.280374,48.991969]]]}},{"type":"Feature","properties":{"tsid":"TS09500815","name":"AV JEAN JAURES","debut":"continue route AV JEAN JAURES sur 50 m","fin":null,"categorie":"4","es":"30","cl_admin":null,"largeur":"5m","gestion":"Probable route communale ou intercommunale","com_conc":"Bezons,Argenteuil,Sartrouville","com_conid":"95063,95018,78586"},"geometry":{"type":"MultiLineString","coordinates":[[[2.214327,48.941207],[2.213224,48.941313],[2.210316,48.941477],[2.208442,48.941486],[2.207323,48.941434],[2.20691,48.941369],[2.205281,48.9414]]]}},{"type":"Feature","properties":{"tsid":"TS09501103","name":"D170E4","debut":"fin de la route D170E1","fin":"fin de la route D170","categorie":"4","es":"30","cl_admin":"Départementale","largeur":"4m","gestion":"Conseil Départementale Val-d'Oise","com_conc":"Gonesse","com_conid":"95277"},"geometry":{"type":"MultiLineString","coordinates":[[[2.464984,48.978859],[2.464159,48.978157],[2.463531,48.977936],[2.463162,48.977907],[2.460016,48.977985]]]}},{"type":"Feature","properties":{"tsid":"TS09500438","name":"AV MARCHAND","debut":"fin de la route D144","fin":"continue route AV MARCHAND sur 72 m","categorie":"4","es":"30","cl_admin":null,"largeur":"5m","gestion":"Probable route communale ou intercommunale","com_conc":"Montmorency","com_conid":"95428"},"geometry":{"type":"MultiLineString","coordinates":[[[2.321294,48.994155],[2.321959,48.994635]]]}},{"type":"Feature","properties":{"tsid":"TS09500548","name":"AV PIERRE SEMARD","debut":"fin de la route D370","fin":null,"categorie":"4","es":"30","cl_admin":null,"largeur":"5m","gestion":"Probable route communale ou intercommunale","com_conc":"Arnouville,Villiers-le-Bel","com_conid":"95019,95680"},"geometry":{"type":"MultiLineString","coordinates":[[[2.414202,48.999021],[2.414484,48.99804],[2.415085,48.996434],[2.415805,48.99469],[2.415995,48.994505]]]}},{"type":"Feature","properties":{"tsid":"TS09500976","name":"AV ROGER SALENGRO","debut":"fin de la route Route sans nom","fin":null,"categorie":"4","es":"30","cl_admin":null,"largeur":"5m","gestion":"Probable route communale ou intercommunale","com_conc":"Éragny","com_conid":"95218"},"geometry":{"type":"MultiLineString","coordinates":[[[2.110362,49.014769],[2.110422,49.01511],[2.110555,49.015418],[2.111027,49.016112],[2.111107,49.016333],[2.111289,49.016527],[2.11244,49.018294],[2.11278,49.018734],[2.112812,49.018846],[2.114665,49.020285],[2.11482,49.020413],[2.114845,49.020498]]]}},{"type":"Feature","properties":{"tsid":"TS09500795","name":"BD DE L'HAUTIL","debut":"fin de la route D203B1","fin":null,"categorie":"4","es":"30","cl_admin":null,"largeur":"7m","gestion":"Probable route communale ou intercommunale","com_conc":"Neuville-sur-Oise,Cergy","com_conid":"95450,95127"},"geometry":{"type":"MultiLineString","coordinates":[[[2.058426,49.0233],[2.05393,49.022055],[2.053377,49.021853],[2.053067,49.021638]]]}},{"type":"Feature","properties":{"tsid":"TS09500436","name":"BD HELOISE","debut":"continue route BD HELOISE sur 59 m","fin":null,"categorie":"4","es":"30","cl_admin":null,"largeur":"5m","gestion":"Probable route communale ou intercommunale","com_conc":"Argenteuil","com_conid":"95018"},"geometry":{"type":"MultiLineString","coordinates":[[[2.253129,48.942093],[2.2506,48.941001],[2.249269,48.940243],[2.248684,48.939871],[2.246171,48.937906]],[[2.253051,48.942169],[2.251798,48.941532]]]}},{"type":"Feature","properties":{"tsid":"TS09500971","name":"AV DES 3 FONTAINES","debut":"continue route AV DES 3 FONTAINES sur 9 m","fin":"continue route AV DES 3 FONTAINES sur 20 m","categorie":"4","es":"30","cl_admin":null,"largeur":"5m","gestion":"Probable route communale ou intercommunale","com_conc":"Cergy","com_conid":"95127"},"geometry":{"type":"MultiLineString","coordinates":[[[2.076611,49.037879],[2.077995,49.038745]]]}},{"type":"Feature","properties":{"tsid":"TS09501277","name":"R DES FRERES BONNEFF","debut":"fin de la route R ALBERT 1ER","fin":null,"categorie":"4","es":"30","cl_admin":null,"largeur":"5m","gestion":"Probable route communale ou intercommunale","com_conc":"Bezons","com_conid":"95063"},"geometry":{"type":"MultiLineString","coordinates":[[[2.206855,48.93321],[2.209298,48.931038],[2.210835,48.929846],[2.213142,48.92768],[2.214126,48.926677]]]}},{"type":"Feature","properties":{"tsid":"TS09500657","name":"R DU 8 MAI 1945","debut":"fin de la route R DES BLEUETS","fin":null,"categorie":"4","es":"30","cl_admin":null,"largeur":"5m","gestion":"Probable route communale ou intercommunale","com_conc":"Bezons","com_conid":"95063"},"geometry":{"type":"MultiLineString","coordinates":[[[2.219148,48.932715],[2.219652,48.932335],[2.220662,48.931304]]]}},{"type":"Feature","properties":{"tsid":"TS09500604","name":"R EMILE ZOLA","debut":"fin de la route R DES BAUVES","fin":null,"categorie":"4","es":"30","cl_admin":null,"largeur":"5m","gestion":"Probable route communale ou intercommunale","com_conc":"Sarcelles","com_conid":"95585"},"geometry":{"type":"MultiLineString","coordinates":[[[2.386167,48.991363],[2.387573,48.990506],[2.388405,48.989863],[2.389058,48.989186],[2.390064,48.98786]]]}},{"type":"Feature","properties":{"tsid":"TS09500531","name":"R JACQUES DAGUERRE","debut":"fin de la route D14","fin":"fin de la route D14","categorie":"3","es":"100","cl_admin":null,"largeur":"5m","gestion":"Probable route communale ou intercommunale","com_conc":"Montigny-lès-Cormeilles","com_conid":"95424"},"geometry":{"type":"MultiLineString","coordinates":[[[2.195908,48.993756],[2.195843,48.993695]]]}},{"type":"Feature","properties":{"tsid":"TS09500416","name":"R NATIONALE","debut":"fin de la route D922","fin":null,"categorie":"4","es":"30","cl_admin":null,"largeur":"5m","gestion":"Probable route communale ou intercommunale","com_conc":"Vauréal,Cergy","com_conid":"95637,95127"},"geometry":{"type":"MultiLineString","coordinates":[[[2.033634,49.03467],[2.033762,49.034882],[2.033772,49.035172],[2.033871,49.035648],[2.034025,49.035914],[2.036554,49.037074],[2.037088,49.037415]]]}},{"type":"Feature","properties":{"tsid":"TS09500078","name":"R SERGE LAUNAY","debut":"fin de la route D14","fin":"fin de la route D14","categorie":"3","es":"100","cl_admin":null,"largeur":"5m","gestion":"Probable route communale ou intercommunale","com_conc":"Montigny-lès-Cormeilles","com_conid":"95424"},"geometry":{"type":"MultiLineString","coordinates":[[[2.191359,48.995924],[2.191295,48.995866]]]}},{"type":"Feature","properties":{"tsid":"TS09500988","name":"RTE DE MARGENCY","debut":"fin de la route D928","fin":null,"categorie":"5","es":"10","cl_admin":null,"largeur":"5m","gestion":"Probable route communale ou intercommunale","com_conc":"Margency,Eaubonne","com_conid":"95369,95203"},"geometry":{"type":"MultiLineString","coordinates":[[[2.281924,48.993451],[2.282833,48.994435],[2.28401,48.996058],[2.284225,48.99625],[2.284273,48.996458],[2.284819,48.997463]]]}},{"type":"Feature","properties":{"tsid":"TS09500236","name":"A1","debut":"fin de la route A1","fin":"fin de la route A1","categorie":"1","es":"300","cl_admin":"Autoroute","largeur":"14m","gestion":"DIR Île-de-France","com_conc":"Le Blanc-Mesnil,La Courneuve,Dugny,Le Bourget","com_conid":"93007,93027,93030,93013"},"geometry":{"type":"MultiLineString","coordinates":[[[2.441496,48.946433],[2.439377,48.945303],[2.436314,48.943885],[2.434216,48.943099],[2.432762,48.942653],[2.429616,48.941808],[2.423013,48.940308],[2.40209,48.935418],[2.399238,48.934865],[2.395573,48.93439],[2.393206,48.934234],[2.385646,48.934032]]]}},{"type":"Feature","properties":{"tsid":"TS09500626","name":"A3","debut":"fin de la route A3","fin":"Intersection A3,Route sans nom","categorie":"2","es":"250","cl_admin":"Autoroute","largeur":"10m","gestion":"DIR Île-de-France","com_conc":"Roissy-en-France,Gonesse","com_conid":"95527,95277"},"geometry":{"type":"MultiLineString","coordinates":[[[2.494302,48.977686],[2.498916,48.980674],[2.500309,48.981429],[2.502019,48.982216],[2.503079,48.982787],[2.50387,48.983392],[2.505033,48.984624]]]}},{"type":"Feature","properties":{"tsid":"TS09500625","name":"A3","debut":"fin de la route A3","fin":"fin de la route A3","categorie":"2","es":"250","cl_admin":"Autoroute","largeur":"10m","gestion":"DIR Île-de-France","com_conc":"Roissy-en-France,Gonesse","com_conid":"95527,95277"},"geometry":{"type":"MultiLineString","coordinates":[[[2.481225,48.969737],[2.491936,48.976771],[2.500185,48.982381],[2.501252,48.98324],[2.502846,48.984912],[2.503524,48.985536],[2.5044,48.986097],[2.505681,48.986647]]]}},{"type":"Feature","properties":{"tsid":"TS09501120","name":"D317B4","debut":"fin de la route D317B5","fin":"fin de la route D317","categorie":"4","es":"30","cl_admin":"Départementale","largeur":"4m","gestion":"Conseil Départementale Val-d'Oise","com_conc":"Gonesse,Le Thillay","com_conid":"95277,95612"},"geometry":{"type":"MultiLineString","coordinates":[[[2.476503,48.993894],[2.477266,48.993248],[2.477364,48.993069],[2.477389,48.992775],[2.477138,48.992369],[2.476195,48.991177]]]}},{"type":"Feature","properties":{"tsid":"TS09500792","name":"R D'ARGENTEUIL","debut":"limite commune Montigny-lès-Cormeilles (95424),La Frette-sur-Seine (95424)","fin":"limite commune Montigny-lès-Cormeilles (95257),La Frette-sur-Seine (95257)","categorie":"4","es":"30","cl_admin":null,"largeur":"5m","gestion":"Probable route communale ou intercommunale","com_conc":"La Frette-sur-Seine,Montigny-lès-Cormeilles","com_conid":"95257,95424"},"geometry":{"type":"MultiLineString","coordinates":[[[2.180289,48.98511],[2.178858,48.985719],[2.177714,48.985875],[2.175744,48.986296]]]}},{"type":"Feature","properties":{"tsid":"TS09501107","name":"D106","debut":"limite commune Pierrelaye (95488),Montigny-lès-Cormeilles (95488)","fin":"debut route D106","categorie":"4","es":"30","cl_admin":"Départementale","largeur":"5m","gestion":"Conseil Départementale Val-d'Oise","com_conc":"Beauchamp,Pierrelaye,Montigny-lès-Cormeilles,Taverny","com_conid":"95051,95488,95424,95607"},"geometry":{"type":"MultiLineString","coordinates":[[[2.195379,49.006728],[2.197586,49.007933],[2.198311,49.00828],[2.198944,49.009034],[2.199698,49.009701],[2.199737,49.009748],[2.199694,49.009784],[2.199713,49.009851],[2.199858,49.009865],[2.199899,49.009778],[2.199737,49.009748]],[[2.219932,49.024989],[2.218079,49.023426],[2.216361,49.021791],[2.212514,49.018912],[2.205554,49.013085],[2.205091,49.012788],[2.202842,49.011667],[2.201624,49.010964],[2.199976,49.00987],[2.199876,49.009853]]]}},{"type":"Feature","properties":{"tsid":"TS09500426","name":"BD DE L'OISE","debut":"limite commune Cergy (95127),Pontoise (95127)","fin":"continue route BD DE L'OISE sur 98 m","categorie":"3","es":"100","cl_admin":null,"largeur":"de 5m à 14m","gestion":"Probable route communale ou intercommunale","com_conc":"Pontoise,Cergy","com_conid":"95500,95127"},"geometry":{"type":"MultiLineString","coordinates":[[[2.082891,49.034753],[2.084433,49.033711],[2.08643,49.032627]]]}},{"type":"Feature","properties":{"tsid":"TS09500359","name":"R DE L'ISLE ADAM","debut":"fin de la route D922","fin":"continue route R DE L'ISLE ADAM sur 249 m","categorie":"3","es":"100","cl_admin":null,"largeur":"5m","gestion":"Probable route communale ou intercommunale","com_conc":"Beaumont-sur-Oise","com_conid":"95052"},"geometry":{"type":"MultiLineString","coordinates":[[[2.272016,49.13772],[2.272362,49.137678],[2.272645,49.137558],[2.272491,49.137689],[2.272108,49.137864]],[[2.277901,49.139156],[2.275064,49.138009],[2.273635,49.137338],[2.273375,49.137279],[2.273027,49.137308],[2.272849,49.137381],[2.272645,49.137558]]]}},{"type":"Feature","properties":{"tsid":"TS09501187","name":"R DE L'ISLE ADAM","debut":"debut route R DE L'ISLE ADAM","fin":"continue route R DE L'ISLE ADAM sur 38 m","categorie":"3","es":"100","cl_admin":null,"largeur":"de 3m à 5m","gestion":"Probable route communale ou intercommunale","com_conc":"Mours","com_conid":"95436"},"geometry":{"type":"MultiLineString","coordinates":[[[2.265249,49.130908],[2.265344,49.130971],[2.26527,49.13106],[2.265124,49.13103],[2.265139,49.13093]],[[2.265345,49.130991],[2.26548,49.131134],[2.265797,49.131312],[2.265185,49.131061]],[[2.269902,49.133649],[2.26988,49.133384],[2.269796,49.133198],[2.269541,49.132993],[2.265797,49.131312]]]}},{"type":"Feature","properties":{"tsid":"TS09500072","name":"A115","debut":"fin de la route N184","fin":"fin de la route A115","categorie":"1","es":"300","cl_admin":"Autoroute","largeur":"10m","gestion":"DIR Île-de-France","com_conc":"Méry-sur-Oise","com_conid":"95394"},"geometry":{"type":"MultiLineString","coordinates":[[[2.195707,49.052224],[2.193925,49.051811]]]}},{"type":"Feature","properties":{"tsid":"TS09500058","name":"D11","debut":"fin de la route D11","fin":"fin de la route D11","categorie":"4","es":"30","cl_admin":"Départementale","largeur":"de 3m à 5m","gestion":"Conseil Départementale Val-d'Oise","com_conc":"Saint-Brice-sous-Forêt","com_conid":"95539"},"geometry":{"type":"MultiLineString","coordinates":[[[2.357834,48.994528],[2.356663,48.997353]]]}},{"type":"Feature","properties":{"tsid":"TS09501155","name":"A15","debut":"debut route A15","fin":"limite commune Cergy (95500),Pontoise (95500)","categorie":"1","es":"300","cl_admin":"Autoroute","largeur":"de 14m à 18m","gestion":"DIR Île-de-France","com_conc":"Saint-Ouen-l'Aumône,Montigny-lès-Cormeilles,Pierrelaye,Cormeilles-en-Parisis,Gennevilliers,Éragny,Pontoise,Sannois,Franconville,Herblay-sur-Seine,Argenteuil","com_conid":"95572,95424,95488,95176,92036,95218,95500,95582,95252,95306,95018"},"geometry":{"type":"MultiLineString","coordinates":[[[2.292822,48.940821],[2.283755,48.945879],[2.283013,48.946341],[2.282124,48.947038],[2.281851,48.947307],[2.281279,48.948016],[2.280776,48.948911],[2.279927,48.951845],[2.279556,48.952926],[2.279202,48.953748],[2.278638,48.954732],[2.278035,48.955577],[2.27713,48.956554],[2.276277,48.957312],[2.275061,48.958216],[2.273877,48.958917],[2.272065,48.95987],[2.266612,48.962584],[2.263364,48.964068],[2.259664,48.965513],[2.254122,48.967374],[2.252445,48.968082],[2.251226,48.968834],[2.250512,48.969427],[2.249817,48.970169],[2.248514,48.971733],[2.247389,48.972817],[2.246121,48.973688],[2.244901,48.974357],[2.243622,48.974907],[2.241715,48.975493],[2.240164,48.975802],[2.236978,48.976293],[2.235698,48.976576],[2.234553,48.976929],[2.233611,48.977289],[2.229334,48.979109],[2.221546,48.982185],[2.215688,48.984784],[2.214291,48.985361],[2.212898,48.985867],[2.206273,48.987884],[2.203229,48.988742],[2.190657,48.991702],[2.188917,48.992246],[2.187321,48.992867],[2.186096,48.993428],[2.184736,48.994155],[2.165143,49.005679],[2.162868,49.00694],[2.161043,49.007841],[2.153117,49.011215],[2.151817,49.011811],[2.149446,49.012983],[2.146608,49.014583],[2.143588,49.016536],[2.136627,49.021434],[2.134508,49.022983],[2.133083,49.024133],[2.129556,49.027269],[2.128345,49.028207],[2.127074,49.028985],[2.125837,49.029629],[2.124882,49.03004],[2.123347,49.030566],[2.120897,49.031163],[2.117685,49.031635],[2.112102,49.032323],[2.107888,49.033041],[2.105237,49.03359],[2.100178,49.034871],[2.092483,49.036983],[2.087959,49.038376],[2.085482,49.039288],[2.083756,49.040008],[2.081976,49.040853],[2.080034,49.041869],[2.078999,49.04251],[2.076537,49.044186],[2.07284,49.046895]]]}},{"type":"Feature","properties":{"tsid":"TS09500535","name":"RTE DE SEINE","debut":"continue route RTE DE SEINE sur 11 m","fin":"limite départementale","categorie":"4","es":"30","cl_admin":null,"largeur":"5m","gestion":"Probable route communale ou intercommunale","com_conc":"La Frette-sur-Seine,Sartrouville,Cormeilles-en-Parisis","com_conid":"95257,78586,95176"},"geometry":{"type":"MultiLineString","coordinates":[[[2.180873,48.959541],[2.179186,48.956282],[2.17848,48.955231],[2.177948,48.954563]]]}},{"type":"Feature","properties":{"tsid":"TS09501186","name":"R DE L'ISLE ADAM","debut":"continue route R DE L'ISLE ADAM sur 137 m","fin":"fin de la route D922","categorie":"3","es":"100","cl_admin":null,"largeur":"de 3m à 5m","gestion":"Probable route communale ou intercommunale","com_conc":"Mours","com_conid":"95436"},"geometry":{"type":"MultiLineString","coordinates":[[[2.258048,49.128288],[2.258367,49.128407],[2.259214,49.128441],[2.258145,49.128505],[2.257987,49.12855]],[[2.259214,49.128441],[2.259872,49.128622],[2.26076,49.129102],[2.263329,49.130228]]]}},{"type":"Feature","properties":{"tsid":"TS09500954","name":"D301D3","debut":"fin de la route D11","fin":"fin de la route D301","categorie":"2","es":"250","cl_admin":"Départementale","largeur":"4m","gestion":"Conseil Départementale Val-d'Oise","com_conc":"Moisselles","com_conid":"95409"},"geometry":{"type":"MultiLineString","coordinates":[[[2.338762,49.043179],[2.34024,49.042479],[2.341053,49.041996],[2.34134,49.041875]]]}},{"type":"Feature","properties":{"tsid":"TS09501057","name":"D317A6","debut":"debut route D317A6","fin":"fin de la route D370","categorie":"4","es":"30","cl_admin":"Départementale","largeur":"4m","gestion":"Conseil Départementale Val-d'Oise","com_conc":"Gonesse","com_conid":"95277"},"geometry":{"type":"MultiLineString","coordinates":[[[2.461242,48.974512],[2.461013,48.974378],[2.460822,48.974336],[2.460553,48.974417],[2.460361,48.974542]]]}},{"type":"Feature","properties":{"tsid":"TS09501154","name":"A15","debut":"limite commune Cergy (95127),Pontoise (95127)","fin":"debut route A15","categorie":"1","es":"300","cl_admin":"Autoroute","largeur":"de 14m à 18m","gestion":"DIR Île-de-France","com_conc":"Herblay-sur-Seine,Saint-Ouen-l'Aumône,Cormeilles-en-Parisis,Franconville,Sannois,Gennevilliers,Éragny,Pontoise,Argenteuil,Pierrelaye,Cergy,Montigny-lès-Cormeilles","com_conid":"95306,95572,95176,95252,95582,92036,95218,95500,95018,95488,95127,95424"},"geometry":{"type":"MultiLineString","coordinates":[[[2.072466,49.047047],[2.078115,49.042929],[2.079281,49.042124],[2.08055,49.041354],[2.082592,49.040323],[2.08414,49.03962],[2.087803,49.038215],[2.090385,49.037383],[2.094528,49.03619],[2.098117,49.035219],[2.105155,49.033428],[2.108244,49.032799],[2.112043,49.032157],[2.119145,49.031274],[2.120832,49.031014],[2.123251,49.030424],[2.12476,49.029908],[2.1257,49.029503],[2.126922,49.028866],[2.128174,49.028101],[2.129379,49.02718],[2.133616,49.023499],[2.135212,49.022266],[2.142827,49.016872],[2.146466,49.01448],[2.148468,49.013324],[2.151693,49.011698],[2.152998,49.0111],[2.159546,49.008324],[2.160913,49.00772],[2.162728,49.006823],[2.164994,49.005568],[2.18459,48.994042],[2.185961,48.993309],[2.1872,48.992742],[2.18881,48.992115],[2.190653,48.991525],[2.203149,48.988604],[2.206179,48.98775],[2.212796,48.985735],[2.214175,48.985233],[2.215564,48.98466],[2.221411,48.982047],[2.229203,48.978969],[2.234353,48.976831],[2.235841,48.976381],[2.23673,48.976181],[2.240103,48.975646],[2.24163,48.975339],[2.243033,48.974937],[2.243861,48.974636],[2.244769,48.974237],[2.245967,48.973581],[2.247292,48.972633],[2.248279,48.971642],[2.24958,48.970082],[2.250287,48.969325],[2.251021,48.968715],[2.252278,48.967939],[2.25399,48.967217],[2.25952,48.965341],[2.263194,48.963926],[2.266437,48.962427],[2.271358,48.959933],[2.272973,48.959166],[2.274114,48.958553],[2.275191,48.957886],[2.276295,48.957045],[2.277239,48.956163],[2.277957,48.955298],[2.278624,48.954304],[2.27894,48.953715],[2.279317,48.952829],[2.280505,48.948791],[2.281001,48.947908],[2.28166,48.947122],[2.282656,48.946284],[2.283529,48.945734],[2.290831,48.941609],[2.293761,48.939831]],[[2.290831,48.941609],[2.290999,48.941568],[2.293394,48.940265],[2.298182,48.937601]]]}},{"type":"Feature","properties":{"tsid":"TS09500560","name":"A16","debut":"fin de la route A16","fin":"limite commune Attainville (95028),Montsoult (95028)","categorie":"3","es":"100","cl_admin":"Autoroute","largeur":"7m","gestion":"Opérateur privé : SANEF","com_conc":"Attainville","com_conid":"95028"},"geometry":{"type":"MultiLineString","coordinates":[[[2.338903,49.062166],[2.337888,49.062383],[2.336775,49.062759],[2.332968,49.064558],[2.332285,49.065014],[2.331723,49.06552],[2.331283,49.066063],[2.331013,49.066546]]]}},{"type":"Feature","properties":{"tsid":"TS09500240","name":"A1","debut":"fin de la route A1","fin":"Intersection A1,Route sans nom","categorie":"1","es":"300","cl_admin":"Autoroute","largeur":"14m","gestion":"DIR Île-de-France","com_conc":"Roissy-en-France,Gonesse","com_conid":"95527,95277"},"geometry":{"type":"MultiLineString","coordinates":[[[2.48866,48.974212],[2.503246,48.983864],[2.504624,48.984791],[2.506083,48.985855],[2.508026,48.987448],[2.521715,48.999971],[2.52303,49.001275],[2.524253,49.002623],[2.525263,49.003921],[2.525822,49.004726],[2.526629,49.00604],[2.52778,49.008206],[2.530982,49.014552]]]}},{"type":"Feature","properties":{"tsid":"TS09500455","name":"D317A7","debut":"fin de la route D317A8","fin":"fin de la route D370","categorie":"4","es":"30","cl_admin":"Départementale","largeur":"4m","gestion":"Conseil Départementale Val-d'Oise","com_conc":"Gonesse","com_conid":"95277"},"geometry":{"type":"MultiLineString","coordinates":[[[2.460288,48.973509],[2.460448,48.973761],[2.460477,48.973993],[2.460432,48.974148],[2.460172,48.974483]]]}},{"type":"Feature","properties":{"tsid":"TS09500009","name":"D1001","debut":"fin de la route D1001","fin":"fin de la route Route sans nom","categorie":"3","es":"100","cl_admin":"Départementale","largeur":"10m","gestion":"Conseil Départementale Oise","com_conc":"Ronquerolles","com_conid":"95529"},"geometry":{"type":"MultiLineString","coordinates":[[[2.230108,49.166968],[2.230861,49.165797],[2.231676,49.164879]]]}},{"type":"Feature","properties":{"tsid":"TS09500221","name":"D915Z","debut":"fin de la route D28","fin":"fin de la route D915Z","categorie":"4","es":"30","cl_admin":"Départementale","largeur":"de 3m à 5m","gestion":"Conseil Départementale Val-d'Oise","com_conc":"Marines","com_conid":"95370"},"geometry":{"type":"MultiLineString","coordinates":[[[1.98688,49.137344],[1.987315,49.137125],[1.987175,49.137303],[1.987126,49.137453]],[[1.987315,49.137125],[1.991465,49.133425]]]}},{"type":"Feature","properties":{"tsid":"TS09500610","name":"D109","debut":"limite commune Soisy-sous-Montmorency (95203),Eaubonne (95203)","fin":"séparation de la route en D109,D170","categorie":"2","es":"250","cl_admin":"Départementale","largeur":"7m","gestion":"Conseil Départementale Val-d'Oise","com_conc":"Soisy-sous-Montmorency,Eaubonne","com_conid":"95598,95203"},"geometry":{"type":"MultiLineString","coordinates":[[[2.291674,48.978652],[2.291389,48.978573],[2.291302,48.978446],[2.291341,48.978309],[2.291595,48.97819]]]}},{"type":"Feature","properties":{"tsid":"TS09500668","name":"A3","debut":"debut route A3","fin":"fin de la route A1","categorie":"1","es":"300","cl_admin":"Autoroute","largeur":"10m","gestion":"DIR Île-de-France","com_conc":"Bondy,Aulnay-sous-Bois,Gonesse,Le Blanc-Mesnil","com_conid":"93010,93005,95277,93007"},"geometry":{"type":"MultiLineString","coordinates":[[[2.473357,48.958132],[2.473525,48.957265],[2.473649,48.955393],[2.474052,48.953253],[2.474261,48.952386],[2.474956,48.950293],[2.476489,48.946684],[2.476755,48.945988],[2.476884,48.945479],[2.475299,48.948995],[2.474795,48.950227],[2.474308,48.951555],[2.473877,48.953172],[2.473662,48.95418],[2.473462,48.955551],[2.473366,48.957112],[2.473394,48.958882],[2.473607,48.960756],[2.47383,48.961811],[2.474252,48.962942],[2.474733,48.963817],[2.475442,48.964763],[2.476075,48.96541],[2.477328,48.966443],[2.478543,48.967312],[2.480753,48.968742]],[[2.477295,48.913889],[2.477709,48.914981],[2.478634,48.918188],[2.478966,48.919159],[2.480601,48.923023],[2.481059,48.924263],[2.481273,48.92504],[2.481448,48.925972],[2.481573,48.927448],[2.481504,48.929046],[2.480686,48.934895],[2.480401,48.936495],[2.48015,48.937573],[2.479408,48.939791],[2.476884,48.945479]]]}},{"type":"Feature","properties":{"tsid":"TS09500589","name":"D603","debut":"limite commune Boran-sur-Oise (95116),Bruyères-sur-Oise (95116)","fin":"debut route D603","categorie":"3","es":"100","cl_admin":"Départementale","largeur":"de 3m à 5m","gestion":"Conseil Départementale Oise","com_conc":"Bruyères-sur-Oise","com_conid":"95116"},"geometry":{"type":"MultiLineString","coordinates":[[[2.343566,49.163647],[2.343913,49.163068],[2.344119,49.162614],[2.344178,49.16229]],[[2.343913,49.163068],[2.344318,49.162496],[2.344517,49.162372]]]}},{"type":"Feature","properties":{"tsid":"TS09500698","name":"D922","debut":"séparation de la route en D909,D922","fin":"fin de la route D922","categorie":"4","es":"30","cl_admin":"Départementale","largeur":"5m","gestion":"Conseil Départementale Val-d'Oise","com_conc":"Asnières-sur-Oise,Viarmes","com_conid":"95026,95652"},"geometry":{"type":"MultiLineString","coordinates":[[[2.373536,49.137842],[2.373336,49.137935],[2.373117,49.137919]]]}},{"type":"Feature","properties":{"tsid":"TS09500452","name":"A1","debut":"fin de la route A1","fin":"continue route A1 sur 467 m","categorie":"1","es":"300","cl_admin":"Autoroute","largeur":"14m","gestion":"Opérateur privé : SANEF","com_conc":"Vémars,Chennevières-lès-Louvres,Épiais-lès-Louvres,Survilliers,Thiers-sur-Thève,Fontaine-Chaalis,Plailly,Saint-Witz,Villeron","com_conid":"95641,95154,95212,95604,60631,60241,60494,95580,95675"},"geometry":{"type":"MultiLineString","coordinates":[[[2.540419,49.033693],[2.542841,49.040345],[2.543332,49.041527],[2.543723,49.042319],[2.544386,49.043467],[2.545741,49.045593],[2.546362,49.046703],[2.547047,49.048176],[2.547586,49.049705],[2.548599,49.053982],[2.548884,49.054926],[2.549505,49.056488],[2.551463,49.060483],[2.552016,49.061948],[2.552445,49.063503],[2.552641,49.064686],[2.552718,49.065469],[2.552726,49.067274],[2.550324,49.095707],[2.550247,49.096989],[2.550242,49.098039],[2.550296,49.09894],[2.550436,49.100119],[2.550819,49.102542],[2.551595,49.107224],[2.551866,49.108498],[2.552224,49.10974],[2.552712,49.111079],[2.553588,49.112962],[2.555368,49.116467],[2.556115,49.118369],[2.556594,49.120207],[2.557366,49.125503],[2.557699,49.126747],[2.558381,49.12842],[2.558722,49.129088],[2.559316,49.130077],[2.560301,49.131419],[2.561386,49.132641],[2.562537,49.133739],[2.564385,49.135244],[2.594252,49.158867],[2.595351,49.159768],[2.596419,49.160792]]]}},{"type":"Feature","properties":{"tsid":"TS09500446","name":"A1","debut":"fin de la route A1","fin":"fin de la route A1","categorie":"1","es":"300","cl_admin":"Autoroute","largeur":"14m","gestion":"Opérateur privé : SANEF","com_conc":"Roissy-en-France","com_conid":"95527"},"geometry":{"type":"MultiLineString","coordinates":[[[2.532666,49.017858],[2.53289,49.018303]]]}},{"type":"Feature","properties":{"tsid":"TS09500445","name":"A1","debut":"fin de la route A1","fin":"fin de la route A1","categorie":"1","es":"300","cl_admin":"Autoroute","largeur":"14m","gestion":"Opérateur privé : SANEF","com_conc":"Roissy-en-France","com_conid":"95527"},"geometry":{"type":"MultiLineString","coordinates":[[[2.532189,49.016921],[2.532419,49.017363]]]}},{"type":"Feature","properties":{"tsid":"TS09500444","name":"A1","debut":"Intersection A1,Route sans nom","fin":"fin de la route A1","categorie":"1","es":"300","cl_admin":"Autoroute","largeur":"14m","gestion":"Opérateur privé : SANEF","com_conc":"Roissy-en-France","com_conid":"95527"},"geometry":{"type":"MultiLineString","coordinates":[[[2.530982,49.014552],[2.531933,49.016434]]]}},{"type":"Feature","properties":{"tsid":"TS09501029","name":"A1","debut":"limite commune Épiais-lès-Louvres (95212),Chennevières-lès-Louvres (95212)","fin":"fin de la route A1","categorie":"3","es":"100","cl_admin":"Autoroute","largeur":"14m","gestion":"Opérateur privé : SANEF","com_conc":"Épiais-lès-Louvres","com_conid":"95212"},"geometry":{"type":"MultiLineString","coordinates":[[[2.5402,49.033766],[2.539214,49.031319],[2.536688,49.026307]]]}},{"type":"Feature","properties":{"tsid":"TS09501024","name":"A1","debut":"fin de la route A1","fin":"fin de la route A1","categorie":"3","es":"100","cl_admin":"Autoroute","largeur":"14m","gestion":"Opérateur privé : SANEF","com_conc":"Roissy-en-France","com_conid":"95527"},"geometry":{"type":"MultiLineString","coordinates":[[[2.531676,49.016419],[2.530112,49.013351]]]}},{"type":"Feature","properties":{"tsid":"TS09500045","name":"A16","debut":"fin de la route N104","fin":"fin de la route A16","categorie":"1","es":"300","cl_admin":"Autoroute","largeur":"10m","gestion":"Opérateur privé : SANEF","com_conc":"Attainville","com_conid":"95028"},"geometry":{"type":"MultiLineString","coordinates":[[[2.342263,49.06192],[2.340327,49.061993],[2.338903,49.062166]]]}},{"type":"Feature","properties":{"tsid":"TS09500044","name":"A16","debut":"fin de la route D301","fin":"fin de la route A16","categorie":"1","es":"300","cl_admin":"Autoroute","largeur":"10m","gestion":"Opérateur privé : SANEF","com_conc":"Baillet-en-France,Attainville","com_conid":"95042,95028"},"geometry":{"type":"MultiLineString","coordinates":[[[2.33168,49.05585],[2.331926,49.056758],[2.332016,49.057503],[2.332018,49.058109],[2.331927,49.05869],[2.331751,49.059398],[2.330276,49.063293],[2.330052,49.064043],[2.330113,49.06437],[2.330314,49.064721],[2.331166,49.065613]]]}},{"type":"Feature","properties":{"tsid":"TS09501139","name":"D317","debut":"fin de la route D317","fin":"séparation de la route en D317,D922","categorie":"4","es":"30","cl_admin":"Départementale","largeur":"7m","gestion":"Conseil Départementale Val-d'Oise","com_conc":"La Chapelle-en-Serval,Survilliers,Fosses","com_conid":"60142,95604,95250"},"geometry":{"type":"MultiLineString","coordinates":[[[2.531061,49.099277],[2.531385,49.099246],[2.531543,49.099319],[2.531589,49.099424],[2.531522,49.099585],[2.531413,49.099644],[2.531262,49.099665],[2.531028,49.099605]]]}},{"type":"Feature","properties":{"tsid":"TS09500427","name":"BD DE L'OISE","debut":"debut route BD DE L'OISE","fin":"continue route BD DE L'OISE sur 29 m","categorie":"3","es":"100","cl_admin":null,"largeur":"de 5m à 14m","gestion":"Probable route communale ou intercommunale","com_conc":"Pontoise","com_conid":"95500"},"geometry":{"type":"MultiLineString","coordinates":[[[2.083047,49.034828],[2.083236,49.034657],[2.0845,49.033808],[2.086557,49.032716]]]}},{"type":"Feature","properties":{"tsid":"TS09500830","name":"A16","debut":"debut route A16","fin":"fin de la route A16","categorie":"2","es":"250","cl_admin":"Autoroute","largeur":"10m","gestion":"Opérateur privé : SANEF","com_conc":"Montsoult,Maffliers,Attainville,Nerville-la-Forêt,L'Isle-Adam,Presles","com_conid":"95430,95353,95028,95445,95313,95504"},"geometry":{"type":"MultiLineString","coordinates":[[[2.331013,49.066546],[2.330853,49.066965],[2.330775,49.067394],[2.33074,49.067844],[2.330786,49.068323],[2.331008,49.068966],[2.33235,49.071759],[2.332676,49.0726],[2.332874,49.073476],[2.332939,49.074191],[2.332919,49.074888],[2.332822,49.075572],[2.332581,49.076421],[2.332223,49.077257],[2.331744,49.078064],[2.331268,49.078693],[2.330691,49.07933],[2.32982,49.08011],[2.329006,49.080708],[2.328091,49.081265],[2.326858,49.081881],[2.317467,49.086188],[2.308785,49.089976],[2.306999,49.090839],[2.296249,49.096503],[2.294442,49.097292],[2.293311,49.097671],[2.291879,49.098028],[2.277155,49.101005],[2.264577,49.103647],[2.263275,49.104017],[2.262065,49.104455],[2.26081,49.105052],[2.259498,49.105847]],[[2.331166,49.065613],[2.33151,49.065999],[2.331793,49.066438],[2.331914,49.066775],[2.331952,49.06712],[2.331864,49.067645],[2.331335,49.068603],[2.331263,49.068837],[2.331255,49.06909],[2.331323,49.069348],[2.332425,49.071659],[2.332633,49.072195],[2.332877,49.073212],[2.332965,49.074055],[2.332939,49.074266]]]}},{"type":"Feature","properties":{"tsid":"TS09501193","name":"D10","debut":"Intersection D16,Route sans nom","fin":"continue route D10 sur 46 m","categorie":"3","es":"100","cl_admin":"Départementale","largeur":"de 7m à 10m","gestion":"Conseil Départementale Val-d'Oise","com_conc":"Saint-Witz","com_conid":"95580"},"geometry":{"type":"MultiLineString","coordinates":[[[2.552002,49.086738],[2.552735,49.086842],[2.552289,49.086546]],[[2.556598,49.08803],[2.55893,49.088871],[2.559155,49.088995],[2.559265,49.088921],[2.554946,49.087443],[2.552735,49.086842]],[[2.559265,49.088921],[2.559404,49.088969]]]}},{"type":"Feature","properties":{"tsid":"TS09500631","name":"D317B5","debut":"Intersection D317B5,Route sans nom","fin":"fin de la route D317B5","categorie":"3","es":"100","cl_admin":"Départementale","largeur":"de 4m à 5m","gestion":"Conseil Départementale Val-d'Oise","com_conc":"Le Thillay,Gonesse","com_conid":"95612,95277"},"geometry":{"type":"MultiLineString","coordinates":[[[2.476333,48.994008],[2.476531,48.993885],[2.476935,48.993898],[2.477359,48.993788],[2.479228,48.993084],[2.480261,48.992797],[2.480536,48.992645]]]}},{"type":"Feature","properties":{"tsid":"TS09500534","name":"D106","debut":"limite commune Pierrelaye (95488),Herblay-sur-Seine (95488)","fin":"limite commune Herblay-sur-Seine (95488),Pierrelaye (95488)","categorie":"3","es":"100","cl_admin":"Départementale","largeur":"9m","gestion":"Conseil Départementale Val-d'Oise","com_conc":"Montigny-lès-Cormeilles,Herblay-sur-Seine,Pierrelaye","com_conid":"95424,95306,95488"},"geometry":{"type":"MultiLineString","coordinates":[[[2.184139,49.001682],[2.187768,49.003363],[2.191591,49.004833],[2.191846,49.004901],[2.192115,49.004906],[2.192047,49.005015],[2.191591,49.004833]],[[2.192115,49.004906],[2.19225,49.004931],[2.192377,49.005095],[2.192633,49.005256],[2.192047,49.005015]],[[2.19228,49.004985],[2.192196,49.005059]],[[2.192633,49.005256],[2.193138,49.00549],[2.195379,49.006728]]]}},{"type":"Feature","properties":{"tsid":"TS09501244","name":"D14","debut":"limite commune Puiseux-Pontoise (95510),Courdimanche (95510)","fin":"fin de la route D14","categorie":"4","es":"30","cl_admin":"Départementale","largeur":"5m","gestion":"Conseil Départementale Val-d'Oise","com_conc":"Courdimanche,Puiseux-Pontoise","com_conid":"95183,95510"},"geometry":{"type":"MultiLineString","coordinates":[[[2.002884,49.058217],[2.004478,49.057762],[2.006268,49.057389],[2.009506,49.056478],[2.009914,49.056327],[2.010139,49.056189]]]}},{"type":"Feature","properties":{"tsid":"TS09500829","name":"A16","debut":"limite commune L'Isle-Adam (95313),Presles (95313)","fin":"debut route A16","categorie":"2","es":"250","cl_admin":"Autoroute","largeur":"10m","gestion":"Opérateur privé : SANEF","com_conc":"Presles,Maffliers,Nerville-la-Forêt,L'Isle-Adam,Montsoult,Attainville","com_conid":"95504,95353,95445,95313,95430,95028"},"geometry":{"type":"MultiLineString","coordinates":[[[2.258637,49.106391],[2.259301,49.10588],[2.260024,49.105405],[2.261417,49.104654],[2.262776,49.104099],[2.264765,49.103491],[2.26662,49.103062],[2.291639,49.097989],[2.292981,49.097668],[2.294282,49.097261],[2.295262,49.096872],[2.296201,49.096431],[2.30823,49.090126],[2.310589,49.089051],[2.317256,49.086176],[2.327081,49.081672],[2.328154,49.081116],[2.32883,49.080706],[2.329636,49.080123],[2.330375,49.079491],[2.331309,49.078479],[2.332023,49.077388],[2.332304,49.076816],[2.332582,49.076029],[2.332773,49.075026],[2.33281,49.074418],[2.332779,49.073821],[2.332553,49.072665],[2.332358,49.07211],[2.331495,49.070564],[2.330708,49.068933],[2.330276,49.067625],[2.329857,49.065693]],[[2.332358,49.07211],[2.33086,49.068984],[2.330695,49.068509],[2.330624,49.068024],[2.330647,49.067417],[2.330787,49.066834],[2.330916,49.066534]]]}},{"type":"Feature","properties":{"tsid":"TS09500746","name":"D11","debut":"séparation de la route en D11,R BRUNARD","fin":"fin de la route D11","categorie":"3","es":"100","cl_admin":"Départementale","largeur":"5m","gestion":"Conseil Départementale Val-d'Oise","com_conc":"Saint-Brice-sous-Forêt","com_conid":"95539"},"geometry":{"type":"MultiLineString","coordinates":[[[2.356663,48.997353],[2.356084,48.998727],[2.355367,49.000782],[2.354573,49.0027],[2.354327,49.003569]]]}},{"type":"Feature","properties":{"tsid":"TS09500566","name":"D14H3","debut":"fin de la route D983","fin":"fin de la route D14","categorie":"2","es":"250","cl_admin":"Départementale","largeur":"4m","gestion":"Conseil Départementale Val-d'Oise","com_conc":"Magny-en-Vexin","com_conid":"95355"},"geometry":{"type":"MultiLineString","coordinates":[[[1.788217,49.148196],[1.787222,49.148505],[1.786,49.148769]]]}},{"type":"Feature","properties":{"tsid":"TS09500828","name":"A16","debut":"Intersection A16,Route sans nom","fin":"fin de la route A16","categorie":"2","es":"250","cl_admin":"Autoroute","largeur":"10m","gestion":"Opérateur privé : SANEF","com_conc":"Mours,Ronquerolles,Chambly,Champagne-sur-Oise,L'Isle-Adam,Persan","com_conid":"95436,95529,60139,95134,95313,95487"},"geometry":{"type":"MultiLineString","coordinates":[[[2.252919,49.121213],[2.253372,49.125028],[2.253485,49.126902],[2.25355,49.130968],[2.253458,49.133601],[2.253305,49.134934],[2.252922,49.136903],[2.252742,49.137596],[2.252115,49.139503],[2.250616,49.143225],[2.24991,49.144815],[2.248978,49.146717],[2.246737,49.151081],[2.245813,49.152406],[2.244939,49.15342],[2.243725,49.154549],[2.235214,49.16089],[2.233487,49.162343],[2.232329,49.16351],[2.231299,49.164724],[2.230433,49.165969],[2.229904,49.166906]]]}},{"type":"Feature","properties":{"tsid":"TS09500826","name":"A16","debut":"fin de la route A16","fin":"limite commune Belle-Église (60139),Chambly (60139)","categorie":"2","es":"250","cl_admin":"Autoroute","largeur":"10m","gestion":"Opérateur privé : SANEF","com_conc":"Belle-Église,Ronquerolles,Chambly","com_conid":"60060,95529,60139"},"geometry":{"type":"MultiLineString","coordinates":[[[2.229427,49.167911],[2.228881,49.169291],[2.228022,49.17174],[2.227693,49.172519],[2.227051,49.17367],[2.226199,49.17491],[2.225678,49.175544],[2.224475,49.176807],[2.223359,49.177784]]]}},{"type":"Feature","properties":{"tsid":"TS09500559","name":"A16","debut":"limite commune Montsoult (95028),Attainville (95028)","fin":"fin de la route N104","categorie":"3","es":"100","cl_admin":"Autoroute","largeur":"7m","gestion":"Opérateur privé : SANEF","com_conc":"Attainville","com_conid":"95028"},"geometry":{"type":"MultiLineString","coordinates":[[[2.330916,49.066534],[2.331242,49.065965],[2.331665,49.065456],[2.333303,49.063851],[2.333571,49.063604],[2.333904,49.063384],[2.334566,49.063091],[2.337202,49.06229],[2.338223,49.062051],[2.338865,49.061954]]]}},{"type":"Feature","properties":{"tsid":"TS09500224","name":"D915Z","debut":"fin de la route D915Z","fin":"debut route D915Z","categorie":"4","es":"30","cl_admin":"Départementale","largeur":"de 3m à 5m","gestion":"Conseil Départementale Val-d'Oise","com_conc":"Pontoise","com_conid":"95500"},"geometry":{"type":"MultiLineString","coordinates":[[[2.103114,49.050143],[2.103272,49.049962]]]}},{"type":"Feature","properties":{"tsid":"TS09500584","name":"D109P","debut":"fin de la route Route sans nom","fin":"limite commune Margency (95014),Andilly (95014)","categorie":"4","es":"30","cl_admin":"Départementale","largeur":"5m","gestion":"Conseil Départementale Val-d'Oise","com_conc":"Andilly,Margency","com_conid":"95014,95369"},"geometry":{"type":"MultiLineString","coordinates":[[[2.304936,49.011787],[2.304228,49.010971],[2.303222,49.009995],[2.301694,49.008752],[2.300745,49.008273],[2.299932,49.007939],[2.299266,49.007812],[2.297857,49.007654],[2.296821,49.007153],[2.295722,49.006937],[2.295158,49.006544],[2.294933,49.005878]]]}},{"type":"Feature","properties":{"tsid":"TS09501217","name":"D11","debut":"fin de la route D11","fin":"fin de la route D11","categorie":"2","es":"250","cl_admin":"Départementale","largeur":"5m","gestion":"Conseil Départementale Val-d'Oise","com_conc":"Moisselles","com_conid":"95409"},"geometry":{"type":"MultiLineString","coordinates":[[[2.338762,49.043179],[2.338829,49.043353]]]}},{"type":"Feature","properties":{"tsid":"TS09500745","name":"D11","debut":"fin de la route D11","fin":"debut route D11","categorie":"3","es":"100","cl_admin":"Départementale","largeur":"5m","gestion":"Conseil Départementale Val-d'Oise","com_conc":"Domont","com_conid":"95199"},"geometry":{"type":"MultiLineString","coordinates":[[[2.340411,49.031167],[2.340579,49.031154],[2.340689,49.031215]]]}},{"type":"Feature","properties":{"tsid":"TS09500743","name":"D11","debut":"limite commune Domont (95199),Moisselles (95199)","fin":"fin de la route D11","categorie":"3","es":"100","cl_admin":"Départementale","largeur":"5m","gestion":"Conseil Départementale Val-d'Oise","com_conc":"Moisselles","com_conid":"95409"},"geometry":{"type":"MultiLineString","coordinates":[[[2.337539,49.044754],[2.338921,49.04378],[2.338928,49.043559],[2.338829,49.043353]]]}},{"type":"Feature","properties":{"tsid":"TS09500744","name":"D11","debut":"séparation de la route en D11,Route sans nom","fin":"debut route D11","categorie":"3","es":"100","cl_admin":"Départementale","largeur":"5m","gestion":"Conseil Départementale Val-d'Oise","com_conc":"Ézanville,Domont,Moisselles","com_conid":"95229,95199,95409"},"geometry":{"type":"MultiLineString","coordinates":[[[2.338126,49.042119],[2.338931,49.041512],[2.339468,49.040337],[2.339314,49.040839],[2.338994,49.041523],[2.338906,49.041633],[2.338491,49.04193],[2.338457,49.042005],[2.338494,49.042126],[2.338203,49.042097]],[[2.338494,49.042126],[2.338686,49.042275],[2.338649,49.042484],[2.338427,49.0426],[2.338128,49.04259]],[[2.338511,49.042581],[2.338607,49.042683],[2.338762,49.043179]],[[2.341562,49.035117],[2.341494,49.03506],[2.341583,49.035002],[2.341672,49.035061],[2.341562,49.035117],[2.339468,49.040337]],[[2.341946,49.034135],[2.34208,49.034002],[2.341896,49.033987],[2.341946,49.034135],[2.341608,49.035004]]]}},{"type":"Feature","properties":{"tsid":"TS09501191","name":"D10","debut":"fin de la route D10","fin":"séparation de la route en D10,Route sans nom","categorie":"3","es":"100","cl_admin":"Départementale","largeur":"de 7m à 10m","gestion":"Conseil Départementale Val-d'Oise","com_conc":"Le Plessis-Gassot,Bouqueval,Villiers-le-Bel,Fontenay-en-Parisis","com_conid":"95492,95094,95680,95241"},"geometry":{"type":"MultiLineString","coordinates":[[[2.400664,49.005926],[2.403183,49.010978],[2.403766,49.011581],[2.405188,49.011952],[2.405486,49.012141],[2.405859,49.012494],[2.405147,49.012003],[2.404536,49.011795]],[[2.409066,49.014684],[2.409335,49.014675],[2.409488,49.014819],[2.40945,49.014939],[2.409316,49.015016],[2.409069,49.015004],[2.40896,49.014919],[2.408947,49.014775],[2.409171,49.014585],[2.409209,49.014373],[2.409127,49.014121],[2.408882,49.013885],[2.408377,49.01366],[2.406777,49.01317],[2.405859,49.012494]],[[2.40945,49.014939],[2.409357,49.015152],[2.409558,49.015496],[2.409069,49.015004]],[[2.409178,49.0142],[2.409409,49.014709]],[[2.409558,49.015496],[2.410364,49.016026],[2.410892,49.016488],[2.411167,49.016818],[2.411789,49.017856],[2.412408,49.018526],[2.414787,49.020088],[2.415513,49.020833],[2.415929,49.021168],[2.416201,49.021328],[2.417556,49.021884],[2.418132,49.022037],[2.41802,49.022095],[2.417988,49.022175],[2.417664,49.021925]],[[2.418132,49.022037],[2.418288,49.022042],[2.418397,49.022115],[2.418396,49.022235],[2.418602,49.022652],[2.418372,49.022412],[2.418071,49.022288],[2.417988,49.022175]],[[2.418396,49.022235],[2.418175,49.022319]],[[2.436348,49.043789],[2.437514,49.044783],[2.437764,49.04506],[2.437883,49.044922],[2.4381,49.044841],[2.437739,49.044681],[2.436348,49.043789],[2.435623,49.043189],[2.434665,49.042238],[2.433818,49.041273],[2.433087,49.040282],[2.432654,49.039673],[2.432068,49.038668],[2.431836,49.038358],[2.431437,49.03795],[2.428864,49.035634],[2.427252,49.034035],[2.426365,49.032817],[2.42454,49.030846],[2.424153,49.030334],[2.423829,49.029706],[2.42364,49.029008],[2.423514,49.028278],[2.423206,49.027634],[2.422728,49.02711],[2.421724,49.026444],[2.421328,49.026113],[2.421076,49.02582],[2.420488,49.024911],[2.41921,49.023516],[2.418602,49.022652]],[[2.4381,49.044841],[2.438386,49.044849],[2.438639,49.045002],[2.438681,49.045156],[2.43858,49.045326],[2.438587,49.045472],[2.439083,49.046187],[2.438396,49.045535],[2.437862,49.045339],[2.437757,49.045205],[2.437764,49.04506]],[[2.43858,49.045326],[2.438418,49.045412],[2.438217,49.045441]],[[2.441256,49.048603],[2.440616,49.04795],[2.440101,49.047304],[2.439083,49.046187]]]}},{"type":"Feature","properties":{"tsid":"TS09501270","name":"R DE L'ISLE ADAM","debut":"fin de la route Route sans nom","fin":"Intersection LA REMISE DES MOULINS,R DE L'ISLE ADAM","categorie":"4","es":"30","cl_admin":null,"largeur":"de 3m à 5m","gestion":"Probable route communale ou intercommunale","com_conc":"Mours","com_conid":"95436"},"geometry":{"type":"MultiLineString","coordinates":[[[2.263329,49.130228],[2.264657,49.130801],[2.265075,49.130925],[2.265249,49.130908]],[[2.265113,49.131016],[2.264657,49.130801]]]}},{"type":"Feature","properties":{"tsid":"TS09500037","name":"R DE L'ISLE ADAM","debut":"continue route R DE L'ISLE ADAM sur 31 m","fin":"continue route R DE L'ISLE ADAM sur 47 m","categorie":"4","es":"30","cl_admin":null,"largeur":"de 3m à 5m","gestion":"Probable route communale ou intercommunale","com_conc":"Beaumont-sur-Oise","com_conid":"95052"},"geometry":{"type":"MultiLineString","coordinates":[[[2.278449,49.139374],[2.278813,49.139622],[2.278959,49.139662],[2.279085,49.139595],[2.279087,49.139548],[2.278996,49.139479],[2.27868,49.139447],[2.277901,49.139156]],[[2.27878,49.139598],[2.278769,49.139518],[2.278838,49.139473]]]}},{"type":"Feature","properties":{"tsid":"TS09501138","name":"D317","debut":"fin de la route D317","fin":"debut route D317","categorie":"4","es":"30","cl_admin":"Départementale","largeur":"7m","gestion":"Conseil Départementale Val-d'Oise","com_conc":"Louvres","com_conid":"95351"},"geometry":{"type":"MultiLineString","coordinates":[[[2.511644,49.046052],[2.511419,49.046076],[2.511228,49.046001],[2.51116,49.045878],[2.511231,49.045724]]]}},{"type":"Feature","properties":{"tsid":"TS09501190","name":"D10","debut":"fin de la route D10","fin":"Intersection CHE VERT,D316C4","categorie":"3","es":"100","cl_admin":"Départementale","largeur":"de 7m à 10m","gestion":"Conseil Départementale Val-d'Oise","com_conc":"Villiers-le-Bel","com_conid":"95680"},"geometry":{"type":"MultiLineString","coordinates":[[[2.385184,49.0018],[2.385292,49.002029],[2.385467,49.001908],[2.384677,49.001543]],[[2.385467,49.001908],[2.385722,49.001922],[2.385856,49.002007],[2.38589,49.002129],[2.385789,49.002261],[2.385579,49.002316],[2.385418,49.002288],[2.385279,49.002174],[2.385292,49.002029]],[[2.385782,49.001947],[2.386483,49.001977],[2.386901,49.001941],[2.396994,48.999783],[2.397622,48.999597],[2.397736,48.999651],[2.397769,48.999965],[2.399654,49.003835],[2.399479,49.00388],[2.399444,49.003624],[2.397702,49.000007],[2.397569,48.99983],[2.397473,48.999806],[2.386933,49.002016],[2.386179,49.002086],[2.385878,49.002174]],[[2.399443,49.004047],[2.399433,49.00393],[2.399479,49.00388]],[[2.399654,49.003835],[2.39977,49.003865],[2.399836,49.003938],[2.399822,49.004037],[2.399752,49.004098]]]}},{"type":"Feature","properties":{"tsid":"TS09500191","name":"D10","debut":"fin de la route D10","fin":"fin de la route D10","categorie":"4","es":"30","cl_admin":"Départementale","largeur":"5m","gestion":"Conseil Départementale Val-d'Oise","com_conc":"Villiers-le-Bel","com_conid":"95680"},"geometry":{"type":"MultiLineString","coordinates":[[[2.400664,49.005926],[2.400058,49.004641],[2.399752,49.004098],[2.39956,49.004117],[2.399443,49.004047]]]}},{"type":"Feature","properties":{"tsid":"TS09500057","name":"D11","debut":"limite commune Domont (95199),Piscop (95199)","fin":"fin de la route D11","categorie":"4","es":"30","cl_admin":"Départementale","largeur":"de 3m à 5m","gestion":"Conseil Départementale Val-d'Oise","com_conc":"Piscop,Domont,Saint-Brice-sous-Forêt","com_conid":"95489,95199,95539"},"geometry":{"type":"MultiLineString","coordinates":[[[2.346081,49.024185],[2.347189,49.021883],[2.348105,49.020337],[2.348946,49.01869],[2.349001,49.018581],[2.349003,49.018395],[2.349208,49.018414],[2.349001,49.018581]],[[2.349003,49.018395],[2.34892,49.018295],[2.348952,49.0182],[2.349153,49.018133],[2.349301,49.018183],[2.349349,49.018258],[2.349336,49.018337],[2.349208,49.018414]],[[2.349153,49.018133],[2.349375,49.017935],[2.349301,49.018183]],[[2.349375,49.017935],[2.351242,49.014638],[2.351832,49.013209],[2.352139,49.01058],[2.352636,49.008251],[2.352841,49.007501],[2.353311,49.006257],[2.35339,49.006118],[2.353589,49.005959],[2.353618,49.005824],[2.353833,49.00592],[2.353524,49.006024]],[[2.353618,49.005824],[2.353583,49.005746],[2.35371,49.005581],[2.353716,49.005381],[2.353923,49.005588],[2.353677,49.005621]],[[2.354327,49.003569],[2.354269,49.003831],[2.354097,49.004155],[2.353716,49.005205],[2.353716,49.005381]],[[2.353923,49.005588],[2.35405,49.005637],[2.354111,49.005752],[2.354015,49.005879],[2.353833,49.00592]]]}},{"type":"Feature","properties":{"tsid":"TS09500799","name":"D11","debut":"fin de la route D11","fin":"séparation de la route en D11,Route sans nom","categorie":"5","es":"10","cl_admin":"Départementale","largeur":"5m","gestion":"Conseil Départementale Val-d'Oise","com_conc":"Saint-Brice-sous-Forêt","com_conid":"95539"},"geometry":{"type":"MultiLineString","coordinates":[[[2.358563,48.992323],[2.358632,48.992406],[2.358636,48.992502],[2.357834,48.994528]],[[2.358796,48.992279],[2.358636,48.992502]]]}},{"type":"Feature","properties":{"tsid":"TS09500170","name":"R DE BEAUMONT","debut":"fin de la route Route sans nom","fin":"fin de la route Route sans nom","categorie":"4","es":"30","cl_admin":null,"largeur":"5m","gestion":"Probable route communale ou intercommunale","com_conc":"Mours","com_conid":"95436"},"geometry":{"type":"MultiLineString","coordinates":[[[2.270425,49.13523],[2.270903,49.135938],[2.271277,49.136297]]]}},{"type":"Feature","properties":{"tsid":"TS09500950","name":"RPT DU CEDRE","debut":"continue route RPT DU CEDRE sur 36 m","fin":"Intersection Route sans nom,RPT DU CEDRE","categorie":"4","es":"30","cl_admin":null,"largeur":"5m","gestion":"Probable route communale ou intercommunale","com_conc":"Cergy","com_conid":"95127"},"geometry":{"type":"MultiLineString","coordinates":[[[2.02887,49.04309],[2.028974,49.043029],[2.029207,49.04301],[2.029406,49.0431],[2.029438,49.043242],[2.029384,49.043331],[2.029258,49.043397],[2.028981,49.043394],[2.028826,49.043258],[2.02887,49.04309]]]}},{"type":"Feature","properties":{"tsid":"TS09500430","name":"D902","debut":"fin de la route D902A","fin":"fin de la route D902","categorie":"3","es":"100","cl_admin":"Départementale","largeur":"3m","gestion":"Conseil Départementale Val-d'Oise","com_conc":"Roissy-en-France","com_conid":"95527"},"geometry":{"type":"MultiLineString","coordinates":[[[2.508408,48.99848],[2.508274,48.998341]]]}},{"type":"Feature","properties":{"tsid":"TS09500302","name":"D109","debut":"debut route D109","fin":"séparation de la route en D109,D14A3","categorie":"3","es":"100","cl_admin":"Départementale","largeur":"5m","gestion":"Conseil Départementale Val-d'Oise","com_conc":"Soisy-sous-Montmorency,Eaubonne,Saint-Gratien,Argenteuil","com_conid":"95598,95203,95555,95018"},"geometry":{"type":"MultiLineString","coordinates":[[[2.283239,48.965195],[2.283352,48.965242],[2.283445,48.965522],[2.283799,48.96611],[2.28424,48.966757],[2.284351,48.966836],[2.28435,48.966928],[2.284186,48.966921],[2.283291,48.96551],[2.283107,48.965473],[2.283045,48.965318],[2.28308,48.965231],[2.282392,48.964106],[2.280149,48.962351],[2.279835,48.962089],[2.279677,48.961873],[2.279619,48.961534],[2.279847,48.960383],[2.279869,48.959999],[2.279695,48.959659],[2.279276,48.959162],[2.279197,48.958933],[2.279304,48.958585],[2.280091,48.95679],[2.280373,48.956271],[2.280396,48.956369],[2.279321,48.958869],[2.279353,48.959085],[2.279842,48.95968],[2.279957,48.959983],[2.279936,48.960394],[2.279717,48.961556],[2.279742,48.96177],[2.27991,48.962056],[2.280218,48.962315],[2.282469,48.964061],[2.282768,48.964569],[2.283239,48.965195],[2.28308,48.965231]],[[2.283291,48.96551],[2.283421,48.965454]],[[2.284157,48.966836],[2.284277,48.966798]],[[2.284314,48.966943],[2.284572,48.967564],[2.285564,48.968974],[2.285536,48.969065],[2.285664,48.969088],[2.285717,48.969013],[2.285564,48.968974]],[[2.285664,48.969088],[2.286519,48.970208],[2.286742,48.970279],[2.287211,48.970188],[2.287344,48.970235],[2.287427,48.970154],[2.28734,48.970095],[2.287218,48.970125],[2.287211,48.970188]],[[2.287344,48.970235],[2.287803,48.970779],[2.287921,48.970807],[2.287878,48.97091],[2.28775,48.970899],[2.287732,48.97083],[2.287803,48.970779]],[[2.287903,48.970892],[2.290971,48.974708],[2.291288,48.975078],[2.291513,48.97521],[2.291414,48.975281],[2.291288,48.975078]],[[2.291513,48.97521],[2.291682,48.975261],[2.291607,48.975664],[2.291492,48.975688],[2.291369,48.975636],[2.291414,48.975281]],[[2.291578,48.97568],[2.291636,48.975889],[2.291638,48.976249],[2.291566,48.978111],[2.291595,48.97819],[2.291807,48.978216],[2.291974,48.978356],[2.291952,48.978508],[2.291805,48.97863],[2.292494,48.98035],[2.292565,48.981155],[2.292511,48.981376],[2.292449,48.981296],[2.292344,48.980232],[2.291674,48.978652],[2.291805,48.97863]],[[2.292511,48.981376],[2.292664,48.981684],[2.293405,48.982741],[2.294351,48.98393],[2.2958,48.985492],[2.296701,48.986004]],[[2.2958,48.985492],[2.295893,48.985593],[2.29641,48.985906],[2.296538,48.986095]]]}},{"type":"Feature","properties":{"tsid":"TS09500235","name":"D139","debut":"debut route D139","fin":"fin de la route D139","categorie":"4","es":"30","cl_admin":"Départementale","largeur":"de 5m à 7m","gestion":"Conseil Départementale Val-d'Oise","com_conc":"Le Plessis-Bouchard","com_conid":"95491"},"geometry":{"type":"MultiLineString","coordinates":[[[2.240278,49.000993],[2.240451,49.001013],[2.240477,49.001119]]]}},{"type":"Feature","properties":{"tsid":"TS09501179","name":"D109","debut":"séparation de la route en D109,R MARIN","fin":"séparation de la route en D109","categorie":"4","es":"30","cl_admin":"Départementale","largeur":"5m","gestion":"Conseil Départementale Val-d'Oise","com_conc":"Soisy-sous-Montmorency","com_conid":"95598"},"geometry":{"type":"MultiLineString","coordinates":[[[2.300001,48.987642],[2.299493,48.987612],[2.298498,48.987701],[2.297048,48.987642],[2.296907,48.987707],[2.296818,48.987675],[2.296799,48.987606],[2.29694,48.987544],[2.297048,48.987642]]]}},{"type":"Feature","properties":{"tsid":"TS09501180","name":"D109","debut":"séparation de la route en D109,R MARIN","fin":"séparation de la route en D144,R DU REGARD,Route sans nom","categorie":"4","es":"30","cl_admin":"Départementale","largeur":"5m","gestion":"Conseil Départementale Val-d'Oise","com_conc":"Soisy-sous-Montmorency","com_conid":"95598"},"geometry":{"type":"MultiLineString","coordinates":[[[2.300035,48.987648],[2.300842,48.987822],[2.301514,48.988099],[2.301986,48.987872],[2.302983,48.988242],[2.303862,48.988388],[2.304219,48.988519],[2.305677,48.989256],[2.306022,48.989495],[2.306925,48.990338],[2.309733,48.99311]]]}},{"type":"Feature","properties":{"tsid":"TS09500630","name":"D109E","debut":"fin de la route D109E","fin":"séparation de la route en D928,Route sans nom","categorie":"4","es":"30","cl_admin":"Départementale","largeur":"5m","gestion":"Conseil Départementale Val-d'Oise","com_conc":"Soisy-sous-Montmorency","com_conid":"95598"},"geometry":{"type":"MultiLineString","coordinates":[[[2.292629,48.989368],[2.292813,48.989542],[2.292889,48.989445],[2.292629,48.989368],[2.292427,48.989153]],[[2.292889,48.989445],[2.293064,48.989445],[2.293137,48.989569],[2.293347,48.989662],[2.292938,48.989648],[2.292843,48.989612],[2.292813,48.989542]],[[2.293137,48.989569],[2.293042,48.989637]],[[2.293347,48.989662],[2.294499,48.989738],[2.296343,48.990302],[2.296323,48.990371],[2.296401,48.990451],[2.296584,48.990419],[2.296576,48.990315],[2.296454,48.990269],[2.296343,48.990302]],[[2.296584,48.990419],[2.298945,48.992161]]]}},{"type":"Feature","properties":{"tsid":"TS09500384","name":"R D'ARGENTEUIL","debut":"limite commune Montigny-lès-Cormeilles (95424),La Frette-sur-Seine (95424)","fin":"limite commune La Frette-sur-Seine (95424),Montigny-lès-Cormeilles (95424)","categorie":"4","es":"30","cl_admin":null,"largeur":"5m","gestion":"Probable route communale ou intercommunale","com_conc":"Montigny-lès-Cormeilles,La Frette-sur-Seine","com_conid":"95424,95257"},"geometry":{"type":"MultiLineString","coordinates":[[[2.180289,48.98511],[2.181553,48.98455],[2.181818,48.984528]]]}},{"type":"Feature","properties":{"tsid":"TS09500798","name":"D11","debut":"debut route D11","fin":"séparation de la route en D11,D124","categorie":"5","es":"10","cl_admin":"Départementale","largeur":"5m","gestion":"Conseil Départementale Val-d'Oise","com_conc":"Domont","com_conid":"95199"},"geometry":{"type":"MultiLineString","coordinates":[[[2.341896,49.033987],[2.341843,49.033935],[2.341857,49.033855],[2.342062,49.033723],[2.342127,49.033521],[2.342264,49.033431],[2.342315,49.033142],[2.342265,49.032882],[2.341981,49.032544],[2.340604,49.031353],[2.340395,49.03132],[2.340372,49.031235],[2.340411,49.031167]],[[2.340689,49.031215],[2.340681,49.031292],[2.340604,49.031353]],[[2.341956,49.033807],[2.342094,49.033806],[2.342183,49.0339]],[[2.342264,49.033431],[2.342339,49.03355],[2.342224,49.03368],[2.342159,49.033848]]]}},{"type":"Feature","properties":{"tsid":"TS09500613","name":"D121","debut":"limite département Val-d'Oise (95),Yvelines (78)","fin":"debut route D121","categorie":"4","es":"30","cl_admin":"Départementale","largeur":"de 4m à 5m","gestion":"Conseil Départementale Val-d'Oise","com_conc":"Cormeilles-en-Parisis,Sartrouville","com_conid":"95176,78586"},"geometry":{"type":"MultiLineString","coordinates":[[[2.18401,48.953319],[2.185105,48.954502],[2.186135,48.955396],[2.186569,48.955629],[2.186879,48.955694],[2.187083,48.955685],[2.187216,48.955749],[2.187264,48.955853],[2.187212,48.955956],[2.187078,48.956018],[2.186914,48.956017],[2.186759,48.955929],[2.186735,48.955821],[2.186569,48.955629]],[[2.186735,48.955821],[2.186879,48.955694]]]}},{"type":"Feature","properties":{"tsid":"TS09500183","name":"D125","debut":"fin de la route D125","fin":"debut route D125","categorie":"3","es":"100","cl_admin":"Départementale","largeur":"de 3m à 5m","gestion":"Conseil Départementale Val-d'Oise","com_conc":"Sarcelles","com_conid":"95585"},"geometry":{"type":"MultiLineString","coordinates":[[[2.366459,48.99287],[2.366029,48.993086],[2.365899,48.992945],[2.366459,48.99287],[2.368487,48.99181],[2.369314,48.991512],[2.369935,48.991408],[2.373877,48.991018],[2.374235,48.990881]],[[2.373788,48.99101],[2.374168,48.990789]]]}},{"type":"Feature","properties":{"tsid":"TS09500109","name":"R DE L'ORME SAINT-EDME","debut":"debut route R DE L'ORME SAINT-EDME","fin":"continue route R DE L'ORME SAINT-EDME sur 69 m","categorie":"4","es":"30","cl_admin":null,"largeur":"de 3m à 5m","gestion":"Probable route communale ou intercommunale","com_conc":"Franconville","com_conid":"95252"},"geometry":{"type":"MultiLineString","coordinates":[[[2.237194,48.987346],[2.237283,48.987405],[2.237194,48.987464],[2.237116,48.987434],[2.237058,48.987341],[2.236862,48.986809],[2.236905,48.986638],[2.236765,48.98625],[2.2369,48.986423],[2.236979,48.98664],[2.23697,48.986818],[2.237194,48.987346],[2.237103,48.987405]]]}},{"type":"Feature","properties":{"tsid":"TS09501260","name":"RPT LEO LAGRANGE","debut":"Intersection R JEAN JAURES,RPT LEO LAGRANGE","fin":"continue route RPT LEO LAGRANGE sur 15 m","categorie":"4","es":"30","cl_admin":null,"largeur":"5m","gestion":"Probable route communale ou intercommunale","com_conc":"Arnouville","com_conid":"95019"},"geometry":{"type":"MultiLineString","coordinates":[[[2.417017,48.992092],[2.416926,48.991964],[2.41705,48.991754],[2.417192,48.991721],[2.417332,48.991767],[2.417364,48.991845],[2.417242,48.99206],[2.417017,48.992092]]]}},{"type":"Feature","properties":{"tsid":"TS09500344","name":"A115","debut":"Intersection A115,Route sans nom","fin":"fin de la route A15","categorie":"2","es":"250","cl_admin":"Autoroute","largeur":"10m","gestion":"DIR Île-de-France","com_conc":"Sannois","com_conid":"95582"},"geometry":{"type":"MultiLineString","coordinates":[[[2.241085,48.981972],[2.240952,48.9807],[2.240812,48.979987],[2.240662,48.979551],[2.240006,48.97812],[2.239865,48.977651],[2.239855,48.976968],[2.239996,48.976519],[2.240267,48.976037],[2.240824,48.975481],[2.241486,48.975071],[2.242095,48.974807],[2.244926,48.973774],[2.246048,48.973297],[2.246507,48.973055],[2.248019,48.971916]]]}},{"type":"Feature","properties":{"tsid":"TS09501240","name":"A3","debut":"fin de la route A1","fin":"limite commune Gonesse (95527),Roissy-en-France (95527)","categorie":"3","es":"100","cl_admin":"Autoroute","largeur":"7m","gestion":"DIR Île-de-France","com_conc":"Roissy-en-France,Gonesse","com_conid":"95527,95277"},"geometry":{"type":"MultiLineString","coordinates":[[[2.502282,48.983443],[2.503832,48.98474],[2.504393,48.985277],[2.505149,48.986108],[2.506305,48.987526],[2.507892,48.989005],[2.504888,48.986907],[2.504146,48.986287],[2.503395,48.985575],[2.502846,48.984912]]]}},{"type":"Feature","properties":{"tsid":"TS09500035","name":"D301","debut":"fin de la route D301","fin":"séparation de la route en A16,D301","categorie":"1","es":"300","cl_admin":"Départementale","largeur":"7m","gestion":"Conseil Départementale Val-d'Oise","com_conc":"Baillet-en-France","com_conid":"95042"},"geometry":{"type":"MultiLineString","coordinates":[[[2.330367,49.051206],[2.330318,49.051675],[2.330334,49.052156],[2.330502,49.053091],[2.330691,49.053645],[2.33168,49.05585]]]}},{"type":"Feature","properties":{"tsid":"TS09500440","name":"R DE LA BOUCLE","debut":"fin de la route Route sans nom","fin":"debut route R DE LA BOUCLE","categorie":"3","es":"100","cl_admin":null,"largeur":"de 4m à 5m","gestion":"Probable route communale ou intercommunale","com_conc":"Cergy","com_conid":"95127"},"geometry":{"type":"MultiLineString","coordinates":[[[2.077848,49.039235],[2.077246,49.039194],[2.077054,49.039279],[2.076973,49.039379],[2.076995,49.039523],[2.077214,49.039665],[2.077493,49.039698],[2.077672,49.039638],[2.078262,49.038956],[2.077995,49.038745]],[[2.078262,49.038956],[2.078432,49.038941],[2.078633,49.039009]]]}},{"type":"Feature","properties":{"tsid":"TS09501019","name":"R DE LA CAPITAINERIE","debut":"fin de la route Route sans nom","fin":"séparation de la route en D64,QU DE L'OISE","categorie":"5","es":"10","cl_admin":null,"largeur":"5m","gestion":"Probable route communale ou intercommunale","com_conc":"L'Isle-Adam","com_conid":"95313"},"geometry":{"type":"MultiLineString","coordinates":[[[2.213687,49.113682],[2.213331,49.112902]]]}},{"type":"Feature","properties":{"tsid":"TS09500616","name":"D122","debut":"debut route D122","fin":"fin de la route D122","categorie":"4","es":"30","cl_admin":"Départementale","largeur":"5m","gestion":"Conseil Départementale Val-d'Oise","com_conc":"Argenteuil,Sannois,Franconville","com_conid":"95018,95582,95252"},"geometry":{"type":"MultiLineString","coordinates":[[[2.235497,48.969351],[2.235844,48.969541],[2.235737,48.969639],[2.235653,48.969574],[2.235537,48.969461],[2.23531,48.969079],[2.232272,48.966812],[2.232185,48.966702],[2.232149,48.966559],[2.232206,48.966393],[2.232341,48.966243],[2.232557,48.966154],[2.235248,48.965569],[2.236436,48.965466],[2.236697,48.965367],[2.236819,48.965262],[2.236887,48.96507],[2.236546,48.962626],[2.236609,48.962271],[2.236779,48.962001],[2.237764,48.960994],[2.238214,48.960193],[2.238753,48.959454],[2.239849,48.957568],[2.240929,48.956237],[2.24176,48.955455],[2.242466,48.954703],[2.243506,48.952834],[2.243749,48.951622],[2.244797,48.949318],[2.245076,48.948958],[2.246768,48.947132],[2.247902,48.946121],[2.248707,48.946537],[2.252615,48.942604],[2.252676,48.942424],[2.252674,48.942206],[2.252592,48.942044],[2.252406,48.941861]],[[2.235844,48.969541],[2.236019,48.969536],[2.236134,48.969592],[2.236171,48.969689],[2.236142,48.969771],[2.236027,48.969827],[2.235848,48.969814],[2.235749,48.969755],[2.235737,48.969639]],[[2.236102,48.969798],[2.236171,48.970125],[2.235936,48.969833]],[[2.236719,48.974553],[2.236833,48.974882],[2.236841,48.975038],[2.236751,48.975174],[2.236792,48.975284],[2.236937,48.975369],[2.237137,48.975383],[2.237313,48.975307],[2.237367,48.97517],[2.23732,48.975073],[2.237101,48.974985],[2.236835,48.97471],[2.236719,48.974553],[2.236645,48.974325],[2.236557,48.97381],[2.236485,48.972762],[2.236202,48.971489],[2.236127,48.970867],[2.236171,48.970125]],[[2.236841,48.975038],[2.237101,48.974985]],[[2.252615,48.942604],[2.253051,48.942169]]]}},{"type":"Feature","properties":{"tsid":"TS09501245","name":"D14","debut":"fin de la route D14","fin":"fin de la route D14","categorie":"4","es":"30","cl_admin":"Départementale","largeur":"5m","gestion":"Conseil Départementale Val-d'Oise","com_conc":"Puiseux-Pontoise","com_conid":"95510"},"geometry":{"type":"MultiLineString","coordinates":[[[2.010392,49.05652],[2.010139,49.056539],[2.009961,49.056609],[2.006967,49.058109],[2.006589,49.058233],[2.006105,49.058275],[2.0044,49.05814],[2.003348,49.058249]]]}},{"type":"Feature","properties":{"tsid":"TS09500896","name":"D124","debut":"fin de la route D124","fin":"debut route D124","categorie":"3","es":"100","cl_admin":"Départementale","largeur":"5m","gestion":"Conseil Départementale Val-d'Oise","com_conc":"Domont","com_conid":"95199"},"geometry":{"type":"MultiLineString","coordinates":[[[2.324724,49.023393],[2.325187,49.023528],[2.32583,49.023633],[2.32849,49.023982],[2.329317,49.024024],[2.330999,49.023928],[2.333444,49.023474],[2.334106,49.023461],[2.335028,49.023537],[2.333994,49.023497],[2.332624,49.023618]],[[2.339055,49.025559],[2.33926,49.025561],[2.339358,49.025613],[2.339402,49.02568],[2.339381,49.025786],[2.339172,49.025888],[2.338932,49.025825],[2.338888,49.025737],[2.33891,49.025627],[2.339055,49.025559],[2.338671,49.025102],[2.338192,49.024691],[2.337383,49.024195],[2.33625,49.023767],[2.335028,49.023537]],[[2.340411,49.031167],[2.339986,49.030747],[2.339593,49.03018],[2.339345,49.02951],[2.339237,49.02877],[2.339144,49.028625],[2.338905,49.028503],[2.338852,49.028407],[2.338913,49.028295],[2.339044,49.028235],[2.339254,49.028246],[2.339394,49.02835],[2.339383,49.028458],[2.339311,49.028528],[2.339087,49.028574]],[[2.339119,49.028228],[2.33935,49.028063],[2.339534,49.027395],[2.33953,49.026604],[2.339248,49.025876]],[[2.339265,49.028551],[2.339237,49.02877]],[[2.33935,49.028063],[2.33931,49.028267]]]}},{"type":"Feature","properties":{"tsid":"TS09500992","name":"D125","debut":"Intersection AV PAUL VALERY,D125","fin":"debut route D125","categorie":"4","es":"30","cl_admin":"Départementale","largeur":"de 3m à 12m","gestion":"Conseil Départementale Val-d'Oise","com_conc":"Garges-lès-Gonesse,Sarcelles","com_conid":"95268,95585"},"geometry":{"type":"MultiLineString","coordinates":[[[2.387663,48.978175],[2.387829,48.978208],[2.387896,48.978278],[2.388067,48.978172],[2.389785,48.977886],[2.390201,48.9777],[2.391601,48.976824],[2.392034,48.976655],[2.395052,48.976088],[2.395712,48.97592],[2.391978,48.976586],[2.391354,48.976851],[2.389898,48.977745],[2.389471,48.977872],[2.388032,48.978102],[2.387772,48.978184]],[[2.395712,48.97592],[2.396802,48.975563],[2.39786,48.975003],[2.398599,48.974534],[2.399309,48.97389]],[[2.399403,48.973946],[2.398956,48.97432],[2.398599,48.974534]]]}},{"type":"Feature","properties":{"tsid":"TS09500993","name":"D125","debut":"fin de la route D125","fin":"séparation de la route en AV DU 8 MAI 1945,D125","categorie":"4","es":"30","cl_admin":"Départementale","largeur":"de 3m à 12m","gestion":"Conseil Départementale Val-d'Oise","com_conc":"Garges-lès-Gonesse","com_conid":"95268"},"geometry":{"type":"MultiLineString","coordinates":[[[2.400091,48.973346],[2.400018,48.973401]]]}},{"type":"Feature","properties":{"tsid":"TS09500472","name":"R CHERIF MECHERI","debut":"Intersection R CHERIF MECHERI,R MARIE-THERESE DE POIX","fin":"fin de la route Route sans nom","categorie":"4","es":"30","cl_admin":null,"largeur":"5m","gestion":"Probable route communale ou intercommunale","com_conc":"Saint-Ouen-l'Aumône","com_conid":"95572"},"geometry":{"type":"MultiLineString","coordinates":[[[2.123123,49.032843],[2.121324,49.032971]]]}},{"type":"Feature","properties":{"tsid":"TS09500233","name":"D139","debut":"séparation de la route en D139,R FRANCOIS RUDE","fin":"limite commune Franconville (95252),Le Plessis-Bouchard (95252)","categorie":"4","es":"30","cl_admin":"Départementale","largeur":"de 5m à 7m","gestion":"Conseil Départementale Val-d'Oise","com_conc":"Franconville","com_conid":"95252"},"geometry":{"type":"MultiLineString","coordinates":[[[2.237407,48.996032],[2.23754,48.99626]]]}},{"type":"Feature","properties":{"tsid":"TS09500091","name":"D14","debut":"fin de la route D14","fin":"séparation de la route en AV DU MARECHAL DE LATTRE DE TASSIGNY,D14","categorie":"3","es":"100","cl_admin":"Départementale","largeur":"5m","gestion":"Conseil Départementale Val-d'Oise","com_conc":"Osny,Pontoise","com_conid":"95476,95500"},"geometry":{"type":"MultiLineString","coordinates":[[[2.074567,49.049656],[2.075365,49.049391],[2.076065,49.048959],[2.07742,49.048651],[2.07745,49.04871],[2.077297,49.048759],[2.076011,49.049077],[2.075557,49.049398],[2.074635,49.049783]],[[2.07742,49.048651],[2.078306,49.048367],[2.080151,49.047667],[2.080331,49.047653],[2.07745,49.04871]]]}},{"type":"Feature","properties":{"tsid":"TS09500989","name":"D125","debut":"fin de la route D125","fin":"debut route D125","categorie":"4","es":"30","cl_admin":"Départementale","largeur":"de 3m à 12m","gestion":"Conseil Départementale Val-d'Oise","com_conc":"Sarcelles,Saint-Brice-sous-Forêt","com_conid":"95585,95539"},"geometry":{"type":"MultiLineString","coordinates":[[[2.358785,48.991975],[2.35903,48.991934],[2.359201,48.992023],[2.359179,48.992165],[2.358996,48.992236]],[[2.359133,48.991964],[2.360279,48.991597]],[[2.360641,48.991469],[2.361281,48.991315],[2.361355,48.991438],[2.360957,48.991475],[2.360546,48.991578],[2.359365,48.992],[2.359218,48.992089]],[[2.36024,48.991893],[2.360049,48.991827],[2.359809,48.991842]],[[2.361281,48.991315],[2.361344,48.991202],[2.361502,48.991136],[2.361681,48.991144],[2.361815,48.991241],[2.361828,48.991384],[2.361722,48.991468],[2.361502,48.991495],[2.361355,48.991438]],[[2.361835,48.991287],[2.362769,48.991585],[2.363267,48.991933],[2.36246,48.991545],[2.362039,48.991442],[2.361783,48.991435]],[[2.363267,48.991933],[2.364064,48.992491],[2.364827,48.992767],[2.365739,48.992949],[2.365609,48.993073],[2.365413,48.992956],[2.364565,48.99276],[2.364064,48.992491]],[[2.366029,48.993086],[2.365937,48.993192],[2.365814,48.993213],[2.365683,48.993185],[2.365609,48.993073]],[[2.365739,48.992949],[2.365899,48.992945]]]}},{"type":"Feature","properties":{"tsid":"TS09501249","name":"D14","debut":"fin de la route Route sans nom","fin":"fin de la route D14","categorie":"4","es":"30","cl_admin":"Départementale","largeur":"5m","gestion":"Conseil Départementale Val-d'Oise","com_conc":"Pontoise","com_conid":"95500"},"geometry":{"type":"MultiLineString","coordinates":[[[2.09962,49.045724],[2.099834,49.046063],[2.09989,49.046315],[2.099855,49.046464],[2.099612,49.046847],[2.099618,49.046972]]]}},{"type":"Feature","properties":{"tsid":"TS09500417","name":"R DE BOISSY","debut":"limite commune Beauchamp (95051),Taverny (95051)","fin":"fin de la route D106","categorie":"4","es":"30","cl_admin":null,"largeur":"5m","gestion":"Probable route communale ou intercommunale","com_conc":"Beauchamp,Taverny","com_conid":"95051,95607"},"geometry":{"type":"MultiLineString","coordinates":[[[2.205281,49.012711],[2.205091,49.012788]]]}},{"type":"Feature","properties":{"tsid":"TS09500824","name":"R DE LA CROIX DES MAHEUX","debut":"fin de la route AV DE LA POSTE","fin":"continue route R DE LA CROIX DES MAHEUX sur 66 m","categorie":"3","es":"100","cl_admin":null,"largeur":"5m","gestion":"Probable route communale ou intercommunale","com_conc":"Cergy","com_conid":"95127"},"geometry":{"type":"MultiLineString","coordinates":[[[2.084548,49.038261],[2.0832,49.039179]]]}},{"type":"Feature","properties":{"tsid":"TS09500331","name":"R DE LA CROIX DES MAHEUX","debut":"Intersection R DE LA CROIX DES MAHEUX,Route sans nom","fin":"fin de la route BD DE L'OISE","categorie":"4","es":"30","cl_admin":null,"largeur":"5m","gestion":"Probable route communale ou intercommunale","com_conc":"Cergy","com_conid":"95127"},"geometry":{"type":"MultiLineString","coordinates":[[[2.0832,49.039179],[2.082485,49.039635],[2.082064,49.039667],[2.079128,49.037883],[2.078949,49.037846],[2.078766,49.037877],[2.078302,49.038119]]]}},{"type":"Feature","properties":{"tsid":"TS09500122","name":"R DE LA FALAISE","debut":"continue route R DE LA FALAISE sur 23 m","fin":"fin de la route D14","categorie":"4","es":"30","cl_admin":null,"largeur":"5m","gestion":"Probable route communale ou intercommunale","com_conc":"Osny","com_conid":"95476"},"geometry":{"type":"MultiLineString","coordinates":[[[2.074587,49.049861],[2.074604,49.050065],[2.074385,49.049923]],[[2.074604,49.050065],[2.075212,49.051016],[2.075208,49.051173]]]}},{"type":"Feature","properties":{"tsid":"TS09500579","name":"D124","debut":"fin de la route D124","fin":"séparation de la route en D124,R PASCAL","categorie":"4","es":"30","cl_admin":"Départementale","largeur":"5m","gestion":"Conseil Départementale Val-d'Oise","com_conc":"Andilly,Montmorency,Domont","com_conid":"95014,95428,95199"},"geometry":{"type":"MultiLineString","coordinates":[[[2.314902,49.007146],[2.314905,49.007066],[2.315129,49.006859],[2.315331,49.006876],[2.315349,49.006972],[2.315085,49.007188],[2.314902,49.007146],[2.314728,49.007226],[2.314122,49.007746],[2.313913,49.007981],[2.313358,49.008808],[2.31234,49.009673],[2.312239,49.009869],[2.312215,49.010319],[2.312048,49.011001],[2.311939,49.011202],[2.311466,49.011649],[2.311379,49.011844],[2.311427,49.012174],[2.311649,49.012922],[2.312666,49.014402],[2.312738,49.014815],[2.312736,49.015817],[2.312938,49.016369],[2.313135,49.016653],[2.313759,49.017317],[2.314074,49.017591],[2.31445,49.01782],[2.317543,49.019161],[2.31913,49.020014],[2.320312,49.020382],[2.320964,49.02065],[2.321426,49.020991],[2.322405,49.021856],[2.323231,49.02246],[2.324045,49.023177],[2.324151,49.02316],[2.324259,49.02321],[2.324265,49.023294],[2.324202,49.023347],[2.323984,49.023308],[2.323976,49.023225],[2.324045,49.023177]],[[2.320312,49.000831],[2.320284,49.000748],[2.320372,49.000703],[2.320492,49.000747],[2.32048,49.000827],[2.320312,49.000831],[2.320122,49.00091],[2.319282,49.001831],[2.319102,49.002234],[2.318927,49.003135],[2.31777,49.004682],[2.317277,49.005213],[2.316116,49.006004],[2.315288,49.006727],[2.315243,49.006843]],[[2.321298,48.990504],[2.321312,48.990768],[2.321364,48.990896],[2.321757,48.99159],[2.322413,48.992303],[2.323508,48.993315],[2.324101,48.994134],[2.324299,48.994483],[2.324387,48.994758],[2.325318,48.995018],[2.326072,48.995396],[2.326382,48.995435],[2.326909,48.995339],[2.327101,48.995399],[2.327166,48.995532],[2.327127,48.995612],[2.326981,48.995678],[2.326244,48.995683],[2.325789,48.995798],[2.324678,48.99644],[2.324241,48.996851],[2.323401,48.997441],[2.322318,48.998016],[2.322138,48.99828],[2.321958,48.999324],[2.321812,48.999707],[2.32186,48.999788],[2.321713,48.999786],[2.321547,48.99987],[2.320527,49.000581],[2.320421,49.000708]],[[2.321713,48.999786],[2.321713,48.999731],[2.321812,48.999707]]]}},{"type":"Feature","properties":{"tsid":"TS09500182","name":"D125","debut":"fin de la route D301","fin":"séparation de la route en D125,D301","categorie":"3","es":"100","cl_admin":"Départementale","largeur":"de 3m à 5m","gestion":"Conseil Départementale Val-d'Oise","com_conc":"Saint-Brice-sous-Forêt","com_conid":"95539"},"geometry":{"type":"MultiLineString","coordinates":[[[2.360201,48.991343],[2.36042,48.991451],[2.360641,48.991469],[2.360279,48.991597]]]}},{"type":"Feature","properties":{"tsid":"TS09500189","name":"D125","debut":"séparation de la route en D125,D84A","fin":"debut route D125","categorie":"3","es":"100","cl_admin":"Départementale","largeur":"de 3m à 5m","gestion":"Conseil Départementale Val-d'Oise","com_conc":"Dugny,Garges-lès-Gonesse","com_conid":"93030,95268"},"geometry":{"type":"MultiLineString","coordinates":[[[2.41529,48.959093],[2.415584,48.958927],[2.415797,48.958663],[2.415812,48.958913],[2.415913,48.959045],[2.415702,48.958992],[2.415457,48.95902]],[[2.415913,48.959045],[2.416069,48.959159],[2.41612,48.959308]]]}},{"type":"Feature","properties":{"tsid":"TS09500188","name":"D125","debut":"séparation de la route en D125,D84","fin":"séparation de la route en AV DU 8 MAI 1945,D125","categorie":"3","es":"100","cl_admin":"Départementale","largeur":"de 3m à 5m","gestion":"Conseil Départementale Val-d'Oise","com_conc":"Garges-lès-Gonesse","com_conid":"95268"},"geometry":{"type":"MultiLineString","coordinates":[[[2.409458,48.966556],[2.403769,48.970101],[2.402686,48.97082],[2.401624,48.971776],[2.400091,48.973346]]]}},{"type":"Feature","properties":{"tsid":"TS09500186","name":"D125","debut":"séparation de la route en D125,D125E","fin":"séparation de la route en D125,D84","categorie":"3","es":"100","cl_admin":"Départementale","largeur":"de 3m à 5m","gestion":"Conseil Départementale Val-d'Oise","com_conc":"Garges-lès-Gonesse","com_conid":"95268"},"geometry":{"type":"MultiLineString","coordinates":[[[2.399309,48.97389],[2.400683,48.972617],[2.401858,48.97136],[2.402584,48.970752],[2.402954,48.970479],[2.409348,48.966458]]]}},{"type":"Feature","properties":{"tsid":"TS09500632","name":"D317B5","debut":"fin de la route D317B5","fin":"fin de la route D317B5","categorie":"3","es":"100","cl_admin":"Départementale","largeur":"de 4m à 5m","gestion":"Conseil Départementale Val-d'Oise","com_conc":"Gonesse,Le Thillay","com_conid":"95277,95612"},"geometry":{"type":"MultiLineString","coordinates":[[[2.480436,48.993002],[2.479981,48.992989],[2.47927,48.99317],[2.477316,48.993919],[2.477008,48.994135]]]}},{"type":"Feature","properties":{"tsid":"TS09500536","name":"D317A1","debut":"fin de la route D317","fin":"séparation de la route en D317A1,D317A2","categorie":"4","es":"30","cl_admin":"Départementale","largeur":"4m","gestion":"Conseil Départementale Val-d'Oise","com_conc":"Gonesse","com_conid":"95277"},"geometry":{"type":"MultiLineString","coordinates":[[[2.458902,48.971649],[2.459279,48.971956],[2.46044,48.973151]]]}},{"type":"Feature","properties":{"tsid":"TS09500990","name":"D125","debut":"séparation de la route en D10,D125","fin":"fin de la route D125","categorie":"4","es":"30","cl_admin":"Départementale","largeur":"de 3m à 12m","gestion":"Conseil Départementale Val-d'Oise","com_conc":"Sarcelles","com_conid":"95585"},"geometry":{"type":"MultiLineString","coordinates":[[[2.374168,48.990789],[2.375057,48.989991],[2.375587,48.989626],[2.377876,48.988456],[2.37796,48.988564],[2.377711,48.988627],[2.376235,48.989356],[2.375566,48.98975],[2.374772,48.990358],[2.374235,48.990881]],[[2.377876,48.988456],[2.378159,48.988164],[2.378289,48.988147],[2.378412,48.98819],[2.378445,48.988302],[2.378215,48.988544],[2.378112,48.988585],[2.37796,48.988564]],[[2.378321,48.988152],[2.378808,48.987862],[2.378433,48.988221]],[[2.379357,48.987217],[2.378808,48.987862]]]}},{"type":"Feature","properties":{"tsid":"TS09500994","name":"D125","debut":"séparation de la route en D125,D84","fin":"fin de la route D125","categorie":"4","es":"30","cl_admin":"Départementale","largeur":"de 3m à 12m","gestion":"Conseil Départementale Val-d'Oise","com_conc":"Garges-lès-Gonesse","com_conid":"95268"},"geometry":{"type":"MultiLineString","coordinates":[[[2.409348,48.966458],[2.409762,48.966073],[2.409654,48.966323],[2.409458,48.966556]],[[2.411082,48.964773],[2.411052,48.964688],[2.411176,48.964641],[2.41124,48.964718],[2.411082,48.964773],[2.409762,48.966073]],[[2.412666,48.963237],[2.412589,48.963152],[2.412661,48.963035],[2.412774,48.962973],[2.412929,48.962963],[2.413004,48.963037],[2.412948,48.963158],[2.412826,48.963242],[2.412666,48.963237],[2.41122,48.964652]],[[2.41286,48.962955],[2.413801,48.962052],[2.414567,48.961145],[2.41515,48.960229],[2.415237,48.959999],[2.415208,48.959776],[2.415578,48.959825],[2.415369,48.959968],[2.414812,48.96092],[2.414236,48.961689],[2.412961,48.962983]],[[2.415208,48.959776],[2.415093,48.959706],[2.415014,48.959541],[2.415072,48.959389],[2.41529,48.959093]],[[2.41612,48.959308],[2.416065,48.959458],[2.415851,48.9597],[2.415578,48.959825]]]}},{"type":"Feature","properties":{"tsid":"TS09500991","name":"D125","debut":"séparation de la route en D125,Route sans nom","fin":"séparation de la route en D125,Route sans nom","categorie":"4","es":"30","cl_admin":"Départementale","largeur":"de 3m à 12m","gestion":"Conseil Départementale Val-d'Oise","com_conc":"Sarcelles","com_conid":"95585"},"geometry":{"type":"MultiLineString","coordinates":[[[2.381503,48.985363],[2.381822,48.985238]]]}},{"type":"Feature","properties":{"tsid":"TS09501162","name":"D125","debut":"fin de la route D125","fin":"fin de la route D125","categorie":"5","es":"10","cl_admin":"Départementale","largeur":"5m","gestion":"Conseil Départementale Val-d'Oise","com_conc":"Saint-Brice-sous-Forêt","com_conid":"95539"},"geometry":{"type":"MultiLineString","coordinates":[[[2.358996,48.992236],[2.358563,48.992323]]]}},{"type":"Feature","properties":{"tsid":"TS09501168","name":"D170B1","debut":"fin de la route D170B1","fin":"fin de la route R D'ERMONT","categorie":"4","es":"30","cl_admin":"Départementale","largeur":"de 5m à 7m","gestion":"Conseil Départementale Val-d'Oise","com_conc":"Saint-Gratien","com_conid":"95555"},"geometry":{"type":"MultiLineString","coordinates":[[[2.276247,48.971534],[2.277022,48.972636]]]}},{"type":"Feature","properties":{"tsid":"TS09501268","name":"D125E","debut":"fin de la route D125E","fin":"limite départementale","categorie":"4","es":"30","cl_admin":"Départementale","largeur":"de 4m à 9m","gestion":"Conseil Départementale Val-d'Oise","com_conc":"Stains,Garges-lès-Gonesse","com_conid":"93072,95268"},"geometry":{"type":"MultiLineString","coordinates":[[[2.394581,48.970642],[2.394764,48.970893],[2.395691,48.971712],[2.395769,48.97169],[2.394759,48.970749],[2.394581,48.970642],[2.392612,48.968361],[2.39232,48.967997],[2.391426,48.966607],[2.39113,48.966227],[2.390242,48.965562]],[[2.395769,48.97169],[2.396005,48.971782],[2.396532,48.972255],[2.397736,48.973024],[2.397795,48.973103],[2.39658,48.972377],[2.395995,48.971875],[2.395686,48.971785],[2.395691,48.971712]],[[2.395896,48.97175],[2.395847,48.971817]],[[2.397795,48.973103],[2.398739,48.973695],[2.398875,48.973709],[2.399309,48.97389]],[[2.399097,48.974077],[2.398739,48.973695]]]}},{"type":"Feature","properties":{"tsid":"TS09500323","name":"D139","debut":"debut route D139","fin":"limite commune Le Plessis-Bouchard (95252),Franconville (95252)","categorie":"3","es":"100","cl_admin":"Départementale","largeur":"3m","gestion":"Conseil Départementale Val-d'Oise","com_conc":"Le Plessis-Bouchard,Franconville","com_conid":"95491,95252"},"geometry":{"type":"MultiLineString","coordinates":[[[2.231613,48.99504],[2.23166,48.994975],[2.231576,48.994958],[2.231552,48.995015],[2.231613,48.99504],[2.231938,48.995483],[2.233602,48.997457]],[[2.231631,48.994955],[2.231922,48.994773],[2.232893,48.99438]]]}},{"type":"Feature","properties":{"tsid":"TS09500916","name":"D984","debut":"séparation de la route en D984,R SALVADOR ALLENDE,Route sans nom","fin":"fin de la route D14","categorie":"4","es":"30","cl_admin":"Départementale","largeur":"de 3m à 5m","gestion":"Conseil Départementale Val-d'Oise","com_conc":"Saint-Ouen-l'Aumône","com_conid":"95572"},"geometry":{"type":"MultiLineString","coordinates":[[[2.10461,49.039906],[2.104755,49.040348],[2.104952,49.040676],[2.1062,49.042065],[2.106552,49.042419],[2.107898,49.043208],[2.108079,49.043432]]]}},{"type":"Feature","properties":{"tsid":"TS09501250","name":"D14","debut":"fin de la route D14","fin":"séparation de la route en AV DE L'UNION,D14,D922","categorie":"4","es":"30","cl_admin":"Départementale","largeur":"5m","gestion":"Conseil Départementale Val-d'Oise","com_conc":"Saint-Ouen-l'Aumône","com_conid":"95572"},"geometry":{"type":"MultiLineString","coordinates":[[[2.107948,49.043248],[2.1079,49.04352],[2.107902,49.044642],[2.105568,49.0467],[2.105279,49.046863],[2.103973,49.047387]],[[2.108079,49.043432],[2.107997,49.04369],[2.108013,49.044486],[2.107902,49.044642]]]}},{"type":"Feature","properties":{"tsid":"TS09500325","name":"D139","debut":"séparation de la route en D139,R JEAN JAURES","fin":"fin de la route D139","categorie":"3","es":"100","cl_admin":"Départementale","largeur":"3m","gestion":"Conseil Départementale Val-d'Oise","com_conc":"Le Plessis-Bouchard,Saint-Leu-la-Forêt","com_conid":"95491,95563"},"geometry":{"type":"MultiLineString","coordinates":[[[2.238484,48.996028],[2.239541,48.997557],[2.239642,48.997632],[2.239516,48.997903],[2.239506,48.998526],[2.239597,48.998903],[2.239688,48.998923],[2.239729,48.998991],[2.239597,48.999074],[2.239511,48.999064],[2.239454,48.998998],[2.239498,48.998927],[2.239597,48.998903]],[[2.240477,49.001119],[2.24037,49.001167],[2.24022,49.001114],[2.240213,49.00105],[2.240278,49.000993],[2.239635,48.999069]],[[2.24034,49.001166],[2.240537,49.001672],[2.242205,49.004437],[2.242281,49.005273],[2.242462,49.005931],[2.242588,49.006123],[2.242459,49.006163],[2.242462,49.005931]],[[2.242588,49.006123],[2.242696,49.006195],[2.242631,49.006288],[2.242485,49.006285],[2.242434,49.006227],[2.242459,49.006163]],[[2.251652,49.013073],[2.247318,49.012122],[2.246295,49.011793],[2.245418,49.011366],[2.244802,49.010883],[2.244213,49.010289],[2.243316,49.008813],[2.242752,49.007634],[2.242485,49.006536],[2.242485,49.006285]],[[2.242631,49.006288],[2.242582,49.006468],[2.242792,49.007416],[2.242901,49.007528],[2.243081,49.007583],[2.243419,49.007518]],[[2.242792,49.007416],[2.242841,49.007625],[2.243194,49.00838],[2.244209,49.010061],[2.244533,49.010481],[2.244887,49.01084],[2.245513,49.011294],[2.246105,49.011612],[2.247035,49.011955],[2.251709,49.012962]],[[2.242981,49.007934],[2.243038,49.007779],[2.243188,49.007625]]]}},{"type":"Feature","properties":{"tsid":"TS09500324","name":"D139","debut":"fin de la route D139","fin":"limite commune Le Plessis-Bouchard (95252),Franconville (95252)","categorie":"3","es":"100","cl_admin":"Départementale","largeur":"3m","gestion":"Conseil Départementale Val-d'Oise","com_conc":"Le Plessis-Bouchard,Franconville","com_conid":"95491,95252"},"geometry":{"type":"MultiLineString","coordinates":[[[2.236072,48.993305],[2.236598,48.993791],[2.237784,48.99517],[2.237381,48.996092],[2.237323,48.996255],[2.237345,48.996325]]]}},{"type":"Feature","properties":{"tsid":"TS09500063","name":"D14","debut":"séparation de la route en D14,N14","fin":"fin de la route D14","categorie":"1","es":"300","cl_admin":"Départementale","largeur":"10m","gestion":"Conseil Départementale Val-d'Oise","com_conc":"Puiseux-Pontoise,Sagy,Ableiges,Longuesse","com_conid":"95510,95535,95002,95348"},"geometry":{"type":"MultiLineString","coordinates":[[[2.003348,49.058249],[1.975704,49.0659],[1.974224,49.066476],[1.972863,49.067218],[1.971807,49.067966],[1.970636,49.068979],[1.969458,49.069787],[1.968389,49.07034],[1.967023,49.070836],[1.965475,49.071249],[1.964656,49.071386],[1.963498,49.071486],[1.960413,49.071566],[1.959653,49.071643],[1.958635,49.071818]]]}},{"type":"Feature","properties":{"tsid":"TS09500062","name":"D14","debut":"fin de la route D14","fin":"limite commune Courdimanche (95183),Puiseux-Pontoise (95183)","categorie":"1","es":"300","cl_admin":"Départementale","largeur":"10m","gestion":"Conseil Départementale Val-d'Oise","com_conc":"Courdimanche,Longuesse,Sagy,Puiseux-Pontoise,Ableiges","com_conid":"95183,95348,95535,95510,95002"},"geometry":{"type":"MultiLineString","coordinates":[[[1.958519,49.071753],[1.959189,49.071623],[1.960401,49.071479],[1.963195,49.071405],[1.964407,49.071319],[1.965415,49.071173],[1.967012,49.070753],[1.96831,49.07026],[1.96945,49.069667],[1.970539,49.068931],[1.971702,49.067908],[1.972335,49.067433],[1.973443,49.066761],[1.974145,49.066403],[1.97508,49.066019],[1.977045,49.065415],[2.002177,49.058468],[2.002884,49.058217]]]}},{"type":"Feature","properties":{"tsid":"TS09500064","name":"D14","debut":"fin de la route Route sans nom","fin":"fin de la route D14","categorie":"1","es":"300","cl_admin":"Départementale","largeur":"10m","gestion":"Conseil Départementale Val-d'Oise","com_conc":"Cergy,Osny","com_conid":"95127,95476"},"geometry":{"type":"MultiLineString","coordinates":[[[2.066744,49.050756],[2.068121,49.051282],[2.068501,49.051342],[2.068697,49.051234],[2.068971,49.051177],[2.069108,49.051232],[2.069104,49.05132]]]}},{"type":"Feature","properties":{"tsid":"TS09500578","name":"D14","debut":"fin de la route R DE PARIS","fin":"fin de la route D14","categorie":"2","es":"250","cl_admin":"Départementale","largeur":"10m","gestion":"Conseil Départementale Val-d'Oise","com_conc":"Pierrelaye","com_conid":"95488"},"geometry":{"type":"MultiLineString","coordinates":[[[2.135687,49.026891],[2.141884,49.023293],[2.142366,49.022983],[2.142539,49.022773]]]}},{"type":"Feature","properties":{"tsid":"TS09500107","name":"RPT DE LA CROIX SAINT-JACQUES","debut":"séparation de la route en GRANDE RUE,R DE MAURECOURT,R DU BOILE","fin":"fin de la route D55A","categorie":"4","es":"30","cl_admin":null,"largeur":"5m","gestion":"Probable route communale ou intercommunale","com_conc":"Jouy-le-Moutier","com_conid":"95323"},"geometry":{"type":"MultiLineString","coordinates":[[[2.053895,49.011278],[2.054128,49.011696],[2.054138,49.011821]]]}},{"type":"Feature","properties":{"tsid":"TS09500574","name":"D14","debut":"fin de la route D14/D6014","fin":"limite commune Buhy (95541),Saint-Clair-sur-Epte (95541)","categorie":"2","es":"250","cl_admin":"Départementale","largeur":"10m","gestion":"Conseil Départementale Val-d'Oise","com_conc":"Saint-Clair-sur-Epte,Parnes,Saint-Gervais,Buhy,La Chapelle-en-Vexin","com_conid":"95541,60487,95554,95119,95139"},"geometry":{"type":"MultiLineString","coordinates":[[[1.679689,49.214134],[1.680545,49.213899],[1.681776,49.213428],[1.682966,49.212809],[1.684211,49.211939],[1.685047,49.211142],[1.685447,49.210661],[1.686069,49.209644],[1.686456,49.208515],[1.686549,49.207985],[1.68671,49.205675],[1.686829,49.204994],[1.687174,49.204261],[1.687749,49.203601],[1.688597,49.202962],[1.689269,49.202606],[1.693045,49.200976],[1.689518,49.202576],[1.688613,49.203087],[1.688098,49.203443],[1.687803,49.203711],[1.687552,49.20398],[1.687248,49.20442],[1.687046,49.204813],[1.686856,49.205625],[1.68671,49.207717],[1.686585,49.208555],[1.68628,49.209472],[1.685743,49.210455],[1.68525,49.211084],[1.68462,49.211721],[1.684005,49.212233],[1.683256,49.212751],[1.681894,49.213471],[1.680828,49.213892],[1.67988,49.214195]],[[1.693045,49.200976],[1.694049,49.200517],[1.699428,49.19782],[1.705373,49.195291],[1.706962,49.194648],[1.707283,49.194534],[1.706912,49.194717],[1.701876,49.196787]],[[1.707283,49.194534],[1.736054,49.182519],[1.750725,49.176328],[1.751534,49.175951],[1.752765,49.17522],[1.75383,49.174367],[1.758149,49.169579],[1.762024,49.165415]],[[1.754184,49.174004],[1.755983,49.172146],[1.757083,49.170901],[1.762133,49.165456]]]}},{"type":"Feature","properties":{"tsid":"TS09500153","name":"D170B3","debut":"fin de la route D170","fin":"fin de la route D470","categorie":"3","es":"100","cl_admin":"Départementale","largeur":"4m","gestion":"Conseil Départementale Val-d'Oise","com_conc":"Saint-Gratien","com_conid":"95555"},"geometry":{"type":"MultiLineString","coordinates":[[[2.278673,48.975382],[2.278316,48.975203],[2.276995,48.974318],[2.276499,48.973839],[2.275989,48.973241]]]}},{"type":"Feature","properties":{"tsid":"TS09500013","name":"R DE LA FOLIE","debut":"debut route R DE LA FOLIE","fin":"continue route R DE LA FOLIE sur 21 m","categorie":"4","es":"30","cl_admin":null,"largeur":"3m","gestion":"Probable route communale ou intercommunale","com_conc":"Argenteuil","com_conid":"95018"},"geometry":{"type":"MultiLineString","coordinates":[[[2.235706,48.952451],[2.235599,48.952664],[2.235593,48.952799],[2.235663,48.952921],[2.235862,48.953045],[2.235494,48.952944],[2.235402,48.952866],[2.235706,48.952451]]]}},{"type":"Feature","properties":{"tsid":"TS09500622","name":"R DE LA FRETTE","debut":"limite département Val-d'Oise (95),Yvelines (78)","fin":"limite départementale","categorie":"4","es":"30","cl_admin":null,"largeur":"5m","gestion":"Probable route communale ou intercommunale","com_conc":"Cormeilles-en-Parisis,Sartrouville","com_conid":"95176,78586"},"geometry":{"type":"MultiLineString","coordinates":[[[2.177948,48.954563],[2.175848,48.952188]]]}},{"type":"Feature","properties":{"tsid":"TS09500394","name":"R DE LA GARE","debut":"fin de la route R DE LA MARNE","fin":"fin de la route PL DE LA LIBERATION","categorie":"4","es":"30","cl_admin":null,"largeur":"5m","gestion":"Probable route communale ou intercommunale","com_conc":"Ézanville","com_conid":"95229"},"geometry":{"type":"MultiLineString","coordinates":[[[2.363581,49.023032],[2.363158,49.023366],[2.359728,49.0253],[2.359407,49.025618]]]}},{"type":"Feature","properties":{"tsid":"TS09500094","name":"D14","debut":"debut route D14","fin":"fin de la route D14","categorie":"3","es":"100","cl_admin":"Départementale","largeur":"5m","gestion":"Conseil Départementale Val-d'Oise","com_conc":"Pierrelaye,Herblay-sur-Seine","com_conid":"95488,95306"},"geometry":{"type":"MultiLineString","coordinates":[[[2.143163,49.022375],[2.143272,49.022438],[2.143274,49.022552],[2.142903,49.022793],[2.142725,49.022849],[2.142603,49.022823],[2.142488,49.022681],[2.142559,49.022572],[2.142939,49.02236],[2.143163,49.022375],[2.143539,49.022294],[2.144426,49.021814],[2.147091,49.020228],[2.148351,49.019552],[2.157488,49.014256],[2.157539,49.014324],[2.153595,49.01662],[2.144359,49.02195],[2.143559,49.02238],[2.143291,49.022474]],[[2.157488,49.014256],[2.157573,49.014167],[2.157741,49.014203],[2.157755,49.014259],[2.15769,49.014327],[2.157539,49.014324]],[[2.157644,49.014164],[2.162524,49.011348],[2.162821,49.011119],[2.162919,49.010978],[2.162991,49.011128],[2.163128,49.011202],[2.162761,49.011315],[2.162241,49.0116],[2.157741,49.014203]],[[2.162919,49.010978],[2.162944,49.010782],[2.163212,49.010641],[2.163528,49.01064],[2.16375,49.010765],[2.163817,49.010983],[2.163689,49.011149],[2.163437,49.011232],[2.163128,49.011202]],[[2.163787,49.010814],[2.164005,49.010604],[2.164526,49.01025],[2.163791,49.010592],[2.163528,49.01064]],[[2.164526,49.01025],[2.166908,49.008864],[2.167105,49.008679],[2.167162,49.008535],[2.167238,49.008672],[2.167444,49.008748],[2.166908,49.008864]],[[2.167162,49.008535],[2.167206,49.008426],[2.167326,49.008352],[2.167872,49.008275],[2.176901,49.003476],[2.177025,49.003344],[2.177179,49.003468],[2.176969,49.003526],[2.176237,49.003904],[2.168402,49.008046],[2.167843,49.008414],[2.167745,49.008669],[2.167629,49.008734],[2.167444,49.008748]],[[2.167792,49.008482],[2.167648,49.008356],[2.167529,49.008332]],[[2.177025,49.003344],[2.17704,49.003246],[2.177136,49.00317],[2.177329,49.003145],[2.177461,49.003192],[2.177532,49.003279],[2.177493,49.003406],[2.177328,49.003479],[2.177179,49.003468]],[[2.177421,49.003171],[2.182055,49.000741]],[[2.187742,48.997863],[2.187763,48.998008],[2.187678,48.998095],[2.187458,48.998142],[2.187162,48.998119],[2.186894,48.998212],[2.184888,48.999351],[2.17765,49.003164],[2.177528,49.003272]]]}},{"type":"Feature","properties":{"tsid":"TS09500092","name":"D14","debut":"séparation de la route en D14,R SERE DEPOIN,Route sans nom","fin":"debut route D14","categorie":"3","es":"100","cl_admin":"Départementale","largeur":"5m","gestion":"Conseil Départementale Val-d'Oise","com_conc":"Pontoise,Saint-Ouen-l'Aumône","com_conid":"95500,95572"},"geometry":{"type":"MultiLineString","coordinates":[[[2.099618,49.046972],[2.099854,49.047327],[2.100726,49.048299],[2.10091,49.048424],[2.101269,49.048528],[2.102687,49.047879],[2.102975,49.047877],[2.103041,49.047825],[2.103028,49.047745],[2.102826,49.047714],[2.102755,49.047787],[2.102779,49.047851]],[[2.103028,49.047745],[2.103973,49.047387]]]}},{"type":"Feature","properties":{"tsid":"TS09501252","name":"D14","debut":"fin de la route D14","fin":"fin de la route D14","categorie":"4","es":"30","cl_admin":"Départementale","largeur":"5m","gestion":"Conseil Départementale Val-d'Oise","com_conc":"Montigny-lès-Cormeilles,Herblay-sur-Seine","com_conid":"95424,95306"},"geometry":{"type":"MultiLineString","coordinates":[[[2.183286,49.000064],[2.18532,48.998995],[2.18585,48.998655],[2.187171,48.997932],[2.187203,48.998038],[2.187298,48.998109]],[[2.187171,48.997932],[2.187243,48.997817],[2.187419,48.997754],[2.1876,48.997772],[2.187742,48.997863],[2.188785,48.997274]],[[2.18769,48.997816],[2.18874,48.997213]]]}},{"type":"Feature","properties":{"tsid":"TS09501253","name":"D14","debut":"fin de la route D14","fin":"debut route D14","categorie":"4","es":"30","cl_admin":"Départementale","largeur":"5m","gestion":"Conseil Départementale Val-d'Oise","com_conc":"Montigny-lès-Cormeilles","com_conid":"95424"},"geometry":{"type":"MultiLineString","coordinates":[[[2.19808,48.992484],[2.198333,48.992457],[2.198487,48.992565]],[[2.198365,48.992464],[2.198596,48.992413],[2.200612,48.991505]]]}},{"type":"Feature","properties":{"tsid":"TS09500003","name":"D140","debut":"continue route D140 sur 27 m","fin":"fin de la route Route sans nom","categorie":"3","es":"100","cl_admin":"Départementale","largeur":"5m","gestion":"Conseil Départementale Val-d'Oise","com_conc":"Eaubonne","com_conid":"95203"},"geometry":{"type":"MultiLineString","coordinates":[[[2.280508,48.992527],[2.280614,48.992753]]]}},{"type":"Feature","properties":{"tsid":"TS09500085","name":"R DE LA GARE","debut":"Intersection R DE LA GARE,Route sans nom","fin":"debut route R DE LA GARE","categorie":"4","es":"30","cl_admin":null,"largeur":"5m","gestion":"Probable route communale ou intercommunale","com_conc":"Saint-Ouen-l'Aumône","com_conid":"95572"},"geometry":{"type":"MultiLineString","coordinates":[[[2.117415,49.05303],[2.117522,49.053146]]]}},{"type":"Feature","properties":{"tsid":"TS09501108","name":"R DE LA GRANDE CEINTURE","debut":"fin de la route R DU DOCTEUR LERAY","fin":"continue route R DE LA GRANDE CEINTURE sur 18 m","categorie":"4","es":"30","cl_admin":null,"largeur":"5m","gestion":"Probable route communale ou intercommunale","com_conc":"Argenteuil","com_conid":"95018"},"geometry":{"type":"MultiLineString","coordinates":[[[2.256361,48.94898],[2.256611,48.948998]]]}},{"type":"Feature","properties":{"tsid":"TS09500793","name":"D170B4","debut":"fin de la route D470","fin":"fin de la route D170","categorie":"4","es":"30","cl_admin":"Départementale","largeur":"5m","gestion":"Conseil Départementale Val-d'Oise","com_conc":"Saint-Gratien","com_conid":"95555"},"geometry":{"type":"MultiLineString","coordinates":[[[2.275901,48.973122],[2.275602,48.972316],[2.275626,48.971579],[2.275471,48.970739]]]}},{"type":"Feature","properties":{"tsid":"TS09500082","name":"R DE LA LIBERATION","debut":"fin de la route AV DE CEINTURE","fin":"fin de la route R DE L'ARRIVEE","categorie":"4","es":"30","cl_admin":null,"largeur":"5m","gestion":"Probable route communale ou intercommunale","com_conc":"Enghien-les-Bains","com_conid":"95210"},"geometry":{"type":"MultiLineString","coordinates":[[[2.303389,48.970652],[2.305668,48.972169],[2.30657,48.972829]]]}},{"type":"Feature","properties":{"tsid":"TS09500902","name":"R DE LA LIBERATION","debut":"limite commune Ézanville (95229),Piscop (95229)","fin":"fin de la route PL DE LA LIBERATION","categorie":"4","es":"30","cl_admin":null,"largeur":"5m","gestion":"Probable route communale ou intercommunale","com_conc":"Ézanville,Piscop","com_conid":"95229,95489"},"geometry":{"type":"MultiLineString","coordinates":[[[2.357611,49.025714],[2.357844,49.025848],[2.358013,49.025877],[2.35894,49.02567]]]}},{"type":"Feature","properties":{"tsid":"TS09500595","name":"R DE LA MARNE","debut":"Intersection R DE LA MARNE,R EDOUARD BRANLY","fin":"fin de la route D48","categorie":"4","es":"30","cl_admin":null,"largeur":"5m","gestion":"Probable route communale ou intercommunale","com_conc":"Herblay-sur-Seine","com_conid":"95306"},"geometry":{"type":"MultiLineString","coordinates":[[[2.179861,48.999646],[2.176776,48.99819],[2.176225,48.99786],[2.175173,48.99707],[2.174653,48.996593],[2.17413,48.996004],[2.173403,48.995017]]]}},{"type":"Feature","properties":{"tsid":"TS09500738","name":"R DE LA PAIX","debut":"Intersection R DE LA PAIX,R DU COLONEL FABIEN","fin":"debut route R DE LA PAIX","categorie":"4","es":"30","cl_admin":null,"largeur":"5m","gestion":"Probable route communale ou intercommunale","com_conc":"Garges-lès-Gonesse","com_conid":"95268"},"geometry":{"type":"MultiLineString","coordinates":[[[2.387001,48.973831],[2.387224,48.974089],[2.387887,48.974411],[2.387976,48.974505],[2.387988,48.974591]]]}},{"type":"Feature","properties":{"tsid":"TS09500375","name":"R DE LA PREFECTURE","debut":"continue route R DE LA PREFECTURE sur 40 m","fin":"continue route R DE LA PREFECTURE sur 40 m","categorie":"4","es":"30","cl_admin":null,"largeur":"5m","gestion":"Probable route communale ou intercommunale","com_conc":"Cergy","com_conid":"95127"},"geometry":{"type":"MultiLineString","coordinates":[[[2.07837,49.035647],[2.077991,49.03591]]]}},{"type":"Feature","properties":{"tsid":"TS09500376","name":"R DE LA PREFECTURE","debut":"fin de la route AV BERNARD HIRSCH","fin":"continue route R DE LA PREFECTURE sur 48 m","categorie":"4","es":"30","cl_admin":null,"largeur":"5m","gestion":"Probable route communale ou intercommunale","com_conc":"Cergy","com_conid":"95127"},"geometry":{"type":"MultiLineString","coordinates":[[[2.079305,49.035011],[2.078845,49.035318]]]}},{"type":"Feature","properties":{"tsid":"TS09500374","name":"R DE LA PREFECTURE","debut":"continue route R DE LA PREFECTURE sur 98 m","fin":"fin de la route AV DES 3 FONTAINES","categorie":"4","es":"30","cl_admin":null,"largeur":"5m","gestion":"Probable route communale ou intercommunale","com_conc":"Cergy","com_conid":"95127"},"geometry":{"type":"MultiLineString","coordinates":[[[2.077388,49.036338],[2.075836,49.037409]]]}},{"type":"Feature","properties":{"tsid":"TS09500542","name":"R DE LA PROCESSION","debut":"limite commune Argenteuil (95063),Bezons (95063)","fin":"limite commune Bezons (95063),Argenteuil (95063)","categorie":"4","es":"30","cl_admin":null,"largeur":"5m","gestion":"Probable route communale ou intercommunale","com_conc":"Argenteuil,Bezons","com_conid":"95018,95063"},"geometry":{"type":"MultiLineString","coordinates":[[[2.221998,48.934629],[2.22113,48.934776],[2.220024,48.934849]]]}},{"type":"Feature","properties":{"tsid":"TS09501071","name":"R DE LA REPUBLIQUE","debut":"limite commune Sarcelles (95585),Villiers-le-Bel (95585)","fin":"fin de la route PL DU SOUVENIR FRANCAIS","categorie":"4","es":"30","cl_admin":null,"largeur":"5m","gestion":"Probable route communale ou intercommunale","com_conc":"Sarcelles,Villiers-le-Bel","com_conid":"95585,95680"},"geometry":{"type":"MultiLineString","coordinates":[[[2.384455,49.001356],[2.382685,48.999769],[2.382219,48.999418],[2.38169,48.999164],[2.380313,48.99876]]]}},{"type":"Feature","properties":{"tsid":"TS09501135","name":"R DE LA STATION","debut":"Intersection D14,R DE LA STATION","fin":"fin de la route D508","categorie":"4","es":"30","cl_admin":null,"largeur":"5m","gestion":"Probable route communale ou intercommunale","com_conc":"Franconville","com_conid":"95252"},"geometry":{"type":"MultiLineString","coordinates":[[[2.22864,48.983679],[2.22948,48.98472],[2.230073,48.985255],[2.231199,48.986409],[2.231876,48.987201],[2.232269,48.987761]]]}},{"type":"Feature","properties":{"tsid":"TS09500931","name":"RTE DES BRUYERES","debut":"fin de la route Route sans nom","fin":"séparation de la route en AV DU MARECHAL JOFFRE","categorie":"4","es":"30","cl_admin":null,"largeur":"de 3m à 5m","gestion":"Probable route communale ou intercommunale","com_conc":"Luzarches","com_conid":"95352"},"geometry":{"type":"MultiLineString","coordinates":[[[2.423972,49.118335],[2.42319,49.118376]]]}},{"type":"Feature","properties":{"tsid":"TS09500389","name":"R DE LA STATION","debut":"debut route R DE LA STATION","fin":"continue route R DE LA STATION sur 33 m","categorie":"5","es":"10","cl_admin":null,"largeur":"de 3m à 5m","gestion":"Probable route communale ou intercommunale","com_conc":"Groslay","com_conid":"95288"},"geometry":{"type":"MultiLineString","coordinates":[[[2.347942,48.984768],[2.349116,48.984637],[2.351503,48.984198],[2.351663,48.984189],[2.351808,48.98426],[2.35191,48.984195],[2.351847,48.984118],[2.351732,48.984112],[2.351663,48.984189]],[[2.351802,48.984105],[2.352083,48.984048],[2.3519,48.984155]],[[2.352083,48.984048],[2.353196,48.98377],[2.354093,48.983648],[2.354318,48.983698]]]}},{"type":"Feature","properties":{"tsid":"TS09500575","name":"D14","debut":"fin de la route D14","fin":"séparation de la route en D14,D14B6","categorie":"2","es":"250","cl_admin":"Départementale","largeur":"10m","gestion":"Conseil Départementale Val-d'Oise","com_conc":"Magny-en-Vexin,Vigny,Théméricourt,Guiry-en-Vexin,Cléry-en-Vexin,Banthelu,Saint-Gervais,Avernes,Charmont,Longuesse","com_conid":"95355,95658,95610,95295,95166,95046,95554,95040,95141,95348"},"geometry":{"type":"MultiLineString","coordinates":[[[1.762274,49.165147],[1.764451,49.162922],[1.765419,49.162079],[1.766794,49.160977],[1.780531,49.150808],[1.781076,49.150455],[1.781963,49.149984],[1.78281,49.149611],[1.784027,49.149195],[1.785593,49.148834],[1.786826,49.148667],[1.794352,49.14787],[1.795505,49.147678],[1.796593,49.147407],[1.799964,49.146145],[1.825391,49.136123],[1.829451,49.134566],[1.831047,49.134074],[1.83324,49.133561],[1.834909,49.133283],[1.838758,49.132759],[1.840234,49.132466],[1.842558,49.131814],[1.843609,49.13143],[1.844647,49.130979],[1.845771,49.130406],[1.847088,49.129643],[1.847997,49.12897],[1.849217,49.127885],[1.851226,49.125728],[1.852215,49.124787],[1.853327,49.123903],[1.85479,49.12291],[1.868156,49.115454],[1.876017,49.111146],[1.895024,49.100498],[1.911393,49.091425],[1.912655,49.090602],[1.916492,49.087464],[1.917733,49.086694],[1.918909,49.08616],[1.920186,49.085738],[1.923746,49.084919],[1.927644,49.084101],[1.929497,49.083528],[1.937984,49.080015],[1.941347,49.078533],[1.952528,49.07392],[1.956447,49.072388],[1.957735,49.071951],[1.958519,49.071753]]]}},{"type":"Feature","properties":{"tsid":"TS09500103","name":"D14/D6014","debut":"fin de la route D14/D6014","fin":"fin de la route D14","categorie":"2","es":"250","cl_admin":"Départementale","largeur":"10m","gestion":"Conseil Départementale Val-d'Oise/Eure","com_conc":"Guerny,Saint-Clair-sur-Epte","com_conid":"27304,95541"},"geometry":{"type":"MultiLineString","coordinates":[[[1.679213,49.214258],[1.679689,49.214134]]]}},{"type":"Feature","properties":{"tsid":"TS09500020","name":"D317A8","debut":"fin de la route D317","fin":"séparation de la route en D317A7,D317A8","categorie":"4","es":"30","cl_admin":"Départementale","largeur":"4m","gestion":"Conseil Départementale Val-d'Oise","com_conc":"Gonesse","com_conid":"95277"},"geometry":{"type":"MultiLineString","coordinates":[[[2.458829,48.971707],[2.459,48.971994],[2.460288,48.973509]]]}},{"type":"Feature","properties":{"tsid":"TS09500104","name":"D14/D6014","debut":"fin de la route D14","fin":"fin de la route D14/D6014","categorie":"2","es":"250","cl_admin":"Départementale","largeur":"10m","gestion":"Conseil Départementale Val-d'Oise/Eure","com_conc":"Guerny,Saint-Clair-sur-Epte","com_conid":"27304,95541"},"geometry":{"type":"MultiLineString","coordinates":[[[1.67988,49.214195],[1.679358,49.214325]]]}},{"type":"Feature","properties":{"tsid":"TS09500576","name":"D14","debut":"fin de la route D14","fin":"fin de la route D14","categorie":"2","es":"250","cl_admin":"Départementale","largeur":"10m","gestion":"Conseil Départementale Val-d'Oise","com_conc":"Saint-Gervais,Vigny,Magny-en-Vexin,Longuesse,Charmont,Avernes,Théméricourt,Guiry-en-Vexin,Cléry-en-Vexin,Banthelu","com_conid":"95554,95658,95355,95348,95141,95040,95610,95295,95166,95046"},"geometry":{"type":"MultiLineString","coordinates":[[[1.958635,49.071818],[1.957584,49.07209],[1.956781,49.072362],[1.952048,49.074221],[1.941136,49.078738],[1.93791,49.080167],[1.929143,49.083768],[1.927308,49.084296],[1.923616,49.085038],[1.920499,49.085764],[1.919196,49.08617],[1.917832,49.086777],[1.916662,49.087494],[1.912681,49.090733],[1.911448,49.091514],[1.886761,49.105217],[1.88327,49.107219],[1.874627,49.11204],[1.867956,49.115685],[1.854834,49.123008],[1.85347,49.123933],[1.852258,49.124911],[1.851153,49.125989],[1.849274,49.128014],[1.848275,49.128897],[1.84675,49.129969],[1.845738,49.130557],[1.844682,49.131087],[1.843698,49.13151],[1.842578,49.131913],[1.840611,49.132485],[1.83873,49.132874],[1.834845,49.13339],[1.833258,49.133652],[1.831557,49.134035],[1.829298,49.134715],[1.797365,49.147276],[1.796658,49.147519],[1.795554,49.147812],[1.794514,49.14798],[1.786472,49.14878],[1.784329,49.149192],[1.782586,49.149785],[1.781349,49.150398],[1.780225,49.151143],[1.767308,49.160715],[1.766441,49.161367],[1.765067,49.162507],[1.763347,49.164161]]]}},{"type":"Feature","properties":{"tsid":"TS09500577","name":"D14","debut":"fin de la route D14","fin":"limite commune Saint-Ouen-l'Aumône (95572),Pierrelaye (95572)","categorie":"2","es":"250","cl_admin":"Départementale","largeur":"10m","gestion":"Conseil Départementale Val-d'Oise","com_conc":"Pierrelaye,Saint-Ouen-l'Aumône","com_conid":"95488,95572"},"geometry":{"type":"MultiLineString","coordinates":[[[2.142674,49.022845],[2.142273,49.023149],[2.135592,49.027042]]]}},{"type":"Feature","properties":{"tsid":"TS09500089","name":"D14","debut":"fin de la route D14","fin":"fin de la route D14","categorie":"3","es":"100","cl_admin":"Départementale","largeur":"5m","gestion":"Conseil Départementale Val-d'Oise","com_conc":"Cergy","com_conid":"95127"},"geometry":{"type":"MultiLineString","coordinates":[[[2.046737,49.052249],[2.046428,49.052322],[2.046171,49.052267],[2.045989,49.052109],[2.045994,49.051914]]]}},{"type":"Feature","properties":{"tsid":"TS09500090","name":"D14","debut":"fin de la route D14","fin":"séparation de la route en AV DES ARPENTS,D14","categorie":"3","es":"100","cl_admin":"Départementale","largeur":"5m","gestion":"Conseil Départementale Val-d'Oise","com_conc":"Osny","com_conid":"95476"},"geometry":{"type":"MultiLineString","coordinates":[[[2.074587,49.049861],[2.074482,49.049913],[2.074164,49.049925],[2.069879,49.051116],[2.069243,49.051248],[2.068737,49.051454]]]}},{"type":"Feature","properties":{"tsid":"TS09500096","name":"D14","debut":"limite commune Herblay-sur-Seine (95424),Montigny-lès-Cormeilles (95424)","fin":"fin de la route D14","categorie":"3","es":"100","cl_admin":"Départementale","largeur":"5m","gestion":"Conseil Départementale Val-d'Oise","com_conc":"Cormeilles-en-Parisis,Montigny-lès-Cormeilles,Franconville,Herblay-sur-Seine","com_conid":"95176,95424,95252,95306"},"geometry":{"type":"MultiLineString","coordinates":[[[2.18874,48.997213],[2.192471,48.995255],[2.198018,48.992693],[2.198181,48.992772],[2.197767,48.99291],[2.192533,48.995302],[2.188785,48.997274]],[[2.198018,48.992693],[2.197992,48.992584],[2.19808,48.992484]],[[2.200612,48.991505],[2.20358,48.990164],[2.203828,48.989972],[2.203908,48.989854],[2.204081,48.989941],[2.204249,48.989946],[2.19988,48.991959],[2.198796,48.992405],[2.198487,48.992565],[2.198487,48.992652],[2.198393,48.992748],[2.198181,48.992772]],[[2.203908,48.989854],[2.203861,48.989692],[2.204017,48.989552],[2.204691,48.989566],[2.205,48.989517],[2.208326,48.988277],[2.209722,48.987683],[2.210646,48.987392],[2.210775,48.987603],[2.210189,48.987676],[2.209516,48.987864],[2.208685,48.988229],[2.207458,48.988687],[2.205128,48.989549],[2.204617,48.989677],[2.204486,48.989745],[2.204415,48.98988],[2.204249,48.989946]],[[2.204486,48.989745],[2.204444,48.989629],[2.204313,48.989548]],[[2.210646,48.987392],[2.210746,48.987203],[2.21101,48.98709],[2.211302,48.987109],[2.21145,48.987175],[2.211556,48.987288],[2.211571,48.987462],[2.211414,48.987631],[2.211116,48.987699],[2.210775,48.987603]],[[2.211581,48.98739],[2.211658,48.987512],[2.211757,48.987563],[2.212128,48.987597],[2.211414,48.987631]],[[2.212128,48.987597],[2.213932,48.987298],[2.216626,48.986989],[2.218895,48.98676],[2.219481,48.986767],[2.220016,48.986712],[2.220539,48.986636],[2.220642,48.9866],[2.220499,48.986587],[2.218895,48.98676]],[[2.228596,48.983622],[2.227059,48.984156],[2.227027,48.984224],[2.226413,48.984411],[2.223073,48.986036],[2.22247,48.986223],[2.220642,48.9866]],[[2.22864,48.983679],[2.227027,48.984224]]]}},{"type":"Feature","properties":{"tsid":"TS09500097","name":"D14","debut":"debut route D14","fin":"séparation de la route en D14,D403","categorie":"3","es":"100","cl_admin":"Départementale","largeur":"5m","gestion":"Conseil Départementale Val-d'Oise","com_conc":"Sannois","com_conid":"95582"},"geometry":{"type":"MultiLineString","coordinates":[[[2.237545,48.979328],[2.237459,48.979529]]]}},{"type":"Feature","properties":{"tsid":"TS09500099","name":"D14","debut":"debut route D14","fin":"fin de la route D14","categorie":"3","es":"100","cl_admin":"Départementale","largeur":"5m","gestion":"Conseil Départementale Val-d'Oise","com_conc":"Saint-Gratien,Épinay-sur-Seine","com_conid":"95555,93031"},"geometry":{"type":"MultiLineString","coordinates":[[[2.283573,48.965264],[2.286659,48.964714],[2.283579,48.965295]],[[2.286659,48.964714],[2.287882,48.964476],[2.288408,48.964319],[2.28882,48.964162],[2.28885,48.964097],[2.2922,48.962774]],[[2.291294,48.963219],[2.28882,48.964162]]]}},{"type":"Feature","properties":{"tsid":"TS09500088","name":"D14","debut":"fin de la route D14","fin":"séparation de la route en BD D'ERKRATH,D14","categorie":"3","es":"100","cl_admin":"Départementale","largeur":"5m","gestion":"Conseil Départementale Val-d'Oise","com_conc":"Puiseux-Pontoise,Cergy,Courdimanche","com_conid":"95510,95127,95183"},"geometry":{"type":"MultiLineString","coordinates":[[[2.011094,49.055933],[2.01085,49.055841],[2.010615,49.05582],[2.010295,49.055944],[2.010165,49.056096],[2.010149,49.05629],[2.010319,49.056483],[2.010503,49.056552],[2.010813,49.056567],[2.011044,49.056497],[2.011249,49.056313],[2.011261,49.056112],[2.011094,49.055933],[2.011493,49.055929],[2.013943,49.055273],[2.015538,49.055011]],[[2.015589,49.055097],[2.014484,49.05526],[2.013245,49.055522],[2.011934,49.055905],[2.011281,49.056202]]]}},{"type":"Feature","properties":{"tsid":"TS09500093","name":"D14","debut":"fin de la route D14","fin":"fin de la route D984","categorie":"3","es":"100","cl_admin":"Départementale","largeur":"5m","gestion":"Conseil Départementale Val-d'Oise","com_conc":"Saint-Ouen-l'Aumône","com_conid":"95572"},"geometry":{"type":"MultiLineString","coordinates":[[[2.108079,49.043432],[2.108322,49.043225],[2.10876,49.043036],[2.11206,49.041975],[2.11196,49.041888],[2.111478,49.042115],[2.108304,49.043084],[2.107948,49.043248]],[[2.11196,49.041888],[2.112059,49.041793],[2.112238,49.041823],[2.112267,49.041892],[2.112234,49.041937],[2.11206,49.041975]],[[2.112111,49.041789],[2.117674,49.038497],[2.117796,49.038575],[2.11652,49.039273],[2.112311,49.041772],[2.112256,49.041844]],[[2.117674,49.038497],[2.1177,49.038401],[2.118038,49.038252],[2.118283,49.038056],[2.118515,49.038073],[2.118558,49.038152],[2.118493,49.038238],[2.118159,49.038363],[2.117955,49.038557],[2.117796,49.038575]],[[2.118346,49.038038],[2.119038,49.037756],[2.118557,49.038134]],[[2.119509,49.037472],[2.120447,49.036996],[2.120525,49.036946],[2.12039,49.036873],[2.119038,49.037756]],[[2.12039,49.036873],[2.121226,49.036373]],[[2.120525,49.036946],[2.121352,49.036456]]]}},{"type":"Feature","properties":{"tsid":"TS09501255","name":"D14","debut":"limite commune Épinay-sur-Seine (95555),Saint-Gratien (95555)","fin":"séparation de la route en D14,RES FOCH","categorie":"4","es":"30","cl_admin":"Départementale","largeur":"5m","gestion":"Conseil Départementale Val-d'Oise","com_conc":"Saint-Gratien","com_conid":"95555"},"geometry":{"type":"MultiLineString","coordinates":[[[2.292272,48.962827],[2.291294,48.963219]]]}},{"type":"Feature","properties":{"tsid":"TS09501246","name":"D14","debut":"séparation de la route en D14,D22","fin":"fin de la route D14","categorie":"4","es":"30","cl_admin":"Départementale","largeur":"5m","gestion":"Conseil Départementale Val-d'Oise","com_conc":"Puiseux-Pontoise,Cergy","com_conid":"95510,95127"},"geometry":{"type":"MultiLineString","coordinates":[[[2.015538,49.055011],[2.02321,49.054257],[2.024098,49.054065],[2.024067,49.054166],[2.024097,49.05429],[2.023627,49.054291],[2.015589,49.055097]],[[2.024098,49.054065],[2.024278,49.05391],[2.02453,49.053851],[2.024822,49.053907],[2.024974,49.054014],[2.025339,49.05406],[2.031896,49.053408],[2.032067,49.05335],[2.032077,49.053486],[2.031907,49.053465],[2.025569,49.054116],[2.025029,49.054238],[2.024872,49.054412],[2.02463,49.054487],[2.024338,49.054455],[2.024097,49.05429]],[[2.024974,49.054014],[2.025029,49.054238]],[[2.032067,49.05335],[2.032212,49.053211],[2.032461,49.05318],[2.032695,49.05328],[2.03275,49.053415],[2.032614,49.05357],[2.03242,49.053621],[2.032251,49.053604],[2.032077,49.053486]],[[2.032728,49.053322],[2.037095,49.052902],[2.038506,49.052708],[2.038551,49.052882],[2.03824,49.052849],[2.03275,49.053415]],[[2.038506,49.052708],[2.038581,49.052611],[2.038756,49.052543],[2.038983,49.052555],[2.039293,49.05266],[2.039494,49.052662],[2.044587,49.052142],[2.045772,49.051977],[2.045994,49.051914],[2.046176,49.051761],[2.046398,49.05171],[2.046611,49.051729],[2.046838,49.051852],[2.047486,49.051843],[2.063953,49.050228],[2.064649,49.050236],[2.064915,49.050281],[2.064776,49.050301],[2.063883,49.050326],[2.061973,49.05049],[2.047078,49.051965],[2.046904,49.052019],[2.046862,49.052147],[2.046737,49.052249]],[[2.039126,49.052623],[2.039172,49.05282],[2.039027,49.052946],[2.038782,49.052981],[2.038551,49.052882]],[[2.046019,49.052157],[2.04576,49.052118],[2.042969,49.052375],[2.039483,49.052736],[2.039172,49.05282]],[[2.046838,49.051852],[2.046904,49.052019]],[[2.064915,49.050281],[2.065667,49.05038],[2.066744,49.050756]]]}},{"type":"Feature","properties":{"tsid":"TS09501063","name":"D140","debut":"fin de la route D140","fin":"fin de la route D140","categorie":"5","es":"10","cl_admin":"Départementale","largeur":"de 3m à 5m","gestion":"Conseil Départementale Val-d'Oise","com_conc":"Ermont","com_conid":"95219"},"geometry":{"type":"MultiLineString","coordinates":[[[2.258917,48.989055],[2.259801,48.988772],[2.259797,48.988841],[2.258983,48.989105]],[[2.259801,48.988772],[2.259929,48.988736],[2.260015,48.988811],[2.259924,48.988882],[2.259797,48.988841]],[[2.259924,48.988882],[2.260554,48.990577]]]}},{"type":"Feature","properties":{"tsid":"TS09500399","name":"R DE LIVILLIERS","debut":"fin de la route R DU RESERVOIR","fin":"debut route R DE LIVILLIERS","categorie":"4","es":"30","cl_admin":null,"largeur":"de 3m à 5m","gestion":"Probable route communale ou intercommunale","com_conc":"Osny","com_conid":"95476"},"geometry":{"type":"MultiLineString","coordinates":[[[2.06976,49.071771],[2.070067,49.07239],[2.071945,49.074199],[2.072081,49.074488],[2.072319,49.074714],[2.072592,49.074884],[2.072445,49.074942],[2.072319,49.074714]],[[2.072592,49.074884],[2.072723,49.074935],[2.072979,49.075235],[2.072476,49.075055],[2.072445,49.074942]],[[2.07274,49.074988],[2.072698,49.075056],[2.072605,49.075085]],[[2.072979,49.075235],[2.073723,49.075907],[2.074179,49.076252],[2.075798,49.077128],[2.07612,49.077191]],[[2.075958,49.077331],[2.075798,49.077128]]]}},{"type":"Feature","properties":{"tsid":"TS09501294","name":"R DE MARAINVAL","debut":"séparation de la route en D301A3,D301A4","fin":"fin de la route Route sans nom","categorie":"4","es":"30","cl_admin":null,"largeur":"5m","gestion":"Probable route communale ou intercommunale","com_conc":"Saint-Brice-sous-Forêt","com_conid":"95539"},"geometry":{"type":"MultiLineString","coordinates":[[[2.355271,49.005884],[2.354833,49.005841]]]}},{"type":"Feature","properties":{"tsid":"TS09501247","name":"D14","debut":"fin de la route D14","fin":"debut route D14","categorie":"4","es":"30","cl_admin":"Départementale","largeur":"5m","gestion":"Conseil Départementale Val-d'Oise","com_conc":"Osny","com_conid":"95476"},"geometry":{"type":"MultiLineString","coordinates":[[[2.068971,49.051177],[2.06961,49.051088],[2.074021,49.0499],[2.074171,49.049769],[2.074295,49.049901]],[[2.074171,49.049769],[2.074258,49.049639],[2.074497,49.049628],[2.074637,49.049762],[2.074587,49.049861]]]}},{"type":"Feature","properties":{"tsid":"TS09501248","name":"D14","debut":"séparation de la route en D14,R PIERRE DE COUBERTIN,SEN SAINT-PIERRE","fin":"séparation de la route en D14,D915A2","categorie":"4","es":"30","cl_admin":"Départementale","largeur":"5m","gestion":"Conseil Départementale Val-d'Oise","com_conc":"Pontoise","com_conid":"95500"},"geometry":{"type":"MultiLineString","coordinates":[[[2.084837,49.046118],[2.084987,49.046114],[2.086667,49.045582],[2.086645,49.045502],[2.086337,49.045595],[2.082626,49.046825],[2.080331,49.047653]],[[2.086645,49.045502],[2.088064,49.045109],[2.089015,49.044787],[2.089349,49.044733],[2.090428,49.044689],[2.090994,49.044794],[2.091859,49.045383],[2.092153,49.045435],[2.092743,49.045412],[2.092229,49.045508],[2.091944,49.045498],[2.090758,49.044828],[2.09036,49.044762],[2.089057,49.044861],[2.086667,49.045582]],[[2.099179,49.04513],[2.098875,49.044863],[2.098382,49.044696],[2.097192,49.044561],[2.096486,49.044634],[2.094889,49.044903],[2.094139,49.045163],[2.092743,49.045412]]]}},{"type":"Feature","properties":{"tsid":"TS09501062","name":"D140","debut":"debut route D140","fin":"fin de la route D14","categorie":"5","es":"10","cl_admin":"Départementale","largeur":"de 3m à 5m","gestion":"Conseil Départementale Val-d'Oise","com_conc":"Franconville,Sannois","com_conid":"95252,95582"},"geometry":{"type":"MultiLineString","coordinates":[[[2.23046,48.983216],[2.230521,48.983349],[2.230672,48.983418],[2.230457,48.983377],[2.230313,48.983268]],[[2.230672,48.983418],[2.232037,48.983577],[2.233115,48.983838],[2.236236,48.984115],[2.236589,48.984201]],[[2.236236,48.984115],[2.236622,48.984085]]]}},{"type":"Feature","properties":{"tsid":"TS09500001","name":"D140","debut":"fin de la route D140","fin":"Intersection 3EME AVENUE,D140","categorie":"3","es":"100","cl_admin":"Départementale","largeur":"5m","gestion":"Conseil Départementale Val-d'Oise","com_conc":"Franconville,Ermont,Sannois","com_conid":"95252,95219,95582"},"geometry":{"type":"MultiLineString","coordinates":[[[2.236636,48.984259],[2.236584,48.984137],[2.236669,48.984058],[2.23692,48.984082],[2.236956,48.984186],[2.236839,48.984278],[2.236636,48.984259],[2.236547,48.984366],[2.236417,48.984648],[2.236346,48.985017],[2.23644,48.985555],[2.236679,48.986203],[2.236765,48.98625],[2.23666,48.985909],[2.236786,48.986008],[2.237047,48.986024],[2.236843,48.986124],[2.236765,48.98625],[2.236918,48.986208],[2.240674,48.984536],[2.240714,48.984358],[2.237047,48.986024]],[[2.236787,48.984286],[2.23654,48.984508],[2.236428,48.984929],[2.236455,48.985288],[2.23666,48.985909]],[[2.240714,48.984358],[2.24093,48.984272],[2.24116,48.984323],[2.240674,48.984536]],[[2.24093,48.984272],[2.24188,48.983862],[2.2421,48.9839],[2.24116,48.984323]],[[2.24188,48.983862],[2.241923,48.983799],[2.242345,48.983622],[2.242334,48.983787],[2.2421,48.9839]],[[2.242345,48.983622],[2.244608,48.982673],[2.24589,48.982055],[2.24597,48.98216],[2.242334,48.983787]],[[2.24564,48.982317],[2.245856,48.982242],[2.246041,48.982262],[2.246268,48.982545],[2.246096,48.982188],[2.24597,48.98216]],[[2.24937,48.989226],[2.246557,48.984947],[2.246434,48.984554],[2.246445,48.984313],[2.246686,48.983633],[2.246705,48.983223],[2.246612,48.982893],[2.24624,48.982148],[2.246096,48.982188]],[[2.246272,48.982097],[2.24624,48.982148]],[[2.249278,48.989262],[2.246421,48.984948],[2.246314,48.984569],[2.246311,48.984298],[2.246523,48.983649],[2.246541,48.983234],[2.246496,48.983024],[2.246268,48.982545]]]}},{"type":"Feature","properties":{"tsid":"TS09500308","name":"R DE MAURECOURT","debut":"Intersection PAS DU TACOT DES HALLES,R DE MAURECOURT","fin":"fin de la route RPT DE LA CROIX SAINT-JACQUES","categorie":"4","es":"30","cl_admin":null,"largeur":"5m","gestion":"Probable route communale ou intercommunale","com_conc":"Jouy-le-Moutier","com_conid":"95323"},"geometry":{"type":"MultiLineString","coordinates":[[[2.05582,49.008193],[2.054769,49.00939],[2.054519,49.010075],[2.053917,49.011085],[2.053895,49.011278]]]}},{"type":"Feature","properties":{"tsid":"TS09500617","name":"R DE MOANDA","debut":"fin de la route Route sans nom","fin":"fin de la route RTE DES BRUYERES","categorie":"4","es":"30","cl_admin":null,"largeur":"5m","gestion":"Probable route communale ou intercommunale","com_conc":"Luzarches,Chaumontel","com_conid":"95352,95149"},"geometry":{"type":"MultiLineString","coordinates":[[[2.423972,49.118335],[2.424839,49.118411],[2.425924,49.118696]]]}},{"type":"Feature","properties":{"tsid":"TS09500002","name":"D140","debut":"fin de la route D909","fin":"fin de la route D140","categorie":"3","es":"100","cl_admin":"Départementale","largeur":"5m","gestion":"Conseil Départementale Val-d'Oise","com_conc":"Eaubonne","com_conid":"95203"},"geometry":{"type":"MultiLineString","coordinates":[[[2.274787,48.993523],[2.27722,48.992478],[2.277247,48.992423],[2.277137,48.992409],[2.277142,48.992484]],[[2.277256,48.992443],[2.278886,48.991692],[2.279144,48.991684],[2.279189,48.991612],[2.279126,48.991523]],[[2.278886,48.991692],[2.278829,48.991563],[2.278938,48.991493]]]}},{"type":"Feature","properties":{"tsid":"TS09500229","name":"D140","debut":"séparation de la route en AV JEANNE D'ARC,D140","fin":"séparation de la route en ALL DE L'HOTEL DE VILLE,D140","categorie":"4","es":"30","cl_admin":"Départementale","largeur":"5m","gestion":"Conseil Départementale Val-d'Oise","com_conc":"Eaubonne","com_conid":"95203"},"geometry":{"type":"MultiLineString","coordinates":[[[2.278938,48.991493],[2.279126,48.991523]]]}},{"type":"Feature","properties":{"tsid":"TS09501296","name":"R DE BOISSY","debut":"séparation de la route en AV DE BOISSY,BD DU 8 MAI 1945","fin":"limite commune Taverny (95607),Beauchamp (95607)","categorie":"4","es":"30","cl_admin":null,"largeur":"5m","gestion":"Probable route communale ou intercommunale","com_conc":"Beauchamp,Taverny","com_conid":"95051,95607"},"geometry":{"type":"MultiLineString","coordinates":[[[2.206498,49.012336],[2.206397,49.012409],[2.205281,49.012711]]]}},{"type":"Feature","properties":{"tsid":"TS09500232","name":"D140","debut":"fin de la route D140","fin":"fin de la route Route sans nom","categorie":"4","es":"30","cl_admin":"Départementale","largeur":"5m","gestion":"Conseil Départementale Val-d'Oise","com_conc":"Eaubonne","com_conid":"95203"},"geometry":{"type":"MultiLineString","coordinates":[[[2.28171,48.993297],[2.281222,48.993124],[2.280825,48.992923],[2.280614,48.992753]],[[2.281643,48.99335],[2.281031,48.993105],[2.280825,48.992923]]]}},{"type":"Feature","properties":{"tsid":"TS09500967","name":"D170","debut":"fin de la route D170","fin":"fin de la route D84A","categorie":"3","es":"100","cl_admin":"Départementale","largeur":"7m","gestion":"Conseil Départementale Val-d'Oise","com_conc":"Gonesse,Bonneuil-en-France","com_conid":"95277,95088"},"geometry":{"type":"MultiLineString","coordinates":[[[2.457717,48.978097],[2.45537,48.97813],[2.450738,48.977969],[2.439934,48.978168],[2.4385,48.978131],[2.436775,48.977998],[2.434771,48.977708],[2.431501,48.97704],[2.428341,48.97648],[2.427784,48.976284],[2.427087,48.975867],[2.426579,48.975342],[2.426304,48.974742]]]}},{"type":"Feature","properties":{"tsid":"TS09500228","name":"D140","debut":"fin de la route D140","fin":"fin de la route D140","categorie":"4","es":"30","cl_admin":"Départementale","largeur":"5m","gestion":"Conseil Départementale Val-d'Oise","com_conc":"Ermont,Eaubonne","com_conid":"95219,95203"},"geometry":{"type":"MultiLineString","coordinates":[[[2.260794,48.991192],[2.26105,48.991329],[2.261967,48.992023],[2.262376,48.992277],[2.263048,48.992623],[2.264066,48.993007],[2.264842,48.993212],[2.269555,48.994183],[2.269989,48.994414],[2.271096,48.995372],[2.271244,48.995429],[2.271183,48.995516],[2.271011,48.995477],[2.27102,48.995406],[2.269983,48.994472],[2.269502,48.994236],[2.264545,48.993211],[2.262989,48.992679],[2.262062,48.99218],[2.260996,48.991377],[2.260756,48.991275],[2.260739,48.991221],[2.260794,48.991192],[2.260554,48.990577]],[[2.260882,48.99124],[2.260837,48.991285]],[[2.27102,48.995406],[2.271096,48.995372]],[[2.271217,48.995401],[2.272686,48.994537],[2.274508,48.993653]]]}},{"type":"Feature","properties":{"tsid":"TS09501047","name":"R DE PARIS","debut":"limite commune Attainville (95042),Baillet-en-France (95042)","fin":"limite commune Baillet-en-France (95042),Attainville (95042)","categorie":"4","es":"30","cl_admin":null,"largeur":"de 3m à 4m","gestion":"Probable route communale ou intercommunale","com_conc":"Baillet-en-France,Attainville","com_conid":"95042,95028"},"geometry":{"type":"MultiLineString","coordinates":[[[2.333327,49.055785],[2.333377,49.05553],[2.334041,49.053873],[2.334166,49.053848]]]}},{"type":"Feature","properties":{"tsid":"TS09500132","name":"D144","debut":"fin de la route D109P","fin":"séparation de la route en D144,Route sans nom","categorie":"4","es":"30","cl_admin":"Départementale","largeur":"5m","gestion":"Conseil Départementale Val-d'Oise","com_conc":"Soisy-sous-Montmorency,Montmorency","com_conid":"95598,95428"},"geometry":{"type":"MultiLineString","coordinates":[[[2.302454,48.99531],[2.302875,48.99522],[2.302527,48.995409]],[[2.302875,48.99522],[2.304043,48.994558],[2.305144,48.994112],[2.305986,48.993875],[2.309858,48.99309],[2.312261,48.992188],[2.313868,48.992249],[2.314923,48.992389],[2.316808,48.993016],[2.31807,48.993696],[2.321135,48.994174],[2.321294,48.994155],[2.321433,48.994069],[2.321644,48.993528],[2.321792,48.993399],[2.32345,48.993253]]]}},{"type":"Feature","properties":{"tsid":"TS09500129","name":"D144","debut":"fin de la route D928","fin":"séparation de la route en D144,R DU COLONEL FABIEN","categorie":"4","es":"30","cl_admin":"Départementale","largeur":"5m","gestion":"Conseil Départementale Val-d'Oise","com_conc":"Saint-Leu-la-Forêt,Saint-Prix","com_conid":"95563,95574"},"geometry":{"type":"MultiLineString","coordinates":[[[2.252035,49.013039],[2.253486,49.012735],[2.25466,49.012348],[2.25653,49.011979],[2.25847,49.011188],[2.260571,49.010971],[2.262376,49.010377]]]}},{"type":"Feature","properties":{"tsid":"TS09500131","name":"D144","debut":"fin de la route D144","fin":"limite commune Margency (95369),Montlignon (95369)","categorie":"4","es":"30","cl_admin":"Départementale","largeur":"5m","gestion":"Conseil Départementale Val-d'Oise","com_conc":"Eaubonne,Andilly,Montlignon,Soisy-sous-Montmorency,Margency","com_conid":"95203,95014,95426,95598,95369"},"geometry":{"type":"MultiLineString","coordinates":[[[2.281447,49.003445],[2.281673,49.003434],[2.282146,49.003288],[2.284331,49.002547],[2.285971,49.002227],[2.284211,49.002621],[2.283148,49.003015],[2.281477,49.003547]],[[2.285971,49.002227],[2.286745,49.00201],[2.286887,49.002016],[2.286924,49.001951],[2.286784,49.001942],[2.286745,49.00201]],[[2.286924,49.001951],[2.288916,49.001179],[2.289021,49.001218],[2.289273,49.001474],[2.289487,49.001333],[2.289203,49.001059],[2.288916,49.001179]],[[2.289487,49.001333],[2.292144,48.999689],[2.292912,48.999398],[2.293077,48.999364],[2.293152,48.999443],[2.293243,48.999449],[2.293541,48.999354],[2.293618,48.999256],[2.293471,48.999201],[2.293117,48.99928],[2.293077,48.999364]],[[2.293561,48.999221],[2.29385,48.998983],[2.295162,48.9983],[2.298546,48.997053],[2.298743,48.997055],[2.298783,48.996926],[2.298559,48.99689],[2.298491,48.996978],[2.298546,48.997053]],[[2.298783,48.996926],[2.300413,48.996182],[2.301828,48.995682],[2.302102,48.995482]],[[2.301828,48.995682],[2.302256,48.995552]]]}},{"type":"Feature","properties":{"tsid":"TS09500691","name":"D184E","debut":"fin de la route D184Z","fin":"séparation de la route en D184,R DES ARPENTS","categorie":"4","es":"30","cl_admin":"Départementale","largeur":"5m","gestion":"Conseil Départementale Val-d'Oise","com_conc":"Louvres","com_conid":"95351"},"geometry":{"type":"MultiLineString","coordinates":[[[2.509664,49.045698],[2.506174,49.048198],[2.503377,49.049849],[2.502675,49.05031]]]}},{"type":"Feature","properties":{"tsid":"TS09501152","name":"D170A1","debut":"fin de la route D14","fin":"fin de la route D170","categorie":"3","es":"100","cl_admin":"Départementale","largeur":"5m","gestion":"Conseil Départementale Val-d'Oise","com_conc":"Sannois","com_conid":"95582"},"geometry":{"type":"MultiLineString","coordinates":[[[2.273718,48.966795],[2.273507,48.966439],[2.27317,48.966196],[2.271053,48.965234]]]}},{"type":"Feature","properties":{"tsid":"TS09500133","name":"D144","debut":"séparation de la route en D311,R DES LOGES","fin":"fin de la route D144","categorie":"4","es":"30","cl_admin":"Départementale","largeur":"5m","gestion":"Conseil Départementale Val-d'Oise","com_conc":"Deuil-la-Barre,Montmorency","com_conid":"95197,95428"},"geometry":{"type":"MultiLineString","coordinates":[[[2.312692,48.975937],[2.312809,48.975991],[2.314066,48.978074],[2.3165,48.979598],[2.316611,48.97963],[2.316647,48.979705],[2.316779,48.979688],[2.316755,48.9796],[2.316611,48.97963]],[[2.316788,48.979676],[2.319166,48.98077],[2.320553,48.981116],[2.320791,48.981224],[2.320773,48.98133],[2.320961,48.981481],[2.321158,48.981481],[2.321169,48.981384],[2.320979,48.981231],[2.320791,48.981224]],[[2.321158,48.981481],[2.321501,48.981767],[2.321895,48.981967],[2.328279,48.984188],[2.328459,48.984449],[2.328527,48.985835],[2.328396,48.987258],[2.327504,48.988997],[2.32727,48.989321],[2.326752,48.989506],[2.32413,48.990035],[2.323811,48.990046],[2.32284,48.989941],[2.321298,48.990504]]]}},{"type":"Feature","properties":{"tsid":"TS09500218","name":"N104","debut":"fin de la route N104","fin":"fin de la route N104","categorie":"1","es":"300","cl_admin":"Nationale","largeur":"de 4m à 10m","gestion":"DIR Île-de-France","com_conc":"Épiais-lès-Louvres,Louvres","com_conid":"95212,95351"},"geometry":{"type":"MultiLineString","coordinates":[[[2.521455,49.027832],[2.523985,49.028143],[2.527989,49.028735],[2.529067,49.028848],[2.531611,49.028894],[2.532721,49.028838],[2.533461,49.028734]]]}},{"type":"Feature","properties":{"tsid":"TS09500594","name":"D15","debut":"fin de la route Route sans nom","fin":"limite commune Saint-Gratien (95555),Enghien-les-Bains (95555)","categorie":"4","es":"30","cl_admin":"Départementale","largeur":"5m","gestion":"Conseil Départementale Val-d'Oise","com_conc":"Saint-Gratien,Enghien-les-Bains","com_conid":"95555,95210"},"geometry":{"type":"MultiLineString","coordinates":[[[2.300885,48.966088],[2.298704,48.967313],[2.296049,48.969231],[2.295426,48.969355],[2.294322,48.969853],[2.29399,48.970063],[2.293451,48.970502],[2.293018,48.971028],[2.292968,48.971218],[2.293043,48.971412]]]}},{"type":"Feature","properties":{"tsid":"TS09500593","name":"D15","debut":"fin de la route D109","fin":"debut route D15","categorie":"4","es":"30","cl_admin":"Départementale","largeur":"5m","gestion":"Conseil Départementale Val-d'Oise","com_conc":"Enghien-les-Bains,Saint-Gratien","com_conid":"95210,95555"},"geometry":{"type":"MultiLineString","coordinates":[[[2.291637,48.975219],[2.291969,48.975146],[2.291689,48.975339]],[[2.291969,48.975146],[2.292784,48.974855],[2.293537,48.974429],[2.293935,48.974075],[2.294237,48.973718],[2.294372,48.973493],[2.294464,48.973214],[2.294456,48.972694],[2.294346,48.972276],[2.294228,48.972061],[2.294049,48.97192],[2.293464,48.971693],[2.293115,48.971499]]]}},{"type":"Feature","properties":{"tsid":"TS09501151","name":"D151","debut":"fin de la route Route sans nom","fin":"limite commune Mériel (95120),Butry-sur-Oise (95120)","categorie":"5","es":"10","cl_admin":"Départementale","largeur":"5m","gestion":"Conseil Départementale Val-d'Oise","com_conc":"Butry-sur-Oise","com_conid":"95120"},"geometry":{"type":"MultiLineString","coordinates":[[[2.201467,49.086977],[2.201507,49.086739],[2.201681,49.086424],[2.202423,49.08566],[2.203739,49.084771],[2.204263,49.084524]]]}},{"type":"Feature","properties":{"tsid":"TS09500685","name":"D159","debut":"Intersection BD GAMBETTA,D159","fin":"séparation de la route en D159,PL DU DOCTEUR CESBRON","categorie":"4","es":"30","cl_admin":"Départementale","largeur":"5m","gestion":"Conseil Départementale Val-d'Oise","com_conc":"Marines","com_conid":"95370"},"geometry":{"type":"MultiLineString","coordinates":[[[1.975448,49.14655],[1.978034,49.145548]]]}},{"type":"Feature","properties":{"tsid":"TS09500706","name":"D15E","debut":"fin de la route R HENRI BARBUSSE","fin":"limite commune Argenteuil (95018),Colombes (95018)","categorie":"3","es":"100","cl_admin":"Départementale","largeur":"de 5m à 9m","gestion":"Conseil Départementale Val-d'Oise","com_conc":"Argenteuil,Colombes","com_conid":"95018,92025"},"geometry":{"type":"MultiLineString","coordinates":[[[2.238158,48.936063],[2.240299,48.933937],[2.241802,48.932873]]]}},{"type":"Feature","properties":{"tsid":"TS09500420","name":"BD DE L'OISE","debut":"Intersection BD DE L'OISE,BD DE LA VIOSNE","fin":"debut route BD DE L'OISE","categorie":"3","es":"100","cl_admin":null,"largeur":"de 5m à 14m","gestion":"Probable route communale ou intercommunale","com_conc":"Cergy","com_conid":"95127"},"geometry":{"type":"MultiLineString","coordinates":[[[2.071786,49.042859],[2.072503,49.04208],[2.073195,49.041473],[2.076648,49.039117],[2.076883,49.038903]]]}},{"type":"Feature","properties":{"tsid":"TS09500195","name":"R DE CERGY","debut":"continue route R DE CERGY sur 88 m","fin":"fin de la route D92","categorie":"4","es":"30","cl_admin":null,"largeur":"5m","gestion":"Probable route communale ou intercommunale","com_conc":"Osny","com_conid":"95476"},"geometry":{"type":"MultiLineString","coordinates":[[[2.050816,49.064145],[2.050841,49.064244]]]}},{"type":"Feature","properties":{"tsid":"TS09500583","name":"D16","debut":"fin de la route D16","fin":"séparation de la route en D16,D317F1","categorie":"2","es":"250","cl_admin":"Départementale","largeur":"de 3m à 7m","gestion":"Conseil Départementale Val-d'Oise","com_conc":"Saint-Witz","com_conid":"95580"},"geometry":{"type":"MultiLineString","coordinates":[[[2.528334,49.091733],[2.528353,49.091609],[2.528168,49.091528],[2.528025,49.091567],[2.527966,49.09166],[2.528026,49.091753],[2.528168,49.091791],[2.528334,49.091733],[2.528722,49.091775],[2.530778,49.091605],[2.532361,49.091569],[2.534804,49.091432],[2.535573,49.091257],[2.535666,49.091404],[2.535025,49.091411]],[[2.535573,49.091257],[2.535668,49.091143],[2.535782,49.091108],[2.535969,49.091133],[2.536086,49.091221],[2.536071,49.091348],[2.535959,49.091421],[2.535666,49.091404]],[[2.536028,49.091158],[2.536404,49.091105],[2.536969,49.090926],[2.536096,49.091304]],[[2.536969,49.090926],[2.537692,49.09058],[2.538465,49.09002],[2.541565,49.08678],[2.542105,49.086367],[2.542694,49.086055],[2.544113,49.085481],[2.544941,49.08529],[2.545611,49.085219],[2.546813,49.085291],[2.547508,49.085441],[2.548165,49.085663],[2.546813,49.085366],[2.545712,49.085293],[2.544599,49.085428],[2.543264,49.085806]],[[2.549229,49.085937],[2.549506,49.086053],[2.54967,49.086186],[2.5497,49.086097],[2.549822,49.08602],[2.549229,49.085937],[2.548165,49.085663]],[[2.549822,49.08602],[2.55008,49.086006],[2.550227,49.086078],[2.550263,49.086176],[2.550181,49.086312],[2.549904,49.086379],[2.549725,49.086306],[2.54967,49.086186]],[[2.550181,49.086312],[2.550542,49.086261],[2.550254,49.086122]],[[2.550542,49.086261],[2.55147,49.0865],[2.551794,49.086715],[2.552002,49.086738]],[[2.55147,49.0865],[2.551749,49.086423],[2.551679,49.086538],[2.551684,49.08662]],[[2.551749,49.086423],[2.551811,49.086387]]]}},{"type":"Feature","properties":{"tsid":"TS09500140","name":"D16","debut":"fin de la route D16","fin":"séparation de la route en D10,D16","categorie":"3","es":"100","cl_admin":"Départementale","largeur":"7m","gestion":"Conseil Départementale Val-d'Oise","com_conc":"Saint-Witz","com_conid":"95580"},"geometry":{"type":"MultiLineString","coordinates":[[[2.552289,49.086546],[2.552223,49.086679],[2.552002,49.086738]]]}},{"type":"Feature","properties":{"tsid":"TS09500979","name":"D317B5","debut":"fin de la route D317B5","fin":"séparation de la route en D317B5,R DES ECOLES","categorie":"4","es":"30","cl_admin":"Départementale","largeur":"5m","gestion":"Conseil Départementale Val-d'Oise","com_conc":"Le Thillay","com_conid":"95612"},"geometry":{"type":"MultiLineString","coordinates":[[[2.476857,48.9939],[2.47699,48.993998],[2.477017,48.99409],[2.476954,48.994226],[2.476781,48.994323],[2.476577,48.994332],[2.476411,48.994273],[2.476309,48.994161],[2.476333,48.994008]]]}},{"type":"Feature","properties":{"tsid":"TS09500219","name":"N104","debut":"fin de la route N104","fin":"Intersection N104,Route sans nom","categorie":"1","es":"300","cl_admin":"Nationale","largeur":"de 4m à 10m","gestion":"DIR Île-de-France","com_conc":"Louvres,Épiais-lès-Louvres","com_conid":"95351,95212"},"geometry":{"type":"MultiLineString","coordinates":[[[2.528576,49.028966],[2.52573,49.028515],[2.521852,49.027994]]]}},{"type":"Feature","properties":{"tsid":"TS09500141","name":"D16","debut":"debut route D16","fin":"fin de la route D16","categorie":"3","es":"100","cl_admin":"Départementale","largeur":"7m","gestion":"Conseil Départementale Val-d'Oise","com_conc":"Saint-Witz,Vémars","com_conid":"95580,95641"},"geometry":{"type":"MultiLineString","coordinates":[[[2.552094,49.08461],[2.556593,49.081388],[2.56029,49.077707],[2.560685,49.077256],[2.560754,49.077019],[2.560967,49.077085],[2.560685,49.077256]],[[2.560754,49.077019],[2.56071,49.076926],[2.56078,49.076816],[2.561057,49.076789],[2.561161,49.076857],[2.561183,49.076953],[2.561115,49.077039],[2.560967,49.077085]],[[2.561023,49.07678],[2.561234,49.076722],[2.561165,49.076863]],[[2.561234,49.076722],[2.561664,49.076359],[2.562249,49.075707],[2.562509,49.075315],[2.562724,49.074752],[2.562803,49.074073],[2.562606,49.070705],[2.562257,49.069407],[2.562141,49.069286],[2.56234,49.069326],[2.562486,49.069297],[2.56242,49.069368],[2.562405,49.06951],[2.562565,49.070452]],[[2.562141,49.069286],[2.562044,49.069157],[2.562083,49.069036],[2.562395,49.068874],[2.563065,49.068139],[2.562553,49.068822],[2.562515,49.068951],[2.562554,49.069045],[2.562412,49.06897],[2.562217,49.068974]],[[2.562554,49.069045],[2.562596,49.069145],[2.562486,49.069297]]]}},{"type":"Feature","properties":{"tsid":"TS09500653","name":"D16","debut":"Intersection D16,Route sans nom","fin":"fin de la route D16","categorie":"4","es":"30","cl_admin":"Départementale","largeur":"de 4m à 7m","gestion":"Conseil Départementale Val-d'Oise","com_conc":"Saint-Witz","com_conid":"95580"},"geometry":{"type":"MultiLineString","coordinates":[[[2.551599,49.084962],[2.55174,49.085703],[2.551999,49.086022],[2.552058,49.086258],[2.552134,49.086371],[2.551938,49.08635],[2.551811,49.086387],[2.551938,49.086083],[2.551607,49.085718],[2.551465,49.08527],[2.551478,49.08512],[2.551552,49.085011],[2.552094,49.08461]],[[2.552134,49.086371],[2.552246,49.086441],[2.552289,49.086546]]]}},{"type":"Feature","properties":{"tsid":"TS09500135","name":"D902A","debut":"debut route D902A","fin":"séparation de la route en D902A,DEV DE ROISSY-EN-FRANCE","categorie":"4","es":"30","cl_admin":"Départementale","largeur":"7m","gestion":"Conseil Départementale Val-d'Oise","com_conc":"Roissy-en-France","com_conid":"95527"},"geometry":{"type":"MultiLineString","coordinates":[[[2.511552,48.996039],[2.511717,48.99609],[2.511889,48.996222],[2.511945,48.996378],[2.511918,48.996481],[2.511827,48.996615],[2.511695,48.996692],[2.511351,48.996749]],[[2.512176,48.996207],[2.511945,48.996378]]]}},{"type":"Feature","properties":{"tsid":"TS09500654","name":"D16","debut":"fin de la route D16","fin":"fin de la route D16","categorie":"4","es":"30","cl_admin":"Départementale","largeur":"de 4m à 7m","gestion":"Conseil Départementale Val-d'Oise","com_conc":"Vémars","com_conid":"95641"},"geometry":{"type":"MultiLineString","coordinates":[[[2.566123,49.06432],[2.566331,49.064159],[2.566676,49.064147],[2.566571,49.064066],[2.566583,49.063945],[2.566322,49.064117],[2.565133,49.065236],[2.564554,49.065925],[2.563065,49.068139]],[[2.566583,49.063945],[2.566907,49.063784],[2.567069,49.06364],[2.566982,49.063819],[2.566965,49.064069],[2.566829,49.06415],[2.566676,49.064147]],[[2.566725,49.063872],[2.566861,49.06388],[2.566963,49.063946]],[[2.572973,49.054174],[2.572875,49.054128],[2.572853,49.054007],[2.572953,49.053936],[2.573106,49.053927],[2.573208,49.053996],[2.57321,49.054102],[2.573135,49.054157],[2.572973,49.054174],[2.572879,49.054317],[2.567725,49.062836],[2.567069,49.06364]],[[2.573106,49.053927],[2.575753,49.049539],[2.576616,49.046997],[2.576577,49.046526],[2.576359,49.046107]]]}},{"type":"Feature","properties":{"tsid":"TS09500280","name":"D165","debut":"séparation de la route en D165,D212","fin":"fin de la route D165","categorie":"2","es":"250","cl_admin":"Départementale","largeur":"de 3m à 5m","gestion":"Conseil Départementale Val-d'Oise","com_conc":"Épiais-lès-Louvres","com_conid":"95212"},"geometry":{"type":"MultiLineString","coordinates":[[[2.559084,49.029571],[2.559126,49.029435],[2.558993,49.029335],[2.558798,49.029357],[2.558691,49.02948],[2.558828,49.029606],[2.558979,49.029616],[2.559084,49.029571],[2.558982,49.029768],[2.558986,49.029981]]]}},{"type":"Feature","properties":{"tsid":"TS09500981","name":"D165E","debut":"fin de la route D184Z","fin":"debut route D165E","categorie":"4","es":"30","cl_admin":"Départementale","largeur":"de 3m à 5m","gestion":"Conseil Départementale Val-d'Oise","com_conc":"Louvres","com_conid":"95351"},"geometry":{"type":"MultiLineString","coordinates":[[[2.509872,49.045627],[2.51087,49.045843],[2.511177,49.045812]],[[2.510769,49.045821],[2.511228,49.046001]]]}},{"type":"Feature","properties":{"tsid":"TS09500346","name":"D170","debut":"séparation de la route en D170,D170D2","fin":"fin de la route A104","categorie":"1","es":"300","cl_admin":"Départementale","largeur":"3m","gestion":"Conseil Départementale Val-d'Oise","com_conc":"Gonesse","com_conid":"95277"},"geometry":{"type":"MultiLineString","coordinates":[[[2.469041,48.977351],[2.476282,48.97692],[2.478387,48.976676],[2.48012,48.976354],[2.481226,48.976091],[2.485624,48.974839],[2.487243,48.97448]]]}},{"type":"Feature","properties":{"tsid":"TS09500980","name":"D317B5","debut":"séparation de la route en D317B1,D317B5","fin":"fin de la route D317B5","categorie":"4","es":"30","cl_admin":"Départementale","largeur":"5m","gestion":"Conseil Départementale Val-d'Oise","com_conc":"Gonesse","com_conid":"95277"},"geometry":{"type":"MultiLineString","coordinates":[[[2.480536,48.992645],[2.480735,48.992626],[2.480935,48.992697],[2.481015,48.992857],[2.480918,48.993002],[2.480703,48.993069],[2.480487,48.993031],[2.480348,48.992889],[2.480389,48.992728]]]}},{"type":"Feature","properties":{"tsid":"TS09500347","name":"D170","debut":"limite commune Villepinte (93005),Aulnay-sous-Bois (93005)","fin":"séparation de la route en D170,D170E3","categorie":"1","es":"300","cl_admin":"Départementale","largeur":"3m","gestion":"Conseil Départementale Val-d'Oise","com_conc":"Aulnay-sous-Bois,Villepinte,Gonesse","com_conid":"93005,93078,95277"},"geometry":{"type":"MultiLineString","coordinates":[[[2.497618,48.971542],[2.495721,48.972003],[2.494189,48.972433],[2.491208,48.973313],[2.489555,48.973906],[2.48766,48.974463],[2.486072,48.974834],[2.481907,48.976068],[2.480023,48.976527],[2.478357,48.976828],[2.476773,48.977027],[2.474899,48.977171],[2.469948,48.977431]]]}},{"type":"Feature","properties":{"tsid":"TS09500963","name":"D170","debut":"fin de la route D170","fin":"fin de la route D109","categorie":"2","es":"250","cl_admin":"Départementale","largeur":"de 3m à 10m","gestion":"Conseil Départementale Val-d'Oise","com_conc":"Eaubonne,Saint-Gratien","com_conid":"95203,95555"},"geometry":{"type":"MultiLineString","coordinates":[[[2.281943,48.976651],[2.283204,48.976944],[2.28563,48.977365],[2.288057,48.977406],[2.288698,48.977499],[2.289506,48.977761],[2.290463,48.978198],[2.290991,48.978308],[2.291341,48.978309]]]}},{"type":"Feature","properties":{"tsid":"TS09501045","name":"D909","debut":"debut route D909","fin":"fin de la route D909","categorie":"2","es":"250","cl_admin":"Départementale","largeur":"5m","gestion":"Conseil Départementale Val-d'Oise","com_conc":"Argenteuil","com_conid":"95018"},"geometry":{"type":"MultiLineString","coordinates":[[[2.258483,48.959997],[2.25864,48.960034],[2.258743,48.960123],[2.258734,48.96024],[2.258644,48.960334]]]}},{"type":"Feature","properties":{"tsid":"TS09500656","name":"R DE PARIS","debut":"Intersection PL PIERRE SALVI,R DE PARIS","fin":"debut route R DE PARIS","categorie":"3","es":"100","cl_admin":null,"largeur":"5m","gestion":"Probable route communale ou intercommunale","com_conc":"Viarmes","com_conid":"95652"},"geometry":{"type":"MultiLineString","coordinates":[[[2.369868,49.125994],[2.370226,49.127092],[2.370255,49.127296],[2.370256,49.128169],[2.370358,49.129138],[2.370354,49.129585],[2.37025,49.129909],[2.370278,49.129983],[2.370385,49.129993],[2.37045,49.129955],[2.370503,49.129826],[2.370449,49.129763],[2.370305,49.129773]],[[2.370354,49.129585],[2.370449,49.129763]]]}},{"type":"Feature","properties":{"tsid":"TS09500961","name":"D170","debut":"fin de la route D109","fin":"fin de la route D909","categorie":"2","es":"250","cl_admin":"Départementale","largeur":"de 3m à 10m","gestion":"Conseil Départementale Val-d'Oise","com_conc":"Sannois,Eaubonne,Saint-Gratien,Argenteuil","com_conid":"95582,95203,95555,95018"},"geometry":{"type":"MultiLineString","coordinates":[[[2.291302,48.978446],[2.290464,48.978283],[2.289276,48.977747],[2.288236,48.977497],[2.285601,48.977475],[2.282725,48.97703],[2.281558,48.976726],[2.280677,48.976418],[2.279559,48.975909],[2.278673,48.975382],[2.278123,48.974988],[2.277242,48.974159],[2.276692,48.973477],[2.27637,48.973001],[2.274593,48.968637],[2.274273,48.968071],[2.273917,48.967569],[2.273313,48.966913],[2.272906,48.966555],[2.272204,48.966052],[2.270966,48.965365],[2.269477,48.96474],[2.266949,48.963776],[2.262864,48.962411],[2.261614,48.96168],[2.260048,48.961159],[2.259485,48.960782],[2.259136,48.960344],[2.258916,48.960251],[2.258716,48.960266]]]}},{"type":"Feature","properties":{"tsid":"TS09500962","name":"D170","debut":"fin de la route D909","fin":"fin de la route D170","categorie":"2","es":"250","cl_admin":"Départementale","largeur":"de 3m à 10m","gestion":"Conseil Départementale Val-d'Oise","com_conc":"Sannois,Argenteuil,Saint-Gratien","com_conid":"95582,95018,95555"},"geometry":{"type":"MultiLineString","coordinates":[[[2.258743,48.960123],[2.259188,48.960303],[2.259515,48.96072],[2.259809,48.960963],[2.260132,48.961136],[2.263461,48.962179],[2.265393,48.963029],[2.269106,48.9644],[2.271053,48.965234],[2.27214,48.96579],[2.272645,48.96611],[2.273287,48.966612],[2.273825,48.967138],[2.274158,48.967513],[2.274621,48.968195],[2.275146,48.969288],[2.27625,48.972069],[2.276735,48.973051]]]}},{"type":"Feature","properties":{"tsid":"TS09500965","name":"D170","debut":"fin de la route D170","fin":"séparation de la route en D170,D170D4","categorie":"2","es":"250","cl_admin":"Départementale","largeur":"de 3m à 10m","gestion":"Conseil Départementale Val-d'Oise","com_conc":"Gonesse","com_conid":"95277"},"geometry":{"type":"MultiLineString","coordinates":[[[2.469948,48.977431],[2.457717,48.978097]]]}},{"type":"Feature","properties":{"tsid":"TS09500964","name":"D170","debut":"fin de la route D170","fin":"fin de la route D170","categorie":"2","es":"250","cl_admin":"Départementale","largeur":"de 3m à 10m","gestion":"Conseil Départementale Val-d'Oise","com_conc":"Gonesse","com_conid":"95277"},"geometry":{"type":"MultiLineString","coordinates":[[[2.455992,48.97799],[2.45735,48.977977],[2.469041,48.977351]]]}},{"type":"Feature","properties":{"tsid":"TS09501101","name":"D170E2","debut":"fin de la route D170D2","fin":"fin de la route D317","categorie":"4","es":"30","cl_admin":"Départementale","largeur":"4m","gestion":"Conseil Départementale Val-d'Oise","com_conc":"Gonesse","com_conid":"95277"},"geometry":{"type":"MultiLineString","coordinates":[[[2.464627,48.977434],[2.465974,48.977291],[2.466149,48.97721],[2.466292,48.977068],[2.466312,48.97685],[2.466172,48.976641],[2.465938,48.976522],[2.464261,48.976163],[2.464027,48.976148],[2.463735,48.976212],[2.463597,48.9763],[2.463523,48.97642],[2.463502,48.976565],[2.463558,48.97671],[2.463848,48.977088],[2.463947,48.977312]]]}},{"type":"Feature","properties":{"tsid":"TS09500755","name":"R DE PARIS","debut":"fin de la route D78","fin":"fin de la route AV ANATOLE FRANCE","categorie":"4","es":"30","cl_admin":null,"largeur":"3m","gestion":"Probable route communale ou intercommunale","com_conc":"Beaumont-sur-Oise","com_conid":"95052"},"geometry":{"type":"MultiLineString","coordinates":[[[2.283857,49.141311],[2.283771,49.141591]]]}},{"type":"Feature","properties":{"tsid":"TS09500968","name":"D170","debut":"fin de la route D84A","fin":"séparation de la route en D170,D170D2","categorie":"3","es":"100","cl_admin":"Départementale","largeur":"7m","gestion":"Conseil Départementale Val-d'Oise","com_conc":"Bonneuil-en-France,Gonesse","com_conid":"95088,95277"},"geometry":{"type":"MultiLineString","coordinates":[[[2.426434,48.974711],[2.426605,48.975166],[2.427046,48.975715],[2.427602,48.97607],[2.428216,48.97631],[2.431665,48.976905],[2.435028,48.977597],[2.436689,48.977827],[2.438338,48.977962],[2.43994,48.978012],[2.450372,48.977798],[2.455992,48.97799]]]}},{"type":"Feature","properties":{"tsid":"TS09500764","name":"D203","debut":"séparation de la route en D203,Route sans nom","fin":"limite départementale","categorie":"2","es":"250","cl_admin":"Départementale","largeur":"7m","gestion":"Conseil Départementale Yvelines","com_conc":"Neuville-sur-Oise,Conflans-Sainte-Honorine","com_conid":"95450,78172"},"geometry":{"type":"MultiLineString","coordinates":[[[2.074686,49.006093],[2.074786,49.005916],[2.075016,49.00522]]]}},{"type":"Feature","properties":{"tsid":"TS09501065","name":"D170B1","debut":"fin de la route D170B1","fin":"fin de la route D170","categorie":"3","es":"100","cl_admin":"Départementale","largeur":"4m","gestion":"Conseil Départementale Val-d'Oise","com_conc":"Saint-Gratien","com_conid":"95555"},"geometry":{"type":"MultiLineString","coordinates":[[[2.276247,48.971534],[2.275677,48.970631]]]}},{"type":"Feature","properties":{"tsid":"TS09500220","name":"D170D1","debut":"fin de la route D170","fin":"fin de la route D370","categorie":"4","es":"30","cl_admin":"Départementale","largeur":"4m","gestion":"Conseil Départementale Val-d'Oise","com_conc":"Gonesse","com_conid":"95277"},"geometry":{"type":"MultiLineString","coordinates":[[[2.449307,48.977816],[2.452135,48.977635],[2.454515,48.977198],[2.455291,48.977173],[2.456474,48.977226]]]}},{"type":"Feature","properties":{"tsid":"TS09500282","name":"D170D2","debut":"fin de la route D170D2","fin":"fin de la route D170","categorie":"3","es":"100","cl_admin":"Départementale","largeur":"4m","gestion":"Conseil Départementale Val-d'Oise","com_conc":"Gonesse","com_conid":"95277"},"geometry":{"type":"MultiLineString","coordinates":[[[2.464627,48.977434],[2.469041,48.977351]]]}},{"type":"Feature","properties":{"tsid":"TS09500396","name":"R DES BEAUX SOLEILS","debut":"fin de la route Route sans nom","fin":"fin de la route R DU GENERAL DE GAULLE","categorie":"5","es":"10","cl_admin":null,"largeur":"7m","gestion":"Probable route communale ou intercommunale","com_conc":"Osny","com_conid":"95476"},"geometry":{"type":"MultiLineString","coordinates":[[[2.067385,49.054296],[2.065116,49.055714]]]}},{"type":"Feature","properties":{"tsid":"TS09500355","name":"D170E3","debut":"fin de la route D170","fin":"fin de la route D317","categorie":"2","es":"250","cl_admin":"Départementale","largeur":"4m","gestion":"Conseil Départementale Val-d'Oise","com_conc":"Gonesse","com_conid":"95277"},"geometry":{"type":"MultiLineString","coordinates":[[[2.469948,48.977431],[2.467754,48.977608],[2.467196,48.977738],[2.466292,48.978235],[2.465875,48.978612],[2.465784,48.978927],[2.465884,48.979257],[2.46776,48.981649]]]}},{"type":"Feature","properties":{"tsid":"TS09500332","name":"R DE LA CROIX DES MAHEUX","debut":"fin de la route AV DE LA POSTE","fin":"limite commune Pontoise (95127),Cergy (95127)","categorie":"4","es":"30","cl_admin":null,"largeur":"5m","gestion":"Probable route communale ou intercommunale","com_conc":"Cergy","com_conid":"95127"},"geometry":{"type":"MultiLineString","coordinates":[[[2.084744,49.03813],[2.084832,49.038],[2.085899,49.03727]]]}},{"type":"Feature","properties":{"tsid":"TS09500533","name":"D170F1","debut":"fin de la route D170F1","fin":"fin de la route A104","categorie":"2","es":"250","cl_admin":"Départementale","largeur":"4m","gestion":"Conseil Départementale Val-d'Oise","com_conc":"Gonesse","com_conid":"95277"},"geometry":{"type":"MultiLineString","coordinates":[[[2.485761,48.974053],[2.486279,48.973948],[2.486878,48.973933],[2.487522,48.974008],[2.48998,48.974456],[2.490415,48.974606],[2.490757,48.974834],[2.491135,48.975349],[2.491285,48.975486]]]}},{"type":"Feature","properties":{"tsid":"TS09501033","name":"D170F1","debut":"continue route D170F1 sur 200 m","fin":"fin de la route D170","categorie":"3","es":"100","cl_admin":"Départementale","largeur":"4m","gestion":"Conseil Départementale Val-d'Oise","com_conc":"Gonesse","com_conid":"95277"},"geometry":{"type":"MultiLineString","coordinates":[[[2.484685,48.974567],[2.483712,48.975204],[2.482597,48.975711]]]}},{"type":"Feature","properties":{"tsid":"TS09500911","name":"D170F1","debut":"continue route D170F1 sur 200 m","fin":"fin de la route D170F1","categorie":"4","es":"30","cl_admin":"Départementale","largeur":"4m","gestion":"Conseil Départementale Val-d'Oise","com_conc":"Gonesse","com_conid":"95277"},"geometry":{"type":"MultiLineString","coordinates":[[[2.484685,48.974567],[2.485125,48.974297],[2.485761,48.974053]]]}},{"type":"Feature","properties":{"tsid":"TS09500580","name":"D170F2","debut":"continue route D170F2 sur 249 m","fin":"debut route D170F2","categorie":"3","es":"100","cl_admin":"Départementale","largeur":"4m","gestion":"Conseil Départementale Val-d'Oise","com_conc":"Gonesse","com_conid":"95277"},"geometry":{"type":"MultiLineString","coordinates":[[[2.484685,48.974567],[2.485151,48.974019],[2.485275,48.973611],[2.485243,48.973296],[2.484854,48.972457]]]}},{"type":"Feature","properties":{"tsid":"TS09501058","name":"D170F3","debut":"fin de la route A3","fin":"fin de la route D170","categorie":"3","es":"100","cl_admin":"Départementale","largeur":"4m","gestion":"Conseil Départementale Val-d'Oise","com_conc":"Gonesse","com_conid":"95277"},"geometry":{"type":"MultiLineString","coordinates":[[[2.489286,48.974406],[2.489932,48.974736],[2.490205,48.974826],[2.490696,48.974787],[2.490932,48.974569],[2.491026,48.974319],[2.491023,48.97408],[2.490957,48.973953],[2.490822,48.973839],[2.490597,48.973758],[2.490377,48.973743],[2.489555,48.973906]]]}},{"type":"Feature","properties":{"tsid":"TS09500719","name":"D170F4","debut":"fin de la route D170","fin":"fin de la route A104","categorie":"4","es":"30","cl_admin":"Départementale","largeur":"4m","gestion":"Conseil Départementale Val-d'Oise","com_conc":"Gonesse","com_conid":"95277"},"geometry":{"type":"MultiLineString","coordinates":[[[2.485178,48.975107],[2.487054,48.974664],[2.487891,48.974634],[2.488418,48.974752],[2.489908,48.975614]]]}},{"type":"Feature","properties":{"tsid":"TS09500687","name":"R DE L'EGALITE","debut":"fin de la route D109E","fin":"fin de la route AV DES NOYERS","categorie":"4","es":"30","cl_admin":null,"largeur":"5m","gestion":"Probable route communale ou intercommunale","com_conc":"Soisy-sous-Montmorency","com_conid":"95598"},"geometry":{"type":"MultiLineString","coordinates":[[[2.296401,48.990451],[2.294595,48.99244],[2.294468,48.992523]]]}},{"type":"Feature","properties":{"tsid":"TS09501211","name":"D184","debut":"fin de la route D9","fin":"limite commune Marly-la-Ville (95371),Puiseux-en-France (95371)","categorie":"3","es":"100","cl_admin":"Départementale","largeur":"de 4m à 5m","gestion":"Conseil Départementale Val-d'Oise","com_conc":"Marly-la-Ville,Puiseux-en-France","com_conid":"95371,95509"},"geometry":{"type":"MultiLineString","coordinates":[[[2.49881,49.07118],[2.499001,49.070926],[2.499056,49.071228]],[[2.499001,49.070926],[2.49925,49.069122],[2.499583,49.0672],[2.498996,49.063809],[2.498985,49.063562],[2.499086,49.063132]]]}},{"type":"Feature","properties":{"tsid":"TS09500165","name":"D184","debut":"fin de la route Route sans nom","fin":"séparation de la route en D184,R ALAIN COLAS","categorie":"4","es":"30","cl_admin":"Départementale","largeur":"de 3m à 5m","gestion":"Conseil Départementale Val-d'Oise","com_conc":"Puiseux-en-France","com_conid":"95509"},"geometry":{"type":"MultiLineString","coordinates":[[[2.499563,49.061381],[2.499086,49.063132]]]}},{"type":"Feature","properties":{"tsid":"TS09500603","name":"D22","debut":"fin de la route D22","fin":"Intersection D22,Route sans nom","categorie":"3","es":"100","cl_admin":"Départementale","largeur":"5m","gestion":"Conseil Départementale Val-d'Oise","com_conc":"Génicourt,Épiais-Rhus","com_conid":"95271,95213"},"geometry":{"type":"MultiLineString","coordinates":[[[2.058416,49.090303],[2.058621,49.090402],[2.058748,49.090587],[2.058855,49.090924],[2.0589,49.091345],[2.061182,49.096413],[2.061194,49.096558],[2.061089,49.096732],[2.057462,49.100222],[2.056675,49.101779],[2.056483,49.102837],[2.0564,49.103976],[2.056599,49.104295],[2.057694,49.10539],[2.057851,49.10574],[2.057857,49.106088],[2.05777,49.106343],[2.055011,49.111856]],[[2.058662,49.090187],[2.058841,49.090623],[2.058855,49.090924]]]}},{"type":"Feature","properties":{"tsid":"TS09500166","name":"D184","debut":"fin de la route D184","fin":"debut route D184","categorie":"4","es":"30","cl_admin":"Départementale","largeur":"de 3m à 5m","gestion":"Conseil Départementale Val-d'Oise","com_conc":"Louvres,Puiseux-en-France","com_conid":"95351,95509"},"geometry":{"type":"MultiLineString","coordinates":[[[2.499791,49.060842],[2.499896,49.060867],[2.499957,49.060959],[2.499777,49.061031],[2.499676,49.060989],[2.499655,49.060921],[2.499684,49.060868],[2.499791,49.060842],[2.499759,49.060688],[2.500563,49.057814],[2.500682,49.057616],[2.500816,49.057619],[2.500833,49.057574],[2.500797,49.057486],[2.500647,49.057431],[2.500592,49.057526],[2.500682,49.057616]],[[2.500688,49.057435],[2.500691,49.057306],[2.501813,49.053173],[2.501646,49.053011],[2.501861,49.052977],[2.501813,49.053143]],[[2.501646,49.053011],[2.501524,49.052906],[2.501586,49.052821],[2.501886,49.052723],[2.501875,49.052856],[2.501685,49.052791]],[[2.501875,49.052856],[2.501861,49.052977]],[[2.502675,49.05031],[2.502152,49.05185],[2.50198,49.052565],[2.501886,49.052723]]]}},{"type":"Feature","properties":{"tsid":"TS09500588","name":"D184Z","debut":"fin de la route D184Z","fin":"séparation de la route en D184E,D184Z","categorie":"4","es":"30","cl_admin":"Départementale","largeur":"5m","gestion":"Conseil Départementale Val-d'Oise","com_conc":"Louvres","com_conid":"95351"},"geometry":{"type":"MultiLineString","coordinates":[[[2.509664,49.045698],[2.509642,49.045636],[2.509714,49.04558],[2.509806,49.045579],[2.509876,49.045636],[2.509806,49.045724],[2.509664,49.045698]]]}},{"type":"Feature","properties":{"tsid":"TS09501134","name":"D191","debut":"fin de la route D191","fin":"fin de la route Route sans nom","categorie":"2","es":"250","cl_admin":"Départementale","largeur":"5m","gestion":"Conseil Départementale Val-d'Oise","com_conc":"Bessancourt","com_conid":"95060"},"geometry":{"type":"MultiLineString","coordinates":[[[2.209753,49.036429],[2.208872,49.036243],[2.206489,49.036043],[2.205878,49.035915],[2.203975,49.035112],[2.200723,49.033871]]]}},{"type":"Feature","properties":{"tsid":"TS09501127","name":"N104","debut":null,"fin":"fin de la route N104","categorie":"3","es":"100","cl_admin":"Nationale","largeur":"7m","gestion":"DIR Île-de-France","com_conc":"Roissy-en-France","com_conid":"95527"},"geometry":{"type":"MultiLineString","coordinates":[[[2.530112,49.013351],[2.531054,49.01557],[2.531471,49.016407]]]}},{"type":"Feature","properties":{"tsid":"TS09500052","name":"D191","debut":"continue route D191 sur 44 m","fin":"debut route D191","categorie":"3","es":"100","cl_admin":"Départementale","largeur":"de 3m à 5m","gestion":"Conseil Départementale Val-d'Oise","com_conc":"Bessancourt","com_conid":"95060"},"geometry":{"type":"MultiLineString","coordinates":[[[2.188453,49.030654],[2.188955,49.030862],[2.191566,49.031487],[2.193348,49.032024],[2.194302,49.032182],[2.194942,49.032206],[2.195192,49.032284],[2.195132,49.032203],[2.19516,49.032077],[2.194895,49.032158],[2.194302,49.032182]],[[2.195601,49.032279],[2.195378,49.032343],[2.195192,49.032284]]]}},{"type":"Feature","properties":{"tsid":"TS09501199","name":"R DE LA BARRE","debut":"fin de la route R D'ORMESSON","fin":"Intersection R DE LA BARRE,R DES THERMES","categorie":"5","es":"10","cl_admin":null,"largeur":"5m","gestion":"Probable route communale ou intercommunale","com_conc":"Enghien-les-Bains","com_conid":"95210"},"geometry":{"type":"MultiLineString","coordinates":[[[2.311303,48.962811],[2.311398,48.963087]]]}},{"type":"Feature","properties":{"tsid":"TS09501286","name":"D191","debut":"debut route D191","fin":"séparation de la route en D191,D409","categorie":"4","es":"30","cl_admin":"Départementale","largeur":"5m","gestion":"Conseil Départementale Val-d'Oise","com_conc":"Bessancourt","com_conid":"95060"},"geometry":{"type":"MultiLineString","coordinates":[[[2.19516,49.032077],[2.195325,49.032006],[2.195458,49.032006],[2.19582,49.032201],[2.196404,49.0323],[2.195601,49.032279],[2.195652,49.032204],[2.195642,49.03212]],[[2.196404,49.0323],[2.197111,49.032411],[2.197557,49.032535],[2.199411,49.033393],[2.200723,49.033871]]]}},{"type":"Feature","properties":{"tsid":"TS09500636","name":"D317D1","debut":"limite commune Roissy-en-France (95527),Le Thillay (95527)","fin":"fin de la route D902A","categorie":"3","es":"100","cl_admin":"Départementale","largeur":"4m","gestion":"Conseil Départementale Val-d'Oise","com_conc":"Roissy-en-France","com_conid":"95527"},"geometry":{"type":"MultiLineString","coordinates":[[[2.490177,49.007405],[2.490557,49.008175],[2.491389,49.009433],[2.491535,49.009581],[2.491765,49.009682],[2.492004,49.009706],[2.492243,49.009663],[2.493068,49.009363],[2.493348,49.009381],[2.493646,49.009478]]]}},{"type":"Feature","properties":{"tsid":"TS09501042","name":"D192","debut":"debut route D192","fin":"fin de la route D192","categorie":"4","es":"30","cl_admin":"Départementale","largeur":"de 3m à 5m","gestion":"Conseil Départementale Val-d'Oise","com_conc":"Ermont,Sannois","com_conid":"95219,95582"},"geometry":{"type":"MultiLineString","coordinates":[[[2.255943,48.980038],[2.256009,48.979984],[2.255952,48.979887],[2.255811,48.97988],[2.255746,48.979964],[2.255796,48.980025],[2.255943,48.980038],[2.255964,48.980114],[2.255863,48.980566],[2.255892,48.981194],[2.255944,48.981938],[2.256142,48.983106],[2.256129,48.983262],[2.25618,48.983309],[2.256104,48.983358],[2.256029,48.983309],[2.256129,48.983262]],[[2.256149,48.972212],[2.25632,48.972696],[2.256377,48.973087],[2.256341,48.973485],[2.256084,48.974672],[2.256131,48.97568],[2.256087,48.977127],[2.25621,48.979031],[2.256093,48.979648],[2.255952,48.979887]],[[2.256148,48.983346],[2.256248,48.983663],[2.256479,48.985182],[2.256605,48.985502],[2.256531,48.985564],[2.256487,48.985759],[2.256623,48.985824],[2.256844,48.986103],[2.256758,48.985793],[2.256843,48.985581],[2.256749,48.985489],[2.256605,48.985502]],[[2.256758,48.985793],[2.256623,48.985824]],[[2.256844,48.986103],[2.257253,48.987043],[2.258717,48.989078]]]}},{"type":"Feature","properties":{"tsid":"TS09500537","name":"R D'ORMESSON","debut":"limite département Seine-Saint-Denis (93),Val-d'Oise (95)","fin":"séparation de la route en AV QUESTROY,R DE LA BARRE","categorie":"5","es":"10","cl_admin":null,"largeur":"5m","gestion":"Probable route communale ou intercommunale","com_conc":"Épinay-sur-Seine,Enghien-les-Bains","com_conid":"93031,95210"},"geometry":{"type":"MultiLineString","coordinates":[[[2.310371,48.961745],[2.310893,48.962001],[2.311215,48.96257],[2.311303,48.962811]]]}},{"type":"Feature","properties":{"tsid":"TS09500382","name":"R PASTEUR","debut":"continue route R PASTEUR sur 29 m","fin":"fin de la route D92","categorie":"4","es":"30","cl_admin":null,"largeur":"de 3m à 5m","gestion":"Probable route communale ou intercommunale","com_conc":"Osny","com_conid":"95476"},"geometry":{"type":"MultiLineString","coordinates":[[[2.067225,49.062649],[2.067375,49.062609],[2.067453,49.062913],[2.067225,49.062649],[2.067085,49.062559],[2.067171,49.062407],[2.067137,49.061699],[2.066975,49.061374],[2.066779,49.061284]],[[2.067064,49.06119],[2.067219,49.061767],[2.067247,49.062232],[2.067334,49.062455],[2.067156,49.062458]],[[2.067334,49.062455],[2.067411,49.062545],[2.067375,49.062609]],[[2.067453,49.062913],[2.068242,49.063441],[2.068474,49.063544],[2.070856,49.06401]]]}},{"type":"Feature","properties":{"tsid":"TS09501232","name":"D193","debut":"limite commune Montmagny (95427),Deuil-la-Barre (95427)","fin":"limite commune Montmagny (95427),Deuil-la-Barre (95427)","categorie":"4","es":"30","cl_admin":"Départementale","largeur":"5m","gestion":"Conseil Départementale Val-d'Oise","com_conc":"Deuil-la-Barre,Montmagny","com_conid":"95197,95427"},"geometry":{"type":"MultiLineString","coordinates":[[[2.343958,48.975094],[2.34322,48.97363],[2.342535,48.972041],[2.342613,48.971953],[2.342619,48.971873],[2.342011,48.971125],[2.341468,48.970158],[2.341052,48.969675],[2.340176,48.968804],[2.339407,48.967884],[2.338431,48.966862],[2.336666,48.964862],[2.335875,48.964157],[2.333715,48.962692],[2.331631,48.961091],[2.329705,48.960096],[2.328979,48.959826],[2.328118,48.959578]],[[2.328764,48.959401],[2.328649,48.959599],[2.3287,48.959742]]]}},{"type":"Feature","properties":{"tsid":"TS09501242","name":"D193","debut":"séparation de la route en D193,R ALBERT MOLINIER","fin":"fin de la route D193","categorie":"5","es":"10","cl_admin":"Départementale","largeur":"de 3m à 5m","gestion":"Conseil Départementale Val-d'Oise","com_conc":"Deuil-la-Barre,Groslay","com_conid":"95197,95288"},"geometry":{"type":"MultiLineString","coordinates":[[[2.342606,48.985561],[2.342629,48.984616],[2.342745,48.98362],[2.342691,48.983368],[2.342874,48.983291],[2.342846,48.983239],[2.342744,48.983226],[2.34269,48.983269],[2.342703,48.983331]],[[2.342824,48.983344],[2.342745,48.98362]]]}},{"type":"Feature","properties":{"tsid":"TS09500621","name":"D502","debut":"debut route D502","fin":"fin de la route D401","categorie":"4","es":"30","cl_admin":"Départementale","largeur":"5m","gestion":"Conseil Départementale Val-d'Oise","com_conc":"Ermont","com_conid":"95219"},"geometry":{"type":"MultiLineString","coordinates":[[[2.257181,48.993803],[2.255206,48.996121],[2.255077,48.996223],[2.254031,48.997515]]]}},{"type":"Feature","properties":{"tsid":"TS09500253","name":"D203","debut":"fin de la route Route sans nom","fin":"continue route D203 sur 106 m","categorie":"3","es":"100","cl_admin":"Départementale","largeur":"de 7m à 14m","gestion":"Conseil Départementale Val-d'Oise","com_conc":"Neuville-sur-Oise,Cergy","com_conid":"95450,95127"},"geometry":{"type":"MultiLineString","coordinates":[[[2.074284,49.010016],[2.074741,49.012589],[2.074875,49.013795],[2.074861,49.014393],[2.074694,49.015081],[2.074413,49.01568],[2.073683,49.016796],[2.073182,49.017397],[2.072677,49.017841],[2.072092,49.018247],[2.071207,49.018706],[2.066545,49.020913],[2.062136,49.022795],[2.061625,49.02308],[2.061167,49.023423],[2.060892,49.023807],[2.060757,49.024186],[2.060747,49.024398],[2.060816,49.02479],[2.061029,49.025222],[2.061462,49.025704],[2.062104,49.026158],[2.064214,49.027262],[2.069358,49.029808]]]}},{"type":"Feature","properties":{"tsid":"TS09500254","name":"D203","debut":"fin de la route D203","fin":"fin de la route Route sans nom","categorie":"3","es":"100","cl_admin":"Départementale","largeur":"de 7m à 14m","gestion":"Conseil Départementale Val-d'Oise","com_conc":"Neuville-sur-Oise","com_conid":"95450"},"geometry":{"type":"MultiLineString","coordinates":[[[2.074641,49.006379],[2.074323,49.0069]]]}},{"type":"Feature","properties":{"tsid":"TS09501091","name":"D301","debut":"fin de la route D301","fin":"continue route D301 sur 193 m","categorie":"2","es":"250","cl_admin":"Départementale","largeur":"7m","gestion":"Conseil Départementale Val-d'Oise","com_conc":"Champagne-sur-Oise,Mours","com_conid":"95134,95436"},"geometry":{"type":"MultiLineString","coordinates":[[[2.251169,49.143164],[2.255089,49.135435],[2.255391,49.134777],[2.255649,49.134015],[2.255826,49.133098],[2.255939,49.13082],[2.255928,49.130196],[2.255767,49.12924],[2.255308,49.128192]]]}},{"type":"Feature","properties":{"tsid":"TS09500252","name":"D203","debut":"continue route D203 sur 100 m","fin":"fin de la route D203","categorie":"3","es":"100","cl_admin":"Départementale","largeur":"de 7m à 14m","gestion":"Conseil Départementale Val-d'Oise","com_conc":"Neuville-sur-Oise,Cergy","com_conid":"95450,95127"},"geometry":{"type":"MultiLineString","coordinates":[[[2.069172,49.029869],[2.062162,49.026311],[2.059626,49.025073],[2.0594,49.024931],[2.059213,49.024697],[2.059145,49.024527],[2.059151,49.02434],[2.059266,49.024068],[2.059412,49.023912],[2.059817,49.023697],[2.066368,49.020857],[2.071774,49.018297],[2.072561,49.017778],[2.073055,49.017344],[2.073373,49.016989],[2.074261,49.015659],[2.074618,49.014841],[2.074712,49.014372],[2.074694,49.013526],[2.07384,49.008168],[2.073858,49.007758],[2.073975,49.007314],[2.074582,49.006261]]]}},{"type":"Feature","properties":{"tsid":"TS09500655","name":"D203B1","debut":"fin de la route D203","fin":"debut route D203B1","categorie":"3","es":"100","cl_admin":"Départementale","largeur":"4m","gestion":"Conseil Départementale Val-d'Oise","com_conc":"Neuville-sur-Oise","com_conid":"95450"},"geometry":{"type":"MultiLineString","coordinates":[[[2.062169,49.022672],[2.060323,49.023273],[2.059878,49.023378],[2.059166,49.023407],[2.058426,49.0233]]]}},{"type":"Feature","properties":{"tsid":"TS09500311","name":"AV DU MARECHAL JOFFRE","debut":"debut route AV DU MARECHAL JOFFRE","fin":"continue route AV DU MARECHAL JOFFRE sur 13 m","categorie":"4","es":"30","cl_admin":null,"largeur":"5m","gestion":"Probable route communale ou intercommunale","com_conc":"Luzarches","com_conid":"95352"},"geometry":{"type":"MultiLineString","coordinates":[[[2.423045,49.118451],[2.422963,49.118396],[2.422978,49.118321],[2.423155,49.118315],[2.423187,49.118399],[2.423045,49.118451]]]}},{"type":"Feature","properties":{"tsid":"TS09500541","name":"D22","debut":"fin de la route D22","fin":"debut route D22","categorie":"4","es":"30","cl_admin":"Départementale","largeur":"de 3m à 5m","gestion":"Conseil Départementale Val-d'Oise","com_conc":"Épiais-Rhus,Grisy-les-Plâtres","com_conid":"95213,95287"},"geometry":{"type":"MultiLineString","coordinates":[[[2.047962,49.13019],[2.047812,49.130207],[2.047964,49.130426],[2.047991,49.130103],[2.047893,49.130056],[2.047795,49.130075],[2.047754,49.130146],[2.047812,49.130207]],[[2.047938,49.130064],[2.04799,49.129904],[2.047546,49.127232],[2.047534,49.126899],[2.055011,49.111856]],[[2.047964,49.130426],[2.048106,49.130705],[2.048792,49.131168],[2.049166,49.131609],[2.04918,49.131887],[2.049057,49.132448],[2.048947,49.132698]]]}},{"type":"Feature","properties":{"tsid":"TS09500388","name":"D508","debut":"fin de la route D140","fin":"debut route D508","categorie":"4","es":"30","cl_admin":"Départementale","largeur":"5m","gestion":"Conseil Départementale Val-d'Oise","com_conc":"Ermont","com_conid":"95219"},"geometry":{"type":"MultiLineString","coordinates":[[[2.246196,48.981945],[2.247073,48.981578],[2.246287,48.98203]],[[2.247073,48.981578],[2.247663,48.981308],[2.248462,48.981031],[2.249456,48.980788],[2.250562,48.980591],[2.25058,48.980664],[2.250123,48.980677]],[[2.250562,48.980591],[2.250668,48.980539],[2.250794,48.980612],[2.250717,48.980696],[2.25058,48.980664]],[[2.250757,48.980569],[2.251134,48.980572],[2.250784,48.980659]],[[2.252776,48.980412],[2.253156,48.980342],[2.253155,48.980421],[2.252776,48.980412],[2.251134,48.980572]],[[2.253156,48.980342],[2.253294,48.9803],[2.253385,48.980386],[2.253306,48.980456],[2.253155,48.980421]],[[2.253339,48.980317],[2.253827,48.980284],[2.253385,48.980386]],[[2.253827,48.980284],[2.255746,48.979964]]]}},{"type":"Feature","properties":{"tsid":"TS09500778","name":"D208","debut":"fin de la route D208","fin":"fin de la route D209","categorie":"4","es":"30","cl_admin":"Départementale","largeur":"5m","gestion":"Conseil Départementale Val-d'Oise","com_conc":"Arnouville,Gonesse,Sarcelles","com_conid":"95019,95277,95585"},"geometry":{"type":"MultiLineString","coordinates":[[[2.390064,48.98786],[2.390322,48.987547],[2.390094,48.98761],[2.389803,48.987503]],[[2.390322,48.987547],[2.390714,48.987103],[2.391046,48.986812],[2.391652,48.986396],[2.391911,48.986257],[2.39205,48.98626],[2.39208,48.986197],[2.391998,48.986146],[2.391886,48.986189],[2.391911,48.986257]],[[2.392072,48.98618],[2.392846,48.985869],[2.393505,48.985684],[2.396048,48.985217],[2.398873,48.984773],[2.39952,48.984739],[2.400116,48.984787],[2.400637,48.984864],[2.401768,48.985148],[2.40178,48.985214],[2.401841,48.985245],[2.401968,48.985217],[2.401966,48.985143],[2.40186,48.985106],[2.401768,48.985148]],[[2.410764,48.985952],[2.410796,48.985891],[2.410899,48.98587],[2.41099,48.985944],[2.410899,48.986017],[2.410764,48.985952],[2.410444,48.985959],[2.405892,48.985133],[2.404049,48.984847],[2.402789,48.984784],[2.40248,48.984864],[2.401966,48.985143]],[[2.410976,48.985976],[2.411256,48.986051],[2.41262,48.986121],[2.412722,48.986171],[2.412853,48.986106],[2.412735,48.986015],[2.412632,48.986047],[2.41262,48.986121]],[[2.419395,48.985877],[2.419388,48.985825],[2.419456,48.985774],[2.419615,48.985825],[2.419529,48.985917],[2.419395,48.985877],[2.419109,48.985966],[2.416458,48.986186],[2.413345,48.986194],[2.412843,48.986127]],[[2.423852,48.985561],[2.423917,48.985495],[2.424035,48.98551],[2.424058,48.985587],[2.423959,48.985631],[2.423852,48.985561],[2.419921,48.985885],[2.419612,48.985865]],[[2.432151,48.985703],[2.432553,48.985709],[2.432622,48.985738],[2.432563,48.985761],[2.43234,48.985762],[2.432151,48.985703],[2.42739,48.985364],[2.4257,48.985417],[2.424058,48.985532]],[[2.437697,48.986095],[2.432622,48.985738]],[[2.436463,48.986004],[2.436925,48.985968],[2.437823,48.986002]],[[2.437425,48.986339],[2.4374,48.986151],[2.437299,48.986073]]]}},{"type":"Feature","properties":{"tsid":"TS09501049","name":"D209","debut":"fin de la route D125","fin":"séparation de la route en D208,D209,R EMILE ZOLA","categorie":"3","es":"100","cl_admin":"Départementale","largeur":"9m","gestion":"Conseil Départementale Val-d'Oise","com_conc":"Sarcelles","com_conid":"95585"},"geometry":{"type":"MultiLineString","coordinates":[[[2.387253,48.984213],[2.390064,48.98786]]]}},{"type":"Feature","properties":{"tsid":"TS09501130","name":"N104","debut":"fin de la route N104","fin":"fin de la route N104","categorie":"3","es":"100","cl_admin":"Nationale","largeur":"7m","gestion":"DIR Île-de-France","com_conc":"Roissy-en-France","com_conid":"95527"},"geometry":{"type":"MultiLineString","coordinates":[[[2.532638,49.018761],[2.533459,49.02036]]]}},{"type":"Feature","properties":{"tsid":"TS09501090","name":"D301","debut":"fin de la route D301","fin":"debut route D301","categorie":"2","es":"250","cl_admin":"Départementale","largeur":"7m","gestion":"Conseil Départementale Val-d'Oise","com_conc":"Champagne-sur-Oise,Persan","com_conid":"95134,95487"},"geometry":{"type":"MultiLineString","coordinates":[[[2.246128,49.153327],[2.24735,49.150961],[2.247339,49.150862],[2.248722,49.148098]],[[2.24735,49.150961],[2.247444,49.15087],[2.248725,49.148262]]]}},{"type":"Feature","properties":{"tsid":"TS09500539","name":"D22","debut":"fin de la route D22","fin":"fin de la route D22","categorie":"4","es":"30","cl_admin":"Départementale","largeur":"de 3m à 5m","gestion":"Conseil Départementale Val-d'Oise","com_conc":"Boisemont","com_conid":"95074"},"geometry":{"type":"MultiLineString","coordinates":[[[1.99744,49.01782],[1.99736,49.017772],[1.997432,49.017676],[1.997557,49.017694],[1.997586,49.01777],[1.99744,49.01782],[1.997141,49.018713],[1.997121,49.01908],[1.997228,49.019529],[1.997482,49.020112],[1.998193,49.020715]],[[1.997534,49.01768],[1.998021,49.016944],[1.998492,49.016355],[1.998798,49.016024],[1.999001,49.015863],[1.99894,49.015957],[1.998614,49.016329],[1.998371,49.016528]],[[2.000499,49.014314],[2.000786,49.014085],[2.000962,49.013837],[2.000711,49.014033],[2.000499,49.014314],[1.999001,49.015863]],[[2.002936,49.011851],[2.003668,49.011103],[2.003787,49.010921],[2.003689,49.011002],[2.002936,49.011851],[2.000962,49.013837]]]}},{"type":"Feature","properties":{"tsid":"TS09500540","name":"D22","debut":"debut route D22","fin":"fin de la route D22","categorie":"4","es":"30","cl_admin":"Départementale","largeur":"de 3m à 5m","gestion":"Conseil Départementale Val-d'Oise","com_conc":"Boisemont,Courdimanche","com_conid":"95074,95183"},"geometry":{"type":"MultiLineString","coordinates":[[[1.999077,49.028927],[1.999234,49.029053],[1.999227,49.029155],[1.999143,49.029236],[1.998921,49.029276],[1.998777,49.029232],[1.998693,49.029144],[1.998697,49.029046],[1.998901,49.028825],[1.99899,49.028546],[1.999077,49.028927],[1.998843,49.028925]],[[1.99899,49.028546],[1.999372,49.023696]]]}},{"type":"Feature","properties":{"tsid":"TS09501262","name":"CHE D'HERBLAY","debut":"limite commune Herblay-sur-Seine (95306),Pierrelaye (95306)","fin":"limite commune Pierrelaye (95306),Herblay-sur-Seine (95306)","categorie":"4","es":"30","cl_admin":null,"largeur":"5m","gestion":"Probable route communale ou intercommunale","com_conc":"Pierrelaye,Herblay-sur-Seine","com_conid":"95488,95306"},"geometry":{"type":"MultiLineString","coordinates":[[[2.155361,49.005038],[2.15505,49.005485],[2.154894,49.005822],[2.154781,49.006312],[2.154714,49.006899]]]}},{"type":"Feature","properties":{"tsid":"TS09500612","name":"D27","debut":"fin de la route D27","fin":"fin de la route D915","categorie":"3","es":"100","cl_admin":"Départementale","largeur":"7m","gestion":"Conseil Départementale Val-d'Oise","com_conc":"Osny,Ennery","com_conid":"95476,95211"},"geometry":{"type":"MultiLineString","coordinates":[[[2.082779,49.070884],[2.082977,49.071086],[2.085329,49.072674],[2.084829,49.072441],[2.082867,49.071207],[2.082583,49.071077]],[[2.085329,49.072674],[2.085922,49.07296],[2.086421,49.073136],[2.089981,49.073873],[2.090288,49.073874],[2.090216,49.073947],[2.09022,49.074095],[2.089952,49.073943],[2.086817,49.073276],[2.08625,49.073085]],[[2.090288,49.073874],[2.090517,49.073814],[2.090701,49.073859],[2.090782,49.07392],[2.090858,49.074122],[2.091258,49.074419],[2.090803,49.074214],[2.090456,49.074217],[2.09022,49.074095]],[[2.090812,49.074052],[2.090665,49.074196]],[[2.091258,49.074419],[2.092122,49.074987],[2.094096,49.076917],[2.097831,49.079953],[2.098457,49.080609],[2.100288,49.08277],[2.101617,49.084521],[2.102167,49.085057],[2.102627,49.085362],[2.103599,49.085744],[2.104622,49.08594],[2.105344,49.085963],[2.110199,49.085737],[2.11098,49.085791],[2.11205,49.086002],[2.112761,49.086043]],[[2.112695,49.086227],[2.11205,49.086002]]]}},{"type":"Feature","properties":{"tsid":"TS09500460","name":"D301","debut":"séparation de la route en D301,D311","fin":"fin de la route D301","categorie":"4","es":"30","cl_admin":"Départementale","largeur":"7m","gestion":"Conseil Départementale Val-d'Oise","com_conc":"Groslay","com_conid":"95288"},"geometry":{"type":"MultiLineString","coordinates":[[[2.361992,48.985027],[2.361737,48.985116],[2.361452,48.985063]]]}},{"type":"Feature","properties":{"tsid":"TS09500310","name":"D301","debut":"debut route D301","fin":"limite commune Attainville (95028),Montsoult (95028)","categorie":"5","es":"10","cl_admin":"Départementale","largeur":"7m","gestion":"Conseil Départementale Val-d'Oise","com_conc":"Attainville","com_conid":"95028"},"geometry":{"type":"MultiLineString","coordinates":[[[2.32927,49.066368],[2.3294,49.066394]]]}},{"type":"Feature","properties":{"tsid":"TS09501092","name":"D301","debut":"séparation de la route en D301,D301F1","fin":"séparation de la route en D301,D301H2","categorie":"2","es":"250","cl_admin":"Départementale","largeur":"7m","gestion":"Conseil Départementale Val-d'Oise","com_conc":"Mours,Champagne-sur-Oise","com_conid":"95436,95134"},"geometry":{"type":"MultiLineString","coordinates":[[[2.25558,49.128523],[2.255934,49.129525],[2.256026,49.130482],[2.255918,49.133001],[2.25582,49.133678],[2.255652,49.134341],[2.255561,49.134622],[2.254701,49.136396],[2.251315,49.143095]]]}},{"type":"Feature","properties":{"tsid":"TS09501095","name":"D301","debut":"limite commune Saint-Brice-sous-Forêt (95539),Piscop (95539)","fin":"séparation de la route en D125,D301","categorie":"2","es":"250","cl_admin":"Départementale","largeur":"7m","gestion":"Conseil Départementale Val-d'Oise","com_conc":"Saint-Brice-sous-Forêt","com_conid":"95539"},"geometry":{"type":"MultiLineString","coordinates":[[[2.352092,49.013688],[2.352309,49.011064],[2.352387,49.010624],[2.352589,49.009877],[2.353031,49.008843],[2.353625,49.007892],[2.354291,49.007084],[2.355081,49.006334],[2.356908,49.004851],[2.357704,49.004052],[2.358493,49.002987],[2.359049,49.001901],[2.360576,48.997571],[2.360878,48.996508],[2.36097,48.995964],[2.361015,48.995049],[2.360891,48.994006],[2.360182,48.991709]]]}},{"type":"Feature","properties":{"tsid":"TS09501093","name":"D301","debut":"limite commune Moisselles (95409),Baillet-en-France (95409)","fin":"limite commune Piscop (95489),Saint-Brice-sous-Forêt (95489)","categorie":"2","es":"250","cl_admin":"Départementale","largeur":"7m","gestion":"Conseil Départementale Val-d'Oise","com_conc":"Moisselles,Ézanville,Domont,Piscop","com_conid":"95409,95229,95199,95489"},"geometry":{"type":"MultiLineString","coordinates":[[[2.330272,49.050989],[2.330496,49.050156],[2.331036,49.049031],[2.33178,49.048082],[2.332667,49.047232],[2.33313,49.046873],[2.333902,49.046372],[2.341569,49.041726],[2.342241,49.041201],[2.342996,49.04052],[2.343646,49.039781],[2.344203,49.038998],[2.344805,49.037783],[2.345551,49.035548],[2.345825,49.03452],[2.347222,49.028481],[2.347382,49.027981],[2.348026,49.02652],[2.351002,49.021012],[2.351274,49.020401],[2.351467,49.019824],[2.351661,49.018803],[2.352089,49.013766]]]}},{"type":"Feature","properties":{"tsid":"TS09500959","name":"R DE PARIS","debut":"séparation de la route en D14,Route sans nom","fin":"debut route R DE PARIS","categorie":"3","es":"100","cl_admin":null,"largeur":"7m","gestion":"Probable route communale ou intercommunale","com_conc":"Saint-Ouen-l'Aumône","com_conid":"95572"},"geometry":{"type":"MultiLineString","coordinates":[[[2.121226,49.036373],[2.122258,49.035845],[2.121352,49.036456]],[[2.122258,49.035845],[2.122707,49.035589],[2.122846,49.035402],[2.123047,49.035484],[2.122675,49.035701],[2.122258,49.035845]],[[2.122846,49.035402],[2.122828,49.035287],[2.12287,49.035234],[2.123097,49.035167],[2.123313,49.035261],[2.123304,49.035401],[2.123169,49.035479],[2.122707,49.035589]],[[2.123156,49.035174],[2.123356,49.035156],[2.123684,49.035016],[2.123324,49.03537]],[[2.123684,49.035016],[2.126842,49.033125],[2.127674,49.032675],[2.133906,49.028027]]]}},{"type":"Feature","properties":{"tsid":"TS09500550","name":"R DE PARIS","debut":"fin de la route AV GEORGES CLEMENCEAU","fin":"continue route R DE PARIS sur 96 m","categorie":"4","es":"30","cl_admin":null,"largeur":"5m","gestion":"Probable route communale ou intercommunale","com_conc":"Viarmes","com_conid":"95652"},"geometry":{"type":"MultiLineString","coordinates":[[[2.368218,49.124403],[2.368748,49.124579],[2.369553,49.124977],[2.369847,49.125458],[2.369868,49.125994]]]}},{"type":"Feature","properties":{"tsid":"TS09501053","name":"R DE PARIS","debut":"debut route R DE PARIS","fin":"séparation de la route en D370,D84","categorie":"4","es":"30","cl_admin":null,"largeur":"de 3m à 5m","gestion":"Probable route communale ou intercommunale","com_conc":"Gonesse","com_conid":"95277"},"geometry":{"type":"MultiLineString","coordinates":[[[2.440486,48.984308],[2.441159,48.984412],[2.440385,48.984392]],[[2.441159,48.984412],[2.442868,48.984595],[2.444463,48.984641],[2.444875,48.984711],[2.446083,48.985071],[2.447532,48.985942],[2.448531,48.986252],[2.449286,48.986421],[2.452117,48.986719],[2.452859,48.98673],[2.453937,48.986617],[2.457121,48.985934],[2.459295,48.985384]],[[2.459365,48.985563],[2.457121,48.985934]]]}},{"type":"Feature","properties":{"tsid":"TS09500679","name":"D28","debut":"fin de la route D28","fin":"limite départementale","categorie":"2","es":"250","cl_admin":"Départementale","largeur":"de 5m à 7m","gestion":"Conseil Départementale Val-d'Oise","com_conc":"Sagy,Ableiges,Tessancourt-sur-Aubette,Condécourt","com_conid":"95535,95002,78609,95170"},"geometry":{"type":"MultiLineString","coordinates":[[[1.930032,49.029441],[1.930418,49.029612],[1.930009,49.029461]],[[1.955239,49.046402],[1.955701,49.04816],[1.955635,49.048415],[1.955792,49.048309],[1.956058,49.048329],[1.955911,49.048178],[1.955787,49.047936],[1.954801,49.045134],[1.954479,49.044602],[1.954166,49.044215],[1.953444,49.043573],[1.952443,49.042951],[1.951097,49.042412],[1.950167,49.042187],[1.947678,49.041898],[1.94675,49.04171],[1.945211,49.041186],[1.944283,49.0407],[1.9439,49.040442],[1.943068,49.039727],[1.938949,49.034376],[1.938182,49.033636],[1.935231,49.031609],[1.934462,49.031164],[1.933687,49.030828],[1.930418,49.029612]],[[1.955635,49.048415],[1.955635,49.048551],[1.95572,49.048639],[1.956016,49.048649],[1.956165,49.048524],[1.956168,49.048446],[1.956058,49.048329]],[[1.95572,49.048639],[1.955917,49.048894],[1.956161,49.049702],[1.956555,49.050504],[1.956099,49.04889],[1.956084,49.048688],[1.956134,49.04858]],[[1.956555,49.050504],[1.956883,49.051316],[1.957248,49.05191],[1.957751,49.052542],[1.958517,49.053273],[1.960666,49.054796],[1.961306,49.055359],[1.961687,49.055756],[1.962127,49.056318],[1.962454,49.056857],[1.96266,49.057319],[1.962857,49.057959],[1.962946,49.058473],[1.96297,49.058942],[1.962916,49.059573],[1.962804,49.060056],[1.96262,49.060548],[1.961877,49.062216],[1.961761,49.062915],[1.961826,49.06377],[1.96179,49.064139],[1.961687,49.064495],[1.961301,49.065326],[1.961237,49.06598],[1.961353,49.066364],[1.961557,49.066715],[1.963456,49.069037],[1.963533,49.06929],[1.963519,49.069687],[1.96357,49.069971],[1.963259,49.069954],[1.963369,49.069703],[1.963409,49.069294],[1.963285,49.068934],[1.963053,49.068546]],[[1.963469,49.070381],[1.963653,49.070308],[1.963719,49.070212],[1.963883,49.070359],[1.964394,49.070604],[1.963768,49.070411],[1.963278,49.070372],[1.963124,49.070308],[1.963055,49.070218],[1.96306,49.07011],[1.963123,49.070017],[1.963259,49.069954]],[[1.96357,49.069971],[1.963693,49.070063],[1.963719,49.070212]],[[1.964394,49.070604],[1.964575,49.070703],[1.96531,49.071429]]]}},{"type":"Feature","properties":{"tsid":"TS09501269","name":"D28","debut":"fin de la route D28","fin":"fin de la route D28","categorie":"4","es":"30","cl_admin":"Départementale","largeur":"5m","gestion":"Conseil Départementale Val-d'Oise","com_conc":"Marines","com_conid":"95370"},"geometry":{"type":"MultiLineString","coordinates":[[[1.98649,49.137863],[1.986824,49.137691],[1.98663,49.137586],[1.98649,49.137863],[1.982359,49.141556],[1.980856,49.142843],[1.980271,49.143455]],[[1.98663,49.137586],[1.986628,49.137456],[1.98673,49.137373],[1.986932,49.137347],[1.987068,49.137396],[1.98714,49.137486],[1.987125,49.137587],[1.987026,49.137666],[1.986824,49.137691]]]}},{"type":"Feature","properties":{"tsid":"TS09500034","name":"D301","debut":"séparation de la route en A16,D301E5","fin":"limite commune Moisselles (95409),Baillet-en-France (95409)","categorie":"1","es":"300","cl_admin":"Départementale","largeur":"7m","gestion":"Conseil Départementale Val-d'Oise","com_conc":"Baillet-en-France,Moisselles","com_conid":"95042,95409"},"geometry":{"type":"MultiLineString","coordinates":[[[2.331438,49.059892],[2.331714,49.059095],[2.331863,49.058379],[2.33191,49.057796],[2.331854,49.057026],[2.331569,49.055878],[2.330586,49.053694],[2.330378,49.05309],[2.330255,49.052513],[2.330197,49.051925],[2.330272,49.050989]]]}},{"type":"Feature","properties":{"tsid":"TS09500457","name":"D301","debut":"limite commune Piscop (95489),Saint-Brice-sous-Forêt (95489)","fin":"limite commune Saint-Brice-sous-Forêt (95489),Piscop (95489)","categorie":"4","es":"30","cl_admin":"Départementale","largeur":"7m","gestion":"Conseil Départementale Val-d'Oise","com_conc":"Saint-Brice-sous-Forêt,Piscop","com_conid":"95539,95489"},"geometry":{"type":"MultiLineString","coordinates":[[[2.352089,49.013766],[2.352092,49.013688]]]}},{"type":"Feature","properties":{"tsid":"TS09500036","name":"R DE PONTOISE","debut":"debut route R DE PONTOISE","fin":"debut route R DE PONTOISE","categorie":"4","es":"30","cl_admin":null,"largeur":"de 3m à 5m","gestion":"Probable route communale ou intercommunale","com_conc":"Bezons","com_conid":"95063"},"geometry":{"type":"MultiLineString","coordinates":[[[2.219266,48.923424],[2.219899,48.922875],[2.219897,48.922733],[2.219817,48.922622]],[[2.219899,48.922875],[2.220055,48.922722]]]}},{"type":"Feature","properties":{"tsid":"TS09501129","name":"N104","debut":"fin de la route N104","fin":"fin de la route N104","categorie":"3","es":"100","cl_admin":"Nationale","largeur":"7m","gestion":"DIR Île-de-France","com_conc":"Roissy-en-France","com_conid":"95527"},"geometry":{"type":"MultiLineString","coordinates":[[[2.53217,49.017834],[2.532397,49.018274]]]}},{"type":"Feature","properties":{"tsid":"TS09500924","name":"AV DU MARECHAL PIERRE KOENIG","debut":"fin de la route BD MARECHAL DE LATTRE DE TASSIGNY","fin":"debut route AV DU MARECHAL PIERRE KOENIG","categorie":"4","es":"30","cl_admin":null,"largeur":"5m","gestion":"Probable route communale ou intercommunale","com_conc":"Sarcelles","com_conid":"95585"},"geometry":{"type":"MultiLineString","coordinates":[[[2.378614,48.981122],[2.383558,48.981025],[2.388155,48.980542]]]}},{"type":"Feature","properties":{"tsid":"TS09501094","name":"D301","debut":"Intersection D125,D301,Route sans nom","fin":"fin de la route D301","categorie":"2","es":"250","cl_admin":"Départementale","largeur":"7m","gestion":"Conseil Départementale Val-d'Oise","com_conc":"Baillet-en-France,Piscop,Moisselles,Domont,Ézanville,Saint-Brice-sous-Forêt","com_conid":"95042,95489,95409,95199,95229,95539"},"geometry":{"type":"MultiLineString","coordinates":[[[2.360319,48.99166],[2.360887,48.993459],[2.361032,48.994001],[2.361102,48.994577],[2.361134,48.995103],[2.361075,48.996121],[2.360686,48.997615],[2.359162,49.001937],[2.358839,49.002607],[2.358428,49.00331],[2.357875,49.004008],[2.357224,49.004694],[2.355207,49.006344],[2.354347,49.007181],[2.35352,49.008237],[2.353197,49.008768],[2.352788,49.009667],[2.352589,49.010312],[2.352439,49.011046],[2.351819,49.018416],[2.351744,49.019112],[2.351583,49.019846],[2.351121,49.021027],[2.348037,49.026769],[2.347502,49.028006],[2.347276,49.028746],[2.345662,49.03563],[2.345218,49.037022],[2.344689,49.038354],[2.344063,49.039409],[2.34361,49.040003],[2.342586,49.041049],[2.341852,49.041632],[2.340905,49.042266],[2.333621,49.046672],[2.333017,49.047094],[2.33237,49.047632],[2.331496,49.048577],[2.330983,49.04936],[2.330656,49.050046],[2.33048,49.050588],[2.330367,49.051206]]]}},{"type":"Feature","properties":{"tsid":"TS09500206","name":"D301","debut":"limite commune Persan (95134),Champagne-sur-Oise (95134)","fin":"séparation de la route en D301,D301H3","categorie":"3","es":"100","cl_admin":"Départementale","largeur":"7m","gestion":"Conseil Départementale Val-d'Oise","com_conc":"Champagne-sur-Oise","com_conid":"95134"},"geometry":{"type":"MultiLineString","coordinates":[[[2.248722,49.148098],[2.251169,49.143164]]]}},{"type":"Feature","properties":{"tsid":"TS09500207","name":"D301","debut":"fin de la route D301","fin":"fin de la route D4B1","categorie":"3","es":"100","cl_admin":"Départementale","largeur":"7m","gestion":"Conseil Départementale Val-d'Oise","com_conc":"Persan,Champagne-sur-Oise","com_conid":"95487,95134"},"geometry":{"type":"MultiLineString","coordinates":[[[2.251315,49.143095],[2.248725,49.148262]]]}},{"type":"Feature","properties":{"tsid":"TS09500208","name":"D301","debut":"limite commune Mours (95436),L'Isle-Adam (95436)","fin":"continue route D301 sur 193 m","categorie":"3","es":"100","cl_admin":"Départementale","largeur":"7m","gestion":"Conseil Départementale Val-d'Oise","com_conc":"Mours","com_conid":"95436"},"geometry":{"type":"MultiLineString","coordinates":[[[2.253001,49.126279],[2.254248,49.127034],[2.254528,49.127252],[2.255002,49.127751],[2.255308,49.128192]]]}},{"type":"Feature","properties":{"tsid":"TS09500209","name":"D301","debut":"continue route D301 sur 314 m","fin":"fin de la route D301","categorie":"3","es":"100","cl_admin":"Départementale","largeur":"7m","gestion":"Conseil Départementale Val-d'Oise","com_conc":"Mours","com_conid":"95436"},"geometry":{"type":"MultiLineString","coordinates":[[[2.254035,49.125892],[2.254497,49.126757],[2.25558,49.128523]]]}},{"type":"Feature","properties":{"tsid":"TS09500686","name":"D301A3","debut":"fin de la route D301","fin":"debut route D301A3","categorie":"4","es":"30","cl_admin":"Départementale","largeur":"4m","gestion":"Conseil Départementale Val-d'Oise","com_conc":"Saint-Brice-sous-Forêt","com_conid":"95539"},"geometry":{"type":"MultiLineString","coordinates":[[[2.353031,49.008843],[2.353367,49.008051],[2.353685,49.007504],[2.353992,49.007111],[2.354951,49.006151],[2.354975,49.006028],[2.354833,49.005841]],[[2.354956,49.00614],[2.355271,49.005884]]]}},{"type":"Feature","properties":{"tsid":"TS09500551","name":"D301C2","debut":"fin de la route D370","fin":"fin de la route D301","categorie":"5","es":"10","cl_admin":"Départementale","largeur":"4m","gestion":"Conseil Départementale Val-d'Oise","com_conc":"Ézanville","com_conid":"95229"},"geometry":{"type":"MultiLineString","coordinates":[[[2.346457,49.034287],[2.34575,49.035615],[2.345329,49.036875],[2.345127,49.037257]]]}},{"type":"Feature","properties":{"tsid":"TS09500385","name":"D301C3","debut":"fin de la route D370","fin":"fin de la route D301","categorie":"5","es":"10","cl_admin":"Départementale","largeur":"4m","gestion":"Conseil Départementale Val-d'Oise","com_conc":"Ézanville","com_conid":"95229"},"geometry":{"type":"MultiLineString","coordinates":[[[2.345565,49.034232],[2.3455,49.035234],[2.345354,49.036196]]]}},{"type":"Feature","properties":{"tsid":"TS09500169","name":"D308","debut":"fin de la route D308","fin":"fin de la route D308","categorie":"3","es":"100","cl_admin":"Départementale","largeur":"7m","gestion":"Conseil Départementale Val-d'Oise","com_conc":"Bezons","com_conid":"95063"},"geometry":{"type":"MultiLineString","coordinates":[[[2.217591,48.922493],[2.212741,48.923123],[2.208671,48.923565],[2.208008,48.923497],[2.207181,48.92377],[2.205006,48.924017]],[[2.219257,48.921514],[2.217818,48.922583],[2.212846,48.923171],[2.207181,48.92377]]]}},{"type":"Feature","properties":{"tsid":"TS09501267","name":"D311","debut":"séparation de la route en D311,D311B1","fin":"Intersection D311,Route sans nom","categorie":"2","es":"250","cl_admin":"Départementale","largeur":"7m","gestion":"Conseil Départementale Val-d'Oise","com_conc":"Argenteuil","com_conid":"95018"},"geometry":{"type":"MultiLineString","coordinates":[[[2.25733,48.942836],[2.258979,48.943688],[2.259911,48.944105],[2.263888,48.945556],[2.268664,48.947469],[2.269644,48.947783],[2.274805,48.949072],[2.275607,48.949384],[2.276026,48.949636],[2.276462,48.950011],[2.276744,48.950355],[2.276934,48.950783],[2.277012,48.951378],[2.276874,48.953268]]]}},{"type":"Feature","properties":{"tsid":"TS09500386","name":"D508","debut":"séparation de la route en D405","fin":"fin de la route D508","categorie":"4","es":"30","cl_admin":"Départementale","largeur":"5m","gestion":"Conseil Départementale Val-d'Oise","com_conc":"Franconville","com_conid":"95252"},"geometry":{"type":"MultiLineString","coordinates":[[[2.222978,48.992151],[2.223149,48.992179]]]}},{"type":"Feature","properties":{"tsid":"TS09500210","name":"D301","debut":"debut route D301","fin":"séparation de la route en D301,D9","categorie":"3","es":"100","cl_admin":"Départementale","largeur":"7m","gestion":"Conseil Départementale Val-d'Oise","com_conc":"Attainville,Baillet-en-France,Montsoult","com_conid":"95028,95042,95430"},"geometry":{"type":"MultiLineString","coordinates":[[[2.32726,49.063763],[2.327785,49.063661],[2.327296,49.063612],[2.327324,49.063684],[2.32726,49.063763],[2.327046,49.063761],[2.326967,49.06364],[2.327239,49.063361],[2.327296,49.063612],[2.327194,49.063556],[2.327068,49.063561]],[[2.327554,49.062615],[2.327916,49.06193],[2.327641,49.061893],[2.327708,49.062025],[2.327694,49.062251],[2.327239,49.063361]],[[2.327641,49.061893],[2.327536,49.061773],[2.327563,49.061655],[2.32786,49.061499],[2.328148,49.061241],[2.328022,49.061462],[2.328036,49.061608],[2.327738,49.06156]],[[2.3289,49.066668],[2.3289,49.066544],[2.329035,49.066379],[2.329076,49.065927],[2.329472,49.064535],[2.329522,49.063963],[2.329382,49.063766],[2.329004,49.063613],[2.328567,49.063595],[2.327785,49.063661]],[[2.328036,49.061608],[2.328116,49.061776],[2.328033,49.061882],[2.327916,49.06193]],[[2.328148,49.061241],[2.328619,49.060987],[2.329969,49.060699],[2.330519,49.060636],[2.331771,49.060602],[2.332345,49.060623],[2.332546,49.060682],[2.332493,49.060596],[2.332518,49.060489],[2.332226,49.060565],[2.331771,49.060602]],[[2.329062,49.066082],[2.329151,49.06627],[2.32927,49.066368],[2.329005,49.066438]],[[2.33168,49.05585],[2.331877,49.056325],[2.332108,49.057275],[2.332126,49.05871],[2.332202,49.05922],[2.332595,49.060137],[2.332838,49.060373],[2.332656,49.060391],[2.332518,49.060489]],[[2.332838,49.060373],[2.332968,49.060409],[2.333075,49.060508],[2.333085,49.0606],[2.33303,49.060685],[2.332787,49.060764],[2.332546,49.060682]],[[2.333734,49.060541],[2.333241,49.060597],[2.333049,49.060664]]]}},{"type":"Feature","properties":{"tsid":"TS09500211","name":"D301","debut":"fin de la route D301","fin":"Intersection D301,Route sans nom","categorie":"3","es":"100","cl_admin":"Départementale","largeur":"7m","gestion":"Conseil Départementale Val-d'Oise","com_conc":"Attainville","com_conid":"95028"},"geometry":{"type":"MultiLineString","coordinates":[[[2.334116,49.064998],[2.334292,49.06492],[2.334546,49.064979],[2.334628,49.06511],[2.334504,49.065261]]]}},{"type":"Feature","properties":{"tsid":"TS09500213","name":"D301","debut":"séparation de la route en D125,D301","fin":"fin de la route D301","categorie":"3","es":"100","cl_admin":"Départementale","largeur":"7m","gestion":"Conseil Départementale Val-d'Oise","com_conc":"Groslay,Saint-Brice-sous-Forêt","com_conid":"95288,95539"},"geometry":{"type":"MultiLineString","coordinates":[[[2.360279,48.991597],[2.360114,48.990989],[2.360035,48.990281],[2.360045,48.989707],[2.360152,48.989007],[2.360462,48.988074],[2.361637,48.98523],[2.36185,48.985097]]]}},{"type":"Feature","properties":{"tsid":"TS09501178","name":"R DE PUISEUX","debut":"fin de la route Route sans nom","fin":"fin de la route Route sans nom","categorie":"4","es":"30","cl_admin":null,"largeur":"5m","gestion":"Probable route communale ou intercommunale","com_conc":"Courdimanche","com_conid":"95183"},"geometry":{"type":"MultiLineString","coordinates":[[[2.001517,49.038698],[2.001589,49.038943]]]}},{"type":"Feature","properties":{"tsid":"TS09501177","name":"R DE PUISEUX","debut":"fin de la route Route sans nom","fin":"fin de la route R RAYMOND BERRIVIN","categorie":"4","es":"30","cl_admin":null,"largeur":"5m","gestion":"Probable route communale ou intercommunale","com_conc":"Courdimanche","com_conid":"95183"},"geometry":{"type":"MultiLineString","coordinates":[[[1.999692,49.036831],[1.99932,49.036051]]]}},{"type":"Feature","properties":{"tsid":"TS09500561","name":"R DE ROUEN","debut":"debut route R DE ROUEN","fin":"fin de la route D92E","categorie":"4","es":"30","cl_admin":null,"largeur":"5m","gestion":"Probable route communale ou intercommunale","com_conc":"Pontoise","com_conid":"95500"},"geometry":{"type":"MultiLineString","coordinates":[[[2.09176,49.049767],[2.089893,49.04969],[2.087504,49.049347],[2.087226,49.049463],[2.086624,49.04991],[2.086356,49.050044]]]}},{"type":"Feature","properties":{"tsid":"TS09500212","name":"D301","debut":"séparation de la route en D125,D301","fin":"fin de la route D301","categorie":"3","es":"100","cl_admin":"Départementale","largeur":"7m","gestion":"Conseil Départementale Val-d'Oise","com_conc":"Montmagny,Sarcelles,Saint-Brice-sous-Forêt,Groslay","com_conid":"95427,95585,95539,95288"},"geometry":{"type":"MultiLineString","coordinates":[[[2.360153,48.991639],[2.359982,48.991034],[2.359901,48.990509],[2.359938,48.989433],[2.360268,48.9883],[2.361493,48.985196],[2.361477,48.985093],[2.361354,48.984943],[2.361345,48.984808],[2.361407,48.984719],[2.361697,48.984575],[2.361785,48.984483],[2.365498,48.975222],[2.365772,48.974399]],[[2.361519,48.984653],[2.361782,48.984623],[2.361987,48.984703],[2.362081,48.984847],[2.361992,48.985027]],[[2.365956,48.974419],[2.362296,48.983536],[2.361926,48.984509],[2.361987,48.984703]]]}},{"type":"Feature","properties":{"tsid":"TS09500461","name":"D301","debut":"séparation de la route en D301,Route sans nom","fin":"limite commune Pierrefitte-sur-Seine (95427),Sarcelles (95427)","categorie":"4","es":"30","cl_admin":"Départementale","largeur":"7m","gestion":"Conseil Départementale Val-d'Oise","com_conc":"Montmagny,Pierrefitte-sur-Seine,Sarcelles","com_conid":"95427,93059,95585"},"geometry":{"type":"MultiLineString","coordinates":[[[2.365772,48.974399],[2.365868,48.973974]]]}},{"type":"Feature","properties":{"tsid":"TS09500458","name":"D301","debut":"séparation de la route en D125,D301","fin":"séparation de la route en D125,D301","categorie":"4","es":"30","cl_admin":"Départementale","largeur":"7m","gestion":"Conseil Départementale Val-d'Oise","com_conc":"Saint-Brice-sous-Forêt","com_conid":"95539"},"geometry":{"type":"MultiLineString","coordinates":[[[2.360182,48.991709],[2.360153,48.991639]]]}},{"type":"Feature","properties":{"tsid":"TS09500462","name":"D301","debut":"séparation de la route en D316,D931","fin":"fin de la route D316","categorie":"4","es":"30","cl_admin":"Départementale","largeur":"7m","gestion":"Conseil Départementale Val-d'Oise","com_conc":"Sarcelles","com_conid":"95585"},"geometry":{"type":"MultiLineString","coordinates":[[[2.366009,48.974302],[2.365956,48.974419]]]}},{"type":"Feature","properties":{"tsid":"TS09500456","name":"D301","debut":"Intersection D301,Route sans nom","fin":"Intersection D301,Route sans nom,RTE DE PARIS A CALAIS","categorie":"4","es":"30","cl_admin":"Départementale","largeur":"7m","gestion":"Conseil Départementale Val-d'Oise","com_conc":"Montsoult","com_conid":"95430"},"geometry":{"type":"MultiLineString","coordinates":[[[2.329152,49.066838],[2.328994,49.066778],[2.3289,49.066668]]]}},{"type":"Feature","properties":{"tsid":"TS09501266","name":"D311","debut":"Intersection D311,Route sans nom","fin":"séparation de la route en BD HELOISE,D311","categorie":"2","es":"250","cl_admin":"Départementale","largeur":"7m","gestion":"Conseil Départementale Val-d'Oise","com_conc":"Argenteuil","com_conid":"95018"},"geometry":{"type":"MultiLineString","coordinates":[[[2.275441,48.955661],[2.276106,48.954824],[2.276476,48.954195],[2.276689,48.953593],[2.276787,48.952856],[2.276867,48.951367],[2.276787,48.950793],[2.276669,48.950499],[2.27646,48.950191],[2.275943,48.949725],[2.275428,48.94942],[2.274671,48.949139],[2.269971,48.947959],[2.268707,48.947592],[2.264375,48.945842],[2.25969,48.944098],[2.25869,48.943648],[2.256651,48.942588]]]}},{"type":"Feature","properties":{"tsid":"TS09500248","name":"D311","debut":"debut route D311","fin":"séparation de la route en D311,D41","categorie":"3","es":"100","cl_admin":"Départementale","largeur":"5m","gestion":"Conseil Départementale Val-d'Oise","com_conc":"Argenteuil,Épinay-sur-Seine","com_conid":"95018,93031"},"geometry":{"type":"MultiLineString","coordinates":[[[2.276066,48.955741],[2.276065,48.955642],[2.27612,48.955586],[2.276354,48.955557],[2.276474,48.955622],[2.276502,48.955709],[2.276403,48.955817],[2.276278,48.955838],[2.276168,48.955821],[2.275935,48.955675],[2.275252,48.955499]],[[2.276445,48.955597],[2.276716,48.955677],[2.279902,48.956162],[2.280373,48.956271],[2.279933,48.956272],[2.276912,48.955823],[2.276357,48.955832]],[[2.276519,48.95511],[2.276544,48.955368],[2.27662,48.955524],[2.276748,48.955635],[2.277013,48.95572]],[[2.277186,48.955866],[2.277985,48.955941],[2.278284,48.95591]],[[2.288573,48.957943],[2.287903,48.957554],[2.287067,48.957276],[2.282277,48.956526],[2.280373,48.956271]]]}},{"type":"Feature","properties":{"tsid":"TS09501123","name":"D317D2","debut":"fin de la route D902A","fin":"limite commune Goussainville (95527),Roissy-en-France (95527)","categorie":"2","es":"250","cl_admin":"Départementale","largeur":"4m","gestion":"Conseil Départementale Val-d'Oise","com_conc":"Roissy-en-France","com_conid":"95527"},"geometry":{"type":"MultiLineString","coordinates":[[[2.493879,49.010025],[2.493661,49.010098],[2.492473,49.010823],[2.49221,49.011065],[2.492061,49.011359],[2.492048,49.011706],[2.492183,49.012327],[2.492665,49.013891]]]}},{"type":"Feature","properties":{"tsid":"TS09501122","name":"R PAUL VAILLANT COUTURIER","debut":"Intersection R DE DIANE,R PAUL VAILLANT COUTURIER","fin":"séparation de la route en BD MAURICE BERTEAUX,R DU DOCTEUR LERAY,Route sans nom","categorie":"3","es":"100","cl_admin":null,"largeur":"5m","gestion":"Probable route communale ou intercommunale","com_conc":"Argenteuil","com_conid":"95018"},"geometry":{"type":"MultiLineString","coordinates":[[[2.254905,48.946785],[2.255806,48.947413],[2.255944,48.947648],[2.255878,48.947807]]]}},{"type":"Feature","properties":{"tsid":"TS09500247","name":"D311","debut":"séparation de la route en D311,D392A1","fin":"debut route D311","categorie":"3","es":"100","cl_admin":"Départementale","largeur":"5m","gestion":"Conseil Départementale Val-d'Oise","com_conc":"Argenteuil,Bezons","com_conid":"95018,95063"},"geometry":{"type":"MultiLineString","coordinates":[[[2.220169,48.922597],[2.220209,48.922502],[2.220172,48.92241],[2.219546,48.922135],[2.218599,48.921559],[2.21846,48.921444],[2.218174,48.92106],[2.218064,48.92099],[2.217764,48.920972],[2.217405,48.921188],[2.217271,48.921222],[2.217714,48.920908],[2.217943,48.920883],[2.218245,48.920986],[2.218558,48.921403],[2.218844,48.921632],[2.219604,48.922066],[2.220776,48.922569],[2.221193,48.92283],[2.22105,48.922988],[2.220659,48.922758],[2.220403,48.922538]],[[2.256651,48.942588],[2.255383,48.941817],[2.252695,48.940363],[2.24563,48.936929],[2.244519,48.936262],[2.242681,48.934936],[2.239871,48.933136],[2.232242,48.92945],[2.229758,48.927931],[2.227821,48.926901],[2.224847,48.925079],[2.22105,48.922988],[2.220875,48.92304]],[[2.221193,48.92283],[2.224023,48.924427],[2.227704,48.926719],[2.229864,48.927873],[2.232308,48.929379],[2.234729,48.930488],[2.237506,48.931897],[2.240765,48.933422],[2.244619,48.936191],[2.245629,48.9368],[2.252932,48.94037],[2.255709,48.941882],[2.25733,48.942836]]]}},{"type":"Feature","properties":{"tsid":"TS09500805","name":"D311","debut":"fin de la route R DU GENERAL DE GAULLE","fin":"limite commune Deuil-la-Barre (95210),Enghien-les-Bains (95210)","categorie":"4","es":"30","cl_admin":"Départementale","largeur":"de 3m à 5m","gestion":"Conseil Départementale Val-d'Oise","com_conc":"Enghien-les-Bains,Deuil-la-Barre","com_conid":"95210,95197"},"geometry":{"type":"MultiLineString","coordinates":[[[2.308413,48.971649],[2.308563,48.97162],[2.309652,48.970813],[2.309825,48.970607]]]}},{"type":"Feature","properties":{"tsid":"TS09500802","name":"D311","debut":"séparation de la route en D311,D392A1","fin":"fin de la route D311","categorie":"4","es":"30","cl_admin":"Départementale","largeur":"de 3m à 5m","gestion":"Conseil Départementale Val-d'Oise","com_conc":"Bezons","com_conid":"95063"},"geometry":{"type":"MultiLineString","coordinates":[[[2.220403,48.922538],[2.220172,48.92241]]]}},{"type":"Feature","properties":{"tsid":"TS09500791","name":"D4Z","debut":"fin de la route D4Z","fin":"fin de la route D78","categorie":"4","es":"30","cl_admin":"Départementale","largeur":"5m","gestion":"Conseil Départementale Val-d'Oise","com_conc":"Bernes-sur-Oise,Persan","com_conid":"95058,95487"},"geometry":{"type":"MultiLineString","coordinates":[[[2.271976,49.153255],[2.27262,49.153568],[2.271867,49.153345]],[[2.27262,49.153568],[2.274736,49.154489],[2.277222,49.155115],[2.279249,49.155819],[2.280023,49.156187],[2.281355,49.15693],[2.28186,49.157138],[2.282596,49.157243],[2.28418,49.1572],[2.284572,49.157232],[2.288484,49.157831],[2.289958,49.15871],[2.29288,49.159976],[2.293671,49.160271],[2.294659,49.160427]]]}},{"type":"Feature","properties":{"tsid":"TS09500469","name":"D316","debut":"debut route D316","fin":"séparation de la route en D316,Route sans nom","categorie":"3","es":"100","cl_admin":"Départementale","largeur":"de 3m à 9m","gestion":"Conseil Départementale Val-d'Oise","com_conc":"Mareil-en-France,Le Mesnil-Aubry,Villiers-le-Bel,Écouen","com_conid":"95365,95395,95680,95205"},"geometry":{"type":"MultiLineString","coordinates":[[[2.383185,49.00646],[2.383152,49.007118],[2.383219,49.007637],[2.384323,49.010953],[2.384719,49.012385],[2.385826,49.015827],[2.386016,49.016489],[2.386083,49.016923],[2.385709,49.015937],[2.385079,49.013857],[2.384528,49.012226],[2.3838,49.009688],[2.383562,49.009098],[2.383125,49.00771],[2.382995,49.007032],[2.383015,49.006449]],[[2.386083,49.016923],[2.386347,49.018184],[2.386452,49.019268],[2.386487,49.022141],[2.386618,49.023598],[2.386803,49.024557],[2.387071,49.025474],[2.387343,49.026274],[2.387741,49.027211],[2.388163,49.028004],[2.391867,49.034246],[2.397009,49.042785],[2.397427,49.043354],[2.397943,49.043932],[2.401717,49.047591],[2.40237,49.04844],[2.40263,49.048869],[2.402916,49.049482],[2.403086,49.049996],[2.403238,49.050857],[2.403242,49.051679],[2.403122,49.052386],[2.402965,49.052912],[2.402275,49.054593],[2.402173,49.055017],[2.401257,49.057412],[2.401079,49.058133],[2.401001,49.058779],[2.400997,49.059418],[2.401043,49.060026],[2.401178,49.060646],[2.40158,49.061755],[2.403729,49.065534]],[[2.403691,49.065684],[2.40145,49.061736],[2.401107,49.0608],[2.400899,49.059722],[2.400895,49.058605],[2.401099,49.057539],[2.401229,49.057107],[2.402036,49.055074],[2.402275,49.054593]]]}},{"type":"Feature","properties":{"tsid":"TS09500468","name":"D316","debut":"debut route D316","fin":"fin de la route D316","categorie":"3","es":"100","cl_admin":"Départementale","largeur":"de 3m à 9m","gestion":"Conseil Départementale Val-d'Oise","com_conc":"Sarcelles","com_conid":"95585"},"geometry":{"type":"MultiLineString","coordinates":[[[2.366009,48.974302],[2.368119,48.978368],[2.369719,48.981723],[2.37023,48.982454],[2.370426,48.982587],[2.370229,48.9826],[2.370093,48.982692],[2.370084,48.982511],[2.369601,48.981761],[2.368389,48.979144],[2.36781,48.978054],[2.367135,48.976624],[2.365956,48.974419]],[[2.370426,48.982587],[2.370726,48.98289],[2.371011,48.983043],[2.371151,48.983299],[2.37214,48.984124],[2.371762,48.983934],[2.370774,48.983279],[2.370975,48.983219],[2.371047,48.983116]],[[2.37214,48.984124],[2.372752,48.984456],[2.373634,48.984851],[2.374708,48.985185],[2.375144,48.98527],[2.375022,48.985353],[2.374984,48.98545],[2.373946,48.984966]],[[2.376796,48.985963],[2.375845,48.985666],[2.375513,48.985628],[2.375227,48.985667],[2.375062,48.985598],[2.374984,48.98545]],[[2.375144,48.98527],[2.375334,48.985249],[2.375582,48.985327],[2.375644,48.98545],[2.375513,48.985628]],[[2.375644,48.98545],[2.37585,48.985583],[2.376833,48.985919]]]}},{"type":"Feature","properties":{"tsid":"TS09500381","name":"D317D4","debut":"limite commune Roissy-en-France (95612),Le Thillay (95612)","fin":"fin de la route D47A","categorie":"3","es":"100","cl_admin":"Départementale","largeur":"4m","gestion":"Conseil Départementale Val-d'Oise","com_conc":"Le Thillay","com_conid":"95612"},"geometry":{"type":"MultiLineString","coordinates":[[[2.490301,49.008082],[2.490502,49.009046],[2.490468,49.009543],[2.490364,49.009953],[2.490097,49.010138],[2.48915,49.010324],[2.488704,49.010534]]]}},{"type":"Feature","properties":{"tsid":"TS09500047","name":"R DES BERCEAUX","debut":"séparation de la route en D124,R GALLIENI","fin":"fin de la route AV MARCHAND","categorie":"4","es":"30","cl_admin":null,"largeur":"5m","gestion":"Probable route communale ou intercommunale","com_conc":"Montmorency","com_conid":"95428"},"geometry":{"type":"MultiLineString","coordinates":[[[2.324387,48.994758],[2.321959,48.994635]]]}},{"type":"Feature","properties":{"tsid":"TS09500682","name":"D370","debut":"debut route D370","fin":"debut route D370","categorie":"2","es":"250","cl_admin":"Départementale","largeur":"de 5m à 10m","gestion":"Conseil Départementale Val-d'Oise","com_conc":"Gonesse","com_conid":"95277"},"geometry":{"type":"MultiLineString","coordinates":[[[2.452115,48.979021],[2.452205,48.9788],[2.452266,48.978385],[2.452419,48.978081],[2.452773,48.977765],[2.453194,48.977574],[2.453574,48.977487],[2.453984,48.977461],[2.455885,48.977617],[2.456251,48.977547],[2.456417,48.977354],[2.456451,48.977494],[2.456657,48.977615],[2.455696,48.977704],[2.453971,48.977546],[2.453269,48.977642],[2.452754,48.977909],[2.452487,48.978212],[2.452398,48.978451],[2.452395,48.978632],[2.452555,48.978835],[2.452341,48.978831],[2.45218,48.978901]]]}},{"type":"Feature","properties":{"tsid":"TS09501220","name":"D370","debut":"fin de la route D370","fin":"fin de la route D370","categorie":"3","es":"100","cl_admin":"Départementale","largeur":"5m","gestion":"Conseil Départementale Val-d'Oise","com_conc":"Gonesse","com_conid":"95277"},"geometry":{"type":"MultiLineString","coordinates":[[[2.45273,48.978905],[2.452792,48.978973],[2.4528,48.979074]]]}},{"type":"Feature","properties":{"tsid":"TS09500015","name":"CHE DE CHENNEVIERES","debut":"fin de la route Route sans nom","fin":"fin de la route Route sans nom","categorie":"4","es":"30","cl_admin":null,"largeur":"5m","gestion":"Probable route communale ou intercommunale","com_conc":"Éragny","com_conid":"95218"},"geometry":{"type":"MultiLineString","coordinates":[[[2.110362,49.014769],[2.110378,49.014148]]]}},{"type":"Feature","properties":{"tsid":"TS09501022","name":"R DE SAINT-GERMAIN","debut":"continue route R DE SAINT-GERMAIN sur 17 m","fin":"fin de la route D121","categorie":"4","es":"30","cl_admin":null,"largeur":"5m","gestion":"Probable route communale ou intercommunale","com_conc":"Cormeilles-en-Parisis","com_conid":"95176"},"geometry":{"type":"MultiLineString","coordinates":[[[2.188781,48.959185],[2.188912,48.959153],[2.189025,48.959214],[2.189012,48.959303],[2.188949,48.959332],[2.188822,48.959331],[2.188754,48.959279],[2.18879,48.958984],[2.188676,48.958616],[2.188153,48.95745],[2.187723,48.956909],[2.187228,48.956415],[2.186953,48.956024]],[[2.187185,48.955976],[2.187156,48.956265]],[[2.18879,48.958984],[2.188912,48.959153]],[[2.189715,48.960975],[2.189926,48.961425],[2.190608,48.962473],[2.192184,48.964765],[2.192269,48.964844],[2.192235,48.964752],[2.189715,48.960975],[2.189381,48.960409],[2.188861,48.95934]],[[2.18898,48.959323],[2.188938,48.959467]],[[2.192269,48.964844],[2.193305,48.966393],[2.193614,48.966778],[2.193992,48.967081],[2.19479,48.9675],[2.195524,48.968178],[2.195729,48.968493]]]}},{"type":"Feature","properties":{"tsid":"TS09500110","name":"R DE SAINT-GRATIEN","debut":"limite commune Sannois (95582),Saint-Gratien (95582)","fin":"limite commune Saint-Gratien (95582),Sannois (95582)","categorie":"4","es":"30","cl_admin":null,"largeur":"5m","gestion":"Probable route communale ou intercommunale","com_conc":"Sannois,Saint-Gratien","com_conid":"95582,95555"},"geometry":{"type":"MultiLineString","coordinates":[[[2.272197,48.974514],[2.271644,48.974835]]]}},{"type":"Feature","properties":{"tsid":"TS09500470","name":"D316","debut":"debut route D316","fin":"fin de la route D316","categorie":"3","es":"100","cl_admin":"Départementale","largeur":"de 3m à 9m","gestion":"Conseil Départementale Val-d'Oise","com_conc":"Coye-la-Forêt,Luzarches,Chaumontel","com_conid":"60172,95352,95149"},"geometry":{"type":"MultiLineString","coordinates":[[[2.426905,49.121843],[2.427238,49.12307],[2.427323,49.123192],[2.427128,49.123187],[2.427143,49.123086],[2.426978,49.122436],[2.426905,49.121843],[2.426895,49.12122],[2.426995,49.120195],[2.427142,49.119449],[2.427046,49.119206]],[[2.42698,49.120448],[2.427263,49.119627],[2.427344,49.119478],[2.427447,49.1194],[2.427119,49.119331]],[[2.427162,49.119011],[2.427442,49.118867],[2.427954,49.118025],[2.428773,49.117128],[2.427805,49.118553],[2.427627,49.118905],[2.42761,49.119032],[2.427302,49.11897]],[[2.427223,49.123557],[2.427372,49.123525],[2.427472,49.123448],[2.427481,49.123697],[2.428011,49.124593],[2.429568,49.126589],[2.429761,49.126814],[2.429988,49.126936],[2.42998,49.126996],[2.429891,49.127054],[2.429697,49.127015],[2.429654,49.126838],[2.429526,49.126659],[2.427933,49.124631],[2.427333,49.123622],[2.426958,49.123457],[2.426946,49.123296],[2.427128,49.123187]],[[2.427323,49.123192],[2.427488,49.123312],[2.427472,49.123448]],[[2.42761,49.119032],[2.427696,49.119141],[2.427677,49.119278],[2.427447,49.1194]],[[2.430528,49.112715],[2.430585,49.11315],[2.430553,49.113736],[2.430426,49.114451],[2.4303,49.114825],[2.429931,49.115604],[2.42961,49.116089],[2.428773,49.117128]],[[2.429003,49.125862],[2.428912,49.125892]],[[2.429679,49.126922],[2.429832,49.12685]],[[2.42998,49.126996],[2.430082,49.127234],[2.431065,49.128494],[2.431065,49.128612],[2.429964,49.127186],[2.429788,49.127058]],[[2.431065,49.128494],[2.431212,49.128669],[2.431065,49.128612],[2.431254,49.128845],[2.431591,49.129184],[2.431212,49.128669]],[[2.431591,49.129184],[2.435482,49.134105],[2.435708,49.134475],[2.436248,49.13565]]]}},{"type":"Feature","properties":{"tsid":"TS09501147","name":"D316","debut":"debut route D316","fin":"fin de la route D316","categorie":"4","es":"30","cl_admin":"Départementale","largeur":"5m","gestion":"Conseil Départementale Val-d'Oise","com_conc":"Sarcelles","com_conid":"95585"},"geometry":{"type":"MultiLineString","coordinates":[[[2.370774,48.983279],[2.370635,48.983253],[2.370398,48.982971],[2.370129,48.982826],[2.370093,48.982692]]]}},{"type":"Feature","properties":{"tsid":"TS09501148","name":"D316","debut":"fin de la route D316","fin":"fin de la route D316","categorie":"4","es":"30","cl_admin":"Départementale","largeur":"5m","gestion":"Conseil Départementale Val-d'Oise","com_conc":"Chaumontel","com_conid":"95149"},"geometry":{"type":"MultiLineString","coordinates":[[[2.427046,49.119206],[2.427055,49.119111],[2.427162,49.119011]]]}},{"type":"Feature","properties":{"tsid":"TS09501084","name":"D317","debut":"Intersection D317,Route sans nom","fin":"fin de la route D317","categorie":"2","es":"250","cl_admin":"Départementale","largeur":"7m","gestion":"Conseil Départementale Val-d'Oise","com_conc":"Marly-la-Ville,La Chapelle-en-Serval,Fosses,Survilliers,Louvres,Saint-Witz,Villeron","com_conid":"95371,60142,95250,95604,95351,95580,95675"},"geometry":{"type":"MultiLineString","coordinates":[[[2.522292,49.061926],[2.52228,49.062252],[2.522437,49.062383],[2.522771,49.062367],[2.522881,49.062278],[2.522903,49.062155],[2.522832,49.062049],[2.52264,49.061978],[2.522455,49.061986],[2.522311,49.062076]],[[2.52243,49.061884],[2.522587,49.061975]],[[2.522857,49.062308],[2.52291,49.062494],[2.523206,49.062935],[2.522555,49.062401]],[[2.523206,49.062935],[2.527746,49.068806],[2.528044,49.069287],[2.528367,49.070075],[2.528483,49.070657],[2.52933,49.079014],[2.530428,49.090742],[2.530473,49.091685],[2.530779,49.093993],[2.531258,49.098693],[2.531328,49.099158],[2.531385,49.099246]],[[2.531028,49.099605],[2.53094,49.099417],[2.531122,49.099196],[2.531146,49.098876],[2.530705,49.094083],[2.530719,49.09365]]]}},{"type":"Feature","properties":{"tsid":"TS09501082","name":"D317","debut":"limite commune Bonneuil-en-France (95088),Gonesse (95088)","fin":"limite commune Dugny (95088),Bonneuil-en-France (95088)","categorie":"2","es":"250","cl_admin":"Départementale","largeur":"7m","gestion":"Conseil Départementale Val-d'Oise","com_conc":"Gonesse,Dugny,Bonneuil-en-France","com_conid":"95277,93030,95088"},"geometry":{"type":"MultiLineString","coordinates":[[[2.46387,48.977368],[2.461425,48.974541],[2.458297,48.971124],[2.451796,48.96382],[2.451594,48.963678],[2.45132,48.963587],[2.451282,48.963437],[2.451395,48.963313],[2.451031,48.962878],[2.445461,48.95673]],[[2.451395,48.963313],[2.451678,48.963294],[2.451855,48.963421],[2.451816,48.96359],[2.451594,48.963678]],[[2.451831,48.963572],[2.45189,48.963783],[2.45839,48.971088],[2.46152,48.974504],[2.463947,48.977312]]]}},{"type":"Feature","properties":{"tsid":"TS09501083","name":"D317","debut":"fin de la route D317","fin":"fin de la route D317","categorie":"2","es":"250","cl_admin":"Départementale","largeur":"7m","gestion":"Conseil Départementale Val-d'Oise","com_conc":"Goussainville,Gonesse,Louvres,Roissy-en-France,Vaudherland,Le Thillay,Villeron","com_conid":"95280,95277,95351,95527,95633,95612,95675"},"geometry":{"type":"MultiLineString","coordinates":[[[2.463998,48.977371],[2.467025,48.980746],[2.468788,48.982905],[2.472521,48.986925],[2.483236,48.998897],[2.484291,48.999984],[2.485067,49.000699],[2.487529,49.002852],[2.488231,49.003594],[2.488697,49.004193],[2.489153,49.004937],[2.489525,49.005734],[2.493248,49.015425],[2.493607,49.016208],[2.49829,49.023598],[2.499598,49.025245],[2.499834,49.02565],[2.499964,49.026092],[2.499963,49.026461],[2.499653,49.027577],[2.499641,49.027821],[2.499781,49.028518],[2.499948,49.028775],[2.499604,49.028748],[2.499219,49.028812],[2.49943,49.028686],[2.499496,49.028553],[2.499473,49.027663],[2.499721,49.026383],[2.499694,49.02586],[2.499553,49.025436],[2.499291,49.025009],[2.498191,49.023627],[2.493505,49.016233],[2.493142,49.015445],[2.489294,49.005459],[2.488946,49.004784],[2.488594,49.004225],[2.488134,49.003627],[2.487438,49.002893],[2.484199,49.000024],[2.483142,48.998934],[2.472598,48.987145],[2.468619,48.98286],[2.467421,48.981374]],[[2.499621,49.030091],[2.500118,49.030017],[2.500433,49.029843],[2.500343,49.030041],[2.500343,49.030229],[2.500687,49.03056],[2.501093,49.0308],[2.502464,49.031344],[2.503031,49.031632],[2.503454,49.031919],[2.503713,49.032166],[2.50518,49.034371],[2.505964,49.035435],[2.509502,49.039642],[2.510092,49.040592],[2.510512,49.041581],[2.511264,49.044995],[2.511381,49.045373],[2.511529,49.04565],[2.511231,49.045724],[2.511252,49.045546],[2.511144,49.044984],[2.510487,49.041895],[2.51032,49.041377],[2.509989,49.040617],[2.509402,49.039673],[2.505868,49.035469],[2.50508,49.0344],[2.503787,49.032432],[2.503538,49.03213],[2.503185,49.031832],[2.502648,49.031523],[2.500992,49.030879],[2.500533,49.030648],[2.499697,49.030117],[2.49917,49.030016],[2.498822,49.029816],[2.498649,49.029556],[2.498653,49.029243],[2.498805,49.029035],[2.499219,49.028812]],[[2.499948,49.028775],[2.500402,49.02895],[2.500623,49.029199],[2.500664,49.029379],[2.500638,49.029561],[2.500433,49.029843]],[[2.511366,49.046066],[2.511558,49.046703],[2.511549,49.046262],[2.511644,49.046052],[2.51177,49.045972],[2.511807,49.045856],[2.511711,49.045709],[2.511529,49.04565]],[[2.511558,49.046703],[2.51172,49.047422],[2.512009,49.04824],[2.512568,49.049265],[2.51705,49.05508],[2.517608,49.055723],[2.517854,49.055938],[2.517586,49.056033],[2.517532,49.055796],[2.51705,49.05508]],[[2.517854,49.055938],[2.518065,49.055989],[2.518148,49.056091],[2.518141,49.056256],[2.518022,49.056336],[2.517809,49.056365],[2.517601,49.056289],[2.517529,49.056164],[2.517586,49.056033]],[[2.51812,49.056277],[2.518198,49.05649],[2.518773,49.057273],[2.518077,49.056557],[2.517809,49.056365]],[[2.521914,49.061335],[2.518773,49.057273]]]}},{"type":"Feature","properties":{"tsid":"TS09501258","name":"D317","debut":"limite commune La Chapelle-en-Serval (60142),Survilliers (60142)","fin":"fin de la route D317","categorie":"3","es":"100","cl_admin":"Départementale","largeur":"7m","gestion":"Conseil Départementale Val-d'Oise","com_conc":"La Chapelle-en-Serval,Survilliers","com_conid":"60142,95604"},"geometry":{"type":"MultiLineString","coordinates":[[[2.531473,49.099617],[2.531401,49.099744],[2.531388,49.099919],[2.531476,49.100794],[2.531477,49.101779],[2.53138,49.101196],[2.531248,49.099748],[2.531172,49.099655]],[[2.531477,49.101779],[2.532388,49.113022],[2.532962,49.119473]]]}},{"type":"Feature","properties":{"tsid":"TS09500050","name":"R DES BRIQUETERIES","debut":"fin de la route D909","fin":"fin de la route R DES METIGERS","categorie":"4","es":"30","cl_admin":null,"largeur":"5m","gestion":"Probable route communale ou intercommunale","com_conc":"Montlignon","com_conid":"95426"},"geometry":{"type":"MultiLineString","coordinates":[[[2.286598,49.014247],[2.285216,49.014822],[2.285088,49.014956],[2.285046,49.01512]]]}},{"type":"Feature","properties":{"tsid":"TS09501219","name":"D370","debut":"debut route D370","fin":"fin de la route D370","categorie":"3","es":"100","cl_admin":"Départementale","largeur":"5m","gestion":"Conseil Départementale Val-d'Oise","com_conc":"Arnouville,Villiers-le-Bel,Gonesse","com_conid":"95019,95680,95277"},"geometry":{"type":"MultiLineString","coordinates":[[[2.414277,48.999031],[2.415836,48.998468],[2.417939,48.997786],[2.418806,48.997338],[2.418881,48.997248],[2.419414,48.996909],[2.419442,48.996849],[2.419549,48.996905],[2.418806,48.997338]],[[2.419442,48.996849],[2.419476,48.996725],[2.419663,48.996741],[2.419685,48.996857],[2.419549,48.996905]],[[2.419644,48.996733],[2.420023,48.996551],[2.4197,48.996829]],[[2.420533,48.996237],[2.42054,48.996167],[2.420629,48.996146],[2.420678,48.996178],[2.420656,48.996246],[2.420533,48.996237],[2.420023,48.996551]],[[2.430566,48.991553],[2.431181,48.991412],[2.431071,48.99127],[2.430566,48.991553],[2.424184,48.993998],[2.420657,48.996159]],[[2.431071,48.99127],[2.431094,48.991192],[2.43122,48.991117],[2.43141,48.991109],[2.431534,48.991169],[2.431569,48.991305],[2.43151,48.991391],[2.431344,48.991434],[2.431181,48.991412]],[[2.43141,48.991109],[2.431801,48.99095],[2.431562,48.991211]],[[2.44033,48.984287],[2.440937,48.983499],[2.441578,48.982864],[2.442204,48.982415],[2.443354,48.981806],[2.443341,48.981767],[2.442691,48.982089],[2.441757,48.982668],[2.440974,48.983395],[2.440247,48.984363],[2.437862,48.985959],[2.437473,48.986282],[2.437198,48.986635],[2.43668,48.987653],[2.43545,48.988679],[2.431801,48.99095]],[[2.443354,48.981806],[2.44342,48.981888],[2.442854,48.982111],[2.442195,48.982485],[2.4414,48.983105],[2.441136,48.983375],[2.440486,48.984308],[2.440304,48.984457],[2.439247,48.985119],[2.439022,48.985198]],[[2.44342,48.981888],[2.443472,48.98191],[2.442778,48.982182],[2.442008,48.982651],[2.44167,48.982911],[2.441035,48.983516]],[[2.443341,48.981767],[2.443378,48.981629]],[[2.443554,48.981536],[2.443866,48.981564],[2.443961,48.981656],[2.443978,48.981766],[2.44391,48.981864],[2.443798,48.98192],[2.443472,48.98191]],[[2.443866,48.981564],[2.451523,48.979421],[2.451937,48.979267],[2.452115,48.979021],[2.452206,48.979197],[2.452356,48.979259],[2.451273,48.979612],[2.443977,48.981707]],[[2.452738,48.979174],[2.452532,48.979264],[2.452356,48.979259]]]}},{"type":"Feature","properties":{"tsid":"TS09501238","name":"D38","debut":"fin de la route D38","fin":"continue route D38 sur 540 m","categorie":"3","es":"100","cl_admin":"Départementale","largeur":"de 3m à 5m","gestion":"Conseil Départementale Val-d'Oise","com_conc":"Courdimanche,Sagy","com_conid":"95183,95535"},"geometry":{"type":"MultiLineString","coordinates":[[[1.987927,49.045979],[1.988263,49.045832],[1.98809,49.045726],[1.987524,49.046532],[1.984652,49.049625]],[[1.98809,49.045726],[1.988088,49.04562],[1.988185,49.045533],[1.988359,49.045508],[1.988513,49.045559],[1.988575,49.045654],[1.988534,49.045755],[1.98842,49.045822],[1.988263,49.045832]],[[1.988545,49.045585],[1.988668,49.045316],[1.988296,49.045507]],[[1.994122,49.039459],[1.988668,49.045316]]]}},{"type":"Feature","properties":{"tsid":"TS09500623","name":"R DES CRESSONNIERES","debut":"continue route R DES CRESSONNIERES sur 48 m","fin":"fin de la route D109","categorie":"3","es":"100","cl_admin":null,"largeur":"5m","gestion":"Probable route communale ou intercommunale","com_conc":"Saint-Gratien","com_conid":"95555"},"geometry":{"type":"MultiLineString","coordinates":[[[2.290002,48.975919],[2.291369,48.975636]]]}},{"type":"Feature","properties":{"tsid":"TS09501221","name":"D370","debut":"debut route D370","fin":"fin de la route D370","categorie":"3","es":"100","cl_admin":"Départementale","largeur":"5m","gestion":"Conseil Départementale Val-d'Oise","com_conc":"Aulnay-sous-Bois,Gonesse","com_conid":"93005,95277"},"geometry":{"type":"MultiLineString","coordinates":[[[2.456711,48.977126],[2.456915,48.977128],[2.457079,48.97719],[2.457161,48.977264],[2.457184,48.977385],[2.457129,48.977515],[2.456985,48.97761],[2.456657,48.977615]],[[2.456847,48.977118],[2.458285,48.976214],[2.460403,48.974272],[2.4607,48.97394],[2.460833,48.974071],[2.460579,48.974355],[2.458356,48.976296],[2.457863,48.976626],[2.45736,48.976882],[2.457207,48.977053],[2.457161,48.977264]],[[2.4607,48.97394],[2.460914,48.973648],[2.461064,48.973785],[2.460833,48.974071]],[[2.460914,48.973648],[2.464539,48.969053],[2.464554,48.9689],[2.464688,48.968986],[2.464943,48.969023],[2.464798,48.969082],[2.464686,48.969196],[2.461064,48.973785]],[[2.464554,48.9689],[2.464486,48.96874],[2.464579,48.968584],[2.464814,48.96849],[2.465051,48.968504],[2.465256,48.968631],[2.465302,48.968791],[2.465186,48.968944],[2.464943,48.969023]],[[2.464872,48.968485],[2.465064,48.968349],[2.466287,48.967032],[2.467082,48.96629],[2.470369,48.963753]],[[2.470498,48.963861],[2.468032,48.965746],[2.466959,48.966657],[2.465844,48.967788],[2.465319,48.9684],[2.465213,48.968588]]]}},{"type":"Feature","properties":{"tsid":"TS09500148","name":"D370","debut":"fin de la route D370","fin":"séparation de la route en D370,R ANTOINE DE SAINT-EXUPERY","categorie":"4","es":"30","cl_admin":"Départementale","largeur":"de 3m à 5m","gestion":"Conseil Départementale Val-d'Oise","com_conc":"Gonesse","com_conid":"95277"},"geometry":{"type":"MultiLineString","coordinates":[[[2.443378,48.981629],[2.443554,48.981536]]]}},{"type":"Feature","properties":{"tsid":"TS09500151","name":"D370","debut":"debut route D370","fin":"séparation de la route en D370,Route sans nom","categorie":"4","es":"30","cl_admin":"Départementale","largeur":"de 3m à 5m","gestion":"Conseil Départementale Val-d'Oise","com_conc":"Gonesse","com_conid":"95277"},"geometry":{"type":"MultiLineString","coordinates":[[[2.456417,48.977354],[2.456508,48.977199],[2.456711,48.977126]]]}},{"type":"Feature","properties":{"tsid":"TS09500150","name":"D370","debut":"séparation de la route en D170D4,D370","fin":"séparation de la route en D370,D970","categorie":"4","es":"30","cl_admin":"Départementale","largeur":"de 3m à 5m","gestion":"Conseil Départementale Val-d'Oise","com_conc":"Gonesse","com_conid":"95277"},"geometry":{"type":"MultiLineString","coordinates":[[[2.4528,48.979074],[2.452738,48.979174]]]}},{"type":"Feature","properties":{"tsid":"TS09500143","name":"D370","debut":"limite commune Domont (95199),Ézanville (95199)","fin":"limite commune Domont (95199),Ézanville (95199)","categorie":"4","es":"30","cl_admin":"Départementale","largeur":"de 3m à 5m","gestion":"Conseil Départementale Val-d'Oise","com_conc":"Ézanville,Domont","com_conid":"95229,95199"},"geometry":{"type":"MultiLineString","coordinates":[[[2.342183,49.0339],[2.342444,49.034007],[2.342122,49.033984]],[[2.342444,49.034007],[2.345411,49.034132],[2.345457,49.034203],[2.345565,49.034232],[2.345672,49.034203],[2.345716,49.034132],[2.345671,49.034062],[2.345565,49.034031],[2.345456,49.034061],[2.345411,49.034132]],[[2.346222,49.034184],[2.346342,49.034106],[2.346499,49.034148],[2.346514,49.034242],[2.346372,49.034304],[2.346245,49.03426],[2.346222,49.034184],[2.345713,49.034151]],[[2.346524,49.034204],[2.347665,49.034261],[2.347896,49.034369],[2.347956,49.034475],[2.348127,49.034527],[2.348295,49.034507],[2.34839,49.034441],[2.348404,49.034334],[2.348312,49.034239],[2.348146,49.034203],[2.347665,49.034261]],[[2.347896,49.034369],[2.34795,49.034252]],[[2.348263,49.03422],[2.34857,49.034163],[2.348404,49.034334]],[[2.34857,49.034163],[2.351079,49.033761],[2.358844,49.032375],[2.360733,49.031849]]]}},{"type":"Feature","properties":{"tsid":"TS09500144","name":"D370","debut":"séparation de la route en D370,Route sans nom","fin":"fin de la route D370","categorie":"4","es":"30","cl_admin":"Départementale","largeur":"de 3m à 5m","gestion":"Conseil Départementale Val-d'Oise","com_conc":"Écouen,Ézanville","com_conid":"95205,95229"},"geometry":{"type":"MultiLineString","coordinates":[[[2.361521,49.031516],[2.361621,49.031427],[2.361639,49.031274],[2.361734,49.031254],[2.36181,49.031149],[2.361684,49.03108],[2.361555,49.031191],[2.361639,49.031274]],[[2.361809,49.031134],[2.362129,49.030999],[2.362935,49.030495],[2.36332,49.029867],[2.363491,49.029319],[2.364055,49.02876],[2.364585,49.028425],[2.36537,49.028064],[2.366298,49.02755],[2.367315,49.026936],[2.367498,49.026968],[2.367541,49.026895],[2.367453,49.026817],[2.36732,49.026844],[2.367315,49.026936]],[[2.367983,49.026435],[2.367958,49.026351],[2.368073,49.026302],[2.368177,49.026351],[2.368155,49.026447],[2.367983,49.026435],[2.367498,49.026834]],[[2.368148,49.026322],[2.368975,49.025923],[2.369986,49.025549],[2.370274,49.025394],[2.371109,49.024689],[2.372124,49.023966],[2.373922,49.022569],[2.374283,49.022403],[2.374592,49.022336],[2.376043,49.022252],[2.376464,49.022047],[2.377821,49.02088],[2.378607,49.019989],[2.378712,49.019271],[2.378967,49.018779],[2.379197,49.018449],[2.379777,49.018465]]]}},{"type":"Feature","properties":{"tsid":"TS09500149","name":"D370","debut":"debut route D370","fin":"séparation de la route en D170D5,D370","categorie":"4","es":"30","cl_admin":"Départementale","largeur":"de 3m à 5m","gestion":"Conseil Départementale Val-d'Oise","com_conc":"Gonesse","com_conid":"95277"},"geometry":{"type":"MultiLineString","coordinates":[[[2.452555,48.978835],[2.45273,48.978905]]]}},{"type":"Feature","properties":{"tsid":"TS09500145","name":"D370","debut":"séparation de la route en D370,D44E2","fin":"fin de la route D370","categorie":"4","es":"30","cl_admin":"Départementale","largeur":"de 3m à 5m","gestion":"Conseil Départementale Val-d'Oise","com_conc":"Écouen","com_conid":"95205"},"geometry":{"type":"MultiLineString","coordinates":[[[2.382112,49.018539],[2.382166,49.018335],[2.383624,49.016303],[2.383874,49.016078],[2.383879,49.016144],[2.383947,49.016171],[2.383463,49.016544]],[[2.383874,49.016078],[2.383968,49.016044],[2.384047,49.016073],[2.38404,49.016145],[2.383947,49.016171]],[[2.384057,49.016104],[2.385049,49.015988],[2.38533,49.015909],[2.385518,49.015704],[2.385561,49.015442]],[[2.385837,49.015872],[2.385637,49.015956],[2.385049,49.015988]]]}},{"type":"Feature","properties":{"tsid":"TS09501263","name":"R DES CRESSONNIERES","debut":"Intersection BD DE LA REPUBLIQUE,R DES CRESSONNIERES","fin":"Intersection ALL DES PINS,R DES CRESSONNIERES","categorie":"5","es":"10","cl_admin":null,"largeur":"5m","gestion":"Probable route communale ou intercommunale","com_conc":"Saint-Gratien","com_conid":"95555"},"geometry":{"type":"MultiLineString","coordinates":[[[2.28635,48.976581],[2.290002,48.975919]]]}},{"type":"Feature","properties":{"tsid":"TS09501214","name":"R DE SAINT-PRIX","debut":"fin de la route D106","fin":"limite commune Beauchamp (95607),Taverny (95607)","categorie":"4","es":"30","cl_admin":null,"largeur":"5m","gestion":"Probable route communale ou intercommunale","com_conc":"Beauchamp,Taverny","com_conid":"95051,95607"},"geometry":{"type":"MultiLineString","coordinates":[[[2.212579,49.018961],[2.212048,49.019216],[2.209792,49.0195],[2.205756,49.019575]]]}},{"type":"Feature","properties":{"tsid":"TS09501212","name":"R DE SAINT-PRIX","debut":"limite commune Beauchamp (95607),Taverny (95607)","fin":"limite commune Taverny (95607),Beauchamp (95607)","categorie":"4","es":"30","cl_admin":null,"largeur":"5m","gestion":"Probable route communale ou intercommunale","com_conc":"Taverny,Beauchamp","com_conid":"95607,95051"},"geometry":{"type":"MultiLineString","coordinates":[[[2.198192,49.020834],[2.19879,49.020728]]]}},{"type":"Feature","properties":{"tsid":"TS09501213","name":"R DE SAINT-PRIX","debut":"limite commune Taverny (95607),Beauchamp (95607)","fin":"limite commune Beauchamp (95607),Taverny (95607)","categorie":"4","es":"30","cl_admin":null,"largeur":"5m","gestion":"Probable route communale ou intercommunale","com_conc":"Beauchamp,Taverny","com_conid":"95051,95607"},"geometry":{"type":"MultiLineString","coordinates":[[[2.20098,49.020315],[2.202517,49.020021]]]}},{"type":"Feature","properties":{"tsid":"TS09500733","name":"D38","debut":"Intersection D38,Route sans nom","fin":"fin de la route D38","categorie":"4","es":"30","cl_admin":"Départementale","largeur":"de 3m à 5m","gestion":"Conseil Départementale Val-d'Oise","com_conc":"Courdimanche","com_conid":"95183"},"geometry":{"type":"MultiLineString","coordinates":[[[1.994122,49.039459],[1.995305,49.038194],[1.995442,49.037901],[1.995641,49.037989],[1.995305,49.038194]],[[1.995442,49.037901],[1.995491,49.037758],[1.995621,49.037719],[1.995749,49.037747],[1.995837,49.037829],[1.995831,49.037895],[1.995641,49.037989]],[[1.995621,49.037719],[1.995817,49.037699],[1.996109,49.037582],[1.995819,49.037798]],[[1.998793,49.036143],[1.996109,49.037582]]]}},{"type":"Feature","properties":{"tsid":"TS09501060","name":"D392","debut":"fin de la route D392","fin":"limite commune Bezons (95063),Nanterre (95063)","categorie":"2","es":"250","cl_admin":"Départementale","largeur":"9m","gestion":"Conseil Départementale Val-d'Oise","com_conc":"Bezons","com_conid":"95063"},"geometry":{"type":"MultiLineString","coordinates":[[[2.219246,48.921343],[2.220326,48.920569]]]}},{"type":"Feature","properties":{"tsid":"TS09501064","name":"R DE SARTROUVILLE","debut":"fin de la route R ALBERT 1ER","fin":"limite commune Bezons (95063),Sartrouville (95063)","categorie":"4","es":"30","cl_admin":null,"largeur":"5m","gestion":"Probable route communale ou intercommunale","com_conc":"Sartrouville,Bezons","com_conid":"78586,95063"},"geometry":{"type":"MultiLineString","coordinates":[[[2.205495,48.932684],[2.204115,48.934031],[2.203223,48.934798],[2.202974,48.934911],[2.202227,48.935569],[2.202094,48.935591],[2.202064,48.935691],[2.201885,48.935769]]]}},{"type":"Feature","properties":{"tsid":"TS09500333","name":"R DE SENLIS","debut":"séparation de la route en R EDOUARD BOURCHY,R EUGENE GUIGNET","fin":"fin de la route R DE SENLIS PROLONGEE","categorie":"4","es":"30","cl_admin":null,"largeur":"5m","gestion":"Probable route communale ou intercommunale","com_conc":"Beaumont-sur-Oise","com_conid":"95052"},"geometry":{"type":"MultiLineString","coordinates":[[[2.290926,49.142413],[2.292828,49.142783],[2.295391,49.14338],[2.295582,49.14345],[2.29694,49.144355],[2.297528,49.144663],[2.298813,49.145062],[2.300174,49.14532]]]}},{"type":"Feature","properties":{"tsid":"TS09500912","name":"R DE SENLIS PROLONGEE","debut":"séparation de la route en R DE SENLIS,R PAUL CEZANNE","fin":"continue route R DE SENLIS PROLONGEE sur 54 m","categorie":"4","es":"30","cl_admin":null,"largeur":"de 3m à 5m","gestion":"Probable route communale ou intercommunale","com_conc":"Beaumont-sur-Oise","com_conid":"95052"},"geometry":{"type":"MultiLineString","coordinates":[[[2.300174,49.14532],[2.301113,49.145502],[2.301221,49.145558],[2.301296,49.145655],[2.301277,49.14576],[2.301055,49.145864]],[[2.301113,49.145502],[2.301354,49.145558],[2.301579,49.145743]]]}},{"type":"Feature","properties":{"tsid":"TS09500833","name":"R DE VAUREAL","debut":"continue route R DE VAUREAL sur 384 m","fin":"fin de la route D922","categorie":"4","es":"30","cl_admin":null,"largeur":"de m à m","gestion":"Probable route communale ou intercommunale","com_conc":"Vauréal,Boisemont","com_conid":"95637,95074"},"geometry":{"type":"MultiLineString","coordinates":[[[2.012788,49.027099],[2.012288,49.026991],[2.011056,49.026863],[2.007769,49.026611],[2.007641,49.026681]]]}},{"type":"Feature","properties":{"tsid":"TS09501290","name":"R DE VAUREAL","debut":"fin de la route D55","fin":"fin de la route R DE LA VALLEE","categorie":"4","es":"30","cl_admin":null,"largeur":"5m","gestion":"Probable route communale ou intercommunale","com_conc":"Jouy-le-Moutier","com_conid":"95323"},"geometry":{"type":"MultiLineString","coordinates":[[[2.03845,49.024789],[2.039498,49.023832],[2.040661,49.023033],[2.041133,49.021895],[2.041732,49.020891],[2.042608,49.019728]]]}},{"type":"Feature","properties":{"tsid":"TS09500809","name":"R DES ANNIVERSAIRES","debut":"continue route R DES ANNIVERSAIRES sur 91 m","fin":"debut route R DES ANNIVERSAIRES","categorie":"5","es":"10","cl_admin":null,"largeur":"7m","gestion":"Probable route communale ou intercommunale","com_conc":"Roissy-en-France","com_conid":"95527"},"geometry":{"type":"MultiLineString","coordinates":[[[2.530833,49.016],[2.532786,49.016078],[2.533229,49.015967],[2.533469,49.015847],[2.533794,49.015532],[2.533891,49.015273],[2.534072,49.01373],[2.533836,49.013158],[2.53312,49.011764]]]}},{"type":"Feature","properties":{"tsid":"TS09500383","name":"R D'ARGENTEUIL","debut":"limite commune La Frette-sur-Seine (95424),Montigny-lès-Cormeilles (95424)","fin":"limite commune Montigny-lès-Cormeilles (95257),La Frette-sur-Seine (95257)","categorie":"4","es":"30","cl_admin":null,"largeur":"5m","gestion":"Probable route communale ou intercommunale","com_conc":"La Frette-sur-Seine,Montigny-lès-Cormeilles","com_conid":"95257,95424"},"geometry":{"type":"MultiLineString","coordinates":[[[2.175551,48.986341],[2.175744,48.986296]]]}},{"type":"Feature","properties":{"tsid":"TS09500405","name":"D392","debut":"fin de la route D392","fin":"séparation de la route en D392,R ANATOLE FRANCE","categorie":"3","es":"100","cl_admin":"Départementale","largeur":"7m","gestion":"Conseil Départementale Val-d'Oise","com_conc":"Montigny-lès-Cormeilles,Cormeilles-en-Parisis,La Frette-sur-Seine,Argenteuil,Herblay-sur-Seine,Sartrouville,Bezons","com_conid":"95424,95176,95257,95018,95306,78586,95063"},"geometry":{"type":"MultiLineString","coordinates":[[[2.181894,48.990021],[2.181984,48.990282],[2.182015,48.990906],[2.182158,49.000785],[2.182055,49.000741],[2.182029,49.000664],[2.18199,48.998942],[2.182011,48.997271],[2.181852,48.990158],[2.181894,48.990021],[2.181808,48.982504],[2.181902,48.981957],[2.182233,48.981086],[2.185071,48.976801],[2.185463,48.976273],[2.185832,48.975918],[2.197428,48.967722],[2.19819,48.967097],[2.198617,48.966544],[2.19865,48.966352],[2.198595,48.965836],[2.198678,48.965663],[2.199753,48.96496],[2.199981,48.964727],[2.202981,48.960555],[2.203253,48.959933],[2.203281,48.959662],[2.20337,48.959739],[2.203576,48.959782],[2.203055,48.960426]],[[2.203281,48.959662],[2.20319,48.959465],[2.203217,48.95934],[2.203397,48.959252],[2.203618,48.959274],[2.203714,48.95934],[2.203835,48.95961],[2.203749,48.959737],[2.203576,48.959782]],[[2.203618,48.959274],[2.203887,48.959193],[2.20418,48.958919],[2.203822,48.959527]],[[2.20418,48.958919],[2.204791,48.958032],[2.204982,48.957616],[2.205251,48.956769],[2.205756,48.951442],[2.205718,48.951359],[2.205806,48.950275],[2.205754,48.950107],[2.205958,48.950178],[2.206146,48.950159],[2.205986,48.950253],[2.205905,48.950444],[2.205756,48.951442]],[[2.205754,48.950107],[2.205679,48.95003],[2.205658,48.949915],[2.205866,48.949676],[2.205918,48.949512],[2.206133,48.94755],[2.20604,48.949349],[2.206064,48.949571],[2.206151,48.949729],[2.205802,48.949752]],[[2.206133,48.94755],[2.206303,48.945398],[2.206374,48.945266],[2.206486,48.945289],[2.206381,48.945433],[2.206254,48.946744],[2.2062,48.946872]],[[2.206151,48.949729],[2.206327,48.949837],[2.206367,48.949947],[2.206298,48.950088],[2.206146,48.950159]],[[2.206374,48.945266],[2.206329,48.945177],[2.206399,48.945108],[2.206381,48.944566],[2.20643,48.944416],[2.206483,48.944965],[2.206545,48.945106],[2.206399,48.945108]],[[2.20643,48.944416],[2.206619,48.943],[2.20657,48.942916],[2.206777,48.941508],[2.206755,48.941181],[2.206848,48.940197],[2.206848,48.939726],[2.206899,48.939639],[2.206951,48.939681],[2.20699,48.940245],[2.206907,48.941264],[2.206929,48.941588],[2.206686,48.942931],[2.206619,48.943]],[[2.206545,48.945106],[2.206621,48.945222],[2.206486,48.945289]],[[2.211887,48.931331],[2.212182,48.931117],[2.212365,48.930853],[2.212088,48.931026],[2.211887,48.931331],[2.211389,48.931877],[2.208054,48.935376],[2.207667,48.935861],[2.207379,48.936387],[2.207144,48.937028],[2.206899,48.939639]],[[2.212365,48.930853],[2.214882,48.928234],[2.214947,48.928115],[2.215702,48.927316],[2.216571,48.926191],[2.216941,48.925551],[2.217089,48.925161],[2.217286,48.924048],[2.21723,48.923685],[2.217446,48.922623],[2.219246,48.921343]],[[2.218658,48.922094],[2.218074,48.922564],[2.217916,48.922762],[2.217744,48.923695],[2.217622,48.923983],[2.217404,48.925078],[2.216847,48.926153],[2.216386,48.926689],[2.215964,48.927348],[2.215453,48.927866],[2.214882,48.928234]]]}},{"type":"Feature","properties":{"tsid":"TS09500788","name":"D392","debut":"séparation de la route en D392,D392A1","fin":"séparation de la route en D311A1,D392","categorie":"4","es":"30","cl_admin":"Départementale","largeur":"7m","gestion":"Conseil Départementale Val-d'Oise","com_conc":"Bezons","com_conid":"95063"},"geometry":{"type":"MultiLineString","coordinates":[[[2.218942,48.921862],[2.218658,48.922094]]]}},{"type":"Feature","properties":{"tsid":"TS09500784","name":"D392A1","debut":"debut route D392A1","fin":"fin de la route D392","categorie":"3","es":"100","cl_admin":"Départementale","largeur":"4m","gestion":"Conseil Départementale Val-d'Oise","com_conc":"Bezons","com_conid":"95063"},"geometry":{"type":"MultiLineString","coordinates":[[[2.219828,48.921134],[2.219407,48.92144]]]}},{"type":"Feature","properties":{"tsid":"TS09500783","name":"D392A1","debut":"fin de la route Route sans nom","fin":"séparation de la route en D392,D392A1","categorie":"3","es":"100","cl_admin":"Départementale","largeur":"4m","gestion":"Conseil Départementale Val-d'Oise","com_conc":"Bezons","com_conid":"95063"},"geometry":{"type":"MultiLineString","coordinates":[[[2.219149,48.921737],[2.218983,48.921887]]]}},{"type":"Feature","properties":{"tsid":"TS09500960","name":"R DE PARIS","debut":"fin de la route Route sans nom","fin":"continue route R DE PARIS sur 223 m","categorie":"3","es":"100","cl_admin":null,"largeur":"7m","gestion":"Probable route communale ou intercommunale","com_conc":"Saint-Ouen-l'Aumône","com_conid":"95572"},"geometry":{"type":"MultiLineString","coordinates":[[[2.133083,49.028394],[2.13538,49.027068]]]}},{"type":"Feature","properties":{"tsid":"TS09501210","name":"D401","debut":"debut route D401","fin":"fin de la route D401","categorie":"4","es":"30","cl_admin":"Départementale","largeur":"5m","gestion":"Conseil Départementale Val-d'Oise","com_conc":"Ermont,Saint-Prix","com_conid":"95219,95574"},"geometry":{"type":"MultiLineString","coordinates":[[[2.248543,48.9925],[2.248661,48.992511],[2.248679,48.992593],[2.248579,48.992633],[2.248487,48.992588],[2.248543,48.9925],[2.248462,48.992382],[2.247089,48.99075],[2.246773,48.990312],[2.246848,48.990223],[2.247709,48.989916],[2.24937,48.989226]],[[2.25231,48.996425],[2.252349,48.996516],[2.252684,48.996719],[2.252446,48.996471],[2.252171,48.996336],[2.251769,48.995987],[2.250045,48.994352],[2.249799,48.993994],[2.248636,48.992624]],[[2.253808,48.997588],[2.253913,48.997505],[2.254061,48.997526],[2.254177,48.997815],[2.255057,48.998509],[2.255458,48.998731],[2.255988,48.998935],[2.256834,48.999142],[2.258581,48.999375],[2.258787,48.999387],[2.258835,48.999309],[2.258975,48.999272],[2.259163,48.999329],[2.259201,48.999393],[2.259167,48.999495],[2.258911,48.999542],[2.258785,48.999457],[2.256515,48.99914],[2.255784,48.998931],[2.255245,48.99869],[2.254754,48.998369],[2.252684,48.996719]],[[2.25409,48.997648],[2.25396,48.997699]],[[2.258785,48.999457],[2.258787,48.999387]],[[2.259188,48.999459],[2.260221,48.999689],[2.260745,48.999943],[2.263115,49.000601],[2.263465,49.000885],[2.26365,49.001157],[2.263795,49.001226]]]}},{"type":"Feature","properties":{"tsid":"TS09500295","name":"D403","debut":"fin de la route D140","fin":"fin de la route D403","categorie":"3","es":"100","cl_admin":"Départementale","largeur":"de 3m à 5m","gestion":"Conseil Départementale Val-d'Oise","com_conc":"Sannois","com_conid":"95582"},"geometry":{"type":"MultiLineString","coordinates":[[[2.236732,48.984044],[2.236961,48.983939],[2.23692,48.984082]],[[2.237459,48.979529],[2.237558,48.97966],[2.238312,48.981748],[2.23836,48.981916],[2.238367,48.982285],[2.23831,48.98259],[2.238068,48.982998],[2.236961,48.983939]]]}},{"type":"Feature","properties":{"tsid":"TS09501073","name":"D403","debut":"fin de la route D403","fin":"séparation de la route en D122","categorie":"4","es":"30","cl_admin":"Départementale","largeur":"5m","gestion":"Conseil Départementale Val-d'Oise","com_conc":"Franconville,Sannois","com_conid":"95252,95582"},"geometry":{"type":"MultiLineString","coordinates":[[[2.237395,48.979277],[2.237088,48.978772],[2.23702,48.978559],[2.237042,48.978005],[2.237278,48.977242],[2.237317,48.976858],[2.237081,48.975758],[2.236896,48.975356]],[[2.237207,48.975363],[2.237072,48.975565],[2.237081,48.975758]]]}},{"type":"Feature","properties":{"tsid":"TS09500411","name":"D405","debut":"séparation de la route en BD RHIN ET DANUBE,D405","fin":"fin de la route D405","categorie":"4","es":"30","cl_admin":"Départementale","largeur":"5m","gestion":"Conseil Départementale Val-d'Oise","com_conc":"Franconville","com_conid":"95252"},"geometry":{"type":"MultiLineString","coordinates":[[[2.222564,48.992139],[2.2227,48.992079],[2.222898,48.992097],[2.222992,48.992174],[2.222995,48.992291],[2.222859,48.992388],[2.222647,48.992387],[2.222519,48.992282],[2.222564,48.992139]]]}},{"type":"Feature","properties":{"tsid":"TS09501105","name":"D409","debut":"debut route D409","fin":"séparation de la route en D409,R STEPHANE HESSEL","categorie":"3","es":"100","cl_admin":"Départementale","largeur":"5m","gestion":"Conseil Départementale Val-d'Oise","com_conc":"Taverny,Bessancourt","com_conid":"95607,95060"},"geometry":{"type":"MultiLineString","coordinates":[[[2.208932,49.028805],[2.209031,49.028744],[2.209296,49.028722],[2.209515,49.028845],[2.20954,49.028942],[2.209492,49.029047],[2.20934,49.029134],[2.20917,49.029151],[2.209005,49.029105],[2.208875,49.028959],[2.208793,49.028933],[2.207952,49.028777],[2.2072,49.028774],[2.206207,49.028964],[2.205453,49.029012],[2.204682,49.028916],[2.203685,49.028642],[2.203923,49.02844],[2.204096,49.028607],[2.204381,49.028749],[2.204973,49.028886],[2.205875,49.02892],[2.206978,49.028721],[2.207605,49.028681],[2.208932,49.028805],[2.208875,49.028959]],[[2.209535,49.028962],[2.209598,49.029065],[2.209787,49.029204],[2.209377,49.029121]],[[2.216538,49.032059],[2.209787,49.029204]]]}},{"type":"Feature","properties":{"tsid":"TS09500256","name":"D470","debut":"debut route D470","fin":"Intersection D470,R DE SOISY","categorie":"4","es":"30","cl_admin":"Départementale","largeur":"de 3m à 7m","gestion":"Conseil Départementale Val-d'Oise","com_conc":"Saint-Gratien,Ermont,Sannois","com_conid":"95555,95219,95582"},"geometry":{"type":"MultiLineString","coordinates":[[[2.271216,48.977348],[2.271094,48.977274],[2.271137,48.977169],[2.271316,48.977159],[2.271405,48.977252],[2.271665,48.977091],[2.271316,48.977159]],[[2.271665,48.977091],[2.272227,48.976709],[2.272633,48.976301],[2.272859,48.975929],[2.272897,48.975541],[2.273007,48.975232],[2.27336,48.974785],[2.274106,48.974011],[2.274198,48.974037],[2.273164,48.975149],[2.27305,48.975384],[2.272964,48.975732],[2.272892,48.975812]],[[2.274106,48.974011],[2.274021,48.973942],[2.27404,48.973836],[2.274293,48.973781],[2.274372,48.97382],[2.274417,48.973945],[2.274341,48.974011],[2.274198,48.974037]],[[2.274969,48.973526],[2.274356,48.97381]]]}},{"type":"Feature","properties":{"tsid":"TS09500564","name":"D48","debut":"fin de la route D392","fin":"séparation de la route en D392,D48","categorie":"3","es":"100","cl_admin":"Départementale","largeur":"de 5m à 12m","gestion":"Conseil Départementale Val-d'Oise","com_conc":"Montigny-lès-Cormeilles","com_conid":"95424"},"geometry":{"type":"MultiLineString","coordinates":[[[2.182,48.990829],[2.18188,48.99085]]]}},{"type":"Feature","properties":{"tsid":"TS09500293","name":"D407","debut":"fin de la route D407","fin":"fin de la route D14","categorie":"3","es":"100","cl_admin":"Départementale","largeur":"de 3m à 7m","gestion":"Conseil Départementale Val-d'Oise","com_conc":"Beauchamp,Montigny-lès-Cormeilles","com_conid":"95051,95424"},"geometry":{"type":"MultiLineString","coordinates":[[[2.198498,48.992616],[2.199801,48.993954],[2.20076,48.994854],[2.200929,48.994877],[2.201012,48.994948],[2.200959,48.995085],[2.20246,48.996294],[2.203458,48.997179],[2.204193,48.997993],[2.204224,48.998132],[2.202561,48.996483],[2.200843,48.995132],[2.200613,48.995073],[2.200578,48.995001],[2.200613,48.994918],[2.200523,48.994797],[2.198584,48.992846],[2.198393,48.992748]],[[2.200613,48.994918],[2.20076,48.994854]],[[2.200959,48.995085],[2.200843,48.995132]],[[2.205915,49.000161],[2.205946,49.00026],[2.206301,49.000716],[2.20638,49.000668],[2.205915,49.000161],[2.204489,48.998397],[2.204224,48.998132]],[[2.20638,49.000668],[2.206512,49.000678],[2.206544,49.000793],[2.20635,49.00081],[2.206301,49.000716]],[[2.206516,49.000808],[2.206953,49.001531],[2.206403,49.000825]],[[2.20912,49.004511],[2.209527,49.005173],[2.20968,49.005117],[2.208998,49.004357],[2.206953,49.001531]],[[2.209485,49.005245],[2.209527,49.005173]],[[2.20968,49.005117],[2.209828,49.00514]]]}},{"type":"Feature","properties":{"tsid":"TS09500294","name":"D407","debut":"debut route D407","fin":"fin de la route D407","categorie":"3","es":"100","cl_admin":"Départementale","largeur":"de 3m à 7m","gestion":"Conseil Départementale Val-d'Oise","com_conc":"Taverny","com_conid":"95607"},"geometry":{"type":"MultiLineString","coordinates":[[[2.209892,49.005326],[2.210153,49.005722],[2.210248,49.005966],[2.209836,49.005462],[2.209734,49.005399]],[[2.213508,49.010283],[2.213688,49.010281],[2.213806,49.01034],[2.213828,49.010513],[2.213563,49.010594],[2.213383,49.010501],[2.213381,49.010381],[2.213508,49.010283],[2.213467,49.010212],[2.211404,49.007373],[2.210248,49.005966]],[[2.21668,49.014144],[2.216073,49.013604],[2.214701,49.011898],[2.213721,49.010573]],[[2.216485,49.014214],[2.216073,49.013604]]]}},{"type":"Feature","properties":{"tsid":"TS09500975","name":"D407","debut":"séparation de la route en D407,R XAVIER BICHAT","fin":"fin de la route D502","categorie":"4","es":"30","cl_admin":"Départementale","largeur":"5m","gestion":"Conseil Départementale Val-d'Oise","com_conc":"Taverny","com_conid":"95607"},"geometry":{"type":"MultiLineString","coordinates":[[[2.222822,49.019881],[2.223444,49.020343],[2.224181,49.020996],[2.224186,49.021057],[2.222754,49.019957]],[[2.224186,49.021057],[2.22667,49.023374],[2.227065,49.023565],[2.227514,49.024073],[2.227564,49.024203],[2.227469,49.02416],[2.22667,49.023374]],[[2.228136,49.025066],[2.227602,49.024487],[2.227556,49.024376],[2.227564,49.024203],[2.227925,49.024364],[2.228435,49.024911]]]}},{"type":"Feature","properties":{"tsid":"TS09500973","name":"D407","debut":"limite commune Beauchamp (95051),Taverny (95051)","fin":"fin de la route D407","categorie":"4","es":"30","cl_admin":"Départementale","largeur":"5m","gestion":"Conseil Départementale Val-d'Oise","com_conc":"Taverny,Beauchamp","com_conid":"95607,95051"},"geometry":{"type":"MultiLineString","coordinates":[[[2.209828,49.00514],[2.209921,49.005248],[2.209892,49.005326],[2.209786,49.005393],[2.209579,49.005375],[2.209485,49.005245]]]}},{"type":"Feature","properties":{"tsid":"TS09500974","name":"D407","debut":"fin de la route D407","fin":"fin de la route D407","categorie":"4","es":"30","cl_admin":"Départementale","largeur":"5m","gestion":"Conseil Départementale Val-d'Oise","com_conc":"Taverny","com_conid":"95607"},"geometry":{"type":"MultiLineString","coordinates":[[[2.222508,49.01977],[2.219939,49.01776],[2.218652,49.016625],[2.218368,49.016498],[2.218336,49.016275],[2.21824,49.016149],[2.217902,49.015842],[2.217538,49.015683],[2.217557,49.015509],[2.217492,49.01538],[2.216897,49.014632],[2.216723,49.01451],[2.216562,49.014492],[2.216434,49.014411],[2.216443,49.014257],[2.216606,49.014151],[2.216812,49.014161],[2.216952,49.014257],[2.216952,49.01441],[2.216723,49.01451]],[[2.217557,49.015509],[2.217787,49.015425],[2.217033,49.014547],[2.216965,49.014391]],[[2.217787,49.015425],[2.217976,49.01546],[2.21807,49.015583],[2.218023,49.015704],[2.217798,49.015781]],[[2.218023,49.015704],[2.218266,49.016046],[2.21857,49.016255],[2.218349,49.016351]],[[2.21857,49.016255],[2.218767,49.016326],[2.218787,49.016473],[2.218899,49.016681],[2.220021,49.017716],[2.222632,49.019728]]]}},{"type":"Feature","properties":{"tsid":"TS09500646","name":"D409","debut":"fin de la route D191","fin":"fin de la route D409","categorie":"4","es":"30","cl_admin":"Départementale","largeur":"5m","gestion":"Conseil Départementale Val-d'Oise","com_conc":"Bessancourt,Taverny","com_conid":"95060,95607"},"geometry":{"type":"MultiLineString","coordinates":[[[2.195263,49.032023],[2.195364,49.031892],[2.195379,49.031727],[2.195458,49.032006]],[[2.195379,49.031727],[2.195501,49.031449],[2.197258,49.029274],[2.197275,49.029113],[2.197443,49.029141],[2.197258,49.029274]],[[2.197275,49.029113],[2.197205,49.028981],[2.197231,49.028895],[2.197325,49.028832],[2.197514,49.028809],[2.19767,49.028885],[2.197702,49.029015],[2.197576,49.02912],[2.197443,49.029141]],[[2.198947,49.027162],[2.19935,49.026856],[2.199223,49.026839],[2.199097,49.026758],[2.199063,49.026944],[2.198947,49.027162],[2.197595,49.028836]],[[2.199097,49.026758],[2.199072,49.026644],[2.199166,49.026536],[2.199289,49.026495],[2.199485,49.026511],[2.199606,49.026603],[2.199613,49.026724],[2.199541,49.026802],[2.19935,49.026856]],[[2.199625,49.026681],[2.199984,49.026889],[2.199485,49.02683]],[[2.199984,49.026889],[2.202277,49.027793],[2.202879,49.027942],[2.203128,49.027941],[2.202912,49.028038],[2.20277,49.028199],[2.202683,49.028015],[2.202277,49.027793]],[[2.202741,49.028374],[2.20277,49.028199]],[[2.203128,49.027941],[2.203403,49.027919]]]}},{"type":"Feature","properties":{"tsid":"TS09500647","name":"D409","debut":"debut route D409","fin":"fin de la route D409","categorie":"4","es":"30","cl_admin":"Départementale","largeur":"5m","gestion":"Conseil Départementale Val-d'Oise","com_conc":"Taverny","com_conid":"95607"},"geometry":{"type":"MultiLineString","coordinates":[[[2.203685,49.028642],[2.203469,49.028706],[2.203121,49.028691],[2.202953,49.028632],[2.202771,49.028457]]]}},{"type":"Feature","properties":{"tsid":"TS09501142","name":"D41","debut":"séparation de la route en D311D1,D41","fin":"fin de la route D311","categorie":"3","es":"100","cl_admin":"Départementale","largeur":"5m","gestion":"Conseil Départementale Val-d'Oise","com_conc":"Argenteuil","com_conid":"95018"},"geometry":{"type":"MultiLineString","coordinates":[[[2.27499,48.955296],[2.275975,48.955552],[2.276208,48.955554]]]}},{"type":"Feature","properties":{"tsid":"TS09501088","name":"D41","debut":"debut route D41","fin":"fin de la route D48","categorie":"4","es":"30","cl_admin":"Départementale","largeur":"de 3m à 5m","gestion":"Conseil Départementale Val-d'Oise","com_conc":"Argenteuil","com_conid":"95018"},"geometry":{"type":"MultiLineString","coordinates":[[[2.241065,48.947596],[2.241585,48.94782],[2.241669,48.947915],[2.241923,48.947928],[2.24198,48.947852],[2.241919,48.94779],[2.238295,48.94689]],[[2.241585,48.94782],[2.241687,48.947755]]]}},{"type":"Feature","properties":{"tsid":"TS09501089","name":"D41","debut":"fin de la route R GAMBETTA","fin":"fin de la route D41","categorie":"4","es":"30","cl_admin":"Départementale","largeur":"de 3m à 5m","gestion":"Conseil Départementale Val-d'Oise","com_conc":"Argenteuil","com_conid":"95018"},"geometry":{"type":"MultiLineString","coordinates":[[[2.257923,48.949685],[2.261543,48.949816],[2.271983,48.954097],[2.274018,48.954886],[2.27447,48.955077],[2.274273,48.955081],[2.273726,48.954788]],[[2.275252,48.955499],[2.274273,48.955081]],[[2.27499,48.955296],[2.27447,48.955077]]]}},{"type":"Feature","properties":{"tsid":"TS09500897","name":"R DU VIEUX MOULIN","debut":"limite commune Le Thillay (95280),Goussainville (95280)","fin":"continue route R DU VIEUX MOULIN sur 112 m","categorie":"5","es":"10","cl_admin":null,"largeur":"5m","gestion":"Probable route communale ou intercommunale","com_conc":"Goussainville,Le Thillay","com_conid":"95280,95612"},"geometry":{"type":"MultiLineString","coordinates":[[[2.472453,49.010309],[2.472099,49.011291]]]}},{"type":"Feature","properties":{"tsid":"TS09501164","name":"CHE DE LA DIME","debut":"fin de la route RPT DU VERGER","fin":"fin de la route D902","categorie":"5","es":"10","cl_admin":null,"largeur":"5m","gestion":"Probable route communale ou intercommunale","com_conc":"Roissy-en-France","com_conid":"95527"},"geometry":{"type":"MultiLineString","coordinates":[[[2.513695,48.998239],[2.513924,48.999766],[2.514128,49.000156],[2.514146,49.000292]]]}},{"type":"Feature","properties":{"tsid":"TS09501087","name":"D41","debut":"fin de la route D41","fin":"fin de la route D41","categorie":"4","es":"30","cl_admin":"Départementale","largeur":"de 3m à 5m","gestion":"Conseil Départementale Val-d'Oise","com_conc":"Argenteuil,Bezons","com_conid":"95018,95063"},"geometry":{"type":"MultiLineString","coordinates":[[[2.225436,48.934009],[2.225332,48.933928],[2.225362,48.933837],[2.225506,48.9338],[2.22564,48.933858],[2.225632,48.933973],[2.225436,48.934009],[2.225655,48.934153],[2.225787,48.934401],[2.226564,48.936388],[2.227784,48.938033],[2.22772,48.9381],[2.227762,48.938213],[2.227976,48.938292],[2.228196,48.938712],[2.228288,48.939235],[2.228247,48.940001],[2.228429,48.940749],[2.228585,48.941116],[2.230712,48.94422],[2.231163,48.944782],[2.231943,48.945296],[2.232584,48.945535],[2.238097,48.946934]],[[2.225454,48.9338],[2.225673,48.933486],[2.225586,48.93374],[2.225605,48.933827]],[[2.225654,48.933946],[2.226532,48.936151],[2.2269,48.936716],[2.227884,48.937996],[2.227784,48.938033]],[[2.225673,48.933486],[2.22649,48.932616],[2.227859,48.930418],[2.230403,48.928323]],[[2.22788,48.938009],[2.228042,48.938046],[2.228078,48.9381],[2.228033,48.938218],[2.227916,48.938249]],[[2.228033,48.938218],[2.228203,48.938453],[2.228336,48.938821],[2.228397,48.939183],[2.228383,48.939986],[2.22854,48.940711],[2.228703,48.9411],[2.228843,48.941366],[2.230374,48.94348],[2.23083,48.944183],[2.231048,48.944481],[2.231394,48.944812],[2.23188,48.945141],[2.232615,48.945439],[2.238142,48.946836]]]}},{"type":"Feature","properties":{"tsid":"TS09501085","name":"D41","debut":"séparation de la route en D392,D41","fin":"séparation de la route en D308,D311","categorie":"4","es":"30","cl_admin":"Départementale","largeur":"de 3m à 5m","gestion":"Conseil Départementale Val-d'Oise","com_conc":"Bezons","com_conid":"95063"},"geometry":{"type":"MultiLineString","coordinates":[[[2.215812,48.927181],[2.215243,48.927099],[2.212174,48.925968],[2.20898,48.924478],[2.208038,48.923684]]]}},{"type":"Feature","properties":{"tsid":"TS09501256","name":"R DES BASSERONS","debut":"fin de la route R DES MOULINS","fin":"debut route R DES BASSERONS","categorie":"4","es":"30","cl_admin":null,"largeur":"5m","gestion":"Probable route communale ou intercommunale","com_conc":"Montmorency","com_conid":"95428"},"geometry":{"type":"MultiLineString","coordinates":[[[2.315978,48.988981],[2.315524,48.988579],[2.315003,48.987454],[2.315541,48.98722],[2.315981,48.986957],[2.316286,48.986677],[2.31647,48.986359],[2.316576,48.984991],[2.316254,48.983395]]]}},{"type":"Feature","properties":{"tsid":"TS09500722","name":"D411","debut":"fin de la route D411","fin":"fin de la route D48","categorie":"3","es":"100","cl_admin":"Départementale","largeur":"de 5m à 7m","gestion":"Conseil Départementale Val-d'Oise","com_conc":"Herblay-sur-Seine,Pierrelaye","com_conid":"95306,95488"},"geometry":{"type":"MultiLineString","coordinates":[[[2.154566,49.008828],[2.15394,49.008772],[2.153099,49.008544],[2.15236,49.008195],[2.151043,49.007374],[2.150424,49.007243],[2.150301,49.007107],[2.1503,49.006848],[2.149894,49.00652],[2.149447,49.006313],[2.148087,49.005854],[2.147613,49.005641],[2.147144,49.005347],[2.146114,49.004534],[2.144742,49.003826],[2.144156,49.003397],[2.143703,49.002944],[2.143384,49.0025],[2.142685,49.001274],[2.142484,49.001121]],[[2.14278,49.001075],[2.142833,49.001234],[2.143704,49.0027],[2.144045,49.003105],[2.144487,49.00349],[2.145211,49.003944],[2.146306,49.004513],[2.147231,49.00525],[2.147783,49.00559],[2.148435,49.005859],[2.149581,49.00624],[2.150677,49.006777],[2.150471,49.006816],[2.15032,49.00695]],[[2.150677,49.006777],[2.150968,49.006849],[2.151083,49.006988],[2.151052,49.007171],[2.150797,49.007301]],[[2.154565,49.008722],[2.153658,49.00861],[2.152894,49.00834],[2.152202,49.007971],[2.151449,49.007475],[2.15123,49.007297],[2.151085,49.007078]]]}},{"type":"Feature","properties":{"tsid":"TS09501077","name":"D48E/D54","debut":"limite commune Éragny (78172),Conflans-Sainte-Honorine (78172)","fin":"limite départementale","categorie":"3","es":"100","cl_admin":"Départementale","largeur":"6m","gestion":"Conseil Départementale Val-d'Oise/Yvelines","com_conc":"Conflans-Sainte-Honorine,Éragny","com_conid":"78172,95218"},"geometry":{"type":"MultiLineString","coordinates":[[[2.110128,49.008734],[2.105446,49.009558],[2.101858,49.010497],[2.098697,49.01104]]]}},{"type":"Feature","properties":{"tsid":"TS09500724","name":"D411","debut":"debut route D411","fin":"fin de la route D14","categorie":"3","es":"100","cl_admin":"Départementale","largeur":"de 5m à 7m","gestion":"Conseil Départementale Val-d'Oise","com_conc":"Bessancourt,Pierrelaye,Beauchamp,Taverny","com_conid":"95060,95488,95051,95607"},"geometry":{"type":"MultiLineString","coordinates":[[[2.167804,49.008587],[2.168156,49.008947],[2.167885,49.008795],[2.167629,49.008734]],[[2.168402,49.008046],[2.168084,49.008344],[2.168005,49.008565],[2.168061,49.008738],[2.168453,49.009268],[2.168156,49.008947]],[[2.168453,49.009268],[2.17183,49.012904],[2.172206,49.013428],[2.173106,49.014889],[2.174526,49.016764],[2.177511,49.019457],[2.178253,49.020414],[2.179583,49.022337],[2.18075,49.023748],[2.181161,49.024154],[2.182331,49.025097],[2.182519,49.025231],[2.182863,49.025355],[2.182713,49.025452],[2.182519,49.025231]],[[2.182863,49.025355],[2.183057,49.02541],[2.183091,49.025578],[2.18319,49.025732],[2.182763,49.025565],[2.182713,49.025452]],[[2.183073,49.025527],[2.182896,49.025603]],[[2.18811,49.030183],[2.18839,49.030569],[2.188345,49.03043],[2.18811,49.030183],[2.187197,49.028912],[2.186405,49.027993],[2.186123,49.027746],[2.18319,49.025732]],[[2.188453,49.030654],[2.18839,49.030569]]]}},{"type":"Feature","properties":{"tsid":"TS09500398","name":"R DES BAUVES","debut":"séparation de la route en R DES PILIERS,R PIERRE BROSSOLETTE","fin":"continue route R DES BAUVES sur 165 m","categorie":"4","es":"30","cl_admin":null,"largeur":"5m","gestion":"Probable route communale ou intercommunale","com_conc":"Sarcelles","com_conid":"95585"},"geometry":{"type":"MultiLineString","coordinates":[[[2.378888,48.994668],[2.380209,48.994916],[2.380425,48.994859],[2.38604,48.991441]]]}},{"type":"Feature","properties":{"tsid":"TS09500046","name":"R DES BEAUX SOLEILS","debut":"fin de la route Route sans nom","fin":"Intersection AV DES ARPENTS,R DES BEAUX SOLEILS","categorie":"4","es":"30","cl_admin":null,"largeur":"5m","gestion":"Probable route communale ou intercommunale","com_conc":"Osny","com_conid":"95476"},"geometry":{"type":"MultiLineString","coordinates":[[[2.067385,49.054296],[2.06835,49.053644],[2.069699,49.052829],[2.069812,49.052727],[2.06975,49.052665],[2.069763,49.052613],[2.069851,49.052568]]]}},{"type":"Feature","properties":{"tsid":"TS09500723","name":"D411","debut":"debut route D411","fin":"Intersection D411,RTE DE PIERRELAYE","categorie":"3","es":"100","cl_admin":"Départementale","largeur":"de 5m à 7m","gestion":"Conseil Départementale Val-d'Oise","com_conc":"Herblay-sur-Seine","com_conid":"95306"},"geometry":{"type":"MultiLineString","coordinates":[[[2.16291,49.010892],[2.162791,49.010736],[2.162463,49.010598],[2.160452,49.010412],[2.159713,49.010284],[2.159074,49.010102],[2.158884,49.010108]],[[2.159074,49.010102],[2.159225,49.010034],[2.159303,49.009926],[2.159246,49.009753]],[[2.159311,49.009867],[2.159351,49.009968],[2.159516,49.010091],[2.159855,49.010201],[2.160797,49.010341],[2.162523,49.010477],[2.163212,49.010641]]]}},{"type":"Feature","properties":{"tsid":"TS09501291","name":"D411","debut":"fin de la route D411","fin":"limite commune Pierrelaye (95306),Herblay-sur-Seine (95306)","categorie":"4","es":"30","cl_admin":"Départementale","largeur":"de 3m à 7m","gestion":"Conseil Départementale Val-d'Oise","com_conc":"Herblay-sur-Seine","com_conid":"95306"},"geometry":{"type":"MultiLineString","coordinates":[[[2.154566,49.008828],[2.15516,49.008796],[2.156102,49.008624],[2.155989,49.008527],[2.155955,49.008417],[2.155562,49.00861],[2.154565,49.008722]],[[2.155955,49.008417],[2.156066,49.008256],[2.156211,49.008203],[2.156501,49.00823],[2.156625,49.008315],[2.156666,49.008419],[2.156645,49.008513],[2.156516,49.008621],[2.15629,49.008669],[2.156102,49.008624]],[[2.156584,49.008579],[2.156598,49.008822],[2.156893,49.009104],[2.156586,49.008962],[2.15629,49.008669]],[[2.158087,49.009658],[2.158602,49.009922],[2.158616,49.009807],[2.158697,49.009721],[2.158087,49.009658],[2.156893,49.009104]],[[2.158884,49.010108],[2.158725,49.010051],[2.158602,49.009922]],[[2.158697,49.009721],[2.15897,49.009645],[2.159246,49.009753]]]}},{"type":"Feature","properties":{"tsid":"TS09500290","name":"D43","debut":"debut route D43","fin":"fin de la route D43","categorie":"3","es":"100","cl_admin":"Départementale","largeur":"7m","gestion":"Conseil Départementale Val-d'Oise","com_conc":"Moussy,Le Bellay-en-Vexin,Nucourt,Avernes,Chars,Commeny","com_conid":"95438,95054,95459,95040,95142,95169"},"geometry":{"type":"MultiLineString","coordinates":[[[1.881273,49.110649],[1.881531,49.110683],[1.881672,49.110797],[1.881707,49.110889],[1.881636,49.111058],[1.881644,49.111225],[1.881876,49.111632],[1.881536,49.111263],[1.881004,49.111063],[1.880936,49.110962],[1.880929,49.11085]],[[1.881636,49.111058],[1.881499,49.11114],[1.881293,49.111157]],[[1.881876,49.111632],[1.882669,49.112552],[1.884542,49.114144],[1.885421,49.114999],[1.886003,49.115725],[1.886249,49.116127],[1.886548,49.116692],[1.886831,49.117406],[1.886963,49.117882],[1.887064,49.118529],[1.888146,49.133691],[1.888087,49.134544],[1.885833,49.149294],[1.885544,49.149999],[1.88528,49.15042],[1.883958,49.151824],[1.883156,49.152798],[1.882596,49.153837],[1.882458,49.154195],[1.882308,49.154819],[1.882227,49.155493],[1.882246,49.156206],[1.882582,49.158881],[1.88285,49.161524]]]}},{"type":"Feature","properties":{"tsid":"TS09500678","name":"D43","debut":"fin de la route D43","fin":"séparation de la route en D14E1,D43","categorie":"4","es":"30","cl_admin":"Départementale","largeur":"7m","gestion":"Conseil Départementale Val-d'Oise","com_conc":"Avernes","com_conid":"95040"},"geometry":{"type":"MultiLineString","coordinates":[[[1.879243,49.108945],[1.879696,49.109958],[1.880173,49.110579],[1.880549,49.110798],[1.880929,49.11085],[1.881081,49.110691],[1.881273,49.110649]]]}},{"type":"Feature","properties":{"tsid":"TS09500397","name":"R DES BEAUX SOLEILS","debut":"debut route R DES BEAUX SOLEILS","fin":"continue route R DES BEAUX SOLEILS sur 249 m","categorie":"5","es":"10","cl_admin":null,"largeur":"7m","gestion":"Probable route communale ou intercommunale","com_conc":"Osny","com_conid":"95476"},"geometry":{"type":"MultiLineString","coordinates":[[[2.069851,49.052568],[2.069985,49.052597],[2.07001,49.052675],[2.069955,49.05273],[2.069812,49.052727]],[[2.069985,49.052597],[2.070186,49.05259],[2.070921,49.05242],[2.07001,49.052675]],[[2.070921,49.05242],[2.075024,49.051289],[2.075208,49.051173]]]}},{"type":"Feature","properties":{"tsid":"TS09500782","name":"D47","debut":"debut route D47","fin":"fin de la route D10","categorie":"3","es":"100","cl_admin":"Départementale","largeur":"de 3m à 9m","gestion":"Conseil Départementale Val-d'Oise","com_conc":"Fontenay-en-Parisis,Le Thillay,Gonesse,Goussainville","com_conid":"95241,95612,95277,95280"},"geometry":{"type":"MultiLineString","coordinates":[[[2.438669,49.045061],[2.438951,49.044818],[2.439746,49.044496],[2.440056,49.044306],[2.43868,49.044797],[2.438386,49.044849]],[[2.440056,49.044306],[2.444086,49.042346],[2.444955,49.041803],[2.445489,49.04131],[2.445881,49.040809],[2.446426,49.039741],[2.446611,49.039718],[2.446702,49.039646],[2.446703,49.039523],[2.44657,49.039435],[2.446384,49.039434],[2.446249,49.039521],[2.446248,49.039644],[2.446426,49.039741]],[[2.446477,49.039422],[2.446436,49.039016],[2.446463,49.038426],[2.447417,49.030157],[2.447232,49.030084],[2.447193,49.029967],[2.447304,49.029855],[2.447481,49.029828],[2.447621,49.029877],[2.447693,49.029995],[2.447618,49.030111],[2.447417,49.030157]],[[2.447481,49.029828],[2.447829,49.028433],[2.448321,49.027088],[2.449103,49.025518],[2.449707,49.024523],[2.45008,49.024013],[2.450726,49.023277],[2.451521,49.022581],[2.454641,49.020433],[2.454798,49.020142],[2.454859,49.020238],[2.455041,49.020321],[2.454641,49.020433]],[[2.455138,48.99299],[2.457023,48.994353],[2.458015,48.994942],[2.458861,48.995297],[2.460818,48.995925],[2.461516,48.996229],[2.462456,48.99674],[2.463034,48.997078],[2.463735,48.997569],[2.464368,48.998184],[2.464746,48.998847],[2.4649,48.999522],[2.464872,49.000007],[2.464447,49.002531],[2.464372,49.00274],[2.464348,49.002528],[2.464724,49.000174],[2.464723,48.999467],[2.464635,48.999099],[2.464454,48.99867],[2.464224,48.9983],[2.46382,48.997817],[2.462932,48.997148],[2.461443,48.996295],[2.460271,48.995824],[2.458803,48.995369],[2.457512,48.994781],[2.455034,48.9931]],[[2.454798,49.020142],[2.454863,49.019985],[2.454989,49.019916],[2.455185,49.0199],[2.455343,49.019942],[2.45545,49.020069],[2.455429,49.020198],[2.455257,49.020312],[2.455041,49.020321]],[[2.455185,49.0199],[2.455359,49.019861],[2.455736,49.01965],[2.455434,49.02003]],[[2.464699,49.019457],[2.46525,49.019678],[2.465411,49.019813],[2.465414,49.019671],[2.465501,49.01956],[2.465176,49.01957],[2.464699,49.019457],[2.460821,49.017896],[2.460319,49.017785],[2.459651,49.017738],[2.458963,49.017808],[2.458447,49.017943],[2.458048,49.018109],[2.455736,49.01965]],[[2.464974,49.008147],[2.464823,49.008075],[2.464268,49.007366],[2.464252,49.007457],[2.464338,49.007614],[2.464789,49.008202],[2.46475,49.008334],[2.464796,49.008408],[2.464965,49.008466],[2.465124,49.008447],[2.465212,49.008375],[2.465214,49.008253],[2.465034,49.00815],[2.464789,49.008202]],[[2.464268,49.007366],[2.463973,49.006653],[2.463894,49.005732],[2.464372,49.00274]],[[2.465197,49.008399],[2.465337,49.00861],[2.465766,49.008943],[2.465846,49.009069],[2.465712,49.009037],[2.465119,49.008545],[2.464965,49.008466]],[[2.465501,49.01956],[2.465676,49.019495],[2.465968,49.019522],[2.466105,49.019627],[2.466144,49.019799],[2.465975,49.01994],[2.465781,49.019987],[2.465533,49.019924],[2.465411,49.019813]],[[2.465676,49.019495],[2.466007,49.019316],[2.466414,49.018946],[2.466056,49.019367],[2.46606,49.019573]],[[2.465846,49.009069],[2.469442,49.011717],[2.470058,49.012098],[2.47052,49.012514],[2.470815,49.012661],[2.470704,49.012771],[2.470688,49.012869],[2.469442,49.011717]],[[2.466414,49.018946],[2.467543,49.017618],[2.469077,49.016436],[2.470186,49.01534],[2.470616,49.014855],[2.470908,49.014276],[2.470964,49.013882],[2.47089,49.013213],[2.470713,49.012995],[2.470688,49.012869]],[[2.470815,49.012661],[2.471048,49.012576],[2.471305,49.012574],[2.471558,49.012689],[2.471647,49.012854],[2.471632,49.012981],[2.471557,49.013084],[2.471336,49.013188],[2.471081,49.013202],[2.470836,49.013127]],[[2.471259,49.013204],[2.471024,49.013339],[2.470958,49.013638]]]}},{"type":"Feature","properties":{"tsid":"TS09500167","name":"D470","debut":"fin de la route D909","fin":"séparation de la route en D470,R DE SOISY","categorie":"3","es":"100","cl_admin":"Départementale","largeur":"de 3m à 5m","gestion":"Conseil Départementale Val-d'Oise","com_conc":"Ermont","com_conid":"95219"},"geometry":{"type":"MultiLineString","coordinates":[[[2.270381,48.979895],[2.270388,48.979683],[2.270802,48.978936],[2.270966,48.978465],[2.271359,48.977618],[2.271343,48.977494],[2.271216,48.977348],[2.271377,48.977306],[2.271368,48.977554]],[[2.271405,48.977252],[2.271377,48.977306]]]}},{"type":"Feature","properties":{"tsid":"TS09500168","name":"D470","debut":"séparation de la route en D170B3,D470","fin":"fin de la route D470","categorie":"3","es":"100","cl_admin":"Départementale","largeur":"de 3m à 5m","gestion":"Conseil Départementale Val-d'Oise","com_conc":"Saint-Gratien","com_conid":"95555"},"geometry":{"type":"MultiLineString","coordinates":[[[2.274969,48.973526],[2.275901,48.973122],[2.275989,48.973241],[2.274419,48.973887]],[[2.275901,48.973122],[2.277022,48.972636],[2.27709,48.972707],[2.27713,48.972772],[2.275989,48.973241]]]}},{"type":"Feature","properties":{"tsid":"TS09501163","name":"CHE DE LA DIME","debut":"fin de la route RPT DE LA DIME","fin":"fin de la route RPT DU VERGER","categorie":"5","es":"10","cl_admin":null,"largeur":"5m","gestion":"Probable route communale ou intercommunale","com_conc":"Roissy-en-France","com_conid":"95527"},"geometry":{"type":"MultiLineString","coordinates":[[[2.513579,48.997428],[2.513682,48.998143]]]}},{"type":"Feature","properties":{"tsid":"TS09500565","name":"D48","debut":"fin de la route D48","fin":"séparation de la route en D392,R MALIBRAN","categorie":"3","es":"100","cl_admin":"Départementale","largeur":"de 5m à 12m","gestion":"Conseil Départementale Val-d'Oise","com_conc":"Argenteuil,Cormeilles-en-Parisis","com_conid":"95018,95176"},"geometry":{"type":"MultiLineString","coordinates":[[[2.198566,48.970727],[2.198696,48.970728],[2.198694,48.970814],[2.198566,48.970813],[2.198566,48.970727],[2.195963,48.968755]],[[2.206338,48.967266],[2.206348,48.967192],[2.206441,48.967209],[2.206416,48.96727],[2.206338,48.967266],[2.205329,48.967786],[2.199876,48.970295],[2.198715,48.970748]],[[2.210364,48.965141],[2.210642,48.964958],[2.210461,48.964857],[2.210209,48.965411],[2.207838,48.966631],[2.206758,48.967119],[2.206445,48.967217]],[[2.210461,48.964857],[2.210463,48.964731],[2.210647,48.964632],[2.210792,48.964643],[2.211042,48.964751],[2.211392,48.96477],[2.210642,48.964958]],[[2.210904,48.964705],[2.210947,48.964797],[2.210925,48.96486]],[[2.230552,48.956833],[2.230678,48.956789],[2.232247,48.955518],[2.23359,48.954315],[2.23499,48.952841],[2.235477,48.952188],[2.235297,48.952301],[2.234439,48.953368],[2.233346,48.95448],[2.232485,48.95516],[2.230594,48.956754],[2.230552,48.956833],[2.227343,48.959255],[2.22619,48.959983],[2.225653,48.960219],[2.221154,48.961829],[2.214593,48.9634],[2.213792,48.963628],[2.213149,48.963887],[2.211392,48.96477]],[[2.237645,48.94906],[2.237742,48.948938],[2.2379,48.948468],[2.237906,48.948431],[2.237749,48.948427],[2.237629,48.948922],[2.237645,48.94906],[2.237398,48.94965],[2.237145,48.950109],[2.23676,48.950656],[2.235477,48.952188]],[[2.237749,48.948427],[2.237772,48.948347],[2.237923,48.948358],[2.237906,48.948431]],[[2.237923,48.948358],[2.23826,48.946962],[2.238097,48.946934],[2.237772,48.948347]],[[2.238097,48.946934],[2.23823,48.94657],[2.238466,48.946155],[2.238492,48.946122],[2.238629,48.94618],[2.238394,48.946604],[2.238295,48.94689],[2.238142,48.946836]],[[2.238295,48.94689],[2.23826,48.946962]],[[2.238492,48.946122],[2.238809,48.945814],[2.238916,48.945744],[2.239031,48.945764],[2.238629,48.94618]],[[2.238916,48.945744],[2.244037,48.941908],[2.244637,48.941299],[2.244616,48.941406],[2.244426,48.941669],[2.243514,48.942483],[2.243112,48.942798],[2.24183,48.943606],[2.239031,48.945764]],[[2.244637,48.941299],[2.245008,48.940662],[2.245215,48.939949],[2.245236,48.939579],[2.245135,48.939011],[2.245128,48.938658],[2.245253,48.938404],[2.245497,48.938156],[2.245622,48.938234],[2.245388,48.938438],[2.245244,48.938653],[2.245219,48.93934]],[[2.245497,48.938156],[2.246056,48.937824]],[[2.246171,48.937906],[2.245622,48.938234]]]}},{"type":"Feature","properties":{"tsid":"TS09500812","name":"D48","debut":"séparation de la route en D48,R FRANCOIS TRUFFAUT","fin":"debut route D48","categorie":"4","es":"30","cl_admin":"Départementale","largeur":"de 3m à 5m","gestion":"Conseil Départementale Val-d'Oise","com_conc":"Herblay-sur-Seine","com_conid":"95306"},"geometry":{"type":"MultiLineString","coordinates":[[[2.142481,49.000778],[2.143163,49.00082],[2.142857,49.000974],[2.142768,49.000816]],[[2.146034,49.000179],[2.146638,49.000086],[2.146505,48.99996],[2.146034,49.000179],[2.143163,49.00082]],[[2.146505,48.99996],[2.146582,48.999866],[2.146686,48.999837],[2.147055,48.999902],[2.148461,48.999754],[2.151003,48.99971],[2.151031,48.999794],[2.148306,48.999809],[2.146638,49.000086]],[[2.146891,48.999894],[2.146902,49.000014]],[[2.151003,48.99971],[2.151098,48.99964],[2.15138,48.999635],[2.151638,48.999651],[2.151696,48.999713],[2.151686,48.999777],[2.151581,48.999815],[2.151031,48.999794]],[[2.151673,48.99968],[2.152152,48.999781],[2.154873,48.999839],[2.153358,48.99986],[2.151666,48.99979]],[[2.154873,48.999839],[2.157102,48.99984],[2.157996,48.999743],[2.158912,48.999458],[2.160915,48.998497],[2.161189,48.998409],[2.161209,48.998486],[2.161275,48.998519],[2.160949,48.99856],[2.160097,48.998921]],[[2.161189,48.998409],[2.161304,48.998337],[2.161452,48.998382],[2.161452,48.9985],[2.161275,48.998519]],[[2.161304,48.998337],[2.164129,48.996981],[2.166094,48.996164],[2.166163,48.996204],[2.163835,48.997166],[2.162704,48.997707],[2.161727,48.998193],[2.161475,48.998423]],[[2.166094,48.996164],[2.166122,48.996081],[2.166255,48.996095],[2.166271,48.996179],[2.166163,48.996204]],[[2.166276,48.996114],[2.166567,48.996128],[2.166253,48.99619]],[[2.166567,48.996128],[2.171689,48.995431],[2.173193,48.994984],[2.173425,48.995009],[2.173468,48.994875],[2.173285,48.994833],[2.173191,48.994904],[2.173193,48.994984]],[[2.177157,48.993617],[2.176904,48.993779],[2.173468,48.994875]]]}},{"type":"Feature","properties":{"tsid":"TS09500814","name":"D48","debut":"fin de la route D48","fin":"Intersection BD HELOISE,D48","categorie":"4","es":"30","cl_admin":"Départementale","largeur":"de 3m à 5m","gestion":"Conseil Départementale Val-d'Oise","com_conc":"Argenteuil","com_conid":"95018"},"geometry":{"type":"MultiLineString","coordinates":[[[2.246056,48.937824],[2.246171,48.937906]]]}},{"type":"Feature","properties":{"tsid":"TS09500620","name":"D502","debut":"fin de la route D409","fin":"fin de la route D502","categorie":"4","es":"30","cl_admin":"Départementale","largeur":"5m","gestion":"Conseil Départementale Val-d'Oise","com_conc":"Taverny,Saint-Leu-la-Forêt,Ermont","com_conid":"95607,95563,95219"},"geometry":{"type":"MultiLineString","coordinates":[[[2.209296,49.028722],[2.209692,49.028553],[2.209563,49.028703],[2.209515,49.028845]],[[2.209692,49.028553],[2.21307,49.025913],[2.21576,49.024013],[2.218125,49.022455],[2.219133,49.021842],[2.219607,49.02158],[2.219747,49.021617],[2.219856,49.021579],[2.219854,49.021466],[2.219731,49.021427],[2.219594,49.021472],[2.219607,49.02158]],[[2.219803,49.021435],[2.222467,49.019908],[2.22256,49.019974],[2.220332,49.02118],[2.219868,49.021486]],[[2.222467,49.019908],[2.222475,49.019798],[2.222556,49.019744],[2.222791,49.019768],[2.222824,49.019857],[2.222778,49.019938],[2.22256,49.019974]],[[2.222752,49.019749],[2.224297,49.018734],[2.225158,49.018227],[2.227235,49.0173],[2.2279,49.017055],[2.22769,49.017202],[2.225663,49.018081],[2.224967,49.018434],[2.222817,49.019816]],[[2.2279,49.017055],[2.228411,49.016767],[2.22888,49.016421],[2.229594,49.015685],[2.230012,49.015034],[2.231185,49.012463],[2.231777,49.011704],[2.232467,49.011065],[2.233101,49.010621],[2.233781,49.010233],[2.235011,49.009724],[2.235637,49.009536],[2.238809,49.008808],[2.238976,49.008865],[2.239066,49.008815],[2.239071,49.008748],[2.238885,49.008691],[2.238817,49.00872],[2.238809,49.008808]],[[2.239035,49.008709],[2.240988,49.008267],[2.24103,49.008341],[2.239077,49.008789]],[[2.240988,49.008267],[2.24109,49.008196],[2.241252,49.008252],[2.241197,49.008338],[2.24103,49.008341]],[[2.241234,49.008227],[2.242818,49.007809],[2.242668,49.007896],[2.241247,49.008298]],[[2.242986,49.00818],[2.242811,49.008008],[2.242541,49.007932]],[[2.252621,48.999379],[2.252634,48.999316],[2.252699,48.999361],[2.252621,48.999379],[2.252095,49.000212],[2.251668,49.001414],[2.250694,49.003645],[2.250448,49.004018],[2.249934,49.004588],[2.249384,49.00502],[2.248562,49.005487],[2.247484,49.005893],[2.246209,49.006211],[2.24561,49.006414],[2.242818,49.007809]],[[2.252668,48.999318],[2.253883,48.997689]]]}},{"type":"Feature","properties":{"tsid":"TS09500775","name":"D506","debut":"fin de la route D139","fin":"fin de la route D506","categorie":"4","es":"30","cl_admin":"Départementale","largeur":"5m","gestion":"Conseil Départementale Val-d'Oise","com_conc":"Le Plessis-Bouchard,Ermont","com_conid":"95491,95219"},"geometry":{"type":"MultiLineString","coordinates":[[[2.240451,49.001013],[2.243235,48.999653],[2.243408,48.999651],[2.243458,48.9996],[2.24342,48.999491],[2.243231,48.999498],[2.243182,48.999595],[2.243235,48.999653]],[[2.243359,48.999473],[2.245131,48.998636],[2.245782,48.998436],[2.245552,48.998557],[2.245514,48.998655],[2.244683,48.99894],[2.243446,48.999526]],[[2.245782,48.998436],[2.245922,48.998398],[2.246215,48.998456],[2.245514,48.998655]],[[2.245922,48.998398],[2.246801,48.998125],[2.247105,48.998179],[2.246215,48.998456]],[[2.246801,48.998125],[2.248452,48.997612],[2.249606,48.997362],[2.249625,48.997435],[2.247105,48.998179]],[[2.249606,48.997362],[2.250452,48.997187],[2.252093,48.996464],[2.25231,48.996425],[2.250636,48.997221],[2.249625,48.997435]]]}},{"type":"Feature","properties":{"tsid":"TS09500314","name":"N104","debut":"fin de la route N104","fin":"fin de la route D301","categorie":"4","es":"30","cl_admin":"Nationale","largeur":"4m","gestion":"DIR Île-de-France","com_conc":"Baillet-en-France","com_conid":"95042"},"geometry":{"type":"MultiLineString","coordinates":[[[2.32328,49.06213],[2.324495,49.062203],[2.325013,49.062182],[2.32549,49.062078],[2.326381,49.061787],[2.327563,49.061655]]]}},{"type":"Feature","properties":{"tsid":"TS09500051","name":"D508","debut":"fin de la route D508","fin":"séparation de la route en D405","categorie":"3","es":"100","cl_admin":"Départementale","largeur":"5m","gestion":"Conseil Départementale Val-d'Oise","com_conc":"Franconville","com_conid":"95252"},"geometry":{"type":"MultiLineString","coordinates":[[[2.224426,48.991662],[2.224462,48.991595],[2.224552,48.991586],[2.22461,48.99162],[2.224576,48.991695],[2.224426,48.991662],[2.22378,48.99187],[2.223343,48.992139],[2.223149,48.992179]],[[2.224602,48.991609],[2.225686,48.991249],[2.22585,48.991152],[2.226053,48.991118],[2.225997,48.991152],[2.225686,48.991249]],[[2.22662,48.990919],[2.226941,48.990837],[2.22705,48.990766],[2.226785,48.990826],[2.226053,48.991118]],[[2.22705,48.990766],[2.228058,48.99035],[2.228075,48.990299],[2.228816,48.989896],[2.229539,48.989049],[2.229884,48.988755],[2.23172,48.987938],[2.232105,48.98778],[2.232269,48.987761],[2.232142,48.98785],[2.229949,48.988799],[2.229622,48.989079],[2.228978,48.989856],[2.228698,48.990043],[2.228058,48.99035]],[[2.232269,48.987761],[2.233604,48.987404],[2.235382,48.986687],[2.236765,48.98625]]]}},{"type":"Feature","properties":{"tsid":"TS09501040","name":"R DE MONTMORENCY","debut":"séparation de la route en R DE DIANE,R PAUL VAILLANT COUTURIER","fin":"fin de la route D909","categorie":"3","es":"100","cl_admin":null,"largeur":"5m","gestion":"Probable route communale ou intercommunale","com_conc":"Argenteuil","com_conid":"95018"},"geometry":{"type":"MultiLineString","coordinates":[[[2.254905,48.946785],[2.254137,48.946741]]]}},{"type":"Feature","properties":{"tsid":"TS09501276","name":"D55A","debut":"fin de la route R DES SAULES","fin":"debut route D55A","categorie":"2","es":"250","cl_admin":"Départementale","largeur":"de 3m à 7m","gestion":"Conseil Départementale Val-d'Oise","com_conc":"Neuville-sur-Oise,Jouy-le-Moutier,Maurecourt","com_conid":"95450,95323,78382"},"geometry":{"type":"MultiLineString","coordinates":[[[2.061124,49.007959],[2.062403,49.006767],[2.06276,49.00655],[2.063202,49.006424],[2.063506,49.006397],[2.063943,49.006426],[2.064253,49.006508],[2.064618,49.006684],[2.071185,49.010536],[2.072256,49.011107],[2.074456,49.012104],[2.074278,49.012095],[2.072865,49.011478],[2.071318,49.010685],[2.06555,49.007305],[2.064301,49.006637],[2.06399,49.006538],[2.063345,49.006523],[2.062898,49.006624],[2.062302,49.006899]]]}},{"type":"Feature","properties":{"tsid":"TS09500818","name":"D55A","debut":"fin de la route D55A","fin":"séparation de la route en BD D'ECANCOURT,D55A","categorie":"3","es":"100","cl_admin":"Départementale","largeur":"de 5m à 7m","gestion":"Conseil Départementale Val-d'Oise","com_conc":"Jouy-le-Moutier","com_conid":"95323"},"geometry":{"type":"MultiLineString","coordinates":[[[2.054138,49.011821],[2.054497,49.011862],[2.054842,49.012056],[2.054891,49.012158],[2.054879,49.012278],[2.054798,49.012386],[2.05461,49.012503],[2.054193,49.012574],[2.053905,49.012517],[2.053613,49.012301],[2.053575,49.012126]],[[2.054881,49.012115],[2.056305,49.011903],[2.05668,49.011785],[2.0571,49.011553],[2.061124,49.007959]]]}},{"type":"Feature","properties":{"tsid":"TS09500590","name":"D55A","debut":"fin de la route D55A","fin":"séparation de la route en D55A,Route sans nom","categorie":"4","es":"30","cl_admin":"Départementale","largeur":"5m","gestion":"Conseil Départementale Val-d'Oise","com_conc":"Jouy-le-Moutier","com_conid":"95323"},"geometry":{"type":"MultiLineString","coordinates":[[[2.053575,49.012126],[2.053737,49.011911],[2.054138,49.011821]]]}},{"type":"Feature","properties":{"tsid":"TS09500619","name":"D86","debut":"continue route D86 sur 643 m","fin":"fin de la route D14I1","categorie":"3","es":"100","cl_admin":"Départementale","largeur":"7m","gestion":"Conseil Départementale Val-d'Oise","com_conc":"Magny-en-Vexin,Hodent","com_conid":"95355,95309"},"geometry":{"type":"MultiLineString","coordinates":[[[1.747154,49.143249],[1.75301,49.14338],[1.761572,49.14491],[1.76323,49.145271],[1.764461,49.145637],[1.766149,49.1463],[1.779394,49.152139]]]}},{"type":"Feature","properties":{"tsid":"TS09501109","name":"D64","debut":"fin de la route D64","fin":"fin de la route Route sans nom","categorie":"3","es":"100","cl_admin":"Départementale","largeur":"5m","gestion":"Conseil Départementale Val-d'Oise","com_conc":"Nerville-la-Forêt,Presles,L'Isle-Adam","com_conid":"95445,95504,95313"},"geometry":{"type":"MultiLineString","coordinates":[[[2.248977,49.103964],[2.248976,49.103866],[2.249072,49.103805],[2.249211,49.103805],[2.249307,49.103869],[2.249307,49.10396],[2.24921,49.104023],[2.249072,49.104023],[2.248977,49.103964],[2.231466,49.108817]],[[2.249308,49.103874],[2.264923,49.099494],[2.265759,49.0994],[2.270131,49.099206],[2.271448,49.098985],[2.27276,49.098624],[2.273194,49.098634],[2.273331,49.098426],[2.273789,49.098194],[2.274053,49.097984],[2.275189,49.096583],[2.275287,49.0964],[2.27531,49.096135],[2.275043,49.095415],[2.274664,49.095046],[2.273294,49.094121],[2.272888,49.093982],[2.272054,49.093854],[2.271755,49.093762],[2.270447,49.093192],[2.269072,49.091867],[2.268916,49.091667],[2.268876,49.091407],[2.268941,49.091208],[2.269103,49.091004],[2.269564,49.090765],[2.269927,49.090727],[2.271655,49.090814],[2.272391,49.09069],[2.273026,49.090348],[2.273442,49.08998],[2.273968,49.089621],[2.274294,49.08955]]]}},{"type":"Feature","properties":{"tsid":"TS09500906","name":"D84","debut":"fin de la route D84","fin":"fin de la route D970","categorie":"3","es":"100","cl_admin":"Départementale","largeur":"5m","gestion":"Conseil Départementale Val-d'Oise","com_conc":"Gonesse","com_conid":"95277"},"geometry":{"type":"MultiLineString","coordinates":[[[2.469372,48.983376],[2.461733,48.984989],[2.45989,48.985442]]]}},{"type":"Feature","properties":{"tsid":"TS09501098","name":"D64","debut":"fin de la route Route sans nom","fin":"fin de la route D64","categorie":"4","es":"30","cl_admin":"Départementale","largeur":"5m","gestion":"Conseil Départementale Val-d'Oise","com_conc":"L'Isle-Adam,Parmain","com_conid":"95313,95480"},"geometry":{"type":"MultiLineString","coordinates":[[[2.207247,49.113029],[2.207447,49.113807],[2.207736,49.114296],[2.209104,49.114004],[2.209563,49.113714],[2.210079,49.113565],[2.211711,49.11333],[2.213483,49.112879],[2.21392,49.112727],[2.215568,49.112366],[2.21616,49.112343],[2.216443,49.112233],[2.217182,49.112169],[2.219522,49.112086],[2.231466,49.108817]]]}},{"type":"Feature","properties":{"tsid":"TS09501204","name":"D64E","debut":"fin de la route D64E","fin":"fin de la route D64","categorie":"3","es":"100","cl_admin":"Départementale","largeur":"7m","gestion":"Conseil Départementale Val-d'Oise","com_conc":"Nerville-la-Forêt","com_conid":"95445"},"geometry":{"type":"MultiLineString","coordinates":[[[2.275517,49.101245],[2.273695,49.099006],[2.273453,49.098764],[2.273194,49.098634]]]}},{"type":"Feature","properties":{"tsid":"TS09501197","name":"D78","debut":"debut route D78","fin":"debut route D78","categorie":"4","es":"30","cl_admin":"Départementale","largeur":"de 3m à 5m","gestion":"Conseil Départementale Val-d'Oise","com_conc":"Nointel,Presles,Beaumont-sur-Oise","com_conid":"95452,95504,95052"},"geometry":{"type":"MultiLineString","coordinates":[[[2.285199,49.142123],[2.285286,49.142063],[2.285412,49.142078],[2.285451,49.142139],[2.285417,49.142197],[2.285243,49.142206],[2.285199,49.142123],[2.283993,49.141666],[2.284004,49.141566],[2.283857,49.141311],[2.281492,49.132041],[2.281177,49.13064],[2.281154,49.130205],[2.281241,49.129727],[2.281981,49.127966],[2.282655,49.125983],[2.282625,49.125614],[2.282125,49.123879],[2.282041,49.123357],[2.282972,49.119594],[2.283302,49.118642],[2.283306,49.118472],[2.283107,49.118174],[2.282537,49.117822],[2.282063,49.117433],[2.281151,49.116182],[2.280759,49.115825],[2.28075,49.115602],[2.281002,49.115267],[2.281021,49.115079],[2.280967,49.114684],[2.280718,49.11406],[2.280155,49.113274],[2.279942,49.112791],[2.279887,49.1124],[2.280276,49.111831],[2.280617,49.111158],[2.280867,49.110773],[2.281756,49.109802],[2.283183,49.108526],[2.288565,49.107458],[2.28901,49.107329],[2.289684,49.106975],[2.290915,49.105833],[2.291391,49.105606],[2.291793,49.105533],[2.292248,49.105548],[2.293483,49.10585]],[[2.285904,49.144663],[2.285739,49.144406],[2.284748,49.143711],[2.284584,49.143477],[2.28457,49.143312],[2.284618,49.14317],[2.28527,49.142318],[2.285285,49.142218]]]}},{"type":"Feature","properties":{"tsid":"TS09501018","name":"D9","debut":"fin de la route D9","fin":"fin de la route D9","categorie":"5","es":"10","cl_admin":"Départementale","largeur":"de 3m à 5m","gestion":"Conseil Départementale Val-d'Oise","com_conc":"Baillet-en-France","com_conid":"95042"},"geometry":{"type":"MultiLineString","coordinates":[[[2.320374,49.064214],[2.322728,49.064048],[2.323546,49.063901],[2.323505,49.063979],[2.323559,49.064043],[2.322728,49.064048]],[[2.323546,49.063901],[2.323675,49.063866],[2.323816,49.063914],[2.324233,49.063933],[2.323822,49.063995],[2.323687,49.064073],[2.323559,49.064043]],[[2.323816,49.063914],[2.323822,49.063995]],[[2.325103,49.063869],[2.325722,49.063848],[2.325608,49.063798],[2.325602,49.063696],[2.325309,49.063834],[2.324233,49.063933]],[[2.325602,49.063696],[2.325737,49.063628],[2.325905,49.063693],[2.325884,49.063811],[2.325722,49.063848]]]}},{"type":"Feature","properties":{"tsid":"TS09501144","name":"R MARCEL DASSAULT","debut":"fin de la route AV DE L'EGUILLETTE","fin":"debut route R MARCEL DASSAULT","categorie":"4","es":"30","cl_admin":null,"largeur":"de 4m à 5m","gestion":"Probable route communale ou intercommunale","com_conc":"Saint-Ouen-l'Aumône","com_conid":"95572"},"geometry":{"type":"MultiLineString","coordinates":[[[2.125471,49.047437],[2.125972,49.046871],[2.125693,49.047292],[2.125662,49.047475]],[[2.125972,49.046871],[2.126827,49.046104],[2.127604,49.045544],[2.129307,49.044505]],[[2.129883,49.044153],[2.131725,49.042905],[2.131107,49.043467],[2.129827,49.044341],[2.127477,49.045659]],[[2.131725,49.042905],[2.133761,49.041119],[2.133875,49.040964],[2.133992,49.041051],[2.133761,49.041119]],[[2.133875,49.040964],[2.133865,49.04089],[2.133958,49.040803],[2.134091,49.040782],[2.13425,49.040839],[2.13429,49.040929],[2.134225,49.041021],[2.133992,49.041051]]]}},{"type":"Feature","properties":{"tsid":"TS09501196","name":"D78","debut":"fin de la route D4","fin":"debut route D78","categorie":"4","es":"30","cl_admin":"Départementale","largeur":"de 3m à 5m","gestion":"Conseil Départementale Val-d'Oise","com_conc":"Persan,Beaumont-sur-Oise","com_conid":"95487,95052"},"geometry":{"type":"MultiLineString","coordinates":[[[2.263921,49.15719],[2.264347,49.157023],[2.264159,49.157169],[2.264092,49.157289]],[[2.264347,49.157023],[2.27101,49.15367],[2.271669,49.15326],[2.271793,49.153349],[2.27101,49.15367]],[[2.271669,49.15326],[2.271746,49.153151],[2.27194,49.153173],[2.271977,49.153229],[2.271954,49.153308],[2.271793,49.153349]],[[2.271856,49.153144],[2.272514,49.152912],[2.271977,49.153229]],[[2.272514,49.152912],[2.275297,49.151527],[2.27545,49.151536],[2.27579,49.151798],[2.275935,49.151849],[2.276082,49.151824],[2.276818,49.151459],[2.276891,49.151352],[2.276802,49.150778],[2.279658,49.149326],[2.280966,49.14858],[2.281801,49.148238],[2.281904,49.148147],[2.282005,49.148204],[2.281801,49.148238]],[[2.281904,49.148147],[2.281921,49.147994],[2.2821,49.147992],[2.282137,49.148154],[2.282005,49.148204]],[[2.2821,49.147992],[2.282279,49.147974],[2.282571,49.14786],[2.282137,49.148154]],[[2.282571,49.14786],[2.283482,49.1472],[2.284668,49.14599],[2.284789,49.145966],[2.284763,49.145896],[2.284642,49.145915],[2.284668,49.14599]],[[2.284763,49.145896],[2.285683,49.144942],[2.285762,49.144809]],[[2.285883,49.144902],[2.285683,49.144942]]]}},{"type":"Feature","properties":{"tsid":"TS09500272","name":"D79","debut":"fin de la route D927","fin":"fin de la route Route sans nom","categorie":"4","es":"30","cl_admin":"Départementale","largeur":"de 3m à 5m","gestion":"Conseil Départementale Val-d'Oise","com_conc":"Hérouville-en-Vexin","com_conid":"95308"},"geometry":{"type":"MultiLineString","coordinates":[[[2.129507,49.105634],[2.130385,49.105675],[2.129965,49.1056],[2.12977,49.10544]],[[2.133222,49.106658],[2.131243,49.105714],[2.130886,49.105649],[2.130385,49.105675]]]}},{"type":"Feature","properties":{"tsid":"TS09500770","name":"D81","debut":"fin de la route D81","fin":"fin de la route D81","categorie":"4","es":"30","cl_admin":"Départementale","largeur":"5m","gestion":"Conseil Départementale Val-d'Oise","com_conc":"Courdimanche,Menucourt","com_conid":"95183,95388"},"geometry":{"type":"MultiLineString","coordinates":[[[1.985627,49.027314],[1.985732,49.027298],[1.985759,49.027369],[1.985651,49.027387],[1.985627,49.027314],[1.985201,49.027154],[1.983709,49.026323],[1.983482,49.026239],[1.982158,49.025869],[1.98003,49.025499],[1.979486,49.025351],[1.979354,49.025397],[1.979265,49.025355],[1.97926,49.025309],[1.979404,49.02525],[1.979488,49.025288],[1.979486,49.025351]],[[1.990025,49.028776],[1.990187,49.028752],[1.990292,49.028807],[1.990248,49.028927],[1.990084,49.028947],[1.989987,49.028872],[1.990025,49.028776],[1.989368,49.028529],[1.986535,49.027523],[1.985768,49.027351]],[[1.990186,49.028949],[1.990409,49.03023],[1.990356,49.030152],[1.990084,49.028947]],[[1.992463,49.03408],[1.992244,49.033971],[1.991949,49.033503],[1.991657,49.032443],[1.991469,49.032095],[1.99085,49.031191],[1.990409,49.03023]],[[1.992288,49.034193],[1.992153,49.034001],[1.992049,49.033665]]]}},{"type":"Feature","properties":{"tsid":"TS09500905","name":"D84","debut":"fin de la route D970","fin":"séparation de la route en D84,Route sans nom","categorie":"3","es":"100","cl_admin":"Départementale","largeur":"5m","gestion":"Conseil Départementale Val-d'Oise","com_conc":"Gonesse","com_conid":"95277"},"geometry":{"type":"MultiLineString","coordinates":[[[2.459799,48.985269],[2.461174,48.985014],[2.469294,48.98328]]]}},{"type":"Feature","properties":{"tsid":"TS09500904","name":"D84","debut":"fin de la route D84","fin":"debut route D84","categorie":"3","es":"100","cl_admin":"Départementale","largeur":"5m","gestion":"Conseil Départementale Val-d'Oise","com_conc":"Gonesse,Arnouville","com_conid":"95277,95019"},"geometry":{"type":"MultiLineString","coordinates":[[[2.422337,48.978082],[2.422472,48.978133],[2.422524,48.978201],[2.422515,48.97829],[2.422394,48.978383],[2.422212,48.978389],[2.42207,48.978332],[2.422033,48.978222],[2.422152,48.978105],[2.422337,48.978082],[2.423041,48.976719],[2.423224,48.9767]],[[2.422394,48.978383],[2.423576,48.98018],[2.42342,48.980309]],[[2.423576,48.98018],[2.423847,48.980211],[2.423944,48.980358],[2.43102,48.98204],[2.430905,48.982085],[2.430869,48.982171],[2.430726,48.982078],[2.430162,48.98192],[2.423919,48.980426],[2.423944,48.980358]],[[2.43102,48.98204],[2.431202,48.98208],[2.431222,48.982211],[2.431016,48.982278],[2.430869,48.982171]],[[2.440385,48.984392],[2.431712,48.982291],[2.431384,48.982244],[2.431122,48.982271]],[[2.431234,48.982121],[2.44033,48.984287]]]}},{"type":"Feature","properties":{"tsid":"TS09501076","name":"R MARIE-THERESE DE POIX","debut":"fin de la route Route sans nom","fin":"Intersection R CHERIF MECHERI,R MARIE-THERESE DE POIX","categorie":"4","es":"30","cl_admin":null,"largeur":"5m","gestion":"Probable route communale ou intercommunale","com_conc":"Saint-Ouen-l'Aumône","com_conid":"95572"},"geometry":{"type":"MultiLineString","coordinates":[[[2.125672,49.033826],[2.124412,49.033262],[2.123123,49.032843]]]}},{"type":"Feature","properties":{"tsid":"TS09501100","name":"D88","debut":"debut route D88","fin":"fin de la route D14","categorie":"3","es":"100","cl_admin":"Départementale","largeur":"de 3m à 7m","gestion":"Conseil Départementale Val-d'Oise","com_conc":"Puiseux-Pontoise","com_conid":"95510"},"geometry":{"type":"MultiLineString","coordinates":[[[2.011687,49.058754],[2.011937,49.058514],[2.011953,49.058263],[2.011737,49.057915],[2.010634,49.056567]]]}},{"type":"Feature","properties":{"tsid":"TS09500903","name":"D84","debut":"limite département Seine-Saint-Denis (93),Val-d'Oise (95)","fin":"debut route D84","categorie":"3","es":"100","cl_admin":"Départementale","largeur":"5m","gestion":"Conseil Départementale Val-d'Oise","com_conc":"Arnouville,Stains,Garges-lès-Gonesse","com_conid":"95019,93072,95268"},"geometry":{"type":"MultiLineString","coordinates":[[[2.398903,48.959611],[2.399992,48.960491],[2.400722,48.960797],[2.401153,48.96082],[2.400987,48.96095],[2.400949,48.961052],[2.399992,48.960491]],[[2.401153,48.96082],[2.401506,48.96076],[2.401794,48.960856],[2.401885,48.960937],[2.401934,48.96108],[2.40185,48.961253],[2.401555,48.961395],[2.401211,48.961375],[2.401008,48.961247],[2.400949,48.961052]],[[2.401326,48.961398],[2.401479,48.9615],[2.401918,48.962015],[2.402065,48.962103],[2.401739,48.961669],[2.401715,48.961494],[2.401779,48.96132]],[[2.402065,48.962103],[2.402316,48.962233],[2.402877,48.962675],[2.403438,48.962979],[2.403279,48.962953],[2.402833,48.96274],[2.402162,48.962225],[2.402163,48.96218]],[[2.408825,48.966044],[2.408835,48.966111],[2.409154,48.966401],[2.414536,48.971181],[2.420728,48.975102],[2.420859,48.975144],[2.420789,48.975059],[2.414609,48.971145],[2.408912,48.966063],[2.406052,48.964303],[2.405206,48.963829],[2.403438,48.962979]],[[2.422927,48.976461],[2.420859,48.975144]]]}},{"type":"Feature","properties":{"tsid":"TS09500987","name":"D84","debut":"fin de la route D84","fin":"fin de la route D84","categorie":"4","es":"30","cl_admin":"Départementale","largeur":"5m","gestion":"Conseil Départementale Val-d'Oise","com_conc":"Gonesse","com_conid":"95277"},"geometry":{"type":"MultiLineString","coordinates":[[[2.469406,48.983266],[2.469998,48.983279],[2.470096,48.983333],[2.470106,48.983433],[2.469896,48.983498],[2.469627,48.98337],[2.469372,48.983376]],[[2.469797,48.983449],[2.469784,48.983349],[2.469856,48.98329]]]}},{"type":"Feature","properties":{"tsid":"TS09500984","name":"D84","debut":"fin de la route D84","fin":"fin de la route D84","categorie":"4","es":"30","cl_admin":"Départementale","largeur":"5m","gestion":"Conseil Départementale Val-d'Oise","com_conc":"Arnouville","com_conid":"95019"},"geometry":{"type":"MultiLineString","coordinates":[[[2.423041,48.976719],[2.422923,48.976681],[2.422876,48.97652],[2.423092,48.976408],[2.423242,48.976432],[2.423343,48.976517],[2.423305,48.976641],[2.423224,48.9767]]]}},{"type":"Feature","properties":{"tsid":"TS09500985","name":"D84","debut":"debut route D84","fin":"séparation de la route en D84,R DU COLONEL DRIANT","categorie":"4","es":"30","cl_admin":"Départementale","largeur":"5m","gestion":"Conseil Départementale Val-d'Oise","com_conc":"Arnouville","com_conid":"95019"},"geometry":{"type":"MultiLineString","coordinates":[[[2.423919,48.980426],[2.423792,48.980508],[2.423535,48.980506],[2.423419,48.980399],[2.42342,48.980309]]]}},{"type":"Feature","properties":{"tsid":"TS09500292","name":"D84B","debut":"Intersection BD DE LA MUETTE,D84","fin":"fin de la route D84B","categorie":"4","es":"30","cl_admin":"Départementale","largeur":"de 4m à 5m","gestion":"Conseil Départementale Val-d'Oise","com_conc":"Bonneuil-en-France,Garges-lès-Gonesse","com_conid":"95088,95268"},"geometry":{"type":"MultiLineString","coordinates":[[[2.418198,48.973426],[2.418572,48.973178],[2.418749,48.972725],[2.419343,48.972165],[2.41939,48.972234],[2.419534,48.972293],[2.41937,48.972347],[2.418976,48.972614],[2.418818,48.972834],[2.418677,48.973198],[2.41828,48.973482]],[[2.419343,48.972165],[2.419339,48.972025],[2.419433,48.971928],[2.419625,48.97188],[2.419858,48.971934],[2.41997,48.972073],[2.419919,48.972217],[2.419723,48.972298],[2.419534,48.972293]],[[2.421573,48.970472],[2.421329,48.970728],[2.420469,48.971413],[2.420002,48.971748],[2.419715,48.971888]],[[2.421769,48.970585],[2.421466,48.970752],[2.420167,48.971756],[2.420022,48.971872],[2.419956,48.972026]]]}},{"type":"Feature","properties":{"tsid":"TS09500529","name":"D902A","debut":"fin de la route D902A","fin":"debut route D902A","categorie":"3","es":"100","cl_admin":"Départementale","largeur":"7m","gestion":"Conseil Départementale Val-d'Oise","com_conc":"Roissy-en-France","com_conid":"95527"},"geometry":{"type":"MultiLineString","coordinates":[[[2.505689,49.005965],[2.505562,49.006138],[2.505318,49.006223],[2.505131,49.006222],[2.504892,49.006132]]]}},{"type":"Feature","properties":{"tsid":"TS09500007","name":"D84A","debut":"fin de la route D84A","fin":"Intersection D84A,Route sans nom","categorie":"3","es":"100","cl_admin":"Départementale","largeur":"7m","gestion":"Conseil Départementale Val-d'Oise","com_conc":"Bonneuil-en-France,Garges-lès-Gonesse","com_conid":"95088,95268"},"geometry":{"type":"MultiLineString","coordinates":[[[2.41612,48.959308],[2.416354,48.959502],[2.417263,48.95995],[2.417718,48.960316],[2.417922,48.960586],[2.418262,48.961239],[2.41835,48.961643],[2.418022,48.961094],[2.417556,48.96059],[2.417231,48.960376],[2.416569,48.960058],[2.415938,48.959846]],[[2.42054,48.969541],[2.420957,48.969916],[2.421458,48.970245],[2.421562,48.970364],[2.421671,48.970237],[2.421865,48.970189],[2.421476,48.970102],[2.420956,48.969807],[2.42042,48.96945],[2.419906,48.968985],[2.418148,48.966741],[2.417887,48.966285],[2.417701,48.965788],[2.417607,48.965274],[2.417612,48.964591],[2.417787,48.96389],[2.4183,48.962504],[2.418373,48.962036],[2.41835,48.961643]],[[2.421573,48.970472],[2.421562,48.970364]],[[2.426304,48.974742],[2.426078,48.97372],[2.425945,48.973326],[2.425605,48.97277],[2.425286,48.972431],[2.424493,48.971854],[2.422531,48.970805],[2.422092,48.970613],[2.421769,48.970585]],[[2.421865,48.970189],[2.422053,48.970229],[2.422156,48.970351],[2.422125,48.970492],[2.42196,48.970584]],[[2.42216,48.970423],[2.422231,48.970523],[2.422403,48.97063],[2.424777,48.971921],[2.425456,48.972452],[2.425798,48.97285],[2.42608,48.973344],[2.426434,48.974711]]]}},{"type":"Feature","properties":{"tsid":"TS09500006","name":"D84A","debut":"fin de la route D84","fin":"fin de la route D84A","categorie":"3","es":"100","cl_admin":"Départementale","largeur":"7m","gestion":"Conseil Départementale Val-d'Oise","com_conc":"Garges-lès-Gonesse","com_conid":"95268"},"geometry":{"type":"MultiLineString","coordinates":[[[2.401794,48.960856],[2.402253,48.960812],[2.404146,48.96016],[2.403125,48.96061],[2.402084,48.960977],[2.401934,48.96108]],[[2.41529,48.959093],[2.413958,48.958786],[2.413167,48.958685],[2.410709,48.958684],[2.409243,48.958804],[2.408211,48.958944],[2.40697,48.959204],[2.406192,48.959429],[2.404146,48.96016]],[[2.409733,48.95876],[2.410726,48.958745],[2.411821,48.95884],[2.415017,48.959555]]]}},{"type":"Feature","properties":{"tsid":"TS09500367","name":"D84A","debut":"fin de la route D84A","fin":"séparation de la route en D84A,D84B","categorie":"4","es":"30","cl_admin":"Départementale","largeur":"3m","gestion":"Conseil Départementale Val-d'Oise","com_conc":"Bonneuil-en-France","com_conid":"95088"},"geometry":{"type":"MultiLineString","coordinates":[[[2.421769,48.970585],[2.421573,48.970472]]]}},{"type":"Feature","properties":{"tsid":"TS09501081","name":"D84A1","debut":"fin de la route D84","fin":"fin de la route D84B","categorie":"4","es":"30","cl_admin":"Départementale","largeur":"4m","gestion":"Conseil Départementale Val-d'Oise","com_conc":"Garges-lès-Gonesse","com_conid":"95268"},"geometry":{"type":"MultiLineString","coordinates":[[[2.417422,48.972914],[2.418028,48.973074],[2.418252,48.973085],[2.418485,48.973019],[2.418691,48.972848]]]}},{"type":"Feature","properties":{"tsid":"TS09500365","name":"D84A2","debut":"fin de la route D84B","fin":"fin de la route D84","categorie":"3","es":"100","cl_admin":"Départementale","largeur":"4m","gestion":"Conseil Départementale Val-d'Oise","com_conc":"Garges-lès-Gonesse","com_conid":"95268"},"geometry":{"type":"MultiLineString","coordinates":[[[2.418702,48.973157],[2.418802,48.973411],[2.420646,48.974972]]]}},{"type":"Feature","properties":{"tsid":"TS09500524","name":"D84A3","debut":"fin de la route D84","fin":"fin de la route BD DE LA MUETTE","categorie":"4","es":"30","cl_admin":"Départementale","largeur":"4m","gestion":"Conseil Départementale Val-d'Oise","com_conc":"Garges-lès-Gonesse","com_conid":"95268"},"geometry":{"type":"MultiLineString","coordinates":[[[2.419708,48.974462],[2.418115,48.973779],[2.41794,48.97379],[2.417483,48.974032]]]}},{"type":"Feature","properties":{"tsid":"TS09500428","name":"D84A4","debut":"fin de la route BD DE LA MUETTE","fin":"fin de la route D84","categorie":"3","es":"100","cl_admin":"Départementale","largeur":"4m","gestion":"Conseil Départementale Val-d'Oise","com_conc":"Garges-lès-Gonesse","com_conid":"95268"},"geometry":{"type":"MultiLineString","coordinates":[[[2.417358,48.974],[2.417656,48.973715],[2.41769,48.973628],[2.417082,48.97278]]]}},{"type":"Feature","properties":{"tsid":"TS09500434","name":"D922/D922","debut":"limite département Val-d'Oise (95),Yvelines (78)","fin":"limite commune Vaux-sur-Seine (78638),Menucourt (78638)","categorie":"3","es":"100","cl_admin":"Départementale","largeur":"7m","gestion":"Conseil Départementale Val-d'Oise/Yvelines","com_conc":"Vaux-sur-Seine,Menucourt","com_conid":"78638,95388"},"geometry":{"type":"MultiLineString","coordinates":[[[1.980453,49.019014],[1.980678,49.019034]]]}},{"type":"Feature","properties":{"tsid":"TS09500005","name":"D121","debut":"limite département Yvelines (78),Val-d'Oise (95)","fin":"limite départementale","categorie":"3","es":"100","cl_admin":"Départementale","largeur":"5m","gestion":"Conseil Départementale Yvelines","com_conc":"Sartrouville,Cormeilles-en-Parisis","com_conid":"78586,95176"},"geometry":{"type":"MultiLineString","coordinates":[[[2.183832,48.95312],[2.18401,48.953319]]]}},{"type":"Feature","properties":{"tsid":"TS09500969","name":"CHE DE LA MARE EPINEUSE","debut":"limite commune Franconville (95424),Montigny-lès-Cormeilles (95424)","fin":"fin de la route D14","categorie":"3","es":"100","cl_admin":null,"largeur":"de 3m à 5m","gestion":"Probable route communale ou intercommunale","com_conc":"Montigny-lès-Cormeilles,Franconville","com_conid":"95424,95252"},"geometry":{"type":"MultiLineString","coordinates":[[[2.204709,48.990011],[2.204323,48.989929]]]}},{"type":"Feature","properties":{"tsid":"TS09501099","name":"D88","debut":"debut route D88","fin":"fin de la route D38","categorie":"3","es":"100","cl_admin":"Départementale","largeur":"de 3m à 7m","gestion":"Conseil Départementale Val-d'Oise","com_conc":"Courdimanche,Cergy","com_conid":"95183,95127"},"geometry":{"type":"MultiLineString","coordinates":[[[1.98856,49.045726],[1.988752,49.045978],[1.988368,49.045832]],[[1.994667,49.048758],[1.994981,49.048935],[1.995106,49.049063],[1.995338,49.048883],[1.995104,49.048876],[1.994667,49.048758],[1.989621,49.046482],[1.988752,49.045978]],[[1.995338,49.048883],[1.995636,49.04885],[1.995926,49.04897],[1.996031,49.049122],[1.99593,49.049358],[1.995629,49.04947],[1.995294,49.049415],[1.995086,49.049223],[1.995106,49.049063]],[[1.996031,49.049122],[1.996781,49.049577],[1.996256,49.049355],[1.99593,49.049358]],[[2.002481,49.053088],[2.002648,49.05331],[2.002685,49.053477],[2.002812,49.053402],[2.003027,49.053365],[2.000847,49.052195],[1.998099,49.05049],[1.996781,49.049577]],[[2.003027,49.053365],[2.00334,49.05343],[2.003509,49.053585],[2.003523,49.053694],[2.003439,49.053861],[2.003422,49.054057],[2.003588,49.054248],[2.003226,49.054045],[2.002714,49.053894],[2.002581,49.053692],[2.002685,49.053477]],[[2.003439,49.053861],[2.003243,49.053961],[2.003033,49.053985]],[[2.010208,49.056018],[2.009934,49.055722],[2.009355,49.055449],[2.006628,49.054884],[2.00447,49.05454],[2.003903,49.054389],[2.003588,49.054248]],[[2.008694,49.055301],[2.009321,49.055306],[2.009774,49.055386],[2.010075,49.055493],[2.010678,49.055816]]]}},{"type":"Feature","properties":{"tsid":"TS09501176","name":"R DE CREIL","debut":"séparation de la route en D4Z,R DES FAUVETTES","fin":"fin de la route CAR GEORGES BRASSENS","categorie":"4","es":"30","cl_admin":null,"largeur":"de 4m à 5m","gestion":"Probable route communale ou intercommunale","com_conc":"Bernes-sur-Oise","com_conid":"95058"},"geometry":{"type":"MultiLineString","coordinates":[[[2.294659,49.160427],[2.296306,49.160661],[2.298976,49.161438],[2.299682,49.161471]]]}},{"type":"Feature","properties":{"tsid":"TS09501035","name":"D88","debut":"debut route D88","fin":"fin de la route D88","categorie":"4","es":"30","cl_admin":"Départementale","largeur":"de 3m à 7m","gestion":"Conseil Départementale Val-d'Oise","com_conc":"Courdimanche","com_conid":"95183"},"geometry":{"type":"MultiLineString","coordinates":[[[1.992801,49.034352],[1.992921,49.034687],[1.992692,49.034503],[1.992314,49.034365],[1.99226,49.034259],[1.992288,49.034193],[1.992463,49.03408],[1.992728,49.034099],[1.99283,49.034212],[1.992831,49.0343],[1.992766,49.034392],[1.992559,49.034447]],[[1.992583,49.034069],[1.992905,49.033735],[1.992789,49.034143]],[[1.99474,49.031281],[1.995123,49.031019],[1.995367,49.030947],[1.995154,49.030892],[1.995088,49.030806],[1.994928,49.031087],[1.994361,49.03171],[1.992905,49.033735]],[[1.995621,49.037719],[1.994998,49.037111],[1.992921,49.034687]],[[1.995088,49.030806],[1.995135,49.030672],[1.995254,49.030608],[1.99554,49.030637],[1.995621,49.030722],[1.99561,49.030834],[1.995505,49.030919],[1.995367,49.030947]],[[1.995452,49.037794],[1.995412,49.037675],[1.994998,49.037111]],[[1.995404,49.030597],[1.996119,49.030326],[1.995845,49.030493],[1.995621,49.030722]],[[1.998697,49.029046],[1.998228,49.02932],[1.996119,49.030326]],[[1.998777,49.029232],[1.998228,49.02932]]]}},{"type":"Feature","properties":{"tsid":"TS09500274","name":"D9","debut":"continue route D9 sur 221 m","fin":"fin de la route D10","categorie":"3","es":"100","cl_admin":"Départementale","largeur":"de 3m à 7m","gestion":"Conseil Départementale Val-d'Oise","com_conc":"Châtenay-en-France,Puiseux-en-France,Marly-la-Ville","com_conid":"95144,95509,95371"},"geometry":{"type":"MultiLineString","coordinates":[[[2.46971,49.064804],[2.470039,49.064954],[2.471507,49.065188],[2.470644,49.065127],[2.469845,49.064978],[2.469671,49.065008]],[[2.497551,49.071279],[2.498512,49.071378],[2.49875,49.071513],[2.498921,49.071533],[2.4991,49.071461],[2.499159,49.071342],[2.499087,49.071244],[2.498897,49.071175],[2.498338,49.07129],[2.497551,49.071279],[2.493639,49.070924],[2.492105,49.070669],[2.490717,49.070274],[2.487746,49.069255],[2.4755,49.065833],[2.473924,49.065491],[2.471507,49.065188]],[[2.498714,49.071216],[2.49862,49.071312],[2.498632,49.071442]]]}},{"type":"Feature","properties":{"tsid":"TS09500780","name":"R EDOUARD BOURCHY","debut":"debut route R EDOUARD BOURCHY","fin":"fin de la route R DE SENLIS","categorie":"4","es":"30","cl_admin":null,"largeur":"5m","gestion":"Probable route communale ou intercommunale","com_conc":"Beaumont-sur-Oise","com_conid":"95052"},"geometry":{"type":"MultiLineString","coordinates":[[[2.287053,49.14202],[2.289882,49.142271],[2.290926,49.142413]]]}},{"type":"Feature","properties":{"tsid":"TS09500810","name":"D902","debut":"debut route D902","fin":"fin de la route D84","categorie":"4","es":"30","cl_admin":"Départementale","largeur":"7m","gestion":"Conseil Départementale Val-d'Oise","com_conc":"Roissy-en-France,Gonesse","com_conid":"95527,95277"},"geometry":{"type":"MultiLineString","coordinates":[[[2.470104,48.983351],[2.470327,48.983595],[2.470564,48.983768],[2.471896,48.984334],[2.470645,48.983896],[2.470174,48.983592],[2.469931,48.983499]],[[2.508593,48.998245],[2.508099,48.998168],[2.505863,48.997373],[2.471896,48.984334]],[[2.508274,48.998341],[2.507419,48.997949]]]}},{"type":"Feature","properties":{"tsid":"TS09500796","name":"D902","debut":"séparation de la route en AV CHARLES DE GAULLE,D902","fin":"fin de la route D902","categorie":"5","es":"10","cl_admin":"Départementale","largeur":"5m","gestion":"Conseil Départementale Val-d'Oise","com_conc":"Roissy-en-France","com_conid":"95527"},"geometry":{"type":"MultiLineString","coordinates":[[[2.514003,49.000348],[2.514146,49.000292],[2.514283,49.000329],[2.514355,49.00043],[2.514339,49.000495],[2.514075,49.000539],[2.513977,49.000473],[2.514003,49.000348]]]}},{"type":"Feature","properties":{"tsid":"TS09501229","name":"D902A","debut":"debut route D902A","fin":"séparation de la route en D317D2,D902A","categorie":"2","es":"250","cl_admin":"Départementale","largeur":"7m","gestion":"Conseil Départementale Val-d'Oise","com_conc":"Roissy-en-France","com_conid":"95527"},"geometry":{"type":"MultiLineString","coordinates":[[[2.494196,49.009458],[2.494336,49.009543],[2.494399,49.009644],[2.494402,49.009806],[2.49424,49.009963],[2.493879,49.010025]],[[2.494265,49.009494],[2.49458,49.009493],[2.49559,49.009248],[2.503474,49.006538],[2.504016,49.006306],[2.504788,49.005852],[2.504778,49.005978],[2.504892,49.006132],[2.504602,49.006169],[2.503765,49.006583],[2.495856,49.009302],[2.494885,49.009582],[2.494402,49.009806]],[[2.504788,49.005852],[2.504892,49.005721],[2.505124,49.005634],[2.505667,49.005115],[2.506019,49.004688],[2.506309,49.004214],[2.507713,49.000412]],[[2.505124,49.005634],[2.505396,49.005645],[2.505581,49.005725],[2.505669,49.00582],[2.505689,49.005965]],[[2.507064,49.002755],[2.506469,49.004294],[2.506091,49.004885],[2.505582,49.005451],[2.505518,49.005691]]]}},{"type":"Feature","properties":{"tsid":"TS09501200","name":"R DE DUGNY","debut":"séparation de la route en R ALEXANDRINE DESLANDES,R DE GONESSE,R DU PONT YBLON","fin":"continue route R DE DUGNY sur 14 m","categorie":"4","es":"30","cl_admin":null,"largeur":"5m","gestion":"Probable route communale ou intercommunale","com_conc":"Bonneuil-en-France","com_conid":"95088"},"geometry":{"type":"MultiLineString","coordinates":[[[2.431913,48.974846],[2.431616,48.974395],[2.431509,48.974334]]]}},{"type":"Feature","properties":{"tsid":"TS09501230","name":"D902A","debut":"debut route D902A","fin":"fin de la route D902A","categorie":"2","es":"250","cl_admin":"Départementale","largeur":"7m","gestion":"Conseil Départementale Val-d'Oise","com_conc":"Roissy-en-France","com_conid":"95527"},"geometry":{"type":"MultiLineString","coordinates":[[[2.508451,48.998572],[2.508411,48.998413],[2.508494,48.998289],[2.508767,48.99817],[2.509301,48.997634],[2.510446,48.996929],[2.510746,48.996656],[2.51085,48.99646],[2.511022,48.99666],[2.511351,48.996749],[2.510956,48.996766],[2.509789,48.997496],[2.509256,48.997906],[2.509081,48.998138],[2.509,48.998331]],[[2.51085,48.99646],[2.510878,48.996258],[2.511104,48.996079],[2.511366,48.996025],[2.511862,48.996081],[2.512073,48.99606],[2.512587,48.995879],[2.513601,48.995389],[2.514861,48.99453],[2.516595,48.993695],[2.516811,48.993464],[2.516822,48.993342],[2.51673,48.993221],[2.516965,48.993298],[2.517301,48.993298],[2.516827,48.993676],[2.514893,48.994621],[2.513729,48.995458],[2.513083,48.995834],[2.512176,48.996207]],[[2.51673,48.993221],[2.516575,48.992979],[2.516663,48.992729],[2.516938,48.992596],[2.517292,48.992586],[2.517555,48.992693],[2.517649,48.992792],[2.517688,48.992946],[2.517636,48.993123],[2.517548,48.993204],[2.517301,48.993298]]]}},{"type":"Feature","properties":{"tsid":"TS09500528","name":"D902A","debut":"limite commune Goussainville (95280),Le Thillay (95280)","fin":"fin de la route D902A","categorie":"3","es":"100","cl_admin":"Départementale","largeur":"7m","gestion":"Conseil Départementale Val-d'Oise","com_conc":"Goussainville,Roissy-en-France","com_conid":"95280,95527"},"geometry":{"type":"MultiLineString","coordinates":[[[2.489019,49.010612],[2.48928,49.010637],[2.489844,49.010558],[2.492768,49.00993],[2.493477,49.0097],[2.493514,49.009846],[2.493628,49.009943],[2.493304,49.009903],[2.489831,49.010653],[2.489171,49.01088]],[[2.493477,49.0097],[2.493558,49.009554],[2.493777,49.009432],[2.493903,49.009408],[2.494196,49.009458]],[[2.493879,49.010025],[2.493628,49.009943]]]}},{"type":"Feature","properties":{"tsid":"TS09500587","name":"D915Z","debut":"séparation de la route en D915Z,D927","fin":"séparation de la route en D915Z,R VICTOR HUGO","categorie":"3","es":"100","cl_admin":"Départementale","largeur":"9m","gestion":"Conseil Départementale Val-d'Oise","com_conc":"Pontoise","com_conid":"95500"},"geometry":{"type":"MultiLineString","coordinates":[[[2.101269,49.048528],[2.101776,49.04878],[2.103209,49.049649],[2.103502,49.049839],[2.103496,49.049902],[2.103417,49.050012],[2.100465,49.051433]],[[2.103209,49.049649],[2.103272,49.049962],[2.103502,49.049839]]]}},{"type":"Feature","properties":{"tsid":"TS09500530","name":"D902A","debut":"fin de la route D902A","fin":"debut route D902A","categorie":"3","es":"100","cl_admin":"Départementale","largeur":"7m","gestion":"Conseil Départementale Val-d'Oise","com_conc":"Roissy-en-France","com_conid":"95527"},"geometry":{"type":"MultiLineString","coordinates":[[[2.507713,49.000412],[2.508451,48.998572],[2.508613,48.998643],[2.508803,48.998652],[2.508672,48.998778],[2.508431,48.999174],[2.507893,49.000478]],[[2.508658,48.998233],[2.508901,48.998263],[2.509055,48.998425],[2.509054,48.998498],[2.508977,48.998585],[2.508803,48.998652]]]}},{"type":"Feature","properties":{"tsid":"TS09500160","name":"D909","debut":"limite commune Moisselles (95409),Domont (95409)","fin":"limite commune Moisselles (95409),Domont (95409)","categorie":"3","es":"100","cl_admin":"Départementale","largeur":"de 3m à 7m","gestion":"Conseil Départementale Val-d'Oise","com_conc":"Moisselles,Domont","com_conid":"95409,95199"},"geometry":{"type":"MultiLineString","coordinates":[[[2.324681,49.044331],[2.327407,49.045196],[2.329072,49.045847],[2.330489,49.046516],[2.331453,49.047171],[2.331764,49.047306],[2.331643,49.047386],[2.331453,49.047171]],[[2.331764,49.047306],[2.331918,49.047343],[2.331908,49.047481],[2.331734,49.047499],[2.331643,49.047386]],[[2.331941,49.047407],[2.332121,49.047647],[2.331801,49.047508]]]}},{"type":"Feature","properties":{"tsid":"TS09500749","name":"R DE PARIS","debut":"limite commune Pierrelaye (95572),Saint-Ouen-l'Aumône (95572)","fin":"Intersection R DE PARIS,Route sans nom","categorie":"2","es":"250","cl_admin":null,"largeur":"de 5m à 7m","gestion":"Probable route communale ou intercommunale","com_conc":"Saint-Ouen-l'Aumône","com_conid":"95572"},"geometry":{"type":"MultiLineString","coordinates":[[[2.135592,49.027042],[2.133906,49.028027]]]}},{"type":"Feature","properties":{"tsid":"TS09500158","name":"D909","debut":"séparation de la route en D14,D909","fin":"fin de la route D909","categorie":"3","es":"100","cl_admin":"Départementale","largeur":"de 3m à 7m","gestion":"Conseil Départementale Val-d'Oise","com_conc":"Sannois,Eaubonne,Ermont","com_conid":"95582,95203,95219"},"geometry":{"type":"MultiLineString","coordinates":[[[2.263231,48.969762],[2.263406,48.970345],[2.263009,48.971187],[2.262746,48.97255],[2.262801,48.972848],[2.263075,48.973095],[2.263537,48.973241],[2.263922,48.97324],[2.264702,48.97306],[2.266019,48.975356],[2.266336,48.975815],[2.266944,48.976603],[2.26717,48.976735],[2.267181,48.976832],[2.267256,48.976872],[2.267395,48.976859],[2.267454,48.976805],[2.26745,48.976742],[2.267317,48.976676],[2.26717,48.976735]],[[2.270276,48.98013],[2.270293,48.979931],[2.270462,48.979914],[2.270504,48.980007],[2.270487,48.980159],[2.270339,48.980197],[2.270224,48.980097],[2.270004,48.98008],[2.269813,48.980005],[2.269411,48.979721],[2.267249,48.977003],[2.267249,48.97687]],[[2.267395,48.976859],[2.267346,48.976958],[2.267249,48.977003]],[[2.270458,48.980188],[2.270473,48.980542],[2.270552,48.980857],[2.271049,48.981744],[2.270979,48.981721],[2.270465,48.980945],[2.270352,48.98056],[2.270339,48.980197]],[[2.271049,48.981744],[2.271719,48.98281],[2.272749,48.985466],[2.2749,48.99039],[2.275039,48.990957],[2.274905,48.991365],[2.275044,48.9914],[2.275112,48.991513],[2.275028,48.99163],[2.274819,48.991643],[2.274779,48.991815],[2.274662,48.993457],[2.274766,48.993494],[2.274802,48.993614],[2.274725,48.993672],[2.274584,48.993686],[2.274508,48.993653],[2.274463,48.993559],[2.274517,48.993492],[2.274662,48.993457]],[[2.275252,48.994779],[2.275261,48.994525],[2.274688,48.993681]],[[2.274819,48.991643],[2.274726,48.991564],[2.274729,48.991453],[2.274905,48.991365]],[[2.275261,48.994525],[2.275567,48.994692]]]}},{"type":"Feature","properties":{"tsid":"TS09500762","name":"D909","debut":"debut route D909","fin":"fin de la route D909","categorie":"4","es":"30","cl_admin":"Départementale","largeur":"5m","gestion":"Conseil Départementale Val-d'Oise","com_conc":"Luzarches,Belloy-en-France,Viarmes","com_conid":"95352,95056,95652"},"geometry":{"type":"MultiLineString","coordinates":[[[2.366769,49.105117],[2.366921,49.105267],[2.367898,49.105737],[2.366963,49.105397],[2.366585,49.105311]],[[2.367898,49.105737],[2.369046,49.106138],[2.378088,49.108761],[2.380259,49.109435],[2.385925,49.110997],[2.388384,49.111508],[2.39043,49.111831],[2.391688,49.111945],[2.394553,49.112035]]]}},{"type":"Feature","properties":{"tsid":"TS09500757","name":"D909","debut":"séparation de la route en D14,D909","fin":"fin de la route D909","categorie":"4","es":"30","cl_admin":"Départementale","largeur":"5m","gestion":"Conseil Départementale Val-d'Oise","com_conc":"Sannois","com_conid":"95582"},"geometry":{"type":"MultiLineString","coordinates":[[[2.263231,48.969762],[2.263203,48.969689]]]}},{"type":"Feature","properties":{"tsid":"TS09500357","name":"D929","debut":"fin de la route D929","fin":"fin de la route D4","categorie":"3","es":"100","cl_admin":"Départementale","largeur":"7m","gestion":"Conseil Départementale Val-d'Oise","com_conc":"Le Mesnil-en-Thelle,Bernes-sur-Oise,Beaumont-sur-Oise,Persan","com_conid":"60398,95058,95052,95487"},"geometry":{"type":"MultiLineString","coordinates":[[[2.287271,49.158902],[2.288192,49.157957],[2.288261,49.157793],[2.287781,49.158267],[2.286514,49.159768],[2.286129,49.160297],[2.285749,49.160951],[2.285491,49.161543],[2.285322,49.162156],[2.285261,49.162636],[2.285273,49.163967],[2.285206,49.164252],[2.285228,49.164355]],[[2.288261,49.157793],[2.288491,49.15754],[2.289137,49.157102],[2.289922,49.156673],[2.29246,49.155619],[2.293089,49.155218],[2.293711,49.154659],[2.294014,49.154259],[2.296652,49.149527],[2.297486,49.148294],[2.297521,49.148144]],[[2.297778,49.148215],[2.297558,49.148376],[2.297091,49.148892]]]}},{"type":"Feature","properties":{"tsid":"TS09500760","name":"D909","debut":"séparation de la route en D909,Route sans nom","fin":"fin de la route D909","categorie":"4","es":"30","cl_admin":"Départementale","largeur":"5m","gestion":"Conseil Départementale Val-d'Oise","com_conc":"Attainville,Moisselles,Baillet-en-France","com_conid":"95028,95409,95042"},"geometry":{"type":"MultiLineString","coordinates":[[[2.332933,49.060396],[2.333136,49.06035],[2.333227,49.060171],[2.33314,49.060036],[2.33267,49.059772],[2.332524,49.05957],[2.332333,49.058924],[2.332335,49.05823],[2.332751,49.057151],[2.33415,49.053906],[2.334232,49.053576],[2.335526,49.050228],[2.334502,49.049506],[2.333609,49.048711],[2.333139,49.04862],[2.333086,49.048556],[2.333146,49.048367],[2.333107,49.048321],[2.332121,49.047647]],[[2.333124,49.048469],[2.333285,49.048439],[2.333146,49.048367]],[[2.333285,49.048439],[2.333411,49.048528],[2.333327,49.048637]],[[2.333411,49.048528],[2.333609,49.048711]]]}},{"type":"Feature","properties":{"tsid":"TS09500907","name":"R DE GONESSE","debut":"continue route R DE GONESSE sur 68 m","fin":"fin de la route Route sans nom","categorie":"3","es":"100","cl_admin":null,"largeur":"5m","gestion":"Probable route communale ou intercommunale","com_conc":"Gonesse","com_conid":"95277"},"geometry":{"type":"MultiLineString","coordinates":[[[2.434958,48.97862],[2.435172,48.978788],[2.435634,48.979037]]]}},{"type":"Feature","properties":{"tsid":"TS09500662","name":"R DES ECOLES","debut":"séparation de la route en AV DU CHATEAU,R DE PARIS","fin":"continue route R DES ECOLES sur 53 m","categorie":"4","es":"30","cl_admin":null,"largeur":"5m","gestion":"Probable route communale ou intercommunale","com_conc":"Le Thillay","com_conid":"95612"},"geometry":{"type":"MultiLineString","coordinates":[[[2.471187,49.002571],[2.477446,48.996413],[2.477425,48.99619],[2.476734,48.995571],[2.476507,48.995271],[2.476464,48.994971],[2.476559,48.994463],[2.476469,48.994303]],[[2.476809,48.994314],[2.476692,48.994421],[2.476525,48.994746]]]}},{"type":"Feature","properties":{"tsid":"TS09501070","name":"R DES MAQUIGNONS","debut":"limite commune Eaubonne (95203),Andilly (95203)","fin":"limite commune Andilly (95203),Margency (95203),Eaubonne (95203)","categorie":"3","es":"100","cl_admin":null,"largeur":"5m","gestion":"Probable route communale ou intercommunale","com_conc":"Andilly,Eaubonne,Margency","com_conid":"95014,95203,95369"},"geometry":{"type":"MultiLineString","coordinates":[[[2.291135,48.996447],[2.290142,48.996798]]]}},{"type":"Feature","properties":{"tsid":"TS09500134","name":"R DES MAQUIGNONS","debut":"limite commune Margency (95369),Eaubonne (95369),Andilly (95369)","fin":"limite commune Margency (95203),Eaubonne (95203)","categorie":"4","es":"30","cl_admin":null,"largeur":"5m","gestion":"Probable route communale ou intercommunale","com_conc":"Eaubonne,Andilly,Margency","com_conid":"95203,95014,95369"},"geometry":{"type":"MultiLineString","coordinates":[[[2.290142,48.996798],[2.288419,48.997154],[2.286354,48.997453],[2.284819,48.997463]]]}},{"type":"Feature","properties":{"tsid":"TS09500161","name":"D909","debut":"debut route D909","fin":"fin de la route D301","categorie":"3","es":"100","cl_admin":"Départementale","largeur":"de 3m à 7m","gestion":"Conseil Départementale Val-d'Oise","com_conc":"Belloy-en-France,Attainville,Villaines-sous-Bois","com_conid":"95056,95028,95660"},"geometry":{"type":"MultiLineString","coordinates":[[[2.334605,49.065036],[2.335088,49.065285],[2.33473,49.065238],[2.334504,49.065261]],[[2.34475,49.07307],[2.345103,49.073512],[2.345343,49.073411],[2.34475,49.07307],[2.335948,49.065758],[2.335585,49.065507],[2.335088,49.065285]],[[2.345343,49.073411],[2.345531,49.073455],[2.345629,49.073729],[2.34598,49.074099],[2.345535,49.07382],[2.345153,49.073682],[2.345093,49.073607],[2.345103,49.073512]],[[2.345577,49.073625],[2.345502,49.073698],[2.345346,49.073728]],[[2.34598,49.074099],[2.351673,49.078832],[2.35202,49.079049],[2.352215,49.079116],[2.352061,49.079166],[2.351988,49.079278],[2.351673,49.078832]],[[2.352215,49.079116],[2.352459,49.079191],[2.352606,49.079576],[2.352062,49.079415],[2.351988,49.079278]],[[2.352489,49.079328],[2.352401,49.079431],[2.352299,49.079462]],[[2.352606,49.079576],[2.35483,49.081438],[2.355168,49.081897],[2.360382,49.093349],[2.360586,49.093708],[2.360774,49.093857],[2.360578,49.093855],[2.360446,49.093921],[2.360457,49.093711],[2.360382,49.093349]],[[2.360774,49.093857],[2.360872,49.093904],[2.360934,49.094016],[2.360894,49.094113],[2.360748,49.094187],[2.360567,49.094187],[2.360478,49.094141],[2.360405,49.094043],[2.360446,49.093921]],[[2.360894,49.094113],[2.360858,49.094265],[2.360941,49.094616],[2.360767,49.094351],[2.360567,49.094187]],[[2.360941,49.094616],[2.364881,49.10317],[2.365239,49.103767],[2.365615,49.104222],[2.366131,49.10474],[2.366329,49.104832],[2.366182,49.104856],[2.366018,49.104972],[2.366024,49.10479],[2.365713,49.104332]],[[2.365981,49.105075],[2.366018,49.104972]],[[2.366329,49.104832],[2.366554,49.104854],[2.366693,49.104936],[2.36676,49.105056],[2.366755,49.105165],[2.366631,49.105292],[2.366448,49.10535],[2.366254,49.105343],[2.366061,49.105258]]]}},{"type":"Feature","properties":{"tsid":"TS09500156","name":"D909","debut":"limite commune Gennevilliers (92036),Argenteuil (92036)","fin":"fin de la route D909","categorie":"3","es":"100","cl_admin":"Départementale","largeur":"de 3m à 7m","gestion":"Conseil Départementale Val-d'Oise","com_conc":"Argenteuil,Gennevilliers","com_conid":"95018,92036"},"geometry":{"type":"MultiLineString","coordinates":[[[2.2553,48.940077],[2.253129,48.942093]]]}},{"type":"Feature","properties":{"tsid":"TS09500157","name":"D909","debut":"debut route D909","fin":"fin de la route Route sans nom","categorie":"3","es":"100","cl_admin":"Départementale","largeur":"de 3m à 7m","gestion":"Conseil Départementale Val-d'Oise","com_conc":"Argenteuil,Sannois","com_conid":"95018,95582"},"geometry":{"type":"MultiLineString","coordinates":[[[2.257869,48.959401],[2.258209,48.960094],[2.258329,48.960006],[2.258483,48.959997],[2.258221,48.959803],[2.257869,48.959401],[2.254384,48.953775],[2.253851,48.952259],[2.253547,48.949355],[2.253421,48.94894]],[[2.258485,48.960373],[2.258644,48.960334],[2.258677,48.960476],[2.259001,48.960861],[2.259354,48.961391],[2.259768,48.962185],[2.259791,48.962326],[2.259662,48.962212],[2.259235,48.961463],[2.258526,48.960427],[2.258199,48.960262],[2.258209,48.960094]],[[2.260289,48.963106],[2.260258,48.963179],[2.261037,48.964516],[2.261493,48.965409],[2.261579,48.965388],[2.261569,48.96535],[2.26125,48.964701],[2.260593,48.963525],[2.259791,48.962326]],[[2.261579,48.965388],[2.26168,48.965461],[2.261628,48.965525],[2.261468,48.965497],[2.261493,48.965409]],[[2.261526,48.96553],[2.261819,48.966252],[2.261885,48.966279],[2.261922,48.96624],[2.261628,48.965525]],[[2.263203,48.969689],[2.261885,48.966279]]]}},{"type":"Feature","properties":{"tsid":"TS09500763","name":"D909","debut":"limite commune Viarmes (95026),Asnières-sur-Oise (95026)","fin":"fin de la route D922","categorie":"4","es":"30","cl_admin":"Départementale","largeur":"5m","gestion":"Conseil Départementale Val-d'Oise","com_conc":"Lamorlaye,Viarmes,Asnières-sur-Oise","com_conid":"60346,95652,95026"},"geometry":{"type":"MultiLineString","coordinates":[[[2.383503,49.155505],[2.379589,49.149499],[2.376789,49.146761],[2.376394,49.146315],[2.37349,49.138359],[2.373344,49.138092],[2.373117,49.137919]],[[2.37349,49.138359],[2.373461,49.138017],[2.373536,49.137842]]]}},{"type":"Feature","properties":{"tsid":"TS09500215","name":"D142","debut":"limite commune Drocourt (95008),Aincourt (95008)","fin":"limite commune Aincourt (95008),Drocourt (95008)","categorie":"4","es":"30","cl_admin":"Départementale","largeur":"5m","gestion":"Conseil Départementale Yvelines","com_conc":"Aincourt,Drocourt","com_conid":"95008,78202"},"geometry":{"type":"MultiLineString","coordinates":[[[1.7717,49.057404],[1.771819,49.057518],[1.771783,49.057596],[1.771678,49.057642],[1.771481,49.057591],[1.77146,49.057464]]]}},{"type":"Feature","properties":{"tsid":"TS09500159","name":"D909","debut":"fin de la route D909","fin":"fin de la route D144","categorie":"3","es":"100","cl_admin":"Départementale","largeur":"de 3m à 7m","gestion":"Conseil Départementale Val-d'Oise","com_conc":"Bouffémont,Domont,Montlignon","com_conid":"95091,95199,95426"},"geometry":{"type":"MultiLineString","coordinates":[[[2.281699,49.004218],[2.28167,49.004342],[2.281807,49.004379],[2.283108,49.006206],[2.283189,49.006283],[2.28333,49.006323],[2.283137,49.006168],[2.281873,49.004389],[2.281699,49.004218],[2.281407,49.003776],[2.28126,49.00365]],[[2.281415,49.003615],[2.281407,49.003776]],[[2.28333,49.006323],[2.284173,49.006579],[2.284278,49.006678],[2.28333,49.006323]],[[2.284278,49.006678],[2.284474,49.007184],[2.284615,49.007763],[2.284678,49.008695],[2.285156,49.010236],[2.285215,49.010601],[2.28538,49.010855],[2.285667,49.011519],[2.285834,49.012138],[2.286192,49.01296],[2.286442,49.013836],[2.286658,49.014129],[2.286593,49.014172],[2.286598,49.014247],[2.286766,49.014265],[2.286816,49.014169],[2.286658,49.014129]],[[2.28681,49.014229],[2.287909,49.015112],[2.288215,49.015442],[2.288918,49.016439],[2.289493,49.017627],[2.290506,49.018273],[2.291187,49.018885],[2.291333,49.019069],[2.291809,49.019954],[2.291978,49.020569],[2.292158,49.020804],[2.292577,49.021085],[2.293427,49.021349],[2.293777,49.021506],[2.29406,49.021706],[2.294903,49.02245],[2.296575,49.024383],[2.296943,49.024694],[2.297398,49.024966],[2.298383,49.025311],[2.299144,49.025416],[2.303336,49.025137],[2.30376,49.02515],[2.310518,49.025924],[2.311167,49.026086],[2.311615,49.026349],[2.311859,49.026621],[2.311996,49.02701],[2.31198,49.027384],[2.311797,49.027781],[2.311394,49.028114],[2.310513,49.02849],[2.310193,49.028697],[2.309819,49.02917],[2.308412,49.030413],[2.308194,49.030749],[2.308171,49.030935],[2.308253,49.031233],[2.308449,49.031481],[2.310008,49.032538],[2.310421,49.032914],[2.31078,49.033385],[2.311017,49.033917],[2.312009,49.037036],[2.312097,49.037235],[2.31226,49.03743]]]}},{"type":"Feature","properties":{"tsid":"TS09500162","name":"D909","debut":"limite commune Lamorlaye (60346),Asnières-sur-Oise (60346)","fin":"limite commune Lamorlaye (60346),Asnières-sur-Oise (60346)","categorie":"3","es":"100","cl_admin":"Départementale","largeur":"de 3m à 7m","gestion":"Conseil Départementale Val-d'Oise","com_conc":"Lamorlaye","com_conid":"60346"},"geometry":{"type":"MultiLineString","coordinates":[[[2.383503,49.155505],[2.383552,49.155578]]]}},{"type":"Feature","properties":{"tsid":"TS09500761","name":"D909","debut":"Intersection D909,RTE DE PARIS","fin":"séparation de la route en D909,Route sans nom","categorie":"4","es":"30","cl_admin":"Départementale","largeur":"5m","gestion":"Conseil Départementale Val-d'Oise","com_conc":"Belloy-en-France","com_conid":"95056"},"geometry":{"type":"MultiLineString","coordinates":[[[2.366061,49.105258],[2.36598,49.105155],[2.365981,49.105075]]]}},{"type":"Feature","properties":{"tsid":"TS09500759","name":"D909","debut":"limite commune Bouffémont (95091),Domont (95091)","fin":"limite commune Domont (95091),Bouffémont (95091)","categorie":"4","es":"30","cl_admin":"Départementale","largeur":"5m","gestion":"Conseil Départementale Val-d'Oise","com_conc":"Bouffémont,Moisselles,Domont","com_conid":"95091,95409,95199"},"geometry":{"type":"MultiLineString","coordinates":[[[2.31226,49.03743],[2.317158,49.040593],[2.317501,49.040754],[2.318362,49.040992],[2.319053,49.041267],[2.31939,49.041469],[2.319953,49.041914],[2.320072,49.042111],[2.319881,49.042121],[2.319895,49.041947],[2.319689,49.041702]],[[2.320072,49.042111],[2.320138,49.042172],[2.32014,49.042246],[2.319976,49.042324],[2.319835,49.042237],[2.319881,49.042121]],[[2.320138,49.042172],[2.320377,49.042311],[2.320111,49.042285]],[[2.320377,49.042311],[2.321274,49.042997],[2.321463,49.043095],[2.322425,49.043472],[2.323656,49.043863],[2.323853,49.043968],[2.324004,49.044068],[2.322607,49.043535]],[[2.324004,49.044068],[2.324681,49.044331]]]}},{"type":"Feature","properties":{"tsid":"TS09500958","name":"R DES METIGERS","debut":"séparation de la route en R DES BRIQUETERIES,R DES ROSIERS","fin":"Intersection CHE DE LA VALLEE,R DES METIGERS","categorie":"4","es":"30","cl_admin":null,"largeur":"5m","gestion":"Probable route communale ou intercommunale","com_conc":"Montlignon","com_conid":"95426"},"geometry":{"type":"MultiLineString","coordinates":[[[2.285046,49.01512],[2.284941,49.015206],[2.283733,49.01569],[2.28336,49.016043]]]}},{"type":"Feature","properties":{"tsid":"TS09500957","name":"R DES METIGERS","debut":"continue route R DES METIGERS sur 122 m","fin":"limite commune Montlignon (95426),Saint-Prix (95426)","categorie":"4","es":"30","cl_admin":null,"largeur":"5m","gestion":"Probable route communale ou intercommunale","com_conc":"Saint-Prix,Montlignon","com_conid":"95574,95426"},"geometry":{"type":"MultiLineString","coordinates":[[[2.283128,49.016225],[2.282647,49.01644],[2.281121,49.016843]]]}},{"type":"Feature","properties":{"tsid":"TS09500307","name":"R DES MOULINS","debut":"séparation de la route en AV DU PRESIDENT BRISSON,R DE JAIGNY","fin":"séparation de la route en R DE PONTOISE,R DES BASSERONS","categorie":"4","es":"30","cl_admin":null,"largeur":"3m","gestion":"Probable route communale ou intercommunale","com_conc":"Montmorency","com_conid":"95428"},"geometry":{"type":"MultiLineString","coordinates":[[[2.317312,48.990799],[2.316372,48.990061],[2.31619,48.989734],[2.316132,48.989261],[2.315978,48.988981]]]}},{"type":"Feature","properties":{"tsid":"TS09500758","name":"D909","debut":"séparation de la route en D909,Route sans nom","fin":"séparation de la route en D909,R PIERRE BAUDIN","categorie":"4","es":"30","cl_admin":"Départementale","largeur":"5m","gestion":"Conseil Départementale Val-d'Oise","com_conc":"Montlignon,Eaubonne","com_conid":"95426,95203"},"geometry":{"type":"MultiLineString","coordinates":[[[2.269073,49.001028],[2.268864,49.001029],[2.269054,49.001199],[2.269289,49.001322],[2.269077,49.001144],[2.269118,49.000961],[2.269074,49.000878],[2.268869,49.000869],[2.268815,49.000937],[2.268864,49.001029]],[[2.268869,49.000869],[2.26908,49.000712],[2.269056,49.000818],[2.269093,49.000893]],[[2.26908,49.000712],[2.269533,48.999724],[2.26952,48.999583],[2.269382,48.99942],[2.269452,48.99914],[2.269571,48.999334],[2.269406,48.99936]],[[2.273741,49.006467],[2.273459,49.006226],[2.271936,49.004449],[2.271621,49.004036],[2.271283,49.003466],[2.270677,49.002731],[2.269992,49.001961],[2.269289,49.001322]],[[2.269452,48.99914],[2.269413,48.998622],[2.269789,48.99759],[2.269792,48.997456],[2.269738,48.997373]],[[2.269489,48.999528],[2.269602,48.99965],[2.269706,48.999687],[2.269447,48.99992]],[[2.269571,48.999334],[2.269833,48.999581],[2.269792,48.999664],[2.269706,48.999687]],[[2.269918,48.997388],[2.269789,48.99759]],[[2.273478,49.006495],[2.273522,49.006366],[2.273459,49.006226]]]}},{"type":"Feature","properties":{"tsid":"TS09500618","name":"D913","debut":"séparation de la route en D43,D913","fin":"limite départementale","categorie":"3","es":"100","cl_admin":"Départementale","largeur":"5m","gestion":"Conseil Départementale Val-d'Oise","com_conc":"Gaillon-sur-Montcient,Seraincourt","com_conid":"78261,95592"},"geometry":{"type":"MultiLineString","coordinates":[[[1.866884,49.027985],[1.867548,49.02777],[1.868405,49.027381],[1.868999,49.027035],[1.869956,49.02634],[1.870497,49.02605],[1.872597,49.025264],[1.872976,49.025012],[1.873621,49.02433],[1.87417,49.024046],[1.875727,49.023692],[1.880268,49.0223],[1.880901,49.022149],[1.881724,49.022031]]]}},{"type":"Feature","properties":{"tsid":"TS09500300","name":"D913","debut":"séparation de la route en D913,Route sans nom","fin":"fin de la route D913","categorie":"4","es":"30","cl_admin":"Départementale","largeur":"5m","gestion":"Conseil Départementale Val-d'Oise","com_conc":"Seraincourt","com_conid":"95592"},"geometry":{"type":"MultiLineString","coordinates":[[[1.866762,49.02802],[1.866884,49.027985]]]}},{"type":"Feature","properties":{"tsid":"TS09500597","name":"D915","debut":"séparation de la route en D915,D915D2","fin":"fin de la route D915","categorie":"2","es":"250","cl_admin":"Départementale","largeur":"7m","gestion":"Conseil Départementale Val-d'Oise","com_conc":"Pontoise,Osny","com_conid":"95500,95476"},"geometry":{"type":"MultiLineString","coordinates":[[[2.08411,49.068361],[2.085983,49.06624],[2.086426,49.065649],[2.08669,49.064941],[2.08671,49.064364],[2.086625,49.063983],[2.086493,49.063637],[2.086104,49.062939],[2.08213,49.057827],[2.081634,49.057023],[2.081468,49.056605],[2.081322,49.056057],[2.081245,49.055358],[2.081426,49.049218],[2.081343,49.04869],[2.081077,49.048061],[2.080576,49.047423],[2.079913,49.046864],[2.076983,49.045126]]]}},{"type":"Feature","properties":{"tsid":"TS09500586","name":"D915Z","debut":"debut route D915Z","fin":"séparation de la route en D915Z,Route sans nom","categorie":"3","es":"100","cl_admin":"Départementale","largeur":"9m","gestion":"Conseil Départementale Val-d'Oise","com_conc":"Frémécourt,Marines","com_conid":"95254,95370"},"geometry":{"type":"MultiLineString","coordinates":[[[1.991745,49.133117],[1.991662,49.13327],[1.991465,49.133425],[1.991594,49.133212],[1.991745,49.133117],[1.991795,49.132742],[1.991918,49.132587],[1.993,49.132065],[1.993556,49.131701],[1.994121,49.131216],[1.995757,49.129592]]]}},{"type":"Feature","properties":{"tsid":"TS09500040","name":"D203","debut":"limite commune Conflans-Sainte-Honorine (95450),Neuville-sur-Oise (95450)","fin":"fin de la route D203","categorie":"3","es":"100","cl_admin":"Départementale","largeur":"7m","gestion":"Conseil Départementale Yvelines","com_conc":"Neuville-sur-Oise","com_conid":"95450"},"geometry":{"type":"MultiLineString","coordinates":[[[2.074912,49.005917],[2.074641,49.006379]]]}},{"type":"Feature","properties":{"tsid":"TS09500413","name":"D54","debut":"limite commune Conflans-Sainte-Honorine (95218),Éragny (95218)","fin":"limite commune Conflans-Sainte-Honorine (95218),Éragny (95218)","categorie":"4","es":"30","cl_admin":"Départementale","largeur":"5m","gestion":"Conseil Départementale Yvelines","com_conc":"Éragny,Conflans-Sainte-Honorine","com_conid":"95218,78172"},"geometry":{"type":"MultiLineString","coordinates":[[[2.110265,49.008774],[2.110128,49.008734]]]}},{"type":"Feature","properties":{"tsid":"TS09500217","name":"N104","debut":"fin de la route N184","fin":"debut route N104","categorie":"1","es":"300","cl_admin":"Nationale","largeur":"de 4m à 10m","gestion":"DIR Île-de-France","com_conc":"Fontenay-en-Parisis,Villiers-Adam,Mareil-en-France,Attainville,Le Mesnil-Aubry,Béthemont-la-Forêt,Louvres,Villiers-le-Sec,Chauvry,Baillet-en-France","com_conid":"95241,95678,95365,95028,95395,95061,95351,95682,95151,95042"},"geometry":{"type":"MultiLineString","coordinates":[[[2.230055,49.072993],[2.236745,49.073063],[2.238699,49.073044],[2.240305,49.072878],[2.242161,49.072475],[2.242927,49.072239],[2.243898,49.071862],[2.248952,49.069296],[2.250619,49.06873],[2.253937,49.068011],[2.25516,49.067642],[2.256331,49.067172],[2.260604,49.065164],[2.261552,49.064779],[2.262453,49.064482],[2.263241,49.064267],[2.264719,49.06398],[2.274777,49.062782],[2.276142,49.062527],[2.277594,49.062119],[2.278836,49.061631],[2.279742,49.061176],[2.285106,49.057997],[2.286334,49.057324],[2.28715,49.056999],[2.287824,49.056793],[2.28925,49.056518],[2.289912,49.056472],[2.29063,49.056455],[2.291611,49.056508],[2.298426,49.057572],[2.299488,49.057837],[2.309899,49.060789],[2.31197,49.061273],[2.313221,49.061495],[2.314397,49.06166],[2.3162,49.06182],[2.321318,49.061974],[2.32328,49.06213],[2.324881,49.062346],[2.33094,49.063495],[2.332274,49.063641],[2.333305,49.063606],[2.3345,49.063397],[2.335343,49.063122],[2.336572,49.062573],[2.337196,49.062344],[2.338563,49.062006],[2.339787,49.061843],[2.343069,49.061703],[2.344616,49.061467],[2.345888,49.061109],[2.348626,49.060101],[2.349962,49.059785],[2.351582,49.059613],[2.35265,49.059616],[2.353673,49.05971],[2.354842,49.059922],[2.355576,49.06012],[2.371339,49.065095],[2.378785,49.067347],[2.380696,49.067814],[2.38218,49.068082],[2.383728,49.068279],[2.385079,49.068385],[2.386473,49.068432],[2.388314,49.0684],[2.392206,49.068125],[2.396538,49.067652],[2.398842,49.067322],[2.399886,49.067061],[2.400201,49.066914],[2.400479,49.0667],[2.402363,49.064257],[2.402444,49.064044],[2.402452,49.063826],[2.402272,49.063225]],[[2.325852,49.063651],[2.325757,49.063457],[2.325712,49.063221],[2.325807,49.063019],[2.325971,49.062918],[2.326412,49.062862],[2.327618,49.063023],[2.324326,49.062398],[2.322602,49.062174],[2.321307,49.062076],[2.316182,49.061915],[2.314858,49.061803],[2.313179,49.061584],[2.311442,49.061263],[2.309937,49.060899],[2.300327,49.058175],[2.298165,49.057607],[2.291576,49.056617],[2.290629,49.056573],[2.289393,49.056632],[2.288361,49.056792],[2.287492,49.057009],[2.286307,49.057483],[2.279649,49.061378],[2.278466,49.061928],[2.277577,49.062255],[2.276717,49.062512],[2.275012,49.062868],[2.264919,49.064069],[2.26403,49.064216],[2.262695,49.064538],[2.261758,49.064839],[2.260847,49.065202],[2.256144,49.067395],[2.255117,49.067798],[2.253493,49.068238],[2.250956,49.068769],[2.249216,49.069334],[2.24833,49.069723],[2.244108,49.071911],[2.242308,49.072566],[2.241467,49.072783],[2.240262,49.073005],[2.238711,49.07315],[2.23006,49.073125]],[[2.325627,49.063663],[2.325668,49.063508],[2.325557,49.062988],[2.325442,49.062787],[2.325274,49.062662],[2.324893,49.062541],[2.32339,49.062259]],[[2.339125,49.062778],[2.339607,49.062642],[2.340355,49.062178],[2.340774,49.062051],[2.343759,49.061784],[2.345007,49.06153],[2.345831,49.061254],[2.344531,49.061587],[2.34325,49.061775],[2.340092,49.061934],[2.338475,49.062158],[2.337206,49.062505],[2.334991,49.063425],[2.334331,49.063599],[2.333455,49.063746],[2.332322,49.06379],[2.331461,49.063725],[2.327618,49.063023]],[[2.385636,49.070252],[2.385388,49.070221],[2.385207,49.070144],[2.38488,49.069705],[2.384756,49.069437],[2.384719,49.06923],[2.384747,49.069009],[2.384864,49.068833],[2.385018,49.068711],[2.385317,49.0686],[2.386732,49.068596],[2.387074,49.068546],[2.386094,49.068548],[2.383671,49.068385],[2.381597,49.068105],[2.379647,49.067695],[2.372546,49.06561],[2.355785,49.060313],[2.354468,49.059961],[2.353436,49.059797],[2.352557,49.059731],[2.351317,49.059745],[2.3503,49.059849],[2.349359,49.060033],[2.348556,49.060252],[2.345831,49.061254]],[[2.404577,49.067213],[2.404864,49.067924],[2.404878,49.068157],[2.404789,49.068319],[2.404652,49.068427],[2.404259,49.068525],[2.403657,49.068398],[2.401967,49.067793],[2.40169,49.067616],[2.401595,49.067362],[2.401632,49.067232],[2.401773,49.067088],[2.402756,49.066769],[2.398791,49.067455],[2.394345,49.068036],[2.39114,49.068342],[2.387074,49.068546]],[[2.398842,49.067322],[2.401904,49.066798],[2.403698,49.066422],[2.405461,49.065982],[2.406937,49.065555],[2.409111,49.064777],[2.407809,49.065147],[2.407282,49.065164],[2.406776,49.065067],[2.404357,49.064109],[2.403125,49.063763],[2.402727,49.063513],[2.402191,49.062878]],[[2.441256,49.048603],[2.441322,49.048321],[2.441961,49.047058],[2.442202,49.046598],[2.442456,49.046271],[2.442724,49.046071],[2.443154,49.045902],[2.444572,49.045668],[2.441892,49.045971],[2.439663,49.046441],[2.438335,49.046804],[2.436863,49.04729],[2.434931,49.048105],[2.432969,49.049137],[2.431385,49.050057],[2.42824,49.052054],[2.42606,49.053614],[2.424838,49.054549],[2.415663,49.061926],[2.414411,49.062823],[2.413331,49.063479],[2.411782,49.064221],[2.409925,49.064923],[2.40534,49.066177],[2.403395,49.066654],[2.402756,49.066769]],[[2.409111,49.064777],[2.411318,49.063862],[2.41294,49.063073],[2.415205,49.061803],[2.41652,49.06095],[2.418032,49.059851],[2.424776,49.054416],[2.427349,49.052505],[2.42975,49.050905],[2.431906,49.049598],[2.434224,49.048287],[2.436367,49.047225],[2.436602,49.047015],[2.436748,49.046771],[2.436854,49.046079],[2.436951,49.045878],[2.437654,49.045355],[2.437757,49.045205]],[[2.433733,49.048563],[2.435901,49.047535],[2.437636,49.046899],[2.438908,49.046513],[2.438234,49.046642],[2.437794,49.046674],[2.437366,49.046552],[2.437178,49.046383],[2.437061,49.04608],[2.437153,49.0458],[2.437663,49.045446],[2.438008,49.045405]],[[2.438908,49.046513],[2.441123,49.045999],[2.442677,49.045757],[2.444401,49.04557],[2.446709,49.045463],[2.448464,49.045508],[2.450309,49.045665],[2.452102,49.045918],[2.455829,49.046607],[2.457642,49.046849],[2.458105,49.046823],[2.461016,49.046367],[2.461491,49.04637],[2.462001,49.046513],[2.462241,49.046762],[2.46231,49.047063],[2.462233,49.047598],[2.460957,49.04748],[2.459431,49.04727],[2.455829,49.046607]],[[2.458647,49.047252],[2.460886,49.047685],[2.461218,49.047795],[2.461484,49.047949],[2.46173,49.048225],[2.461814,49.048471],[2.461772,49.048824],[2.461501,49.049493],[2.461902,49.048796],[2.4621,49.048216],[2.46221,49.047716],[2.460573,49.047547],[2.459198,49.047342],[2.452814,49.046165],[2.450284,49.045787],[2.449071,49.045669],[2.447544,49.045598],[2.44595,49.045598],[2.444572,49.045668]],[[2.499301,49.03005],[2.498898,49.030066],[2.496905,49.030509],[2.494531,49.031111],[2.493069,49.031642],[2.492373,49.03196],[2.491237,49.032559],[2.490122,49.03323],[2.489137,49.03392],[2.487647,49.035191],[2.481943,49.041397],[2.480935,49.042364],[2.479667,49.043377],[2.478661,49.044048],[2.477443,49.044752],[2.476449,49.045252],[2.474791,49.045955],[2.473506,49.046402],[2.471736,49.046908],[2.46966,49.047346],[2.46775,49.047609],[2.466014,49.047747],[2.464503,49.047789],[2.46221,49.047716],[2.462233,49.047598],[2.463558,49.047658],[2.465267,49.047661],[2.467153,49.047552],[2.468899,49.047347],[2.470145,49.047138],[2.471949,49.046729],[2.473722,49.046206],[2.475586,49.045493],[2.476926,49.044873],[2.478181,49.044178],[2.479241,49.043501],[2.480316,49.042695],[2.481077,49.042038],[2.482049,49.041059],[2.487031,49.035603],[2.487957,49.034707],[2.489096,49.033775],[2.490068,49.033105],[2.491145,49.032454],[2.492311,49.031844],[2.493839,49.031128],[2.496266,49.03016],[2.498631,49.029365]]]}},{"type":"Feature","properties":{"tsid":"TS09500914","name":"D984","debut":"debut route D984","fin":"debut route D984","categorie":"4","es":"30","cl_admin":"Départementale","largeur":"de 3m à 5m","gestion":"Conseil Départementale Val-d'Oise","com_conc":"Éragny","com_conid":"95218"},"geometry":{"type":"MultiLineString","coordinates":[[[2.09107,49.019143],[2.091177,49.019171],[2.091222,49.019253],[2.091142,49.019324],[2.091057,49.019329],[2.090951,49.019293],[2.090926,49.01922],[2.09107,49.019143],[2.091098,49.018832],[2.091335,49.018429],[2.091416,49.017845],[2.091876,49.015701],[2.092706,49.012643]],[[2.097569,49.026703],[2.097598,49.026439],[2.097177,49.024733],[2.096937,49.024215],[2.096634,49.023928],[2.093851,49.021909],[2.091291,49.019529],[2.091142,49.019324]],[[2.097598,49.026439],[2.097746,49.026664]]]}},{"type":"Feature","properties":{"tsid":"TS09500769","name":"D929Z","debut":"debut route D929Z","fin":"debut route D929Z","categorie":"4","es":"30","cl_admin":"Départementale","largeur":"de 4m à 5m","gestion":"Conseil Départementale Val-d'Oise","com_conc":"Bernes-sur-Oise,Persan","com_conid":"95058,95487"},"geometry":{"type":"MultiLineString","coordinates":[[[2.284794,49.145931],[2.284912,49.146085],[2.284719,49.145997]],[[2.284912,49.146085],[2.292022,49.151591],[2.292285,49.151747],[2.292605,49.151832],[2.292641,49.152065],[2.292773,49.152175],[2.292922,49.152407],[2.292903,49.152593],[2.292713,49.152881],[2.29082,49.15506],[2.289418,49.15653],[2.288851,49.157186],[2.288783,49.157342]]]}},{"type":"Feature","properties":{"tsid":"TS09500598","name":"D915","debut":"séparation de la route en D915,Route sans nom","fin":"fin de la route D915","categorie":"2","es":"250","cl_admin":"Départementale","largeur":"7m","gestion":"Conseil Départementale Val-d'Oise","com_conc":"Pontoise,Osny","com_conid":"95500,95476"},"geometry":{"type":"MultiLineString","coordinates":[[[2.077868,49.045504],[2.080209,49.046965],[2.080535,49.047234],[2.080929,49.047657],[2.081259,49.048171],[2.081451,49.048662],[2.081537,49.049197],[2.081469,49.052769],[2.081369,49.055295],[2.081442,49.056045],[2.081586,49.056584],[2.081751,49.056996],[2.082213,49.057742],[2.085745,49.062258],[2.086418,49.063215],[2.086633,49.06361],[2.086815,49.064131],[2.086866,49.064795],[2.086788,49.065149]]]}},{"type":"Feature","properties":{"tsid":"TS09500403","name":"D915","debut":"séparation de la route en D915,Route sans nom","fin":"séparation de la route en BD DE L'OISE,D915","categorie":"3","es":"100","cl_admin":"Départementale","largeur":"5m","gestion":"Conseil Départementale Val-d'Oise","com_conc":"Pontoise,Cergy","com_conid":"95500,95127"},"geometry":{"type":"MultiLineString","coordinates":[[[2.076983,49.045126],[2.074115,49.043781],[2.071857,49.042997]]]}},{"type":"Feature","properties":{"tsid":"TS09500402","name":"D915","debut":"Intersection BD DE L'OISE,BD DE LA VIOSNE","fin":"fin de la route D915","categorie":"3","es":"100","cl_admin":"Départementale","largeur":"5m","gestion":"Conseil Départementale Val-d'Oise","com_conc":"Cergy,Pontoise","com_conid":"95127,95500"},"geometry":{"type":"MultiLineString","coordinates":[[[2.071786,49.042859],[2.07349,49.043421],[2.074746,49.043938],[2.076583,49.044767],[2.077868,49.045504]]]}},{"type":"Feature","properties":{"tsid":"TS09500928","name":"D915","debut":"fin de la route D915","fin":"fin de la route D915","categorie":"4","es":"30","cl_admin":"Départementale","largeur":"de 3m à 5m","gestion":"Conseil Départementale Val-d'Oise","com_conc":"Chars","com_conid":"95142"},"geometry":{"type":"MultiLineString","coordinates":[[[1.931985,49.161323],[1.934931,49.160336],[1.937092,49.160158],[1.937382,49.159966],[1.939143,49.15848],[1.939442,49.158312],[1.946477,49.157697],[1.946823,49.157724],[1.946797,49.157603],[1.946477,49.157697]],[[1.947323,49.157614],[1.947286,49.157733],[1.947177,49.157792],[1.946972,49.157799],[1.946823,49.157724]]]}},{"type":"Feature","properties":{"tsid":"TS09500466","name":"D915A1","debut":"fin de la route D915","fin":"fin de la route D14","categorie":"4","es":"30","cl_admin":"Départementale","largeur":"4m","gestion":"Conseil Départementale Val-d'Oise","com_conc":"Pontoise","com_conid":"95500"},"geometry":{"type":"MultiLineString","coordinates":[[[2.078817,49.046073],[2.080283,49.046792],[2.081156,49.047354]]]}},{"type":"Feature","properties":{"tsid":"TS09500291","name":"R DORVAL","debut":"fin de la route R HOUDART","fin":"debut route R DORVAL","categorie":"4","es":"30","cl_admin":null,"largeur":"5m","gestion":"Probable route communale ou intercommunale","com_conc":"Roissy-en-France","com_conid":"95527"},"geometry":{"type":"MultiLineString","coordinates":[[[2.515254,49.004067],[2.517537,49.003814],[2.517737,49.003825]]]}},{"type":"Feature","properties":{"tsid":"TS09500178","name":"D915D1","debut":"fin de la route D915","fin":"fin de la route Route sans nom","categorie":"3","es":"100","cl_admin":"Départementale","largeur":"4m","gestion":"Conseil Départementale Val-d'Oise","com_conc":"Osny","com_conid":"95476"},"geometry":{"type":"MultiLineString","coordinates":[[[2.085012,49.067546],[2.083613,49.069086],[2.082564,49.070439],[2.082185,49.070839],[2.08151,49.071444],[2.080091,49.07254],[2.07944,49.073147]]]}},{"type":"Feature","properties":{"tsid":"TS09500439","name":"D915D2","debut":"fin de la route D915","fin":"fin de la route D915","categorie":"3","es":"100","cl_admin":"Départementale","largeur":"4m","gestion":"Conseil Départementale Val-d'Oise","com_conc":"Osny","com_conid":"95476"},"geometry":{"type":"MultiLineString","coordinates":[[[2.079654,49.072764],[2.081364,49.071495],[2.082123,49.070835],[2.082908,49.069947],[2.08411,49.068361]]]}},{"type":"Feature","properties":{"tsid":"TS09500039","name":"D203","debut":"fin de la route D203","fin":"fin de la route D203","categorie":"3","es":"100","cl_admin":"Départementale","largeur":"7m","gestion":"Conseil Départementale Yvelines","com_conc":"Neuville-sur-Oise","com_conid":"95450"},"geometry":{"type":"MultiLineString","coordinates":[[[2.074582,49.006261],[2.074686,49.006093]]]}},{"type":"Feature","properties":{"tsid":"TS09500222","name":"D915Z","debut":"debut route D915Z","fin":"fin de la route D915Z","categorie":"4","es":"30","cl_admin":"Départementale","largeur":"de 3m à 5m","gestion":"Conseil Départementale Val-d'Oise","com_conc":"Osny,Pontoise","com_conid":"95476,95500"},"geometry":{"type":"MultiLineString","coordinates":[[[2.088515,49.064013],[2.088778,49.064109],[2.088844,49.06424],[2.088815,49.06433],[2.088586,49.06445],[2.08834,49.064426],[2.088198,49.064306],[2.088201,49.064162],[2.088304,49.064061],[2.088699,49.063926],[2.089134,49.06357],[2.090049,49.062066],[2.090241,49.06136],[2.09072,49.059016],[2.090686,49.058861],[2.090872,49.058868],[2.09079,49.059076],[2.090129,49.062133],[2.089436,49.063344],[2.089223,49.063611],[2.088836,49.063939],[2.088778,49.064109]],[[2.090686,49.058861],[2.090544,49.058772],[2.090515,49.058673],[2.090602,49.058578],[2.090819,49.05854],[2.090951,49.058578],[2.091027,49.058679],[2.091,49.058796],[2.090872,49.058868]],[[2.090742,49.058539],[2.090842,49.058359],[2.090848,49.05773],[2.090945,49.057345],[2.0915,49.055893],[2.09156,49.055916],[2.091299,49.05652],[2.090938,49.057665],[2.090951,49.058578]],[[2.0915,49.055893],[2.091511,49.055827],[2.091605,49.05583],[2.09164,49.05588],[2.09156,49.055916]],[[2.091605,49.05583],[2.091996,49.055199],[2.092402,49.054788],[2.092329,49.054747],[2.0918,49.05537],[2.091542,49.055819]],[[2.092329,49.054747],[2.09235,49.054676],[2.09249,49.054676],[2.092522,49.054741],[2.092402,49.054788]],[[2.09249,49.054676],[2.092599,49.054613],[2.092633,49.054526],[2.092431,49.054661]],[[2.093004,49.054276],[2.092633,49.054526]]]}},{"type":"Feature","properties":{"tsid":"TS09500225","name":"D915Z","debut":"fin de la route D927","fin":"fin de la route D915Z","categorie":"4","es":"30","cl_admin":"Départementale","largeur":"de 3m à 5m","gestion":"Conseil Départementale Val-d'Oise","com_conc":"Pontoise","com_conid":"95500"},"geometry":{"type":"MultiLineString","coordinates":[[[2.104296,49.050256],[2.103672,49.050015],[2.103417,49.050012]]]}},{"type":"Feature","properties":{"tsid":"TS09500223","name":"D915Z","debut":"fin de la route D915Z","fin":"séparation de la route en D915Z,R DE GISORS","categorie":"4","es":"30","cl_admin":"Départementale","largeur":"de 3m à 5m","gestion":"Conseil Départementale Val-d'Oise","com_conc":"Pontoise","com_conid":"95500"},"geometry":{"type":"MultiLineString","coordinates":[[[2.100465,49.051433],[2.09898,49.051651],[2.097218,49.051702]]]}},{"type":"Feature","properties":{"tsid":"TS09500732","name":"D915Z","debut":"fin de la route D915Z","fin":"fin de la route D915Z","categorie":"5","es":"10","cl_admin":"Départementale","largeur":"5m","gestion":"Conseil Départementale Val-d'Oise","com_conc":"Pontoise","com_conid":"95500"},"geometry":{"type":"MultiLineString","coordinates":[[[2.097218,49.051702],[2.096901,49.051776],[2.09608,49.052174],[2.094959,49.052983],[2.093004,49.054276]]]}},{"type":"Feature","properties":{"tsid":"TS09500410","name":"R DU 18 JUIN","debut":"fin de la route D401","fin":"fin de la route D140","categorie":"4","es":"30","cl_admin":null,"largeur":"5m","gestion":"Probable route communale ou intercommunale","com_conc":"Ermont","com_conid":"95219"},"geometry":{"type":"MultiLineString","coordinates":[[[2.248685,48.992541],[2.25269,48.991288],[2.256018,48.990041]]]}},{"type":"Feature","properties":{"tsid":"TS09500409","name":"R DU 18 JUIN","debut":"limite commune Ermont (95219),Le Plessis-Bouchard (95219),Franconville (95219)","fin":"fin de la route D401","categorie":"4","es":"30","cl_admin":null,"largeur":"5m","gestion":"Probable route communale ou intercommunale","com_conc":"Franconville,Ermont,Le Plessis-Bouchard","com_conid":"95252,95219,95491"},"geometry":{"type":"MultiLineString","coordinates":[[[2.243636,48.994233],[2.248504,48.992607]]]}},{"type":"Feature","properties":{"tsid":"TS09500330","name":"D92","debut":"fin de la route D92","fin":"debut route D92","categorie":"4","es":"30","cl_admin":"Départementale","largeur":"5m","gestion":"Conseil Départementale Val-d'Oise","com_conc":"Osny","com_conid":"95476"},"geometry":{"type":"MultiLineString","coordinates":[[[2.041815,49.065447],[2.041804,49.065376],[2.041923,49.065356],[2.041965,49.065406],[2.041891,49.065462]],[[2.041945,49.065371],[2.042526,49.065068],[2.042872,49.065],[2.043901,49.065055],[2.046258,49.065074],[2.047496,49.065002],[2.049512,49.064625],[2.050841,49.064244],[2.050972,49.0645],[2.051179,49.064573],[2.052861,49.064335],[2.055336,49.064117],[2.055629,49.064063],[2.056996,49.063594],[2.057267,49.0636],[2.057324,49.063525],[2.057298,49.063399],[2.057188,49.063355],[2.057029,49.06337],[2.056935,49.063495],[2.056996,49.063594]],[[2.057298,49.063399],[2.057751,49.063385],[2.057304,49.06357]],[[2.066313,49.061137],[2.066365,49.061047],[2.066461,49.061012],[2.066871,49.061043],[2.067065,49.061158],[2.06697,49.061263],[2.06651,49.061248],[2.066369,49.061203],[2.066313,49.061137],[2.065868,49.061216],[2.064638,49.061524],[2.061273,49.062517],[2.057751,49.063385]],[[2.066961,49.061071],[2.067128,49.061001],[2.067457,49.060959],[2.067242,49.061039],[2.067064,49.06119]],[[2.067457,49.060959],[2.068842,49.060713],[2.069298,49.06056],[2.069501,49.060442],[2.069574,49.060562],[2.069125,49.06063]],[[2.069501,49.060442],[2.069545,49.060359],[2.069676,49.060313],[2.069833,49.060336],[2.069903,49.060394],[2.069915,49.060489],[2.06987,49.060551],[2.069754,49.060586],[2.069574,49.060562]],[[2.069737,49.060313],[2.069923,49.060254],[2.070028,49.060134],[2.070034,49.060272],[2.069917,49.060431]],[[2.070028,49.060134],[2.069672,49.058628],[2.069899,49.057445],[2.070019,49.057109]]]}},{"type":"Feature","properties":{"tsid":"TS09500700","name":"D922","debut":"limite commune Le Plessis-Luzarches (95055),Bellefontaine (95055)","fin":"séparation de la route en CHE DE LA CHAPELLE,D922","categorie":"4","es":"30","cl_admin":"Départementale","largeur":"5m","gestion":"Conseil Départementale Val-d'Oise","com_conc":"Bellefontaine","com_conid":"95055"},"geometry":{"type":"MultiLineString","coordinates":[[[2.465418,49.098601],[2.465876,49.098511],[2.4662,49.098054],[2.466771,49.0978],[2.467099,49.097594],[2.467504,49.097488],[2.468217,49.097512],[2.47024,49.097824],[2.471107,49.097665]]]}},{"type":"Feature","properties":{"tsid":"TS09500437","name":"D308","debut":"debut route D308","fin":"fin de la route R DES VIEUX CHENES","categorie":"3","es":"100","cl_admin":"Départementale","largeur":"5m","gestion":"Conseil Départementale Yvelines","com_conc":"Bezons","com_conid":"95063"},"geometry":{"type":"MultiLineString","coordinates":[[[2.205006,48.924017],[2.204517,48.924098]]]}},{"type":"Feature","properties":{"tsid":"TS09500715","name":"R DANIELLE CASANOVA","debut":"limite commune Argenteuil (95063),Bezons (95063)","fin":"limite commune Argenteuil (95018),Bezons (95018)","categorie":"4","es":"30","cl_admin":null,"largeur":"5m","gestion":"Probable route communale ou intercommunale","com_conc":"Bezons,Argenteuil","com_conid":"95063,95018"},"geometry":{"type":"MultiLineString","coordinates":[[[2.226257,48.929546],[2.227859,48.930418]]]}},{"type":"Feature","properties":{"tsid":"TS09500269","name":"D922","debut":"debut route D922","fin":"fin de la route D922","categorie":"3","es":"100","cl_admin":"Départementale","largeur":"de 3m à 9m","gestion":"Conseil Départementale Val-d'Oise","com_conc":"Épinay-Champlâtreux,Luzarches","com_conid":"95214,95352"},"geometry":{"type":"MultiLineString","coordinates":[[[2.393344,49.111531],[2.392703,49.110834],[2.393626,49.111426]],[[2.41485,49.099355],[2.419345,49.097033],[2.419312,49.096984],[2.411772,49.100943],[2.41089,49.101303],[2.409634,49.101709],[2.408646,49.10196],[2.407114,49.102221],[2.406054,49.102332],[2.399936,49.102734],[2.398063,49.102992],[2.396909,49.103258],[2.395815,49.103587],[2.393364,49.104443],[2.392544,49.104823],[2.391824,49.105314],[2.391229,49.105899],[2.390996,49.106219],[2.390667,49.106893],[2.390541,49.107606],[2.390617,49.108338],[2.390744,49.108709],[2.390937,49.109073],[2.39148,49.109766],[2.392703,49.110834]],[[2.416037,49.092435],[2.417681,49.094422],[2.418016,49.094709],[2.418605,49.094938],[2.419985,49.095086],[2.420284,49.095235],[2.420506,49.095446],[2.420598,49.095666],[2.420605,49.095899],[2.420376,49.096332],[2.419934,49.0967],[2.419345,49.097033],[2.419678,49.097679]],[[2.419312,49.096984],[2.420075,49.096525],[2.420293,49.09632],[2.420467,49.09606],[2.420526,49.095815],[2.420428,49.095468],[2.420245,49.095284],[2.419999,49.095156],[2.419649,49.095086],[2.419227,49.095126],[2.418909,49.095257],[2.418674,49.095531],[2.418688,49.095842],[2.419312,49.096984]]]}},{"type":"Feature","properties":{"tsid":"TS09500736","name":"R DU 18 JUIN 1940","debut":"fin de la route RTE DE MONTLIGNON","fin":"continue route R DU 18 JUIN 1940 sur 42 m","categorie":"3","es":"100","cl_admin":null,"largeur":"5m","gestion":"Probable route communale ou intercommunale","com_conc":"Eaubonne","com_conid":"95203"},"geometry":{"type":"MultiLineString","coordinates":[[[2.275782,48.995214],[2.276379,48.996097]]]}},{"type":"Feature","properties":{"tsid":"TS09500102","name":"RPT DE LA CROIX SAINT-BENOIT","debut":"Intersection RPT DE LA CROIX SAINT-BENOIT,RTE DE BONNEUIL","fin":"Intersection R ANTOINE DE SAINT-EXUPERY,RPT DE LA CROIX SAINT-BENOIT","categorie":"4","es":"30","cl_admin":null,"largeur":"7m","gestion":"Probable route communale ou intercommunale","com_conc":"Gonesse","com_conid":"95277"},"geometry":{"type":"MultiLineString","coordinates":[[[2.442062,48.980751],[2.442032,48.980668],[2.442065,48.980585],[2.442163,48.980517],[2.442352,48.980492],[2.442515,48.98055],[2.442581,48.980659],[2.442529,48.980782],[2.442345,48.980845],[2.442149,48.980815]]]}},{"type":"Feature","properties":{"tsid":"TS09500270","name":"D922","debut":"fin de la route D922","fin":"debut route D922","categorie":"3","es":"100","cl_admin":"Départementale","largeur":"de 3m à 9m","gestion":"Conseil Départementale Val-d'Oise","com_conc":"Bellefontaine,Lassy,Le Plessis-Luzarches,Luzarches","com_conid":"95055,95331,95493,95352"},"geometry":{"type":"MultiLineString","coordinates":[[[2.430399,49.110804],[2.43047,49.110879],[2.430393,49.110949],[2.430244,49.110935],[2.430214,49.110882],[2.430253,49.110819],[2.430399,49.110804],[2.431073,49.110533],[2.43047,49.110879]],[[2.431073,49.110533],[2.431684,49.110205],[2.435475,49.108625],[2.438246,49.108236],[2.439817,49.108096],[2.440245,49.108008],[2.440493,49.107886],[2.440722,49.107568],[2.440839,49.106605],[2.441397,49.104916],[2.441965,49.103395],[2.442254,49.102897],[2.44386,49.101628],[2.445286,49.100685],[2.446384,49.100191],[2.447236,49.099892],[2.447847,49.099761],[2.448026,49.099853],[2.448273,49.099848],[2.448339,49.099787],[2.448291,49.099713],[2.447951,49.099679],[2.447867,49.099707],[2.447847,49.099761]],[[2.462885,49.099198],[2.463955,49.098942],[2.463387,49.099033],[2.462554,49.099283],[2.460162,49.099585],[2.451376,49.099327],[2.450388,49.099418],[2.448291,49.099713]],[[2.465418,49.098601],[2.463955,49.098942]]]}},{"type":"Feature","properties":{"tsid":"TS09500696","name":"D922","debut":"limite commune Saint-Ouen-l'Aumône (95394),Méry-sur-Oise (95394)","fin":"fin de la route D922","categorie":"4","es":"30","cl_admin":"Départementale","largeur":"5m","gestion":"Conseil Départementale Val-d'Oise","com_conc":"Méry-sur-Oise,Saint-Ouen-l'Aumône,Mériel","com_conid":"95394,95572,95392"},"geometry":{"type":"MultiLineString","coordinates":[[[2.152627,49.057009],[2.156514,49.057678],[2.158837,49.057998],[2.158818,49.058121],[2.156908,49.057739]],[[2.158818,49.058121],[2.158897,49.058224],[2.159038,49.05826],[2.159215,49.05824],[2.159336,49.058138],[2.159295,49.057991],[2.159173,49.057917],[2.159015,49.057907],[2.158837,49.057998]],[[2.159336,49.058138],[2.163541,49.058885],[2.168179,49.060041],[2.168891,49.060183],[2.168308,49.060009],[2.167389,49.05979],[2.167292,49.059801]],[[2.169396,49.060303],[2.169903,49.060508],[2.169942,49.060383],[2.168891,49.060183]],[[2.169942,49.060383],[2.170091,49.060337],[2.170222,49.060356],[2.170438,49.06062],[2.170385,49.060691],[2.170211,49.060689],[2.169987,49.060598],[2.169903,49.060508]],[[2.170413,49.060545],[2.170911,49.060674],[2.170566,49.060654],[2.170385,49.060691]],[[2.206295,49.083651],[2.206098,49.083128],[2.206203,49.082027],[2.206165,49.081897],[2.206095,49.081886],[2.206051,49.08182],[2.206194,49.081779],[2.206236,49.081702],[2.206204,49.081207],[2.205825,49.080241],[2.20531,49.07917],[2.204851,49.078404],[2.204173,49.077606],[2.202453,49.075921],[2.199025,49.073476],[2.197251,49.072062],[2.196475,49.071184],[2.195098,49.068835],[2.194104,49.067368],[2.193896,49.067176],[2.190456,49.065679],[2.188221,49.064643],[2.186646,49.064242],[2.186324,49.064102],[2.186008,49.063827],[2.18553,49.063593],[2.184428,49.06337],[2.183275,49.062884],[2.182972,49.062867],[2.182288,49.062996],[2.181774,49.062999],[2.179002,49.062701],[2.170911,49.060674]],[[2.206194,49.081779],[2.206245,49.081843],[2.206165,49.081897]]]}},{"type":"Feature","properties":{"tsid":"TS09500204","name":"D927","debut":"fin de la route D927","fin":"debut route D927","categorie":"4","es":"30","cl_admin":"Départementale","largeur":"5m","gestion":"Conseil Départementale Val-d'Oise","com_conc":"Hérouville-en-Vexin","com_conid":"95308"},"geometry":{"type":"MultiLineString","coordinates":[[[2.129607,49.105159],[2.129748,49.105264],[2.129788,49.105412],[2.129626,49.10559],[2.12941,49.105637]]]}},{"type":"Feature","properties":{"tsid":"TS09500010","name":"R DU PRESIDENT WILSON","debut":"séparation de la route en R BLANCHET,R DE L'ABREUVOIR","fin":"fin de la route D4","categorie":"4","es":"30","cl_admin":null,"largeur":"5m","gestion":"Probable route communale ou intercommunale","com_conc":"Parmain","com_conid":"95480"},"geometry":{"type":"MultiLineString","coordinates":[[[2.207661,49.109797],[2.207562,49.109317],[2.207482,49.109221],[2.205834,49.108325]]]}},{"type":"Feature","properties":{"tsid":"TS09500751","name":"R DU BAS NOYER","debut":"debut route R DU BAS NOYER","fin":"Intersection R DU BAS NOYER,R LEO LAGRANGE","categorie":"4","es":"30","cl_admin":null,"largeur":"de 3m à 5m","gestion":"Probable route communale ou intercommunale","com_conc":"Éragny","com_conid":"95218"},"geometry":{"type":"MultiLineString","coordinates":[[[2.101045,49.02948],[2.101208,49.030024],[2.101375,49.030159],[2.101205,49.030168],[2.101113,49.030226],[2.10099,49.029178],[2.101035,49.028806],[2.101171,49.028543],[2.101368,49.028307],[2.101964,49.027912],[2.102066,49.027799]],[[2.10114,49.030409],[2.101594,49.03244],[2.101735,49.032766],[2.101773,49.032717],[2.101884,49.032702],[2.101737,49.032541],[2.101638,49.032257],[2.10135,49.030816],[2.101356,49.030456],[2.10114,49.030409],[2.101087,49.030324],[2.101113,49.030226]],[[2.101375,49.030159],[2.101504,49.030215],[2.101541,49.030314],[2.101494,49.030403],[2.101356,49.030456]],[[2.10178,49.032859],[2.101846,49.033],[2.101922,49.032867],[2.10178,49.032859],[2.101735,49.032766]],[[2.102232,49.027929],[2.101821,49.028001]],[[2.101846,49.033],[2.101893,49.033612],[2.101864,49.033783]],[[2.101884,49.032702],[2.101982,49.032765],[2.101922,49.032867]],[[2.101876,49.033408],[2.102024,49.03376]]]}},{"type":"Feature","properties":{"tsid":"TS09500268","name":"D922","debut":"fin de la route D922","fin":"séparation de la route en CHE DES PRES DE THURY,D922","categorie":"3","es":"100","cl_admin":"Départementale","largeur":"de 3m à 9m","gestion":"Conseil Départementale Val-d'Oise","com_conc":"Viarmes,Luzarches,Noisy-sur-Oise,Asnières-sur-Oise,Bruyères-sur-Oise,Beaumont-sur-Oise,Seugy","com_conid":"95652,95352,95456,95026,95116,95052,95594"},"geometry":{"type":"MultiLineString","coordinates":[[[2.297692,49.147945],[2.297912,49.148029],[2.29791,49.148134],[2.297834,49.148196],[2.297654,49.148219],[2.297553,49.148177],[2.297494,49.148101],[2.297523,49.148015],[2.297811,49.147893],[2.298481,49.147461],[2.297883,49.147998]],[[2.298481,49.147461],[2.299263,49.1469],[2.301055,49.145864],[2.301424,49.145767],[2.301918,49.145713],[2.303331,49.145889],[2.302203,49.145811],[2.301529,49.14584],[2.30108,49.145955],[2.300321,49.146319]],[[2.311289,49.145928],[2.311581,49.145872],[2.311589,49.145964],[2.309493,49.145908],[2.306066,49.145964],[2.303331,49.145889]],[[2.311581,49.145872],[2.311731,49.145833],[2.31209,49.145926],[2.311716,49.145994],[2.311589,49.145964]],[[2.311796,49.145873],[2.3118,49.145953]],[[2.31209,49.145926],[2.312715,49.145986],[2.313622,49.145894],[2.316318,49.145956],[2.318683,49.145825],[2.324836,49.145374],[2.326485,49.145237],[2.327904,49.144992],[2.329054,49.144672],[2.329392,49.144426],[2.3294,49.144545],[2.329509,49.144617],[2.329054,49.144672]],[[2.329392,49.144426],[2.329535,49.144345],[2.329825,49.144342],[2.3301,49.144273],[2.329872,49.144417],[2.329752,49.144584],[2.329509,49.144617]],[[2.329656,49.144347],[2.329777,49.14441],[2.329805,49.1445]],[[2.3301,49.144273],[2.331333,49.143648],[2.336616,49.14034],[2.337353,49.139804],[2.337559,49.139565],[2.337649,49.139704],[2.337828,49.139771],[2.33755,49.139849],[2.336616,49.14034]],[[2.337559,49.139565],[2.33761,49.139433],[2.337749,49.139362],[2.337906,49.139349],[2.338128,49.139422],[2.338197,49.139539],[2.338136,49.139695],[2.337828,49.139771]],[[2.337914,49.139351],[2.338312,49.139232],[2.338873,49.138952],[2.338272,49.139421],[2.338197,49.139539]],[[2.338873,49.138952],[2.340275,49.138207],[2.341748,49.13756],[2.342992,49.137203],[2.344291,49.13703],[2.344867,49.137022],[2.345859,49.137092],[2.349416,49.137493],[2.356665,49.138376],[2.356613,49.138437],[2.356627,49.138497],[2.356212,49.138325]],[[2.356665,49.138376],[2.356819,49.138372],[2.356885,49.138466],[2.356774,49.138544],[2.356627,49.138497]],[[2.356858,49.138395],[2.357663,49.13846],[2.356876,49.138491]],[[2.357663,49.13846],[2.35984,49.138565],[2.360354,49.138636],[2.360281,49.138555],[2.36035,49.138475],[2.35984,49.138565]],[[2.36035,49.138475],[2.360533,49.13848],[2.360601,49.138564],[2.360517,49.138646],[2.360354,49.138636]],[[2.360578,49.138504],[2.360958,49.138551],[2.360575,49.138617]],[[2.360958,49.138551],[2.3723,49.13784],[2.372792,49.137851],[2.373117,49.137919],[2.37298,49.137791],[2.373028,49.137643],[2.372852,49.137746],[2.3723,49.13784]],[[2.373028,49.137643],[2.373245,49.13756],[2.373703,49.137643],[2.374335,49.137594],[2.373667,49.137768],[2.373536,49.137842],[2.373554,49.137705],[2.373444,49.137597]],[[2.403948,49.118388],[2.403987,49.118999],[2.403866,49.119629],[2.403712,49.120112],[2.402999,49.121445],[2.402243,49.122529],[2.40163,49.123146],[2.401137,49.123502],[2.400137,49.124079],[2.3977,49.125336],[2.396827,49.125881],[2.396269,49.126329],[2.395815,49.126842],[2.395486,49.127358],[2.394492,49.129669],[2.394025,49.130533],[2.393626,49.131047],[2.393119,49.131575],[2.392142,49.132322],[2.390933,49.132956],[2.389366,49.133523],[2.375989,49.137234],[2.374335,49.137594]],[[2.404089,49.118737],[2.403959,49.119601],[2.403712,49.120112]]]}},{"type":"Feature","properties":{"tsid":"TS09500694","name":"D922","debut":"fin de la route D922","fin":"Intersection BD DE L'OISE,D922","categorie":"4","es":"30","cl_admin":"Départementale","largeur":"5m","gestion":"Conseil Départementale Val-d'Oise","com_conc":"Vauréal","com_conid":"95637"},"geometry":{"type":"MultiLineString","coordinates":[[[2.026087,49.032543],[2.02666,49.033058],[2.026923,49.033182],[2.026878,49.033121],[2.026155,49.032567],[2.022492,49.030129],[2.022268,49.030176]],[[2.026923,49.033182],[2.028441,49.034362],[2.028689,49.034506],[2.030447,49.035039],[2.030789,49.035045],[2.033534,49.034643],[2.0336,49.034586],[2.033659,49.034653],[2.033534,49.034643]]]}},{"type":"Feature","properties":{"tsid":"TS09500203","name":"D927","debut":"fin de la route D927","fin":"debut route D927","categorie":"4","es":"30","cl_admin":"Départementale","largeur":"5m","gestion":"Conseil Départementale Val-d'Oise","com_conc":"Pontoise","com_conid":"95500"},"geometry":{"type":"MultiLineString","coordinates":[[[2.105528,49.050916],[2.103502,49.049839]]]}},{"type":"Feature","properties":{"tsid":"TS09500014","name":"R DU CHEMIN NEUF","debut":"limite commune Franconville (95252),Sannois (95252)","fin":"Intersection R DU CHEMIN NEUF,R DU RELAIS","categorie":"4","es":"30","cl_admin":null,"largeur":"de 4m à 7m","gestion":"Probable route communale ou intercommunale","com_conc":"Sannois,Franconville","com_conid":"95582,95252"},"geometry":{"type":"MultiLineString","coordinates":[[[2.233418,48.979419],[2.234976,48.980205],[2.234886,48.980216],[2.233356,48.979474]],[[2.235018,48.980227],[2.234976,48.980205]]]}},{"type":"Feature","properties":{"tsid":"TS09501110","name":"D316/D1016","debut":"limite commune Coye-la-Forêt (95352),Luzarches (95352)","fin":"limite commune Asnières-sur-Oise (60172),Coye-la-Forêt (60172)","categorie":"3","es":"100","cl_admin":"Départementale","largeur":"de 7m à 9m","gestion":"Conseil Départementale Val-d'Oise/Oise","com_conc":"Luzarches,Asnières-sur-Oise,Coye-la-Forêt","com_conid":"95352,95026,60172"},"geometry":{"type":"MultiLineString","coordinates":[[[2.436248,49.13565],[2.439999,49.143902],[2.440581,49.145025],[2.44064,49.145229],[2.440755,49.145353]],[[2.440505,49.145399],[2.440512,49.145279],[2.440287,49.144694],[2.440206,49.144347]]]}},{"type":"Feature","properties":{"tsid":"TS09500267","name":"D922","debut":"séparation de la route en D151,D922","fin":"séparation de la route en AV DU CHEMIN VERT,D922","categorie":"3","es":"100","cl_admin":"Départementale","largeur":"de 3m à 9m","gestion":"Conseil Départementale Val-d'Oise","com_conc":"Mours,Beaumont-sur-Oise,L'Isle-Adam,Mériel","com_conid":"95436,95052,95313,95392"},"geometry":{"type":"MultiLineString","coordinates":[[[2.206295,49.083651],[2.206757,49.084502],[2.206926,49.084963],[2.206819,49.085992],[2.206866,49.086385],[2.206969,49.086689],[2.207897,49.088589],[2.209637,49.092533],[2.210172,49.093092],[2.210424,49.093291],[2.212101,49.0943],[2.212744,49.094826],[2.213283,49.095633],[2.216946,49.101788],[2.218454,49.104654],[2.220958,49.107528],[2.221474,49.108057],[2.224416,49.110749],[2.224599,49.110983],[2.224876,49.111482],[2.225577,49.112956],[2.226295,49.113854],[2.22697,49.114439],[2.230036,49.116715],[2.230394,49.117039],[2.230698,49.117434],[2.231513,49.118694],[2.231535,49.11887],[2.2315,49.118958],[2.231166,49.119114],[2.231089,49.119218],[2.231089,49.119336],[2.231211,49.119469],[2.231419,49.119534],[2.231667,49.119511],[2.231799,49.119433],[2.231879,49.119261],[2.231832,49.119165],[2.231622,49.11904],[2.231393,49.119026]],[[2.231513,49.118694],[2.231724,49.11908]],[[2.231879,49.119261],[2.232308,49.11943],[2.231799,49.119433]],[[2.232308,49.11943],[2.248382,49.12326],[2.248927,49.123512],[2.2493,49.123807],[2.249572,49.12387],[2.249776,49.12398],[2.249849,49.124158],[2.249773,49.124318],[2.249491,49.12445],[2.24923,49.124445],[2.248971,49.124296],[2.248928,49.124077],[2.249055,49.123928],[2.249399,49.123847]],[[2.24964,49.124406],[2.249857,49.124416],[2.25026,49.124544],[2.250624,49.12477],[2.252208,49.126367],[2.252456,49.126838],[2.252696,49.127671],[2.252964,49.127988],[2.253465,49.128262],[2.254988,49.128645],[2.254935,49.128562],[2.253525,49.128237],[2.25297,49.127924],[2.252736,49.1276],[2.252453,49.126667],[2.252211,49.126291],[2.250949,49.124974],[2.25042,49.12454],[2.250003,49.124324],[2.249849,49.124158]],[[2.254935,49.128562],[2.255395,49.128617],[2.255783,49.128601],[2.256734,49.128454],[2.257168,49.128296],[2.257165,49.128462],[2.257255,49.128575],[2.256941,49.128539],[2.255416,49.128679],[2.254988,49.128645]],[[2.257168,49.128296],[2.257327,49.128141],[2.257574,49.128078],[2.257908,49.128142],[2.258048,49.128288],[2.258064,49.12838],[2.257987,49.12855],[2.257804,49.128653],[2.257432,49.128656],[2.257255,49.128575]],[[2.257556,49.128671],[2.257775,49.128773],[2.258067,49.129079],[2.257929,49.128758],[2.257938,49.128583]],[[2.269674,49.136172],[2.270111,49.136537],[2.270675,49.137224],[2.271395,49.137664],[2.271462,49.13785],[2.271512,49.137751],[2.271703,49.137662],[2.271369,49.13757],[2.27071,49.137186],[2.270189,49.136524],[2.269896,49.136283],[2.268217,49.135366],[2.266636,49.134197],[2.266034,49.13383],[2.263144,49.132553],[2.262311,49.132113],[2.258863,49.12995],[2.258395,49.129526],[2.258067,49.129079]],[[2.271703,49.137662],[2.271996,49.137705],[2.272095,49.137812],[2.272106,49.137907]]]}},{"type":"Feature","properties":{"tsid":"TS09500266","name":"D922","debut":"debut route D922","fin":"limite commune Saint-Ouen-l'Aumône (95572),Méry-sur-Oise (95572)","categorie":"3","es":"100","cl_admin":"Départementale","largeur":"de 3m à 9m","gestion":"Conseil Départementale Val-d'Oise","com_conc":"Saint-Ouen-l'Aumône,Méry-sur-Oise","com_conid":"95572,95394"},"geometry":{"type":"MultiLineString","coordinates":[[[2.147132,49.056611],[2.146521,49.056526],[2.146308,49.056431],[2.146308,49.056521],[2.146223,49.056615],[2.150274,49.05665],[2.152627,49.057009]]]}},{"type":"Feature","properties":{"tsid":"TS09500265","name":"D922","debut":"fin de la route D922","fin":"fin de la route D922","categorie":"3","es":"100","cl_admin":"Départementale","largeur":"de 3m à 9m","gestion":"Conseil Départementale Val-d'Oise","com_conc":"Vauréal","com_conid":"95637"},"geometry":{"type":"MultiLineString","coordinates":[[[2.022044,49.0298],[2.022253,49.029767],[2.022456,49.029806],[2.022567,49.029947],[2.022492,49.030129]]]}},{"type":"Feature","properties":{"tsid":"TS09500264","name":"D922","debut":"fin de la route D922","fin":"fin de la route D922","categorie":"3","es":"100","cl_admin":"Départementale","largeur":"de 3m à 9m","gestion":"Conseil Départementale Val-d'Oise","com_conc":"Vauréal","com_conid":"95637"},"geometry":{"type":"MultiLineString","coordinates":[[[2.022268,49.030176],[2.021993,49.030114]]]}},{"type":"Feature","properties":{"tsid":"TS09500271","name":"D922","debut":"fin de la route D922","fin":"limite commune Bellefontaine (95250),Fosses (95250)","categorie":"3","es":"100","cl_admin":"Départementale","largeur":"de 3m à 9m","gestion":"Conseil Départementale Val-d'Oise","com_conc":"Fosses,Bellefontaine","com_conid":"95250,95055"},"geometry":{"type":"MultiLineString","coordinates":[[[2.471107,49.097665],[2.471848,49.097504],[2.473151,49.0974],[2.477879,49.097201]]]}},{"type":"Feature","properties":{"tsid":"TS09500693","name":"D922","debut":"fin de la route SEN DES CHATAIGNIERS","fin":"fin de la route D922","categorie":"4","es":"30","cl_admin":"Départementale","largeur":"5m","gestion":"Conseil Départementale Val-d'Oise","com_conc":"Vauréal,Boisemont","com_conid":"95637,95074"},"geometry":{"type":"MultiLineString","coordinates":[[[1.996004,49.02113],[1.9975,49.021145],[1.997731,49.021064],[1.998182,49.020794],[1.998294,49.020795],[1.998308,49.020731],[1.998197,49.020711],[1.998157,49.020757],[1.998182,49.020794]],[[2.000732,49.0238],[2.000826,49.02375],[2.000926,49.023777],[2.000923,49.023859],[2.000812,49.023886],[2.000732,49.0238],[1.999372,49.023696],[1.999402,49.023331],[1.99992,49.02266],[2.000003,49.022454],[2.000002,49.022243],[1.999898,49.022032],[1.999725,49.021847],[1.998294,49.020795]],[[2.015038,49.028033],[2.015096,49.027992],[2.01525,49.027995],[2.015308,49.028047],[2.015296,49.028117],[2.015126,49.028155],[2.015036,49.028102],[2.015038,49.028033],[2.014791,49.027927],[2.013027,49.027254],[2.012311,49.027074],[2.007789,49.026703],[2.007518,49.026647],[2.005309,49.02582],[2.004037,49.025282],[2.003946,49.025178],[2.003861,49.024771],[2.00374,49.024592],[2.00323,49.024237],[2.002902,49.024078],[2.002513,49.02398],[2.000943,49.023821]],[[2.015296,49.028117],[2.017809,49.029062],[2.019001,49.0294],[2.020461,49.029653],[2.020524,49.029707],[2.020593,49.029663],[2.020537,49.029618],[2.020461,49.029653]],[[2.020589,49.029676],[2.02193,49.029893],[2.021915,49.029983],[2.021993,49.030114]],[[2.02193,49.029893],[2.022044,49.0298]]]}},{"type":"Feature","properties":{"tsid":"TS09500701","name":"D922","debut":"limite commune Fosses (95250),Bellefontaine (95250)","fin":"fin de la route D922","categorie":"4","es":"30","cl_admin":"Départementale","largeur":"5m","gestion":"Conseil Départementale Val-d'Oise","com_conc":"Bellefontaine,Fosses","com_conid":"95055,95250"},"geometry":{"type":"MultiLineString","coordinates":[[[2.477879,49.097201],[2.47912,49.097089],[2.479541,49.096919],[2.480075,49.096513],[2.480527,49.096314],[2.482872,49.095892],[2.483647,49.0957],[2.483981,49.095669],[2.486306,49.095708],[2.487231,49.095531]]]}},{"type":"Feature","properties":{"tsid":"TS09500702","name":"D922","debut":"fin de la route D922","fin":"limite commune Marly-la-Ville (95371),Fosses (95371)","categorie":"4","es":"30","cl_admin":"Départementale","largeur":"5m","gestion":"Conseil Départementale Val-d'Oise","com_conc":"Fosses,Marly-la-Ville","com_conid":"95250,95371"},"geometry":{"type":"MultiLineString","coordinates":[[[2.487661,49.095312],[2.48903,49.095355],[2.489502,49.095412],[2.490753,49.095954],[2.491381,49.096025],[2.493072,49.095808],[2.49369,49.095677],[2.496891,49.094431],[2.497347,49.094303],[2.500229,49.094167],[2.502565,49.094458],[2.502746,49.094448],[2.503058,49.094338],[2.503032,49.094407],[2.503089,49.094458],[2.502746,49.094448]],[[2.503058,49.094338],[2.503177,49.094325],[2.503254,49.094397],[2.503184,49.094457],[2.503089,49.094458]],[[2.503254,49.094397],[2.503524,49.094548],[2.503152,49.094461]],[[2.503524,49.094548],[2.504558,49.094682],[2.509992,49.095144],[2.51401,49.095905],[2.518918,49.097546],[2.523376,49.09966]]]}},{"type":"Feature","properties":{"tsid":"TS09500313","name":"R MAURICE BERTEAUX","debut":"fin de la route R ALBERT 1ER","fin":"Intersection R DE L'UNION,R MAURICE BERTEAUX","categorie":"4","es":"30","cl_admin":null,"largeur":"5m","gestion":"Probable route communale ou intercommunale","com_conc":"Bezons","com_conid":"95063"},"geometry":{"type":"MultiLineString","coordinates":[[[2.205495,48.932684],[2.20705,48.931112],[2.208557,48.929865],[2.209795,48.928582],[2.210768,48.927866]]]}},{"type":"Feature","properties":{"tsid":"TS09500075","name":"R MAURICE BERTEAUX","debut":"Intersection D41,R MAURICE BERTEAUX","fin":"Intersection R DE L'UNION,R MAURICE BERTEAUX","categorie":"5","es":"10","cl_admin":null,"largeur":"5m","gestion":"Probable route communale ou intercommunale","com_conc":"Bezons","com_conid":"95063"},"geometry":{"type":"MultiLineString","coordinates":[[[2.213042,48.926283],[2.210768,48.927866]]]}},{"type":"Feature","properties":{"tsid":"TS09500703","name":"D922","debut":"séparation de la route en D922,Route sans nom","fin":"debut route D922","categorie":"4","es":"30","cl_admin":"Départementale","largeur":"5m","gestion":"Conseil Départementale Val-d'Oise","com_conc":"La Chapelle-en-Serval,Fosses","com_conid":"60142,95250"},"geometry":{"type":"MultiLineString","coordinates":[[[2.523863,49.100091],[2.524293,49.100661],[2.524696,49.100903],[2.524592,49.100907],[2.524495,49.100987],[2.524293,49.100661]],[[2.524696,49.100903],[2.524809,49.100965],[2.524761,49.101089],[2.52455,49.101083],[2.524495,49.100987]],[[2.524796,49.101063],[2.525185,49.100972],[2.524789,49.100935]],[[2.528308,49.100433],[2.528671,49.100411],[2.528584,49.10034],[2.528568,49.100231],[2.528308,49.100433],[2.526955,49.100882],[2.525185,49.100972]],[[2.528568,49.100231],[2.528626,49.100139],[2.528778,49.100079],[2.528988,49.100109],[2.529106,49.100218],[2.529108,49.100309],[2.529015,49.100415],[2.528852,49.100447],[2.528671,49.100411]],[[2.529014,49.100122],[2.52945,49.100065],[2.529195,49.100188],[2.529113,49.100289]],[[2.52945,49.100065],[2.530514,49.099702],[2.530833,49.099527],[2.53094,49.099417]],[[2.531028,49.099605],[2.530649,49.099637]]]}},{"type":"Feature","properties":{"tsid":"TS09500704","name":"D922","debut":"fin de la route D317","fin":"debut route D922","categorie":"4","es":"30","cl_admin":"Départementale","largeur":"5m","gestion":"Conseil Départementale Val-d'Oise","com_conc":"Plailly,Survilliers","com_conid":"60494,95604"},"geometry":{"type":"MultiLineString","coordinates":[[[2.531543,49.099319],[2.531993,49.099387],[2.531576,49.099503]],[[2.531993,49.099387],[2.532754,49.099262],[2.535571,49.099061],[2.536439,49.098931],[2.537394,49.098706],[2.540627,49.097749],[2.542061,49.097217],[2.544015,49.09704],[2.545308,49.097142],[2.545822,49.097279],[2.546903,49.097826],[2.548457,49.098906],[2.548423,49.098957],[2.548462,49.099018],[2.54857,49.099021],[2.548625,49.098951],[2.548568,49.098893],[2.548457,49.098906]],[[2.548607,49.098998],[2.549497,49.099384],[2.551747,49.099958],[2.555095,49.100586],[2.557237,49.100884],[2.557763,49.101034],[2.558517,49.101374]]]}},{"type":"Feature","properties":{"tsid":"TS09500697","name":"D922","debut":"debut route D922","fin":"séparation de la route en D922,Route sans nom","categorie":"4","es":"30","cl_admin":"Départementale","largeur":"5m","gestion":"Conseil Départementale Val-d'Oise","com_conc":"Beaumont-sur-Oise","com_conid":"95052"},"geometry":{"type":"MultiLineString","coordinates":[[[2.271951,49.138054],[2.272106,49.137907],[2.272214,49.138069],[2.272494,49.138255],[2.271951,49.138054],[2.271657,49.138063],[2.271532,49.137998],[2.271462,49.13785]],[[2.272494,49.138255],[2.272716,49.138356],[2.273039,49.138391],[2.272979,49.138473],[2.272716,49.138356]],[[2.273039,49.138391],[2.273145,49.138382],[2.273528,49.13858],[2.272979,49.138473]],[[2.273195,49.138431],[2.273155,49.138506]],[[2.273528,49.13858],[2.275333,49.139933],[2.278239,49.141459],[2.27971,49.142394],[2.281159,49.142995],[2.282759,49.143513],[2.283663,49.143859],[2.28576,49.144732],[2.285762,49.144809],[2.285883,49.144902],[2.285983,49.144906],[2.286107,49.144834],[2.286109,49.144744],[2.28601,49.144673],[2.285854,49.144673],[2.28576,49.144732]],[[2.294419,49.14739],[2.294525,49.147345],[2.294629,49.1474],[2.294597,49.147467],[2.294505,49.14749],[2.294422,49.14745],[2.294419,49.14739],[2.29288,49.14716],[2.290923,49.147061],[2.290002,49.146919],[2.289754,49.146816],[2.289042,49.146359],[2.288679,49.146184],[2.286991,49.145491],[2.286341,49.145124],[2.286042,49.144886]],[[2.294626,49.147436],[2.296806,49.147897],[2.297585,49.147968]],[[2.297494,49.148101],[2.296806,49.147897]]]}},{"type":"Feature","properties":{"tsid":"TS09501195","name":"D922C1","debut":"fin de la route D922","fin":"continue route D922C1 sur 511 m","categorie":"3","es":"100","cl_admin":"Départementale","largeur":"3m","gestion":"Conseil Départementale Val-d'Oise","com_conc":"Luzarches","com_conid":"95352"},"geometry":{"type":"MultiLineString","coordinates":[[[2.415265,49.0991],[2.418474,49.097063],[2.418646,49.096783],[2.418656,49.096513],[2.418154,49.095476]]]}},{"type":"Feature","properties":{"tsid":"TS09500823","name":"D922C2","debut":"fin de la route D316","fin":"fin de la route D922","categorie":"3","es":"100","cl_admin":"Départementale","largeur":"3m","gestion":"Conseil Départementale Val-d'Oise","com_conc":"Luzarches","com_conid":"95352"},"geometry":{"type":"MultiLineString","coordinates":[[[2.420714,49.099207],[2.419688,49.098082],[2.41928,49.097894],[2.418722,49.097798],[2.418072,49.097904],[2.415314,49.09914]]]}},{"type":"Feature","properties":{"tsid":"TS09500558","name":"D922Z","debut":"fin de la route D922Z","fin":"continue route D922Z sur 81 m","categorie":"3","es":"100","cl_admin":"Départementale","largeur":"de 3m à 7m","gestion":"Conseil Départementale Val-d'Oise","com_conc":"Luzarches","com_conid":"95352"},"geometry":{"type":"MultiLineString","coordinates":[[[2.40925,49.117242],[2.409908,49.117147],[2.410107,49.117162],[2.410009,49.117082],[2.410005,49.116985],[2.40925,49.117242],[2.405416,49.118172],[2.403866,49.11861]],[[2.410189,49.117184],[2.410107,49.117162]]]}},{"type":"Feature","properties":{"tsid":"TS09501140","name":"D922Z","debut":"debut route D922Z","fin":"fin de la route D922Z","categorie":"4","es":"30","cl_admin":"Départementale","largeur":"7m","gestion":"Conseil Départementale Val-d'Oise","com_conc":"Luzarches","com_conid":"95352"},"geometry":{"type":"MultiLineString","coordinates":[[[2.410005,49.116985],[2.410172,49.116883],[2.410409,49.116942],[2.410414,49.117108],[2.410189,49.117184]]]}},{"type":"Feature","properties":{"tsid":"TS09500418","name":"D43/D53","debut":"limite commune","fin":"limite commune","categorie":"3","es":"100","cl_admin":"Départementale","largeur":"7m","gestion":"Conseil Départementale Val-d'Oise/Oise","com_conc":"Le Bellay-en-Vexin,Chars,Bouconvillers,Nucourt","com_conid":"95054,95142,60090,95459"},"geometry":{"type":"MultiLineString","coordinates":[[[1.88285,49.161524],[1.883072,49.16349],[1.883251,49.164343]]]}},{"type":"Feature","properties":{"tsid":"TS09500414","name":"R JEAN CARASSO","debut":"fin de la route Route sans nom","fin":"séparation de la route en D311,D311A2","categorie":"4","es":"30","cl_admin":null,"largeur":"5m","gestion":"Probable route communale ou intercommunale","com_conc":"Bezons","com_conid":"95063"},"geometry":{"type":"MultiLineString","coordinates":[[[2.214207,48.919501],[2.215457,48.920266],[2.217271,48.921222]]]}},{"type":"Feature","properties":{"tsid":"TS09500379","name":"D928","debut":"fin de la route D928","fin":"séparation de la route en D928,SEN DES BRETOUX","categorie":"4","es":"30","cl_admin":"Départementale","largeur":"5m","gestion":"Conseil Départementale Val-d'Oise","com_conc":"Saint-Prix,Eaubonne,Saint-Leu-la-Forêt","com_conid":"95574,95203,95563"},"geometry":{"type":"MultiLineString","coordinates":[[[2.251831,49.012929],[2.25229,49.01276],[2.252003,49.012993]],[[2.269272,48.997371],[2.269681,48.997338],[2.269683,48.997208],[2.269403,48.997296],[2.268514,48.997683],[2.267542,48.998219],[2.265522,48.99962],[2.265003,49.000054],[2.258621,49.006228],[2.25229,49.01276]],[[2.269683,48.997208],[2.270073,48.997006],[2.270325,48.996678],[2.270527,48.996665],[2.270612,48.996724],[2.270637,48.996806],[2.270146,48.99706],[2.269956,48.997375],[2.26979,48.997394],[2.269681,48.997338]],[[2.270637,48.996806],[2.270985,48.996691],[2.270612,48.996724]],[[2.275308,48.994961],[2.275186,48.995105],[2.273774,48.995732],[2.271892,48.996335],[2.270985,48.996691]],[[2.274615,48.995376],[2.27523,48.995153],[2.275663,48.995098],[2.275791,48.995024]]]}},{"type":"Feature","properties":{"tsid":"TS09501097","name":"D924","debut":"fin de la route D4","fin":"fin de la route D924","categorie":"3","es":"100","cl_admin":"Départementale","largeur":"de 3m à 7m","gestion":"Conseil Départementale Val-d'Oise","com_conc":"Bruyères-sur-Oise,Bernes-sur-Oise","com_conid":"95116,95058"},"geometry":{"type":"MultiLineString","coordinates":[[[2.285312,49.164435],[2.285559,49.164564],[2.28606,49.164613],[2.285345,49.164704]],[[2.293582,49.165014],[2.294419,49.16504],[2.294364,49.164947],[2.2944,49.164819],[2.294216,49.164905],[2.293582,49.165014],[2.292599,49.165039],[2.287933,49.164615],[2.28735,49.164579],[2.28606,49.164613]],[[2.2944,49.164819],[2.294521,49.164724],[2.294723,49.164695],[2.295172,49.164844],[2.295844,49.164851],[2.295171,49.164946],[2.294747,49.165129],[2.294564,49.165115],[2.294419,49.16504]],[[2.294982,49.164809],[2.295003,49.16499]],[[2.295844,49.164851],[2.297256,49.164658],[2.298117,49.164465],[2.310514,49.161033],[2.311336,49.160737],[2.312424,49.160083],[2.312884,49.15986],[2.314656,49.159284],[2.314865,49.159133],[2.314904,49.159021],[2.314983,49.159116],[2.315159,49.159171],[2.314551,49.159382],[2.314234,49.15944]],[[2.314904,49.159021],[2.314915,49.158868],[2.315003,49.158794],[2.315229,49.158743],[2.315441,49.158789],[2.315547,49.158941],[2.315511,49.159059],[2.315384,49.159145],[2.315159,49.159171]],[[2.315543,49.158959],[2.315747,49.159064],[2.316669,49.15921],[2.315445,49.159115]],[[2.316669,49.15921],[2.31752,49.159351],[2.319067,49.159823],[2.320075,49.160007],[2.322743,49.160045],[2.324499,49.160164],[2.332324,49.161049],[2.334244,49.161149],[2.339329,49.16122],[2.341588,49.16144],[2.34274,49.161631],[2.343734,49.16188],[2.343968,49.161989],[2.344178,49.16229],[2.34439,49.162368],[2.344693,49.162323],[2.344844,49.162182],[2.344809,49.161985],[2.344578,49.161862],[2.344055,49.161872],[2.342266,49.161468],[2.341399,49.16134],[2.340346,49.161244],[2.339329,49.16122]],[[2.344073,49.162129],[2.34412,49.161974],[2.344263,49.161889]]]}},{"type":"Feature","properties":{"tsid":"TS09500956","name":"RTE DE L'ARPENTEUR","debut":"fin de la route Route sans nom","fin":"debut route RTE DE L'ARPENTEUR","categorie":"4","es":"30","cl_admin":null,"largeur":"3m","gestion":"Probable route communale ou intercommunale","com_conc":"Roissy-en-France","com_conid":"95527"},"geometry":{"type":"MultiLineString","coordinates":[[[2.530039,49.01449],[2.530705,49.015322],[2.529886,49.014576]]]}},{"type":"Feature","properties":{"tsid":"TS09500471","name":"R PIERRE BROSSOLETTE","debut":"fin de la route AV DE LA DIVISION LECLERC","fin":"Intersection R DES BAUVES,R PIERRE BROSSOLETTE","categorie":"3","es":"100","cl_admin":null,"largeur":"de 3m à 5m","gestion":"Probable route communale ou intercommunale","com_conc":"Sarcelles","com_conid":"95585"},"geometry":{"type":"MultiLineString","coordinates":[[[2.37463,48.991589],[2.374763,48.991774],[2.37543,48.99239],[2.376604,48.993099],[2.377773,48.993572],[2.378269,48.993983],[2.378888,48.994668]]]}},{"type":"Feature","properties":{"tsid":"TS09500022","name":"D927","debut":"debut route D927","fin":"Intersection D927,Route sans nom","categorie":"3","es":"100","cl_admin":"Départementale","largeur":"de 4m à 7m","gestion":"Conseil Départementale Val-d'Oise","com_conc":"Labbeville,Vallangoujard,Menouville,Arronville,Ennery,Hérouville-en-Vexin","com_conid":"95328,95627,95387,95023,95211,95308"},"geometry":{"type":"MultiLineString","coordinates":[[[2.113338,49.086488],[2.113554,49.08633],[2.113969,49.086853],[2.113338,49.086488],[2.113047,49.086509],[2.112768,49.086394],[2.112701,49.086285],[2.112707,49.086138],[2.112761,49.086043],[2.112895,49.085965]],[[2.113567,49.086102],[2.113591,49.086235],[2.113554,49.08633]],[[2.113969,49.086853],[2.114539,49.087355],[2.114895,49.087744],[2.124371,49.099463],[2.125867,49.101328],[2.126449,49.102129],[2.127626,49.103504],[2.128221,49.104333],[2.128518,49.104544],[2.129058,49.104777],[2.129455,49.105116],[2.129254,49.105124],[2.129094,49.105198],[2.12913,49.105055],[2.12903,49.104888],[2.128518,49.104544]],[[2.114165,49.152039],[2.114363,49.151247],[2.114519,49.149779],[2.114486,49.149306],[2.114396,49.149813],[2.114021,49.153407],[2.114035,49.154728],[2.114098,49.155515],[2.114188,49.155866],[2.114321,49.156119],[2.118642,49.16174],[2.119376,49.162606],[2.119828,49.163027],[2.12013,49.163203],[2.12278,49.164339],[2.123279,49.16477],[2.123443,49.165076],[2.124617,49.178709],[2.12475,49.179451],[2.124852,49.180445],[2.124933,49.182163],[2.124773,49.18126],[2.124639,49.179701],[2.124635,49.178868]],[[2.114486,49.149306],[2.114572,49.148573],[2.114671,49.148166],[2.114871,49.147775],[2.115143,49.14743],[2.117334,49.145126],[2.117572,49.14477],[2.117597,49.14455],[2.117438,49.144004],[2.117439,49.14368],[2.118394,49.14024],[2.118401,49.139924],[2.118338,49.13974],[2.118148,49.139508],[2.117137,49.138844],[2.116859,49.138826],[2.116634,49.138718],[2.115029,49.138683],[2.114597,49.138627],[2.114025,49.138467],[2.113547,49.138232],[2.11244,49.136998],[2.112334,49.136812],[2.112239,49.136428],[2.112233,49.135502],[2.112301,49.135156],[2.112508,49.134743],[2.113374,49.13388],[2.11416,49.132262],[2.114358,49.131987],[2.12148,49.123794],[2.122152,49.122927],[2.12263,49.121976],[2.124898,49.116752],[2.127728,49.10992],[2.128824,49.107101],[2.128959,49.106566],[2.128992,49.106074],[2.12909,49.105704],[2.129068,49.105541],[2.129258,49.105629],[2.12941,49.105637],[2.129189,49.105861],[2.128997,49.1062]],[[2.116634,49.138718],[2.11689,49.138694],[2.117137,49.138844]],[[2.125716,49.191032],[2.124933,49.182163]],[[2.129068,49.105541],[2.128982,49.105364],[2.129094,49.105198]],[[2.129455,49.105116],[2.129607,49.105159]]]}},{"type":"Feature","properties":{"tsid":"TS09501235","name":"R JEAN JAURES","debut":"continue route R JEAN JAURES sur 24 m","fin":"fin de la route R DE PONTOISE","categorie":"4","es":"30","cl_admin":null,"largeur":"5m","gestion":"Probable route communale ou intercommunale","com_conc":"Bezons","com_conid":"95063"},"geometry":{"type":"MultiLineString","coordinates":[[[2.219464,48.923594],[2.219266,48.923424]]]}},{"type":"Feature","properties":{"tsid":"TS09500136","name":"R DU COLONEL FABIEN","debut":"debut route R DU COLONEL FABIEN","fin":"fin de la route R DE LA PAIX","categorie":"4","es":"30","cl_admin":null,"largeur":"de 3m à 5m","gestion":"Probable route communale ou intercommunale","com_conc":"Garges-lès-Gonesse","com_conid":"95268"},"geometry":{"type":"MultiLineString","coordinates":[[[2.38989,48.972338],[2.390163,48.97232],[2.390087,48.972242],[2.389115,48.972703],[2.387001,48.973831]],[[2.390087,48.972242],[2.39014,48.972184],[2.390286,48.972222],[2.390275,48.972304],[2.390163,48.97232]],[[2.390295,48.972242],[2.390425,48.972101],[2.390227,48.972187]],[[2.394581,48.970642],[2.393171,48.971038],[2.390425,48.972101]]]}},{"type":"Feature","properties":{"tsid":"TS09501288","name":"R PIERRE BROSSOLETTE","debut":"Intersection R DES PILIERS,R PIERRE BROSSOLETTE","fin":"fin de la route PL DU SOUVENIR FRANCAIS","categorie":"4","es":"30","cl_admin":null,"largeur":"5m","gestion":"Probable route communale ou intercommunale","com_conc":"Sarcelles","com_conid":"95585"},"geometry":{"type":"MultiLineString","coordinates":[[[2.378888,48.994668],[2.379464,48.996318],[2.380141,48.998528]]]}},{"type":"Feature","properties":{"tsid":"TS09500289","name":"D928","debut":"séparation de la route en D928,RTE DE MONTLIGNON","fin":"fin de la route D928","categorie":"3","es":"100","cl_admin":"Départementale","largeur":"5m","gestion":"Conseil Départementale Val-d'Oise","com_conc":"Enghien-les-Bains,Épinay-sur-Seine,Villetaneuse,Montmagny,Eaubonne,Soisy-sous-Montmorency,Montmorency,Deuil-la-Barre","com_conid":"95210,93031,93079,95427,95203,95598,95428,95197"},"geometry":{"type":"MultiLineString","coordinates":[[[2.275499,48.995109],[2.275355,48.995015],[2.275239,48.994846],[2.275273,48.99475],[2.27538,48.994686],[2.275567,48.994692],[2.275722,48.994801],[2.275905,48.994853],[2.27665,48.994852],[2.275975,48.994943],[2.275791,48.995024],[2.275809,48.994938],[2.275722,48.994801]],[[2.28171,48.993297],[2.281908,48.993323],[2.281951,48.9934],[2.28189,48.993482],[2.281713,48.99349],[2.281635,48.993441],[2.278058,48.994613],[2.27665,48.994852]],[[2.28853,48.991139],[2.288558,48.991096],[2.29064,48.990336],[2.291058,48.990127],[2.291764,48.989644],[2.292913,48.988582],[2.294792,48.987544],[2.296502,48.986382],[2.296586,48.986224],[2.296765,48.986259],[2.296589,48.986416],[2.294855,48.987587],[2.293205,48.988483],[2.292609,48.988957],[2.291832,48.989686],[2.290837,48.990329],[2.289032,48.991028],[2.288029,48.991294],[2.281924,48.993344]],[[2.296586,48.986224],[2.296529,48.986133],[2.296563,48.986061],[2.296686,48.986005],[2.296801,48.986013],[2.296907,48.986083],[2.296919,48.986159],[2.296765,48.986259]],[[2.296842,48.986029],[2.297168,48.985986],[2.296921,48.986133]],[[2.297168,48.985986],[2.297733,48.985606],[2.298307,48.985111],[2.300264,48.982716],[2.300798,48.98216],[2.305313,48.978542],[2.307001,48.977369],[2.308316,48.975069],[2.309387,48.973899],[2.310067,48.972939],[2.310568,48.972056],[2.31074,48.971843],[2.316923,48.967391],[2.317361,48.967133],[2.318821,48.966016],[2.325206,48.961439],[2.325797,48.960962],[2.325922,48.960908],[2.32586,48.961031],[2.325206,48.961439]],[[2.333363,48.955318],[2.33025,48.957792],[2.329224,48.958467],[2.329261,48.958628],[2.329231,48.958797],[2.329048,48.959254],[2.328674,48.959432],[2.327876,48.959602],[2.327596,48.95971],[2.325922,48.960908]]]}},{"type":"Feature","properties":{"tsid":"TS09500287","name":"D928","debut":"fin de la route R VILLIERS ADAM","fin":"debut route D928","categorie":"3","es":"100","cl_admin":"Départementale","largeur":"5m","gestion":"Conseil Départementale Val-d'Oise","com_conc":"Frépillon,Méry-sur-Oise,Bessancourt","com_conid":"95256,95394,95060"},"geometry":{"type":"MultiLineString","coordinates":[[[2.194415,49.054244],[2.194792,49.053676],[2.195026,49.053435],[2.195592,49.052981],[2.195864,49.0527],[2.196037,49.052704],[2.195592,49.052981]],[[2.195864,49.0527],[2.195873,49.052608],[2.195971,49.052589],[2.196055,49.052631],[2.196037,49.052704]],[[2.198155,49.051461],[2.198352,49.051376],[2.198221,49.051346],[2.198155,49.051461],[2.196874,49.052229],[2.196055,49.052631]],[[2.198221,49.051346],[2.198175,49.051263],[2.19825,49.051161],[2.19863,49.051158],[2.198851,49.051079],[2.198498,49.051337],[2.198352,49.051376]],[[2.19847,49.051159],[2.198548,49.051276]],[[2.201986,49.047097],[2.201922,49.047065],[2.201912,49.046997],[2.202041,49.046812],[2.202162,49.046732],[2.202304,49.046772],[2.202315,49.046845],[2.202227,49.046973],[2.202112,49.047083],[2.201986,49.047097],[2.199299,49.05064],[2.198851,49.051079]],[[2.202253,49.046741],[2.20305,49.045687],[2.203243,49.045493],[2.207452,49.042457],[2.211497,49.037936],[2.212414,49.036705],[2.213448,49.035467],[2.216538,49.032059]]]}},{"type":"Feature","properties":{"tsid":"TS09500288","name":"D928","debut":"fin de la route D928","fin":"séparation de la route en D144,D928","categorie":"3","es":"100","cl_admin":"Départementale","largeur":"5m","gestion":"Conseil Départementale Val-d'Oise","com_conc":"Saint-Leu-la-Forêt","com_conid":"95563"},"geometry":{"type":"MultiLineString","coordinates":[[[2.251652,49.013073],[2.251679,49.012986],[2.251831,49.012929],[2.25197,49.012958],[2.252035,49.013039]]]}},{"type":"Feature","properties":{"tsid":"TS09500327","name":"R DU DOCTEUR GOLDSTEIN","debut":"Intersection R DU DOCTEUR GOLDSTEIN,R JOSEPH RIGAULT","fin":"limite commune Groslay (95539),Saint-Brice-sous-Forêt (95539)","categorie":"4","es":"30","cl_admin":null,"largeur":"5m","gestion":"Probable route communale ou intercommunale","com_conc":"Saint-Brice-sous-Forêt,Groslay","com_conid":"95539,95288"},"geometry":{"type":"MultiLineString","coordinates":[[[2.356764,48.988871],[2.356991,48.989424],[2.357137,48.989561],[2.358241,48.989947],[2.358288,48.990015],[2.358429,48.989989],[2.358431,48.989933],[2.358377,48.989901],[2.358241,48.989947]],[[2.359365,48.990355],[2.359442,48.990344],[2.359453,48.990385],[2.359384,48.990396],[2.359235,48.990292],[2.358417,48.990003]],[[2.359442,48.990454],[2.359419,48.9904]]]}},{"type":"Feature","properties":{"tsid":"TS09500378","name":"D928","debut":"fin de la route D928","fin":"debut route D928","categorie":"4","es":"30","cl_admin":"Départementale","largeur":"5m","gestion":"Conseil Départementale Val-d'Oise","com_conc":"Bessancourt,Saint-Leu-la-Forêt,Taverny","com_conid":"95060,95563,95607"},"geometry":{"type":"MultiLineString","coordinates":[[[2.216538,49.032059],[2.218017,49.030445],[2.218675,49.029815],[2.22328,49.027568],[2.223647,49.02717],[2.225068,49.026181],[2.22705,49.025575],[2.228541,49.024855],[2.229109,49.024643],[2.231446,49.02393],[2.233172,49.023082],[2.233909,49.022653],[2.234828,49.022293],[2.236422,49.021848],[2.237761,49.021366],[2.239426,49.020529],[2.240619,49.020055],[2.241326,49.019709],[2.242286,49.019368],[2.244508,49.01836],[2.246188,49.017396],[2.2476,49.017035],[2.251689,49.013387],[2.251769,49.013175],[2.251652,49.013073]],[[2.251689,49.013387],[2.251917,49.013176],[2.251769,49.013175]],[[2.252035,49.013039],[2.252008,49.013124],[2.251917,49.013176]]]}},{"type":"Feature","properties":{"tsid":"TS09501119","name":"D92E","debut":"fin de la route D92E","fin":"séparation de la route en D14,Route sans nom","categorie":"4","es":"30","cl_admin":"Départementale","largeur":"5m","gestion":"Conseil Départementale Val-d'Oise","com_conc":"Pontoise","com_conid":"95500"},"geometry":{"type":"MultiLineString","coordinates":[[[2.086172,49.050062],[2.086218,49.050013],[2.086314,49.050014],[2.086348,49.050101],[2.086238,49.050128],[2.086172,49.050062],[2.085793,49.050005],[2.08549,49.049885],[2.082674,49.047965],[2.08142,49.047257]]]}},{"type":"Feature","properties":{"tsid":"TS09500084","name":"D970","debut":"debut route D970","fin":"séparation de la route en D970,Route sans nom","categorie":"3","es":"100","cl_admin":"Départementale","largeur":"7m","gestion":"Conseil Départementale Val-d'Oise","com_conc":"Gonesse","com_conid":"95277"},"geometry":{"type":"MultiLineString","coordinates":[[[2.45185,48.994514],[2.452013,48.994619],[2.452019,48.99471],[2.451932,48.994807],[2.451703,48.994845],[2.451515,48.99474]],[[2.452022,48.994676],[2.452581,48.994439],[2.454743,48.993155],[2.454491,48.993042],[2.454309,48.993215],[2.452811,48.994127],[2.452411,48.994344],[2.451916,48.994534]],[[2.454491,48.993042],[2.454441,48.992885],[2.454556,48.992749],[2.454772,48.992691],[2.455003,48.992736],[2.455133,48.992843],[2.455138,48.99299],[2.454999,48.993118],[2.454743,48.993155]],[[2.454907,48.992702],[2.455429,48.992248],[2.457665,48.989847],[2.45857,48.988839],[2.458829,48.988464],[2.459134,48.987822],[2.459572,48.986452],[2.459596,48.986109],[2.459547,48.985736],[2.459465,48.985596],[2.459365,48.985563]],[[2.459363,48.985294],[2.459522,48.985235],[2.459733,48.985241],[2.459853,48.985321],[2.45989,48.985442],[2.459805,48.985566],[2.459797,48.986128],[2.459713,48.986684],[2.459326,48.987856],[2.459107,48.988338],[2.458897,48.988693],[2.458494,48.989161],[2.455665,48.992208],[2.455131,48.99284]],[[2.459805,48.985566],[2.459465,48.985596]]]}},{"type":"Feature","properties":{"tsid":"TS09500638","name":"BD DE LA CRETE","debut":"debut route BD DE LA CRETE","fin":"fin de la route RPT DES COUDRAIES","categorie":"4","es":"30","cl_admin":null,"largeur":"de 3m à 5m","gestion":"Probable route communale ou intercommunale","com_conc":"Courdimanche","com_conid":"95183"},"geometry":{"type":"MultiLineString","coordinates":[[[2.005019,49.042236],[2.005117,49.042569],[2.004869,49.04228]],[[2.006031,49.044476],[2.005117,49.042569]]]}},{"type":"Feature","properties":{"tsid":"TS09501020","name":"N104","debut":"fin de la route N104","fin":"fin de la route D317","categorie":"2","es":"250","cl_admin":"Nationale","largeur":"10m","gestion":"DIR Île-de-France","com_conc":"Roissy-en-France,Louvres","com_conid":"95527,95351"},"geometry":{"type":"MultiLineString","coordinates":[[[2.521852,49.027994],[2.515827,49.027233],[2.514342,49.027097],[2.512659,49.027051],[2.511484,49.027088],[2.50939,49.02728],[2.50795,49.02752],[2.506774,49.027782],[2.496998,49.030272],[2.49525,49.030792],[2.493069,49.031642]]]}},{"type":"Feature","properties":{"tsid":"TS09501021","name":"N104","debut":"fin de la route N104","fin":"fin de la route D317","categorie":"2","es":"250","cl_admin":"Nationale","largeur":"10m","gestion":"DIR Île-de-France","com_conc":"Roissy-en-France,Louvres","com_conid":"95527,95351"},"geometry":{"type":"MultiLineString","coordinates":[[[2.493304,49.031393],[2.494815,49.030809],[2.497067,49.030124],[2.506602,49.027699],[2.503585,49.028372],[2.501749,49.028659],[2.500739,49.02888],[2.500265,49.028879]],[[2.506602,49.027699],[2.508215,49.027344],[2.509821,49.027108],[2.511249,49.026982],[2.512659,49.026936],[2.514029,49.026963],[2.515164,49.027042],[2.521455,49.027832]]]}},{"type":"Feature","properties":{"tsid":"TS09501132","name":"N104","debut":"Intersection A1,Route sans nom","fin":"fin de la route N104","categorie":"3","es":"100","cl_admin":"Nationale","largeur":"7m","gestion":"DIR Île-de-France","com_conc":"Épiais-lès-Louvres,Chennevières-lès-Louvres","com_conid":"95212,95154"},"geometry":{"type":"MultiLineString","coordinates":[[[2.542186,49.039232],[2.541978,49.038873],[2.540667,49.035252],[2.539875,49.033297],[2.539331,49.032193],[2.539079,49.031791],[2.538568,49.031306],[2.537023,49.03031]]]}},{"type":"Feature","properties":{"tsid":"TS09500318","name":"N104","debut":"debut route N104","fin":"fin de la route N104","categorie":"4","es":"30","cl_admin":"Nationale","largeur":"4m","gestion":"DIR Île-de-France","com_conc":"Fontenay-en-Parisis","com_conid":"95241"},"geometry":{"type":"MultiLineString","coordinates":[[[2.440142,49.047357],[2.440596,49.047661],[2.440945,49.04774],[2.44131,49.047687],[2.441496,49.047569],[2.44171,49.047347],[2.442025,49.046732],[2.441962,49.046462],[2.441817,49.046326],[2.441605,49.046229],[2.441018,49.046218],[2.4402,49.046369],[2.438523,49.046792],[2.437048,49.047271],[2.435535,49.047837]],[[2.440876,49.048232],[2.441018,49.047936],[2.441551,49.047604],[2.44171,49.047347]]]}},{"type":"Feature","properties":{"tsid":"TS09500591","name":"D970","debut":"limite commune Villiers-le-Bel (95680),Gonesse (95680)","fin":"fin de la route D970","categorie":"4","es":"30","cl_admin":"Départementale","largeur":"5m","gestion":"Conseil Départementale Val-d'Oise","com_conc":"Gonesse,Villiers-le-Bel","com_conid":"95277,95680"},"geometry":{"type":"MultiLineString","coordinates":[[[2.42365,49.008961],[2.424823,49.008213],[2.425727,49.007424],[2.426298,49.00677],[2.427871,49.004617],[2.428041,49.004238],[2.427986,49.004],[2.42825,49.004016],[2.428036,49.004442],[2.427871,49.004617]],[[2.427986,49.004],[2.427893,49.003928],[2.427873,49.003829],[2.428051,49.003602],[2.428121,49.002916],[2.428181,49.002759],[2.428408,49.002518],[2.429012,49.002221],[2.428335,49.002742],[2.428243,49.002995],[2.42824,49.003418],[2.428308,49.003713],[2.428155,49.003669],[2.428013,49.003692]],[[2.428308,49.003713],[2.428382,49.003768],[2.428404,49.003866],[2.428351,49.003964],[2.42825,49.004016]],[[2.429477,49.001936],[2.429921,49.001771],[2.429939,49.00164],[2.429012,49.002221]],[[2.430352,49.001503],[2.433447,48.999453],[2.434372,48.998914],[2.435645,48.997865],[2.43063,49.001231],[2.429939,49.00164],[2.430068,49.001637],[2.430352,49.001503],[2.429921,49.001771]],[[2.451581,48.994811],[2.450498,48.994962],[2.449652,48.994969],[2.445134,48.994293],[2.444098,48.994016],[2.44283,48.993329],[2.442541,48.993256],[2.435645,48.997865]],[[2.442541,48.993256],[2.442474,48.993179],[2.442494,48.993054],[2.442636,48.992973],[2.4428,48.992967],[2.44292,48.993009],[2.442984,48.993151],[2.442901,48.993263],[2.442751,48.993308]],[[2.442984,48.993151],[2.443217,48.993375],[2.443848,48.993758],[2.444542,48.994017],[2.445259,48.994181],[2.449435,48.994832],[2.450523,48.994833],[2.45122,48.994723],[2.451499,48.994633],[2.451515,48.99474]],[[2.451499,48.994633],[2.451619,48.994521],[2.45185,48.994514]]]}},{"type":"Feature","properties":{"tsid":"TS09501206","name":"D983","debut":"debut route D983","fin":"fin de la route D983","categorie":"3","es":"100","cl_admin":"Départementale","largeur":"5m","gestion":"Conseil Départementale Val-d'Oise","com_conc":"Arthies,Aincourt","com_conid":"95024,95008"},"geometry":{"type":"MultiLineString","coordinates":[[[1.794508,49.091035],[1.794778,49.091286],[1.794866,49.091499],[1.794944,49.091562],[1.795114,49.091603],[1.795307,49.09156],[1.795382,49.091426],[1.795303,49.091301],[1.794876,49.091198],[1.794508,49.091035],[1.793021,49.090125],[1.792008,49.089698],[1.790329,49.089194],[1.789487,49.088788],[1.789095,49.088431],[1.787957,49.087077],[1.78742,49.086544],[1.786904,49.086187],[1.785541,49.085513],[1.785099,49.085125],[1.784922,49.084807],[1.784862,49.084507],[1.784879,49.084253],[1.785152,49.083326],[1.785209,49.082935],[1.785221,49.082523],[1.785115,49.081987],[1.784739,49.081118],[1.782005,49.075625],[1.781838,49.07481],[1.781833,49.073356],[1.781728,49.072931],[1.781522,49.072443],[1.781223,49.071971],[1.780865,49.071567],[1.780091,49.070986],[1.779304,49.070606],[1.776945,49.069822],[1.776262,49.069409]],[[1.794839,49.091417],[1.794894,49.091309],[1.795059,49.091246]]]}},{"type":"Feature","properties":{"tsid":"TS09501175","name":"R DU DOCTEUR LERAY","debut":"fin de la route R PAUL VAILLANT COUTURIER","fin":"séparation de la route en R DE LA GRANDE CEINTURE,R JOSEPH BARA","categorie":"4","es":"30","cl_admin":null,"largeur":"5m","gestion":"Probable route communale ou intercommunale","com_conc":"Argenteuil","com_conid":"95018"},"geometry":{"type":"MultiLineString","coordinates":[[[2.255878,48.947807],[2.255643,48.948167],[2.255596,48.948441],[2.255708,48.948644],[2.255947,48.948849],[2.256361,48.94898]]]}},{"type":"Feature","properties":{"tsid":"TS09500629","name":"R DU DOCTEUR TOUATI","debut":"debut route R DU DOCTEUR TOUATI","fin":"fin de la route Route sans nom","categorie":"4","es":"30","cl_admin":null,"largeur":"5m","gestion":"Probable route communale ou intercommunale","com_conc":"Persan","com_conid":"95487"},"geometry":{"type":"MultiLineString","coordinates":[[[2.292605,49.151832],[2.292829,49.151875]]]}},{"type":"Feature","properties":{"tsid":"TS09500915","name":"D984","debut":"debut route D984","fin":"fin de la route D984","categorie":"4","es":"30","cl_admin":"Départementale","largeur":"de 3m à 5m","gestion":"Conseil Départementale Val-d'Oise","com_conc":"Éragny,Saint-Ouen-l'Aumône","com_conid":"95218,95572"},"geometry":{"type":"MultiLineString","coordinates":[[[2.097707,49.027107],[2.097854,49.027477],[2.097866,49.027187],[2.09795,49.027063],[2.097661,49.027101],[2.097445,49.026989]],[[2.098314,49.029437],[2.098236,49.029472],[2.098251,49.029544],[2.098383,49.02956],[2.098433,49.029497],[2.098314,49.029437],[2.097854,49.027477]],[[2.098077,49.026906],[2.09795,49.027063]],[[2.098358,49.029564],[2.099008,49.030857],[2.099092,49.031125],[2.099044,49.03118],[2.099168,49.03119],[2.099169,49.031146],[2.099092,49.031125]],[[2.099133,49.031212],[2.099951,49.032732],[2.100828,49.033883],[2.101038,49.034053],[2.101054,49.034124],[2.10099,49.034185],[2.100858,49.034201],[2.100738,49.034156],[2.100754,49.034024],[2.100927,49.033998]],[[2.101845,49.033901],[2.101841,49.033814],[2.101912,49.033759],[2.102093,49.03379],[2.102126,49.033856],[2.102062,49.033931],[2.101551,49.033901],[2.101198,49.033996],[2.101054,49.034095]],[[2.102062,49.033931],[2.102015,49.034146],[2.102097,49.034532],[2.102196,49.034806],[2.102392,49.035045],[2.102238,49.035056],[2.102186,49.035146],[2.102335,49.035227],[2.102734,49.036257],[2.102878,49.036494],[2.104275,49.038282],[2.104326,49.038738]],[[2.102392,49.035045],[2.102465,49.035099],[2.102466,49.035164],[2.102335,49.035227]]]}},{"type":"Feature","properties":{"tsid":"TS09500201","name":"R PIERRE SCHERINGA","debut":"fin de la route BD DU PORT","fin":"fin de la route R DE NEUVILLE","categorie":"4","es":"30","cl_admin":null,"largeur":"5m","gestion":"Probable route communale ou intercommunale","com_conc":"Cergy","com_conid":"95127"},"geometry":{"type":"MultiLineString","coordinates":[[[2.062861,49.031897],[2.062689,49.032121],[2.062034,49.032365],[2.061287,49.032516],[2.061022,49.032507]]]}},{"type":"Feature","properties":{"tsid":"TS09500155","name":"R DANIELLE CASANOVA","debut":"limite commune Argenteuil (95063),Bezons (95063)","fin":"limite commune Bezons (95063),Argenteuil (95063)","categorie":"4","es":"30","cl_admin":null,"largeur":"5m","gestion":"Probable route communale ou intercommunale","com_conc":"Argenteuil,Bezons","com_conid":"95018,95063"},"geometry":{"type":"MultiLineString","coordinates":[[[2.226257,48.929546],[2.225662,48.929208]]]}},{"type":"Feature","properties":{"tsid":"TS09500076","name":"R DE BEAUCHAMP","debut":"fin de la route D14","fin":"fin de la route D14","categorie":"3","es":"100","cl_admin":null,"largeur":"5m","gestion":"Probable route communale ou intercommunale","com_conc":"Montigny-lès-Cormeilles","com_conid":"95424"},"geometry":{"type":"MultiLineString","coordinates":[[[2.190579,48.996327],[2.190521,48.996278]]]}},{"type":"Feature","properties":{"tsid":"TS09501207","name":"D983","debut":"debut route D983","fin":"debut route D983","categorie":"3","es":"100","cl_admin":"Départementale","largeur":"5m","gestion":"Conseil Départementale Val-d'Oise","com_conc":"Charmont,Arthies,Magny-en-Vexin,Maudétour-en-Vexin","com_conid":"95141,95024,95355,95379"},"geometry":{"type":"MultiLineString","coordinates":[[[1.787465,49.144223],[1.787561,49.144452],[1.787651,49.144212],[1.787518,49.144238],[1.787403,49.14416],[1.787559,49.143812],[1.787654,49.144075],[1.787468,49.144061]],[[1.787559,49.143812],[1.787677,49.140294],[1.787722,49.139792],[1.787809,49.139502],[1.78805,49.139182],[1.788294,49.138994],[1.789751,49.138184],[1.790088,49.137952],[1.790479,49.13752],[1.790588,49.137292],[1.790613,49.137063],[1.790468,49.136511],[1.789167,49.134291],[1.789037,49.134011],[1.788968,49.133606],[1.791248,49.103797],[1.791362,49.103202],[1.791565,49.103293],[1.791293,49.103605]],[[1.787561,49.144452],[1.787584,49.144799],[1.787985,49.146525],[1.788019,49.146773],[1.787903,49.146825],[1.787933,49.146918]],[[1.787654,49.144075],[1.787697,49.144144],[1.787651,49.144212]],[[1.788019,49.146773],[1.788177,49.14682],[1.788173,49.146889],[1.788056,49.146953]],[[1.791362,49.103202],[1.791335,49.103063],[1.791412,49.102978],[1.791664,49.102921],[1.791825,49.102968],[1.791897,49.103086],[1.79186,49.103197],[1.791714,49.103288],[1.791565,49.103293]],[[1.791664,49.102921],[1.791895,49.102904],[1.792251,49.10279],[1.791967,49.102973],[1.791897,49.103086]],[[1.796364,49.099117],[1.796554,49.098917],[1.796711,49.098834],[1.796451,49.098784],[1.796364,49.099117],[1.795389,49.100674],[1.795127,49.101044],[1.794789,49.101392],[1.794206,49.101798],[1.792251,49.10279]],[[1.795522,49.091857],[1.796327,49.092726],[1.796753,49.093333],[1.797131,49.094132],[1.797334,49.094949],[1.79737,49.095393],[1.797328,49.096033],[1.79677,49.098231],[1.796753,49.098408],[1.796829,49.098574],[1.796671,49.098514],[1.796461,49.09856],[1.79639,49.09867],[1.796451,49.098784]],[[1.796829,49.098574],[1.796881,49.098718],[1.796711,49.098834]]]}},{"type":"Feature","properties":{"tsid":"TS09500412","name":"R DU DRAIN","debut":"Intersection CHE DES BOEUFS,R DU DRAIN","fin":"Intersection CHE DES BOEUFS,R DU DRAIN","categorie":"5","es":"10","cl_admin":null,"largeur":"5m","gestion":"Probable route communale ou intercommunale","com_conc":"Pierrelaye","com_conid":"95488"},"geometry":{"type":"MultiLineString","coordinates":[[[2.145671,49.024874],[2.145583,49.024838]]]}},{"type":"Feature","properties":{"tsid":"TS09501234","name":"R DU VAL","debut":"continue route R DU VAL sur 66 m","fin":"séparation de la route en BD OSCAR THEVENIN,R DU GENERAL DE GAULLE","categorie":"4","es":"30","cl_admin":null,"largeur":"5m","gestion":"Probable route communale ou intercommunale","com_conc":"Herblay-sur-Seine","com_conid":"95306"},"geometry":{"type":"MultiLineString","coordinates":[[[2.162258,48.988896],[2.163937,48.989797]]]}},{"type":"Feature","properties":{"tsid":"TS09501287","name":"R RAYMOND ARON","debut":"Intersection R MARIE-THERESE DE POIX,R RAYMOND ARON","fin":"fin de la route Route sans nom","categorie":"4","es":"30","cl_admin":null,"largeur":"5m","gestion":"Probable route communale ou intercommunale","com_conc":"Saint-Ouen-l'Aumône","com_conid":"95572"},"geometry":{"type":"MultiLineString","coordinates":[[[2.124412,49.033262],[2.123097,49.033371]]]}},{"type":"Feature","properties":{"tsid":"TS09501028","name":"A1","debut":"fin de la route A1","fin":"limite commune Mauregard (95212),Épiais-lès-Louvres (95212)","categorie":"3","es":"100","cl_admin":"Autoroute","largeur":"14m","gestion":"Opérateur privé : SANEF","com_conc":"Épiais-lès-Louvres,Mauregard","com_conid":"95212,77282"},"geometry":{"type":"MultiLineString","coordinates":[[[2.535346,49.023161],[2.535944,49.024338]]]}},{"type":"Feature","properties":{"tsid":"TS09500105","name":"D983","debut":"debut route D983","fin":"fin de la route D142","categorie":"4","es":"30","cl_admin":"Départementale","largeur":"de 3m à 5m","gestion":"Conseil Départementale Val-d'Oise","com_conc":"Aincourt","com_conid":"95008"},"geometry":{"type":"MultiLineString","coordinates":[[[1.775276,49.067444],[1.775726,49.067859],[1.775767,49.06807],[1.775958,49.068033],[1.775765,49.067799],[1.775192,49.06736],[1.774918,49.06696],[1.77172,49.059961],[1.771598,49.05949],[1.771579,49.059056],[1.771757,49.058053],[1.771687,49.057819],[1.771532,49.057624]],[[1.771808,49.057561],[1.771757,49.058053]],[[1.775755,49.068343],[1.775921,49.068381],[1.775801,49.068469],[1.775758,49.068767],[1.775717,49.068726],[1.775698,49.068553],[1.775755,49.068343],[1.775662,49.06819],[1.775767,49.06807]],[[1.776262,49.069409],[1.776016,49.069169],[1.775758,49.068767]],[[1.776189,49.068146],[1.776156,49.068309],[1.775921,49.068381]]]}},{"type":"Feature","properties":{"tsid":"TS09500106","name":"D983","debut":"fin de la route D983","fin":"debut route D983","categorie":"4","es":"30","cl_admin":"Départementale","largeur":"de 3m à 5m","gestion":"Conseil Départementale Val-d'Oise","com_conc":"Magny-en-Vexin","com_conid":"95355"},"geometry":{"type":"MultiLineString","coordinates":[[[1.788269,49.149088],[1.788386,49.148719],[1.788382,49.148293],[1.788217,49.148196],[1.788244,49.148127],[1.788342,49.148089],[1.788056,49.146953],[1.787933,49.146918]],[[1.788342,49.148089],[1.788503,49.148155],[1.788481,49.148242],[1.788379,49.148279]]]}},{"type":"Feature","properties":{"tsid":"TS09500573","name":"D984","debut":"séparation de la route en D984,Route sans nom","fin":"fin de la route D984","categorie":"3","es":"100","cl_admin":"Départementale","largeur":"5m","gestion":"Conseil Départementale Val-d'Oise","com_conc":"Saint-Ouen-l'Aumône","com_conid":"95572"},"geometry":{"type":"MultiLineString","coordinates":[[[2.104326,49.038738],[2.104508,49.039285],[2.10461,49.039906]]]}},{"type":"Feature","properties":{"tsid":"TS09500572","name":"D984","debut":"séparation de la route en BD CHARLES DE GAULLE,D984","fin":"fin de la route D984","categorie":"3","es":"100","cl_admin":"Départementale","largeur":"5m","gestion":"Conseil Départementale Val-d'Oise","com_conc":"Éragny","com_conid":"95218"},"geometry":{"type":"MultiLineString","coordinates":[[[2.097445,49.026989],[2.097425,49.026809],[2.097648,49.026671],[2.097945,49.026712],[2.098077,49.026906]]]}},{"type":"Feature","properties":{"tsid":"TS09501124","name":"N104","debut":"fin de la route N104","fin":"Intersection D10,Route sans nom","categorie":"3","es":"100","cl_admin":"Nationale","largeur":"7m","gestion":"DIR Île-de-France","com_conc":"Fontenay-en-Parisis","com_conid":"95241"},"geometry":{"type":"MultiLineString","coordinates":[[[2.461501,49.049493],[2.461071,49.050317],[2.460847,49.050905],[2.460758,49.051636],[2.460813,49.052154],[2.461026,49.052801],[2.461383,49.053381],[2.462379,49.054759],[2.462655,49.054955]],[[2.462446,49.055048],[2.462379,49.054759]]]}},{"type":"Feature","properties":{"tsid":"TS09500317","name":"N104","debut":"fin de la route N104","fin":"fin de la route D316","categorie":"4","es":"30","cl_admin":"Nationale","largeur":"4m","gestion":"DIR Île-de-France","com_conc":"Mareil-en-France","com_conid":"95365"},"geometry":{"type":"MultiLineString","coordinates":[[[2.409291,49.065109],[2.408334,49.065464],[2.407895,49.065769],[2.406739,49.067541],[2.40612,49.068675],[2.405996,49.069005],[2.405999,49.069231],[2.406529,49.070374]]]}},{"type":"Feature","properties":{"tsid":"TS09500316","name":"N104","debut":"continue route N104 sur 643 m","fin":"fin de la route N104","categorie":"4","es":"30","cl_admin":"Nationale","largeur":"4m","gestion":"DIR Île-de-France","com_conc":"Mareil-en-France","com_conid":"95365"},"geometry":{"type":"MultiLineString","coordinates":[[[2.406116,49.069868],[2.405566,49.069165],[2.405171,49.068883],[2.404761,49.06874],[2.403858,49.068527],[2.401664,49.067736],[2.40088,49.067386],[2.400449,49.067305],[2.400043,49.067304],[2.398791,49.067455]]]}},{"type":"Feature","properties":{"tsid":"TS09500320","name":"N104","debut":"fin de la route N104","fin":"fin de la route N104","categorie":"4","es":"30","cl_admin":"Nationale","largeur":"4m","gestion":"DIR Île-de-France","com_conc":"Épiais-lès-Louvres","com_conid":"95212"},"geometry":{"type":"MultiLineString","coordinates":[[[2.537023,49.03031],[2.536849,49.030193]]]}},{"type":"Feature","properties":{"tsid":"TS09500319","name":"N104","debut":"fin de la route N104","fin":"fin de la route N104","categorie":"4","es":"30","cl_admin":"Nationale","largeur":"4m","gestion":"DIR Île-de-France","com_conc":"Épiais-lès-Louvres","com_conid":"95212"},"geometry":{"type":"MultiLineString","coordinates":[[[2.536487,49.02634],[2.536571,49.026765],[2.536537,49.027036],[2.536383,49.027297],[2.536137,49.02753],[2.534488,49.028411],[2.533461,49.028734]]]}},{"type":"Feature","properties":{"tsid":"TS09501181","name":"N104","debut":"fin de la route D316","fin":"fin de la route N104","categorie":"5","es":"10","cl_admin":"Nationale","largeur":"4m","gestion":"DIR Île-de-France","com_conc":"Mareil-en-France","com_conid":"95365"},"geometry":{"type":"MultiLineString","coordinates":[[[2.403691,49.065684],[2.40315,49.064943],[2.402901,49.064758],[2.402676,49.064705],[2.402426,49.06471],[2.402031,49.064865],[2.401146,49.065958],[2.401022,49.066219],[2.401033,49.066426],[2.40117,49.066591],[2.401554,49.06673],[2.402576,49.066658]]]}},{"type":"Feature","properties":{"tsid":"TS09501227","name":"AV CHARLES DE GAULLE","debut":"debut route AV CHARLES DE GAULLE","fin":"fin de la route D902","categorie":"5","es":"10","cl_admin":null,"largeur":"3m","gestion":"Probable route communale ou intercommunale","com_conc":"Roissy-en-France","com_conid":"95527"},"geometry":{"type":"MultiLineString","coordinates":[[[2.514355,49.00043],[2.514614,49.000688],[2.514123,49.000545]],[[2.514614,49.000688],[2.516635,49.001844]]]}},{"type":"Feature","properties":{"tsid":"TS09501183","name":"N104","debut":"fin de la route D316","fin":"fin de la route N104","categorie":"5","es":"10","cl_admin":"Nationale","largeur":"4m","gestion":"DIR Île-de-France","com_conc":"Mareil-en-France","com_conid":"95365"},"geometry":{"type":"MultiLineString","coordinates":[[[2.404683,49.067189],[2.405173,49.067752],[2.405414,49.067885],[2.405644,49.067944],[2.405999,49.06794],[2.406251,49.067865],[2.406459,49.067731],[2.406666,49.067516],[2.407306,49.066496],[2.407334,49.066315],[2.407233,49.066125],[2.406953,49.065969],[2.40661,49.065925],[2.40562,49.066136],[2.405513,49.066125]]]}},{"type":"Feature","properties":{"tsid":"TS09500174","name":"BD DU MOULIN A VENT","debut":"fin de la route D14","fin":"fin de la route RPT DU CHENE","categorie":"4","es":"30","cl_admin":null,"largeur":"5m","gestion":"Probable route communale ou intercommunale","com_conc":"Cergy","com_conid":"95127"},"geometry":{"type":"MultiLineString","coordinates":[[[2.024278,49.05391],[2.024319,49.05362],[2.023392,49.049545],[2.022941,49.047635],[2.022799,49.047464]]]}},{"type":"Feature","properties":{"tsid":"TS09501182","name":"N104","debut":"fin de la route N104","fin":"fin de la route D316","categorie":"5","es":"10","cl_admin":"Nationale","largeur":"4m","gestion":"DIR Île-de-France","com_conc":"Mareil-en-France","com_conid":"95365"},"geometry":{"type":"MultiLineString","coordinates":[[[2.405461,49.065982],[2.406338,49.065642],[2.406542,49.065426],[2.40653,49.065158],[2.406218,49.064909],[2.404364,49.064175],[2.404058,49.064133],[2.40371,49.064182],[2.403503,49.064295],[2.403396,49.064454],[2.403379,49.064668],[2.403729,49.065534]]]}},{"type":"Feature","properties":{"tsid":"TS09500750","name":"R DE PARIS","debut":"Intersection R DE PARIS,Route sans nom","fin":"fin de la route D14","categorie":"2","es":"250","cl_admin":null,"largeur":"de 5m à 7m","gestion":"Probable route communale ou intercommunale","com_conc":"Pierrelaye,Saint-Ouen-l'Aumône","com_conid":"95488,95572"},"geometry":{"type":"MultiLineString","coordinates":[[[2.13538,49.027068],[2.135687,49.026891]]]}},{"type":"Feature","properties":{"tsid":"TS09500953","name":"N14","debut":"fin de la route N14","fin":"fin de la route D14","categorie":"1","es":"300","cl_admin":"Nationale","largeur":"de 4m à 10m","gestion":"DIR Île-de-France","com_conc":"Pontoise,Puiseux-Pontoise,Osny","com_conid":"95500,95510,95476"},"geometry":{"type":"MultiLineString","coordinates":[[[2.031231,49.060115],[2.031446,49.059858],[2.031694,49.059379],[2.032253,49.05892],[2.032899,49.058632],[2.033422,49.058473],[2.035239,49.058067],[2.02071,49.060438],[2.019453,49.060588],[2.018371,49.060636],[2.017208,49.060594],[2.016399,49.060509],[2.015344,49.060333],[2.01454,49.060139],[2.013405,49.05976],[2.010629,49.058538],[2.009805,49.058268],[2.0084,49.057963],[2.007262,49.057849],[2.005793,49.057842],[2.004721,49.057956],[2.003348,49.058249]],[[2.026741,49.059459],[2.028643,49.059252],[2.030303,49.059229],[2.030569,49.059286],[2.030885,49.059566]],[[2.046901,49.05659],[2.046844,49.056744],[2.046669,49.056874],[2.046475,49.056914],[2.046202,49.056866],[2.046045,49.056714],[2.046076,49.056522],[2.0462,49.056421],[2.04646,49.056343],[2.049538,49.055806],[2.051566,49.055364],[2.035239,49.058067]],[[2.047167,49.057476],[2.047059,49.057301],[2.046896,49.057174],[2.045147,49.056648],[2.044507,49.056661],[2.042062,49.05696]],[[2.049268,49.055857],[2.048043,49.056161],[2.047483,49.0564],[2.047268,49.056559],[2.047224,49.056642],[2.047213,49.05703]],[[2.07284,49.046895],[2.069376,49.049456],[2.067911,49.050402],[2.066037,49.051435],[2.063754,49.052459],[2.062465,49.05295],[2.060475,49.053607],[2.058384,49.054137],[2.05679,49.054468],[2.051566,49.055364]]]}},{"type":"Feature","properties":{"tsid":"TS09500952","name":"N14","debut":"limite commune Courdimanche (95510),Puiseux-Pontoise (95510)","fin":"fin de la route N14","categorie":"1","es":"300","cl_admin":"Nationale","largeur":"de 4m à 10m","gestion":"DIR Île-de-France","com_conc":"Puiseux-Pontoise,Courdimanche,Cergy,Osny","com_conid":"95510,95183,95127,95476"},"geometry":{"type":"MultiLineString","coordinates":[[[2.002401,49.058405],[2.00425,49.057945],[2.005555,49.057776],[2.006936,49.057749],[2.008131,49.057842],[2.009525,49.058107],[2.010591,49.058438],[2.01285,49.059431],[2.014382,49.059992],[2.013345,49.059489],[2.012482,49.058946],[2.012084,49.05873],[2.011942,49.058699]],[[2.012389,49.058578],[2.012387,49.058713],[2.012482,49.058946]],[[2.014382,49.059992],[2.015708,49.060314],[2.016821,49.060475],[2.017634,49.060535],[2.019012,49.060533],[2.02096,49.060313],[2.042799,49.056757],[2.044333,49.056424],[2.045054,49.056219],[2.046119,49.05575],[2.046491,49.055501],[2.046673,49.055291]],[[2.042799,49.056757],[2.049952,49.055559],[2.048116,49.055696],[2.047466,49.055696],[2.047256,49.055664],[2.046989,49.055531],[2.046874,49.055387],[2.04683,49.055173]],[[2.049952,49.055559],[2.056749,49.054389],[2.058311,49.054065],[2.060419,49.053525],[2.06322,49.052579],[2.064153,49.052207],[2.065971,49.051373],[2.067877,49.050317],[2.06932,49.049377],[2.072466,49.047047]]]}},{"type":"Feature","properties":{"tsid":"TS09500117","name":"N184","debut":"fin de la route A16","fin":"limite commune L'Isle-Adam (95504),Presles (95504)","categorie":"1","es":"300","cl_admin":"Nationale","largeur":"10m","gestion":"DIR Île-de-France","com_conc":"Presles,L'Isle-Adam","com_conid":"95504,95313"},"geometry":{"type":"MultiLineString","coordinates":[[[2.256369,49.109158],[2.257105,49.107599],[2.257534,49.107046],[2.258146,49.106443]]]}},{"type":"Feature","properties":{"tsid":"TS09500299","name":"AV D'ENGHIEN","debut":"limite département Seine-Saint-Denis (93),Val-d'Oise (95)","fin":"limite départementale","categorie":"4","es":"30","cl_admin":null,"largeur":"4m","gestion":"Probable route communale ou intercommunale","com_conc":"Épinay-sur-Seine,Enghien-les-Bains","com_conid":"93031,95210"},"geometry":{"type":"MultiLineString","coordinates":[[[2.305085,48.962222],[2.303315,48.963874],[2.301503,48.965267],[2.301154,48.965475],[2.300497,48.965733]]]}},{"type":"Feature","properties":{"tsid":"TS09500114","name":"N184","debut":"séparation de la route en A115,N184","fin":"séparation de la route en N104,N184","categorie":"1","es":"300","cl_admin":"Nationale","largeur":"10m","gestion":"DIR Île-de-France","com_conc":"Villiers-Adam,Mériel,Frépillon,Méry-sur-Oise","com_conid":"95678,95392,95256,95394"},"geometry":{"type":"MultiLineString","coordinates":[[[2.193913,49.051387],[2.195433,49.051816],[2.196945,49.052413],[2.198413,49.053124],[2.20109,49.054624],[2.202134,49.055158],[2.203983,49.05593],[2.207026,49.057015],[2.208307,49.057628],[2.209379,49.058267],[2.210465,49.059109],[2.210971,49.059595],[2.21148,49.06019],[2.212054,49.061037],[2.21321,49.063095],[2.213589,49.063684],[2.214129,49.064397],[2.214909,49.065292],[2.215914,49.066242],[2.216755,49.066929],[2.220955,49.070069],[2.222222,49.0709],[2.224103,49.071769],[2.225084,49.072119],[2.226104,49.07241],[2.228297,49.072845],[2.230055,49.072993]]]}},{"type":"Feature","properties":{"tsid":"TS09500334","name":"AV DES GROS CHEVAUX","debut":"fin de la route D922","fin":"debut route AV DES GROS CHEVAUX","categorie":"4","es":"30","cl_admin":null,"largeur":"de 3m à 5m","gestion":"Probable route communale ou intercommunale","com_conc":"Saint-Ouen-l'Aumône","com_conid":"95572"},"geometry":{"type":"MultiLineString","coordinates":[[[2.139943,49.05543],[2.140183,49.055168],[2.140185,49.055467]],[[2.140183,49.055168],[2.142029,49.051095],[2.142502,49.050179],[2.142465,49.050102],[2.142343,49.050147]]]}},{"type":"Feature","properties":{"tsid":"TS09500113","name":"N184","debut":"séparation de la route en A115,N184","fin":"fin de la route N184","categorie":"1","es":"300","cl_admin":"Nationale","largeur":"10m","gestion":"DIR Île-de-France","com_conc":"Éragny,Saint-Ouen-l'Aumône,Méry-sur-Oise","com_conid":"95218,95572,95394"},"geometry":{"type":"MultiLineString","coordinates":[[[2.184523,49.051473],[2.178263,49.052757],[2.17615,49.053068],[2.174311,49.053208],[2.173214,49.053239],[2.166577,49.053018],[2.160955,49.052621],[2.157345,49.052266],[2.152955,49.051724],[2.147505,49.05088],[2.135261,49.04871],[2.134284,49.048463],[2.133281,49.0481],[2.132075,49.047473],[2.13133,49.046944],[2.130537,49.046179],[2.129987,49.045385],[2.128188,49.041341],[2.12786,49.04085],[2.127387,49.040342],[2.126932,49.039956],[2.126413,49.039607],[2.1222,49.037324],[2.120608,49.036597],[2.118887,49.036021],[2.114817,49.03501],[2.112687,49.034361],[2.106086,49.031832],[2.105422,49.031472],[2.10466,49.030977],[2.103992,49.030334],[2.103583,49.029787],[2.103324,49.029295],[2.10312,49.028479],[2.103114,49.027821],[2.103161,49.027452],[2.103666,49.025261],[2.103692,49.024972],[2.103633,49.02448]]]}},{"type":"Feature","properties":{"tsid":"TS09500112","name":"N184","debut":"limite département Val-d'Oise (95),Yvelines (78)","fin":"Intersection N184,Route sans nom","categorie":"1","es":"300","cl_admin":"Nationale","largeur":"10m","gestion":"DIR Île-de-France","com_conc":"Conflans-Sainte-Honorine,Saint-Ouen-l'Aumône,Méry-sur-Oise,Éragny","com_conid":"78172,95572,95394,95218"},"geometry":{"type":"MultiLineString","coordinates":[[[2.089918,49.013312],[2.090253,49.014082],[2.090608,49.014654],[2.090939,49.015063],[2.091505,49.015559],[2.093121,49.016609],[2.101643,49.021704],[2.10262,49.022402],[2.103149,49.022976],[2.10359,49.023676],[2.103811,49.024449],[2.103835,49.024709],[2.103788,49.025399],[2.103242,49.027785],[2.103231,49.028082],[2.103302,49.028674],[2.10353,49.029396],[2.103792,49.029833],[2.104142,49.030283],[2.104787,49.030886],[2.105436,49.031247],[2.106089,49.031518],[2.10876,49.032162],[2.109852,49.032555],[2.110544,49.032926],[2.111715,49.033862],[2.112553,49.03421],[2.114879,49.034932],[2.118951,49.035946],[2.120652,49.036519],[2.122312,49.037281],[2.126327,49.039443],[2.127334,49.040149],[2.127819,49.040642],[2.128217,49.041167],[2.128613,49.041933],[2.130038,49.045225],[2.130587,49.046061],[2.131086,49.046598],[2.131731,49.047123],[2.132839,49.047795],[2.133706,49.048177],[2.135189,49.048617],[2.14817,49.050877],[2.152982,49.051611],[2.157371,49.052159],[2.160976,49.052514],[2.16658,49.052902],[2.172302,49.05312],[2.174133,49.053097],[2.176118,49.052947],[2.178751,49.052564],[2.182705,49.051748],[2.184127,49.05138],[2.185135,49.051024]]]}},{"type":"Feature","properties":{"tsid":"TS09500111","name":"N184","debut":"séparation de la route en BD CHARLES DE GAULLE,N184,Route sans nom","fin":"limite commune Éragny (95218),Conflans-Sainte-Honorine (95218)","categorie":"1","es":"300","cl_admin":"Nationale","largeur":"10m","gestion":"DIR Île-de-France","com_conc":"Conflans-Sainte-Honorine,Éragny","com_conid":"78172,95218"},"geometry":{"type":"MultiLineString","coordinates":[[[2.103595,49.024301],[2.103389,49.023681],[2.103022,49.023042],[2.102483,49.02247],[2.101796,49.021949],[2.092359,49.016313],[2.091344,49.015629],[2.090795,49.01513],[2.090352,49.014578],[2.090153,49.014245],[2.089749,49.013361]]]}},{"type":"Feature","properties":{"tsid":"TS09500108","name":"AV DE BEAUSEJOUR","debut":"limite commune Enghien-les-Bains (95598),Soisy-sous-Montmorency (95598)","fin":"limite commune Soisy-sous-Montmorency (95598),Enghien-les-Bains (95598)","categorie":"4","es":"30","cl_admin":null,"largeur":"5m","gestion":"Probable route communale ou intercommunale","com_conc":"Soisy-sous-Montmorency,Enghien-les-Bains","com_conid":"95598,95210"},"geometry":{"type":"MultiLineString","coordinates":[[[2.301055,48.976607],[2.300889,48.976348],[2.301006,48.976138]]]}},{"type":"Feature","properties":{"tsid":"TS09500080","name":"BD DU GOLF","debut":"fin de la route RPT DU MIROIR","fin":"fin de la route ALL DES GREENS","categorie":"4","es":"30","cl_admin":null,"largeur":"5m","gestion":"Probable route communale ou intercommunale","com_conc":"Courdimanche","com_conid":"95183"},"geometry":{"type":"MultiLineString","coordinates":[[[2.006577,49.044642],[2.009704,49.043912]]]}},{"type":"Feature","properties":{"tsid":"TS09500894","name":"AV DE LA POSTE","debut":"continue route AV DE LA POSTE sur 9 m","fin":"fin de la route Route sans nom","categorie":"4","es":"30","cl_admin":null,"largeur":"de 4m à 5m","gestion":"Probable route communale ou intercommunale","com_conc":"Cergy","com_conid":"95127"},"geometry":{"type":"MultiLineString","coordinates":[[[2.081559,49.035906],[2.081518,49.036055],[2.081566,49.036191],[2.082014,49.03647],[2.082152,49.036488],[2.082171,49.036591],[2.081968,49.036604],[2.081937,49.036533],[2.081319,49.036166]],[[2.081937,49.036533],[2.082014,49.03647]],[[2.084364,49.038018],[2.084548,49.038261],[2.084717,49.038246],[2.084744,49.03813],[2.084364,49.038018],[2.082135,49.036618]],[[2.085068,49.038735],[2.085105,49.038597],[2.085064,49.038509],[2.084669,49.038268]],[[2.084744,49.038211],[2.085153,49.038469],[2.085521,49.038494]]]}},{"type":"Feature","properties":{"tsid":"TS09500116","name":"N184","debut":"fin de la route N184","fin":"fin de la route N184","categorie":"1","es":"300","cl_admin":"Nationale","largeur":"10m","gestion":"DIR Île-de-France","com_conc":"Nerville-la-Forêt,Presles,Villiers-Adam","com_conid":"95445,95504,95678"},"geometry":{"type":"MultiLineString","coordinates":[[[2.245044,49.075443],[2.250262,49.078102],[2.251785,49.078994],[2.252594,49.07954],[2.253674,49.080395],[2.254379,49.081031],[2.25514,49.081823],[2.255954,49.082821],[2.25648,49.083619],[2.256997,49.084563],[2.257413,49.085567],[2.257702,49.08653],[2.257822,49.087126],[2.258041,49.089457],[2.258301,49.090828],[2.258834,49.09231],[2.259254,49.093151],[2.25957,49.093669],[2.260653,49.095137],[2.261946,49.096441],[2.262948,49.097248],[2.266655,49.100042],[2.267385,49.100688]]]}},{"type":"Feature","properties":{"tsid":"TS09501222","name":"BD DE LA COMMUNE DE PARIS","debut":null,"fin":"fin de la route R SALVADOR ALLENDE","categorie":"4","es":"30","cl_admin":null,"largeur":"5m","gestion":"Probable route communale ou intercommunale","com_conc":"Éragny","com_conid":"95218"},"geometry":{"type":"MultiLineString","coordinates":[[[2.100302,49.020891],[2.100916,49.020425],[2.102395,49.019429]]]}},{"type":"Feature","properties":{"tsid":"TS09500115","name":"N184","debut":"fin de la route N184","fin":"fin de la route N184","categorie":"1","es":"300","cl_admin":"Nationale","largeur":"10m","gestion":"DIR Île-de-France","com_conc":"Méry-sur-Oise,Nerville-la-Forêt,Frépillon,Presles,Villiers-Adam,Mériel","com_conid":"95394,95445,95256,95504,95678,95392"},"geometry":{"type":"MultiLineString","coordinates":[[[2.266843,49.101136],[2.266687,49.10057],[2.266331,49.100071],[2.265829,49.099633],[2.262858,49.097365],[2.261814,49.096504],[2.260512,49.095192],[2.259601,49.093987],[2.259101,49.093187],[2.258676,49.092341],[2.258199,49.091057],[2.25802,49.090314],[2.257885,49.08947],[2.257756,49.087826],[2.257587,49.086764],[2.257253,49.085591],[2.25684,49.084594],[2.256325,49.083655],[2.255804,49.082867],[2.254998,49.081878],[2.254246,49.081089],[2.253546,49.080454],[2.252074,49.079335],[2.250921,49.078607],[2.250159,49.078186],[2.244328,49.075216],[2.242608,49.07443],[2.241066,49.073911],[2.239308,49.0735],[2.237686,49.073289],[2.236845,49.07324],[2.230544,49.073169],[2.22822,49.072951],[2.226712,49.072678],[2.225616,49.072403],[2.224017,49.071868],[2.222734,49.071299],[2.221756,49.07077],[2.220747,49.070086],[2.216611,49.066993],[2.215284,49.065874],[2.214289,49.064837],[2.213438,49.063727],[2.21291,49.062895],[2.211842,49.061],[2.211162,49.060046],[2.210374,49.05922],[2.209121,49.058247],[2.208269,49.057741],[2.206934,49.057116],[2.203888,49.05604],[2.202186,49.05533],[2.201035,49.054766],[2.199154,49.053725],[2.19712,49.052761],[2.195119,49.052015],[2.19403,49.051727]]]}},{"type":"Feature","properties":{"tsid":"TS09500473","name":"N184","debut":"fin de la route N184","fin":"fin de la route N184","categorie":"2","es":"250","cl_admin":"Nationale","largeur":"10m","gestion":"DIR Île-de-France","com_conc":"Méry-sur-Oise","com_conid":"95394"},"geometry":{"type":"MultiLineString","coordinates":[[[2.19403,49.051727],[2.192365,49.051419],[2.191711,49.051338],[2.190416,49.051268],[2.187172,49.051223],[2.185927,49.0513],[2.184523,49.051473]]]}},{"type":"Feature","properties":{"tsid":"TS09500474","name":"N184","debut":"fin de la route N184","fin":"fin de la route N184","categorie":"2","es":"250","cl_admin":"Nationale","largeur":"10m","gestion":"DIR Île-de-France","com_conc":"Méry-sur-Oise","com_conid":"95394"},"geometry":{"type":"MultiLineString","coordinates":[[[2.185135,49.051024],[2.186486,49.050618],[2.187093,49.050512],[2.188159,49.050414],[2.189245,49.050425],[2.19007,49.050507],[2.190835,49.050647],[2.193913,49.051387]]]}},{"type":"Feature","properties":{"tsid":"TS09500475","name":"N184","debut":"fin de la route N184","fin":"fin de la route N184","categorie":"2","es":"250","cl_admin":"Nationale","largeur":"10m","gestion":"DIR Île-de-France","com_conc":"Villiers-Adam","com_conid":"95678"},"geometry":{"type":"MultiLineString","coordinates":[[[2.230055,49.072993],[2.235674,49.07296],[2.236439,49.072922],[2.238719,49.072616],[2.240032,49.072679],[2.241107,49.072965],[2.241787,49.073288],[2.243645,49.074642],[2.245044,49.075443]]]}},{"type":"Feature","properties":{"tsid":"TS09500476","name":"N184","debut":"limite commune Presles (95504),L'Isle-Adam (95504)","fin":"fin de la route N184","categorie":"2","es":"250","cl_admin":"Nationale","largeur":"10m","gestion":"DIR Île-de-France","com_conc":"L'Isle-Adam,Presles","com_conid":"95313,95504"},"geometry":{"type":"MultiLineString","coordinates":[[[2.258146,49.106443],[2.259518,49.105268],[2.260713,49.104556],[2.26175,49.104117],[2.264927,49.103161],[2.26576,49.102792],[2.266215,49.10246],[2.266524,49.102121],[2.266793,49.101564],[2.266843,49.101136]]]}},{"type":"Feature","properties":{"tsid":"TS09500717","name":"R SALVADOR ALLENDE","debut":"séparation de la route en AV TERRE,R D'ERMONT,R JEAN-BAPTISTE LEGENDRE","fin":"continue route R SALVADOR ALLENDE sur 38 m","categorie":"4","es":"30","cl_admin":null,"largeur":"5m","gestion":"Probable route communale ou intercommunale","com_conc":"Saint-Gratien","com_conid":"95555"},"geometry":{"type":"MultiLineString","coordinates":[[[2.28423,48.969811],[2.284768,48.969185],[2.285394,48.96908]]]}},{"type":"Feature","properties":{"tsid":"TS09501027","name":"A1","debut":"fin de la route A1","fin":"limite commune Mauregard (77282),Épiais-lès-Louvres (77282)","categorie":"3","es":"100","cl_admin":"Autoroute","largeur":"14m","gestion":"Opérateur privé : SANEF","com_conc":"Mauregard,Épiais-lès-Louvres","com_conid":"77282,95212"},"geometry":{"type":"MultiLineString","coordinates":[[[2.535686,49.024325],[2.535087,49.023148]]]}},{"type":"Feature","properties":{"tsid":"TS09500477","name":"N184","debut":"fin de la route N184","fin":"fin de la route A16","categorie":"2","es":"250","cl_admin":"Nationale","largeur":"10m","gestion":"DIR Île-de-France","com_conc":"L'Isle-Adam,Presles","com_conid":"95313,95504"},"geometry":{"type":"MultiLineString","coordinates":[[[2.267385,49.100688],[2.267761,49.101113],[2.268002,49.10151],[2.268125,49.101866],[2.268167,49.102224],[2.268102,49.102645],[2.267917,49.103042],[2.267584,49.103431],[2.267285,49.103684],[2.266919,49.10391],[2.266486,49.104103],[2.26581,49.1043],[2.264977,49.104408],[2.263033,49.104457],[2.262138,49.104617],[2.260915,49.105098],[2.259498,49.105847]]]}},{"type":"Feature","properties":{"tsid":"TS09500920","name":"N184","debut":"séparation de la route en BD CHARLES DE GAULLE,N184","fin":"séparation de la route en BD CHARLES DE GAULLE,N184,Route sans nom","categorie":"4","es":"30","cl_admin":"Nationale","largeur":"7m","gestion":"DIR Île-de-France","com_conc":"Éragny","com_conid":"95218"},"geometry":{"type":"MultiLineString","coordinates":[[[2.103633,49.02448],[2.103595,49.024301]]]}},{"type":"Feature","properties":{"tsid":"TS09500978","name":"ALL BEAUMARCHAIS","debut":"Intersection ALL BEAUMARCHAIS,AV PAUL VALERY","fin":"fin de la route BD EDOUARD BRANLY","categorie":"4","es":"30","cl_admin":null,"largeur":"4m","gestion":"Probable route communale ou intercommunale","com_conc":"Sarcelles","com_conid":"95585"},"geometry":{"type":"MultiLineString","coordinates":[[[2.379649,48.979415],[2.379471,48.97937]]]}},{"type":"Feature","properties":{"tsid":"TS09500298","name":"AV ALBERT CAMUS","debut":"Intersection AV ALBERT CAMUS,AV FERNAND CHATELAIN,LES 10 ARPENTS BRUNS","fin":"fin de la route R SALVADOR ALLENDE","categorie":"4","es":"30","cl_admin":null,"largeur":"5m","gestion":"Probable route communale ou intercommunale","com_conc":"Éragny","com_conid":"95218"},"geometry":{"type":"MultiLineString","coordinates":[[[2.107561,49.02027],[2.10522,49.021227],[2.105054,49.021251]]]}},{"type":"Feature","properties":{"tsid":"TS09500281","name":"AV ANATOLE FRANCE","debut":"Intersection AV ANATOLE FRANCE,Route sans nom","fin":"Intersection AV ANATOLE FRANCE,D125","categorie":"4","es":"30","cl_admin":null,"largeur":"5m","gestion":"Probable route communale ou intercommunale","com_conc":"Garges-lès-Gonesse","com_conid":"95268"},"geometry":{"type":"MultiLineString","coordinates":[[[2.388427,48.974489],[2.388546,48.974738],[2.388754,48.974958],[2.390513,48.976163],[2.390612,48.976206],[2.391491,48.976258],[2.391646,48.976315],[2.391978,48.976586]]]}},{"type":"Feature","properties":{"tsid":"TS09500925","name":"AV ANATOLE FRANCE","debut":"fin de la route R DE L'ISLE ADAM","fin":"fin de la route D78","categorie":"4","es":"30","cl_admin":null,"largeur":"5m","gestion":"Probable route communale ou intercommunale","com_conc":"Beaumont-sur-Oise","com_conid":"95052"},"geometry":{"type":"MultiLineString","coordinates":[[[2.278959,49.139662],[2.279055,49.139765],[2.279817,49.140216],[2.283993,49.141666]]]}},{"type":"Feature","properties":{"tsid":"TS09500478","name":"AV BEAUSEJOUR","debut":"limite commune Soisy-sous-Montmorency (95210),Enghien-les-Bains (95210)","fin":"limite commune Enghien-les-Bains (95210),Soisy-sous-Montmorency (95210)","categorie":"4","es":"30","cl_admin":null,"largeur":"5m","gestion":"Probable route communale ou intercommunale","com_conc":"Soisy-sous-Montmorency,Enghien-les-Bains","com_conid":"95598,95210"},"geometry":{"type":"MultiLineString","coordinates":[[[2.301006,48.976138],[2.301418,48.975402]]]}},{"type":"Feature","properties":{"tsid":"TS09501300","name":"AV BENONI CROSNIER","debut":"séparation de la route en R DE CHANTEPUITS,R JEAN LECLAIRE","fin":"fin de la route BD OSCAR THEVENIN","categorie":"4","es":"30","cl_admin":null,"largeur":"5m","gestion":"Probable route communale ou intercommunale","com_conc":"Herblay-sur-Seine","com_conid":"95306"},"geometry":{"type":"MultiLineString","coordinates":[[[2.162088,48.992206],[2.161464,48.99116]]]}},{"type":"Feature","properties":{"tsid":"TS09500526","name":"AV BERNARD HIRSCH","debut":"continue route AV BERNARD HIRSCH sur 32 m","fin":"Intersection AV BERNARD HIRSCH,BD DE L'HAUTIL","categorie":"4","es":"30","cl_admin":null,"largeur":"5m","gestion":"Probable route communale ou intercommunale","com_conc":"Cergy","com_conid":"95127"},"geometry":{"type":"MultiLineString","coordinates":[[[2.079302,49.034933],[2.079305,49.035011],[2.079417,49.035005],[2.079407,49.034932],[2.079302,49.034933],[2.078482,49.034384],[2.078343,49.034175],[2.078348,49.034023],[2.078897,49.033007]]]}},{"type":"Feature","properties":{"tsid":"TS09500263","name":"AV BOIELDIEU","debut":"séparation de la route en AV BALZAC,AV PIERRE LIZART","fin":"fin de la route D208","categorie":"5","es":"10","cl_admin":null,"largeur":"5m","gestion":"Probable route communale ou intercommunale","com_conc":"Arnouville","com_conid":"95019"},"geometry":{"type":"MultiLineString","coordinates":[[[2.403052,48.986528],[2.40302,48.986445],[2.401912,48.98537],[2.401884,48.985252]]]}},{"type":"Feature","properties":{"tsid":"TS09500898","name":"AV DE CEINTURE","debut":"fin de la route Route sans nom","fin":"limite commune Soisy-sous-Montmorency (95598),Enghien-les-Bains (95598)","categorie":"4","es":"30","cl_admin":null,"largeur":"5m","gestion":"Probable route communale ou intercommunale","com_conc":"Saint-Gratien,Soisy-sous-Montmorency,Enghien-les-Bains","com_conid":"95555,95598,95210"},"geometry":{"type":"MultiLineString","coordinates":[[[2.294208,48.973748],[2.294772,48.973953],[2.295687,48.97449],[2.295982,48.974593],[2.297862,48.975053],[2.298856,48.975206]]]}},{"type":"Feature","properties":{"tsid":"TS09500895","name":"AV DE LA POSTE","debut":"continue route AV DE LA POSTE sur 11 m","fin":"Intersection AV DE LA POSTE,R DE LA GARE","categorie":"4","es":"30","cl_admin":null,"largeur":"de 4m à 5m","gestion":"Probable route communale ou intercommunale","com_conc":"Cergy","com_conid":"95127"},"geometry":{"type":"MultiLineString","coordinates":[[[2.080214,49.035553],[2.080193,49.035504],[2.080243,49.035447],[2.080381,49.035471],[2.080344,49.035562],[2.080214,49.035553]]]}},{"type":"Feature","properties":{"tsid":"TS09500900","name":"AV DE CEINTURE","debut":"Intersection AV DE CEINTURE,Route sans nom","fin":"debut route AV DE CEINTURE","categorie":"4","es":"30","cl_admin":null,"largeur":"5m","gestion":"Probable route communale ou intercommunale","com_conc":"Enghien-les-Bains","com_conid":"95210"},"geometry":{"type":"MultiLineString","coordinates":[[[2.303484,48.97038],[2.303498,48.97045],[2.303424,48.97062],[2.303289,48.970658],[2.303223,48.970621],[2.303222,48.970568],[2.303441,48.970175],[2.303484,48.97038],[2.303348,48.970356]],[[2.303441,48.970175],[2.303737,48.969854],[2.304026,48.969629],[2.305069,48.969102]]]}},{"type":"Feature","properties":{"tsid":"TS09500899","name":"AV DE CEINTURE","debut":"limite commune Soisy-sous-Montmorency (95598),Enghien-les-Bains (95598)","fin":"limite commune Enghien-les-Bains (95598),Soisy-sous-Montmorency (95598)","categorie":"4","es":"30","cl_admin":null,"largeur":"5m","gestion":"Probable route communale ou intercommunale","com_conc":"Enghien-les-Bains,Soisy-sous-Montmorency","com_conid":"95210,95598"},"geometry":{"type":"MultiLineString","coordinates":[[[2.299028,48.975224],[2.301418,48.975402]]]}},{"type":"Feature","properties":{"tsid":"TS09501000","name":"AV DE L'EGUILLETTE","debut":"continue route AV DE L'EGUILLETTE sur 20 m","fin":"Intersection AV DE L'EGUILLETTE,R ALEXANDRE PRACHAY","categorie":"4","es":"30","cl_admin":null,"largeur":"5m","gestion":"Probable route communale ou intercommunale","com_conc":"Saint-Ouen-l'Aumône","com_conid":"95572"},"geometry":{"type":"MultiLineString","coordinates":[[[2.125285,49.047619],[2.125313,49.047509],[2.125441,49.04744],[2.125604,49.04745],[2.125727,49.047534],[2.12571,49.047654],[2.125572,49.047731],[2.125375,49.04772],[2.125285,49.047619]]]}},{"type":"Feature","properties":{"tsid":"TS09500748","name":"AV DE L'ILE DE FRANCE","debut":"Intersection AV DE L'ILE DE FRANCE,R DE TOURAINE","fin":"debut route AV DE L'ILE DE FRANCE","categorie":"4","es":"30","cl_admin":null,"largeur":"5m","gestion":"Probable route communale ou intercommunale","com_conc":"Pontoise","com_conid":"95500"},"geometry":{"type":"MultiLineString","coordinates":[[[2.091713,49.065904],[2.094043,49.064482],[2.094154,49.064454],[2.094072,49.064118],[2.093998,49.063044],[2.093901,49.062871]],[[2.094036,49.063522],[2.094143,49.063734],[2.094048,49.063768]],[[2.094143,49.063734],[2.094219,49.063764],[2.094227,49.06385],[2.094063,49.063858]]]}},{"type":"Feature","properties":{"tsid":"TS09501184","name":"AV DE LA DIVISION LECLERC","debut":"séparation de la route en D10,D125","fin":"fin de la route R PIERRE BROSSOLETTE","categorie":"3","es":"100","cl_admin":null,"largeur":"3m","gestion":"Probable route communale ou intercommunale","com_conc":"Sarcelles","com_conid":"95585"},"geometry":{"type":"MultiLineString","coordinates":[[[2.374235,48.990881],[2.37463,48.991589]]]}},{"type":"Feature","properties":{"tsid":"TS09500688","name":"AV DE LA GLACIERE","debut":"fin de la route R AUGUSTE DELAUNE","fin":"fin de la route D41","categorie":"4","es":"30","cl_admin":null,"largeur":"5m","gestion":"Probable route communale ou intercommunale","com_conc":"Argenteuil","com_conid":"95018"},"geometry":{"type":"MultiLineString","coordinates":[[[2.230903,48.935653],[2.229077,48.937376],[2.228042,48.938046]]]}},{"type":"Feature","properties":{"tsid":"TS09501156","name":"AV DE LA MAIRIE","debut":"continue route AV DE LA MAIRIE sur 30 m","fin":"fin de la route D140","categorie":"4","es":"30","cl_admin":null,"largeur":"de 3m à 5m","gestion":"Probable route communale ou intercommunale","com_conc":"Ermont","com_conid":"95219"},"geometry":{"type":"MultiLineString","coordinates":[[[2.256368,48.990028],[2.256602,48.990233],[2.256277,48.990095]],[[2.256602,48.990233],[2.258142,48.991451],[2.258473,48.99153]],[[2.25838,48.991655],[2.258142,48.991451]]]}},{"type":"Feature","properties":{"tsid":"TS09500676","name":"AV DE LA MARE","debut":"fin de la route R MARCEL DASSAULT","fin":"continue route AV DE LA MARE sur 245 m","categorie":"4","es":"30","cl_admin":null,"largeur":"5m","gestion":"Probable route communale ou intercommunale","com_conc":"Saint-Ouen-l'Aumône","com_conid":"95572"},"geometry":{"type":"MultiLineString","coordinates":[[[2.134128,49.041057],[2.137543,49.042561],[2.138793,49.043016],[2.138982,49.043136],[2.13901,49.043226],[2.139102,49.043292],[2.139304,49.043329],[2.139501,49.043257],[2.139562,49.043092],[2.139453,49.042976],[2.138882,49.042937],[2.136948,49.042212],[2.134282,49.040956]],[[2.138982,49.043136],[2.139121,49.042972]],[[2.144616,49.045091],[2.139758,49.04335],[2.139434,49.043297]],[[2.139562,49.043092],[2.13977,49.043262],[2.144668,49.045012]]]}},{"type":"Feature","properties":{"tsid":"TS09501079","name":"AV DE LA PLAINE DE FRANCE","debut":"limite département Seine-Saint-Denis (93),Val-d'Oise (95)","fin":"Intersection ALL DES ERABLES,AV DE LA PLAINE DE FRANCE","categorie":"5","es":"10","cl_admin":null,"largeur":"5m","gestion":"Probable route communale ou intercommunale","com_conc":"Gonesse,Tremblay-en-France","com_conid":"95277,93073"},"geometry":{"type":"MultiLineString","coordinates":[[[2.500574,48.975793],[2.500378,48.975834]]]}},{"type":"Feature","properties":{"tsid":"TS09500893","name":"AV DE LA POSTE","debut":"continue route AV DE LA POSTE sur 37 m","fin":"fin de la route AV BERNARD HIRSCH","categorie":"4","es":"30","cl_admin":null,"largeur":"de 4m à 5m","gestion":"Probable route communale ou intercommunale","com_conc":"Cergy","com_conid":"95127"},"geometry":{"type":"MultiLineString","coordinates":[[[2.0798,49.035215],[2.079417,49.035005]]]}},{"type":"Feature","properties":{"tsid":"TS09500972","name":"AV DES 3 FONTAINES","debut":"Intersection AV DES 3 FONTAINES,Route sans nom","fin":"continue route AV DES 3 FONTAINES sur 268 m","categorie":"4","es":"30","cl_admin":null,"largeur":"5m","gestion":"Probable route communale ou intercommunale","com_conc":"Cergy","com_conid":"95127"},"geometry":{"type":"MultiLineString","coordinates":[[[2.07873,49.03906],[2.080486,49.040102],[2.080697,49.040178],[2.080949,49.040188],[2.081882,49.03998],[2.08425,49.039151],[2.08395,49.03913],[2.083801,49.03905],[2.083756,49.03891],[2.083807,49.038746]],[[2.08425,49.039151],[2.086667,49.037879]]]}},{"type":"Feature","properties":{"tsid":"TS09500834","name":"AV DES ARPENTS","debut":"fin de la route R DES BEAUX SOLEILS","fin":"fin de la route D14","categorie":"4","es":"30","cl_admin":null,"largeur":"5m","gestion":"Probable route communale ou intercommunale","com_conc":"Osny","com_conid":"95476"},"geometry":{"type":"MultiLineString","coordinates":[[[2.069763,49.052613],[2.068985,49.05159],[2.068861,49.051484],[2.068737,49.051454]]]}},{"type":"Feature","properties":{"tsid":"TS09500835","name":"AV DES ARPENTS","debut":"fin de la route R DES BEAUX SOLEILS","fin":"fin de la route D14","categorie":"4","es":"30","cl_admin":null,"largeur":"5m","gestion":"Probable route communale ou intercommunale","com_conc":"Osny","com_conid":"95476"},"geometry":{"type":"MultiLineString","coordinates":[[[2.069851,49.052568],[2.069077,49.051486],[2.069104,49.05132]]]}},{"type":"Feature","properties":{"tsid":"TS09501299","name":"AV DES BELLEVUES","debut":"fin de la route AV DU GROS CHENE","fin":"continue route AV DES BELLEVUES sur 27 m","categorie":"4","es":"30","cl_admin":null,"largeur":"5m","gestion":"Probable route communale ou intercommunale","com_conc":"Éragny,Saint-Ouen-l'Aumône","com_conid":"95218,95572"},"geometry":{"type":"MultiLineString","coordinates":[[[2.11246,49.024525],[2.113886,49.025539]]]}},{"type":"Feature","properties":{"tsid":"TS09500726","name":"AV DES GROUETTES","debut":"continue route AV DES GROUETTES sur 151 m","fin":"Intersection AV DES GROUETTES,BD DE L'HAUTIL","categorie":"4","es":"30","cl_admin":null,"largeur":"4m","gestion":"Probable route communale ou intercommunale","com_conc":"Cergy","com_conid":"95127"},"geometry":{"type":"MultiLineString","coordinates":[[[2.067159,49.033461],[2.068491,49.032074],[2.070592,49.030564]]]}},{"type":"Feature","properties":{"tsid":"TS09500921","name":"AV DES BETHUNES","debut":"continue route AV DES BETHUNES sur 85 m","fin":"continue route AV DES BETHUNES sur 85 m","categorie":"4","es":"30","cl_admin":null,"largeur":"5m","gestion":"Probable route communale ou intercommunale","com_conc":"Saint-Ouen-l'Aumône","com_conid":"95572"},"geometry":{"type":"MultiLineString","coordinates":[[[2.135856,49.047799],[2.136377,49.047198],[2.136395,49.047154],[2.136314,49.04709],[2.135939,49.04758],[2.135856,49.047799],[2.135357,49.048485]],[[2.136314,49.04709],[2.138776,49.043718],[2.13898,49.043424],[2.13901,49.043226]],[[2.136368,49.047042],[2.136449,49.047046],[2.136493,49.0471],[2.136395,49.047154]],[[2.136493,49.0471],[2.136821,49.046624],[2.136649,49.046753],[2.136449,49.047046]],[[2.136821,49.046624],[2.139112,49.043467],[2.139304,49.043329]]]}},{"type":"Feature","properties":{"tsid":"TS09501278","name":"AV DES BRUZACQUES","debut":"continue route AV DES BRUZACQUES sur 22 m","fin":"continue route AV DES BRUZACQUES sur 27 m","categorie":"4","es":"30","cl_admin":null,"largeur":"5m","gestion":"Probable route communale ou intercommunale","com_conc":"Jouy-le-Moutier","com_conid":"95323"},"geometry":{"type":"MultiLineString","coordinates":[[[2.042208,49.014045],[2.042299,49.01401],[2.04359,49.011581],[2.043673,49.01157],[2.043727,49.0115],[2.04374,49.011376],[2.043641,49.01136],[2.043581,49.011406],[2.04353,49.011531],[2.04359,49.011581]],[[2.043705,49.011358],[2.043824,49.011084],[2.043831,49.010771]]]}},{"type":"Feature","properties":{"tsid":"TS09500532","name":"AV DES CHATAIGNIERS","debut":"limite commune Beauchamp (95607),Taverny (95607)","fin":"Intersection ALL BENOIT DUBOST,AV DES CHATAIGNIERS","categorie":"4","es":"30","cl_admin":null,"largeur":"5m","gestion":"Probable route communale ou intercommunale","com_conc":"Beauchamp,Taverny","com_conid":"95051,95607"},"geometry":{"type":"MultiLineString","coordinates":[[[2.189584,49.021843],[2.187099,49.027817]]]}},{"type":"Feature","properties":{"tsid":"TS09501271","name":"AV DES CHATAIGNIERS","debut":"limite commune Bessancourt (95060),Taverny (95060)","fin":"continue route AV DES CHATAIGNIERS sur 35 m","categorie":"4","es":"30","cl_admin":null,"largeur":"de 3m à 5m","gestion":"Probable route communale ou intercommunale","com_conc":"Bessancourt,Taverny","com_conid":"95060,95607"},"geometry":{"type":"MultiLineString","coordinates":[[[2.186632,49.028221],[2.186985,49.028124],[2.186803,49.028422]],[[2.187099,49.027817],[2.186985,49.028124]]]}},{"type":"Feature","properties":{"tsid":"TS09500081","name":"AV DES ECURIES DE CONTI","debut":"fin de la route Route sans nom","fin":"fin de la route R ABBE BREUIL","categorie":"5","es":"10","cl_admin":null,"largeur":"5m","gestion":"Probable route communale ou intercommunale","com_conc":"L'Isle-Adam","com_conid":"95313"},"geometry":{"type":"MultiLineString","coordinates":[[[2.213687,49.113682],[2.217374,49.11266]]]}},{"type":"Feature","properties":{"tsid":"TS09501208","name":"AV PIERRE LIZART","debut":"séparation de la route en AV CLAUDE MAILLAT,R AUGUSTE GARNIER","fin":"fin de la route AV BOIELDIEU","categorie":"5","es":"10","cl_admin":null,"largeur":"5m","gestion":"Probable route communale ou intercommunale","com_conc":"Arnouville","com_conid":"95019"},"geometry":{"type":"MultiLineString","coordinates":[[[2.407456,48.989093],[2.403383,48.986584],[2.403052,48.986528]]]}},{"type":"Feature","properties":{"tsid":"TS09500774","name":"AV ROGER GUICHARD","debut":"fin de la route D984","fin":"fin de la route D984","categorie":"4","es":"30","cl_admin":null,"largeur":"3m","gestion":"Probable route communale ou intercommunale","com_conc":"Éragny","com_conid":"95218"},"geometry":{"type":"MultiLineString","coordinates":[[[2.100739,49.034044],[2.100682,49.033678]]]}},{"type":"Feature","properties":{"tsid":"TS09500977","name":"AV DES LILAS","debut":"continue route AV DES LILAS sur 242 m","fin":"fin de la route RTE DE SEINE","categorie":"4","es":"30","cl_admin":null,"largeur":"5m","gestion":"Probable route communale ou intercommunale","com_conc":"La Frette-sur-Seine","com_conid":"95257"},"geometry":{"type":"MultiLineString","coordinates":[[[2.18164,48.961655],[2.181606,48.961955],[2.181639,48.962077],[2.181746,48.962298],[2.181757,48.961992],[2.1817,48.961757],[2.181394,48.960817],[2.180873,48.959541]],[[2.181746,48.962298],[2.181933,48.964176],[2.18197,48.965334],[2.181899,48.966385],[2.18172,48.96724]]]}},{"type":"Feature","properties":{"tsid":"TS09500018","name":"AV DES MARAIS","debut":"limite commune Le Plessis-Bouchard (95252),Franconville (95252)","fin":"continue route AV DES MARAIS sur 104 m","categorie":"4","es":"30","cl_admin":null,"largeur":"5m","gestion":"Probable route communale ou intercommunale","com_conc":"Le Plessis-Bouchard,Franconville","com_conid":"95491,95252"},"geometry":{"type":"MultiLineString","coordinates":[[[2.217758,49.002645],[2.217591,49.002402],[2.217583,49.002305],[2.21786,49.001921],[2.219142,48.999602],[2.219121,48.999159],[2.218863,48.998859],[2.21876,48.99865],[2.218727,48.998468],[2.21876,48.998256],[2.218832,48.998109],[2.220359,48.996195],[2.220513,48.996147],[2.220452,48.996061],[2.220312,48.996089],[2.220293,48.996141],[2.220359,48.996195]],[[2.222559,48.992343],[2.222382,48.992865],[2.221755,48.993764],[2.220452,48.996061]],[[2.222695,48.992396],[2.222508,48.992545]]]}},{"type":"Feature","properties":{"tsid":"TS09501165","name":"AV DES NOYERS","debut":"debut route AV DES NOYERS","fin":"continue route AV DES NOYERS sur 6 m","categorie":"4","es":"30","cl_admin":null,"largeur":"5m","gestion":"Probable route communale ou intercommunale","com_conc":"Soisy-sous-Montmorency","com_conid":"95598"},"geometry":{"type":"MultiLineString","coordinates":[[[2.294271,48.992558],[2.294397,48.992505],[2.294494,48.992578],[2.294472,48.992634],[2.294362,48.99266],[2.29427,48.992616],[2.294271,48.992558]]]}},{"type":"Feature","properties":{"tsid":"TS09501292","name":"AV DES RAIES","debut":"fin de la route AV DU NORD","fin":"Intersection AV DES RAIES,BD DE L'OISE","categorie":"4","es":"30","cl_admin":null,"largeur":"5m","gestion":"Probable route communale ou intercommunale","com_conc":"Cergy","com_conid":"95127"},"geometry":{"type":"MultiLineString","coordinates":[[[2.054013,49.04495],[2.054793,49.04554],[2.055112,49.045859],[2.05533,49.046252],[2.055564,49.047147]]]}},{"type":"Feature","properties":{"tsid":"TS09501066","name":"AV DU 8 MAI 1945","debut":"continue route AV DU 8 MAI 1945 sur 54 m","fin":"limite commune Montmagny (95585),Sarcelles (95585)","categorie":"4","es":"30","cl_admin":null,"largeur":"5m","gestion":"Probable route communale ou intercommunale","com_conc":"Sarcelles","com_conid":"95585"},"geometry":{"type":"MultiLineString","coordinates":[[[2.364273,48.978624],[2.364843,48.978602],[2.364468,48.978664],[2.364199,48.978807]],[[2.375808,48.976987],[2.368142,48.978196],[2.364843,48.978602]]]}},{"type":"Feature","properties":{"tsid":"TS09500582","name":"AV DU 8 MAI 1945","debut":"continue route AV DU 8 MAI 1945 sur 254 m","fin":"fin de la route D125","categorie":"4","es":"30","cl_admin":null,"largeur":"de 3m à 7m","gestion":"Probable route communale ou intercommunale","com_conc":"Garges-lès-Gonesse","com_conid":"95268"},"geometry":{"type":"MultiLineString","coordinates":[[[2.400091,48.973346],[2.401021,48.973826],[2.399934,48.973483]],[[2.401021,48.973826],[2.401689,48.974192],[2.402307,48.974385],[2.402943,48.974407],[2.404232,48.97415],[2.404904,48.974142],[2.407268,48.974555],[2.409106,48.974472],[2.409717,48.974599],[2.410127,48.974801]]]}},{"type":"Feature","properties":{"tsid":"TS09500421","name":"BD DE L'OISE","debut":"debut route BD DE L'OISE","fin":"Intersection BD DE L'OISE,D915","categorie":"3","es":"100","cl_admin":null,"largeur":"de 5m à 14m","gestion":"Probable route communale ou intercommunale","com_conc":"Cergy","com_conid":"95127"},"geometry":{"type":"MultiLineString","coordinates":[[[2.077137,49.039006],[2.077029,49.039014],[2.073605,49.041351],[2.0727,49.042124],[2.071924,49.04291]]]}},{"type":"Feature","properties":{"tsid":"TS09500338","name":"AV DU BOIS DE LA PIE","debut":"fin de la route Route sans nom","fin":"continue route AV DU BOIS DE LA PIE sur 16 m","categorie":"4","es":"30","cl_admin":null,"largeur":"5m","gestion":"Probable route communale ou intercommunale","com_conc":"Roissy-en-France,Tremblay-en-France","com_conid":"95527,93073"},"geometry":{"type":"MultiLineString","coordinates":[[[2.51597,48.991052],[2.515825,48.990464],[2.515848,48.990258],[2.516117,48.989513],[2.516035,48.98927],[2.516155,48.989167],[2.516289,48.989138],[2.51672,48.988178],[2.516835,48.987693],[2.516813,48.987266],[2.516645,48.986806],[2.516061,48.985974]],[[2.516126,48.989451],[2.516399,48.989479],[2.516545,48.98936],[2.516544,48.989264],[2.516462,48.989182],[2.516478,48.989081],[2.516898,48.988025],[2.516955,48.987557],[2.516906,48.987149],[2.516759,48.986775],[2.51655,48.986431],[2.516244,48.986058]],[[2.516332,48.989489],[2.515936,48.990365],[2.515979,48.99068],[2.516247,48.991004]]]}},{"type":"Feature","properties":{"tsid":"TS09500337","name":"AV DU BOIS DE LA PIE","debut":"limite commune Tremblay-en-France (95527),Roissy-en-France (95527)","fin":"limite commune Tremblay-en-France (93073),Roissy-en-France (93073)","categorie":"4","es":"30","cl_admin":null,"largeur":"5m","gestion":"Probable route communale ou intercommunale","com_conc":"Tremblay-en-France,Roissy-en-France","com_conid":"93073,95527"},"geometry":{"type":"MultiLineString","coordinates":[[[2.51172,48.981055],[2.512207,48.981275],[2.511928,48.981309],[2.511822,48.98128],[2.511493,48.981103],[2.511527,48.980962]],[[2.512207,48.981275],[2.512692,48.981559],[2.513038,48.981839],[2.514064,48.983183]]]}},{"type":"Feature","properties":{"tsid":"TS09500336","name":"AV DU BOIS DE LA PIE","debut":"continue route AV DU BOIS DE LA PIE sur 71 m","fin":"limite commune Roissy-en-France (95527),Tremblay-en-France (95527)","categorie":"4","es":"30","cl_admin":null,"largeur":"5m","gestion":"Probable route communale ou intercommunale","com_conc":"Roissy-en-France","com_conid":"95527"},"geometry":{"type":"MultiLineString","coordinates":[[[2.509821,48.980127],[2.510589,48.980517]]]}},{"type":"Feature","properties":{"tsid":"TS09500652","name":"AV DU CHATEAU","debut":"fin de la route R AUGUSTE DELAUNE","fin":"fin de la route R HENRI BARBUSSE","categorie":"5","es":"10","cl_admin":null,"largeur":"5m","gestion":"Probable route communale ou intercommunale","com_conc":"Argenteuil","com_conid":"95018"},"geometry":{"type":"MultiLineString","coordinates":[[[2.230616,48.935224],[2.232875,48.933165]]]}},{"type":"Feature","properties":{"tsid":"TS09500555","name":"AV DU CLOS RENAUD","debut":"fin de la route D109","fin":"fin de la route D109E","categorie":"4","es":"30","cl_admin":null,"largeur":"5m","gestion":"Probable route communale ou intercommunale","com_conc":"Soisy-sous-Montmorency","com_conid":"95598"},"geometry":{"type":"MultiLineString","coordinates":[[[2.296907,48.987707],[2.296454,48.990269]]]}},{"type":"Feature","properties":{"tsid":"TS09500608","name":"AV DU FIEF","debut":"continue route AV DU FIEF sur 70 m","fin":"fin de la route Route sans nom","categorie":"4","es":"30","cl_admin":null,"largeur":"4m","gestion":"Probable route communale ou intercommunale","com_conc":"Saint-Ouen-l'Aumône","com_conid":"95572"},"geometry":{"type":"MultiLineString","coordinates":[[[2.142733,49.049534],[2.142708,49.04977],[2.142633,49.049804],[2.142556,49.049756],[2.142733,49.049534],[2.144643,49.045385],[2.144642,49.045139]],[[2.144828,49.045178],[2.144643,49.045385]]]}},{"type":"Feature","properties":{"tsid":"TS09501166","name":"AV DU FOND DE VAUX","debut":"fin de la route D922","fin":"continue route AV DU FOND DE VAUX sur 319 m","categorie":"4","es":"30","cl_admin":null,"largeur":"5m","gestion":"Probable route communale ou intercommunale","com_conc":"Saint-Ouen-l'Aumône","com_conid":"95572"},"geometry":{"type":"MultiLineString","coordinates":[[[2.145942,49.056294],[2.146028,49.056228],[2.146123,49.056047],[2.146223,49.056338]],[[2.147304,49.048773],[2.14647,49.052562],[2.146123,49.056047]]]}},{"type":"Feature","properties":{"tsid":"TS09500481","name":"AV DU GENERAL DE GAULLE","debut":"fin de la route Route sans nom","fin":"séparation de la route en D109,D109P","categorie":"4","es":"30","cl_admin":null,"largeur":"5m","gestion":"Probable route communale ou intercommunale","com_conc":"Soisy-sous-Montmorency","com_conid":"95598"},"geometry":{"type":"MultiLineString","coordinates":[[[2.29936,48.984609],[2.300929,48.987687],[2.300949,48.987856]]]}},{"type":"Feature","properties":{"tsid":"TS09500480","name":"AV DU GENERAL DE GAULLE","debut":"debut route AV DU GENERAL DE GAULLE","fin":"fin de la route D928","categorie":"4","es":"30","cl_admin":null,"largeur":"5m","gestion":"Probable route communale ou intercommunale","com_conc":"Soisy-sous-Montmorency","com_conid":"95598"},"geometry":{"type":"MultiLineString","coordinates":[[[2.299254,48.984396],[2.298982,48.984287]]]}},{"type":"Feature","properties":{"tsid":"TS09500521","name":"AV DU GENERAL DE GAULLE","debut":"fin de la route D125","fin":"continue route AV DU GENERAL DE GAULLE sur 69 m","categorie":"4","es":"30","cl_admin":null,"largeur":"de 3m à 5m","gestion":"Probable route communale ou intercommunale","com_conc":"Saint-Brice-sous-Forêt,Groslay","com_conid":"95539,95288"},"geometry":{"type":"MultiLineString","coordinates":[[[2.358785,48.991975],[2.358939,48.991753],[2.35903,48.991934]],[[2.359442,48.990454],[2.358939,48.991753]]]}},{"type":"Feature","properties":{"tsid":"TS09500926","name":"AV DU GROS CHENE","debut":"Intersection AV DU GROS CHENE,AV FERNAND CHATELAIN","fin":"continue route AV DU GROS CHENE sur 12 m","categorie":"4","es":"30","cl_admin":null,"largeur":"5m","gestion":"Probable route communale ou intercommunale","com_conc":"Éragny","com_conid":"95218"},"geometry":{"type":"MultiLineString","coordinates":[[[2.11233,49.024428],[2.112441,49.024423],[2.112485,49.024494],[2.112342,49.024533],[2.112297,49.024495],[2.11233,49.024428]]]}},{"type":"Feature","properties":{"tsid":"TS09501116","name":"AV DU MARAIS","debut":"Intersection AV DU MARAIS,D311","fin":"fin de la route R HENRI BARBUSSE","categorie":"4","es":"30","cl_admin":null,"largeur":"5m","gestion":"Probable route communale ou intercommunale","com_conc":"Argenteuil","com_conid":"95018"},"geometry":{"type":"MultiLineString","coordinates":[[[2.235337,48.930925],[2.232875,48.933165]]]}},{"type":"Feature","properties":{"tsid":"TS09500753","name":"AV DU NORD","debut":"debut route AV DU NORD","fin":"Intersection AV DU NORD,R DES CHENES VERTS","categorie":"3","es":"100","cl_admin":null,"largeur":"de 4m à 5m","gestion":"Probable route communale ou intercommunale","com_conc":"Cergy","com_conid":"95127"},"geometry":{"type":"MultiLineString","coordinates":[[[2.068825,49.042083],[2.069148,49.040827],[2.069192,49.040834],[2.068987,49.041668],[2.068974,49.042071]],[[2.069148,49.040827],[2.069372,49.039995],[2.069192,49.040834]],[[2.069364,49.039721],[2.069411,49.039924],[2.069372,49.039995],[2.069322,49.039805]]]}},{"type":"Feature","properties":{"tsid":"TS09500262","name":"AV DU NORD","debut":"debut route AV DU NORD","fin":"Intersection AV DU NORD,AV DU PONCEAU","categorie":"4","es":"30","cl_admin":null,"largeur":"5m","gestion":"Probable route communale ou intercommunale","com_conc":"Cergy","com_conid":"95127"},"geometry":{"type":"MultiLineString","coordinates":[[[2.069322,49.039805],[2.069087,49.039533],[2.069364,49.039721]],[[2.069501,49.03577],[2.069122,49.036037],[2.068343,49.036936],[2.068191,49.03715],[2.068081,49.037463],[2.068106,49.038309],[2.068224,49.038808],[2.068517,49.039164],[2.069087,49.039533]]]}},{"type":"Feature","properties":{"tsid":"TS09500261","name":"AV DU NORD","debut":"continue route AV DU NORD sur 29 m","fin":"continue route AV DU NORD sur 15 m","categorie":"4","es":"30","cl_admin":null,"largeur":"5m","gestion":"Probable route communale ou intercommunale","com_conc":"Cergy","com_conid":"95127"},"geometry":{"type":"MultiLineString","coordinates":[[[2.053955,49.044763],[2.054057,49.04487],[2.053964,49.044973],[2.053774,49.044949],[2.053734,49.044898],[2.053763,49.044803],[2.054329,49.044689],[2.054057,49.04487]],[[2.054329,49.044689],[2.055165,49.044416],[2.05765,49.04379],[2.059568,49.043313],[2.060387,49.043166],[2.061163,49.043143],[2.061775,49.043191],[2.06327,49.043499],[2.064007,49.043585],[2.064613,49.043587],[2.065312,49.043515],[2.066439,49.04321],[2.068181,49.04238],[2.06859,49.042139],[2.068974,49.042071]],[[2.068899,49.042132],[2.068461,49.04222]]]}},{"type":"Feature","properties":{"tsid":"TS09500712","name":"R SERE DEPOIN","debut":"fin de la route R THIERS","fin":"fin de la route D14","categorie":"4","es":"30","cl_admin":null,"largeur":"5m","gestion":"Probable route communale ou intercommunale","com_conc":"Pontoise","com_conid":"95500"},"geometry":{"type":"MultiLineString","coordinates":[[[2.095783,49.047855],[2.098807,49.047088],[2.099618,49.046972]]]}},{"type":"Feature","properties":{"tsid":"TS09501001","name":"R DE L'ARRIVEE","debut":"Intersection R DE L'ARRIVEE,R DE LA LIBERATION","fin":null,"categorie":"4","es":"30","cl_admin":null,"largeur":"5m","gestion":"Probable route communale ou intercommunale","com_conc":"Enghien-les-Bains","com_conid":"95210"},"geometry":{"type":"MultiLineString","coordinates":[[[2.30657,48.972829],[2.306838,48.972709],[2.308413,48.971649]]]}},{"type":"Feature","properties":{"tsid":"TS09500663","name":"AV DU PARC","debut":"Intersection AV DU PARC,BD DE L'HAUTIL,Route sans nom","fin":"debut route AV DU PARC","categorie":"4","es":"30","cl_admin":null,"largeur":"5m","gestion":"Probable route communale ou intercommunale","com_conc":"Cergy","com_conid":"95127"},"geometry":{"type":"MultiLineString","coordinates":[[[2.074332,49.031885],[2.073884,49.032646],[2.073542,49.033005],[2.073281,49.033205],[2.0717,49.033982],[2.071224,49.034374],[2.070448,49.035176],[2.069602,49.035705]]]}},{"type":"Feature","properties":{"tsid":"TS09500364","name":"AV DU PARISIS","debut":"fin de la route Route sans nom","fin":"fin de la route Route sans nom","categorie":"2","es":"250","cl_admin":null,"largeur":"5m","gestion":"Probable route communale ou intercommunale","com_conc":"Arnouville,Garges-lès-Gonesse","com_conid":"95019,95268"},"geometry":{"type":"MultiLineString","coordinates":[[[2.396543,48.980612],[2.404827,48.980035],[2.407589,48.979957],[2.409135,48.979771],[2.410307,48.979532],[2.412047,48.979065],[2.417125,48.977497],[2.419664,48.976572],[2.42044,48.976335],[2.420812,48.976256],[2.42147,48.976217],[2.422082,48.976306],[2.422562,48.976495]]]}},{"type":"Feature","properties":{"tsid":"TS09500296","name":"AV DU PONCEAU","debut":"Intersection AV DU NORD,AV DU PONCEAU","fin":"Intersection AV DU PONCEAU,LES CHENES MAUVES,R DES HARSANS","categorie":"4","es":"30","cl_admin":null,"largeur":"5m","gestion":"Probable route communale ou intercommunale","com_conc":"Cergy","com_conid":"95127"},"geometry":{"type":"MultiLineString","coordinates":[[[2.069364,49.039721],[2.070852,49.039099]]]}},{"type":"Feature","properties":{"tsid":"TS09500297","name":"AV DU PONCEAU","debut":"continue route AV DU PONCEAU sur 74 m","fin":"fin de la route BD DU PORT","categorie":"4","es":"30","cl_admin":null,"largeur":"5m","gestion":"Probable route communale ou intercommunale","com_conc":"Cergy","com_conid":"95127"},"geometry":{"type":"MultiLineString","coordinates":[[[2.071255,49.038952],[2.071655,49.038763],[2.072026,49.038518],[2.072483,49.038134],[2.07293,49.037564]]]}},{"type":"Feature","properties":{"tsid":"TS09500023","name":"BD ARMAND HAYEM","debut":"limite commune Saint-Prix (95574),Montlignon (95574)","fin":"limite commune Saint-Prix (95574),Montlignon (95574)","categorie":"4","es":"30","cl_admin":null,"largeur":"5m","gestion":"Probable route communale ou intercommunale","com_conc":"Saint-Prix,Montlignon","com_conid":"95574,95426"},"geometry":{"type":"MultiLineString","coordinates":[[[2.28157,49.012841],[2.281646,49.014195],[2.281584,49.014469],[2.28115,49.015414],[2.281105,49.015727],[2.281121,49.016843]]]}},{"type":"Feature","properties":{"tsid":"TS09500400","name":"AV DU TEMPS PERDU","debut":"continue route AV DU TEMPS PERDU sur 19 m","fin":"fin de la route BD DE L'OISE","categorie":"4","es":"30","cl_admin":null,"largeur":"de 3m à 5m","gestion":"Probable route communale ou intercommunale","com_conc":"Jouy-le-Moutier","com_conid":"95323"},"geometry":{"type":"MultiLineString","coordinates":[[[2.031211,49.010899],[2.031637,49.011113],[2.031414,49.011093],[2.031124,49.010996]],[[2.034502,49.012243],[2.034531,49.012326],[2.034655,49.012388],[2.035355,49.012628],[2.035574,49.012615],[2.033096,49.011757],[2.031637,49.011113]],[[2.042208,49.014045],[2.038729,49.013606],[2.037343,49.01325],[2.035574,49.012615]]]}},{"type":"Feature","properties":{"tsid":"TS09500362","name":"R RAOUL DAUTRY","debut":"fin de la route R JEAN JAURES","fin":"fin de la route D909","categorie":"4","es":"30","cl_admin":null,"largeur":"5m","gestion":"Probable route communale ou intercommunale","com_conc":"Ermont","com_conid":"95219"},"geometry":{"type":"MultiLineString","coordinates":[[[2.260362,48.983726],[2.260666,48.983683],[2.263914,48.982472],[2.264897,48.98204],[2.266361,48.981493],[2.267315,48.981009],[2.268768,48.980401],[2.269096,48.980376],[2.270352,48.98056]]]}},{"type":"Feature","properties":{"tsid":"TS09500709","name":"AV DU VERT GALANT","debut":"fin de la route D922","fin":"debut route AV DU VERT GALANT","categorie":"4","es":"30","cl_admin":null,"largeur":"de 4m à 7m","gestion":"Probable route communale ou intercommunale","com_conc":"Saint-Ouen-l'Aumône","com_conid":"95572"},"geometry":{"type":"MultiLineString","coordinates":[[[2.129664,49.054463],[2.133798,49.050064],[2.133934,49.05012],[2.129958,49.054301],[2.129815,49.054523]],[[2.133798,49.050064],[2.134076,49.049782],[2.134295,49.049653],[2.133997,49.050054],[2.13388,49.049998]],[[2.133997,49.050054],[2.133934,49.05012]],[[2.134295,49.049653],[2.135092,49.048796]]]}},{"type":"Feature","properties":{"tsid":"TS09500609","name":"AV FERNAND BOMMELLE","debut":"Intersection AV FERNAND BOMMELLE,D14","fin":"fin de la route D14","categorie":"3","es":"100","cl_admin":null,"largeur":"5m","gestion":"Probable route communale ou intercommunale","com_conc":"Montigny-lès-Cormeilles","com_conid":"95424"},"geometry":{"type":"MultiLineString","coordinates":[[[2.190491,48.996379],[2.190431,48.996326]]]}},{"type":"Feature","properties":{"tsid":"TS09500371","name":"AV FRANCOIS MITTERRAND","debut":"Intersection AV FRANCOIS MITTERRAND,Route sans nom","fin":"limite commune Cergy (95500),Pontoise (95500)","categorie":"3","es":"100","cl_admin":null,"largeur":"5m","gestion":"Probable route communale ou intercommunale","com_conc":"Pontoise","com_conid":"95500"},"geometry":{"type":"MultiLineString","coordinates":[[[2.081482,49.041734],[2.081381,49.041671],[2.081221,49.041393],[2.081071,49.041287]]]}},{"type":"Feature","properties":{"tsid":"TS09500372","name":"AV FRANCOIS MITTERRAND","debut":"fin de la route BD DU PORT","fin":"continue route AV FRANCOIS MITTERRAND sur 79 m","categorie":"3","es":"100","cl_admin":null,"largeur":"5m","gestion":"Probable route communale ou intercommunale","com_conc":"Pontoise","com_conid":"95500"},"geometry":{"type":"MultiLineString","coordinates":[[[2.081514,49.041158],[2.081903,49.041439],[2.081968,49.041542],[2.081897,49.041691],[2.081673,49.041767]]]}},{"type":"Feature","properties":{"tsid":"TS09500927","name":"AV FRANCOIS MITTERRAND","debut":"debut route AV FRANCOIS MITTERRAND","fin":"continue route AV FRANCOIS MITTERRAND sur 15 m","categorie":"4","es":"30","cl_admin":null,"largeur":"de 3m à 4m","gestion":"Probable route communale ou intercommunale","com_conc":"Pontoise","com_conid":"95500"},"geometry":{"type":"MultiLineString","coordinates":[[[2.086337,49.045595],[2.086524,49.04541],[2.086469,49.045242],[2.082029,49.041913],[2.081841,49.041801],[2.081482,49.041734]],[[2.08195,49.041623],[2.086677,49.045174],[2.086984,49.045299],[2.087291,49.04531]],[[2.086677,49.045174],[2.086847,49.045441],[2.086469,49.045242]],[[2.087228,49.045414],[2.086847,49.045441],[2.086775,49.045554]]]}},{"type":"Feature","properties":{"tsid":"TS09500139","name":"AV FREDERIC JOLIOT-CURIE","debut":"Intersection AV DU 8 MAI 1945,AV FREDERIC JOLIOT-CURIE,R GEORGES BRASSENS","fin":"fin de la route BD DE LA MUETTE","categorie":"4","es":"30","cl_admin":null,"largeur":"7m","gestion":"Probable route communale ou intercommunale","com_conc":"Garges-lès-Gonesse","com_conid":"95268"},"geometry":{"type":"MultiLineString","coordinates":[[[2.410127,48.974801],[2.411171,48.975346],[2.413499,48.974027],[2.413901,48.973938],[2.414448,48.974009],[2.416181,48.974651]]]}},{"type":"Feature","properties":{"tsid":"TS09500601","name":"BD D'OSNY","debut":"continue route BD D'OSNY sur 85 m","fin":"limite commune Osny (95127),Cergy (95127)","categorie":"4","es":"30","cl_admin":null,"largeur":"5m","gestion":"Probable route communale ou intercommunale","com_conc":"Cergy","com_conid":"95127"},"geometry":{"type":"MultiLineString","coordinates":[[[2.04683,49.055173],[2.046785,49.055733],[2.046865,49.056108]]]}},{"type":"Feature","properties":{"tsid":"TS09501143","name":"AV FREDERIC JOLIOT-CURIE","debut":"continue route AV FREDERIC JOLIOT-CURIE sur 42 m","fin":"continue route AV FREDERIC JOLIOT-CURIE sur 44 m","categorie":"5","es":"10","cl_admin":null,"largeur":"de 3m à 5m","gestion":"Probable route communale ou intercommunale","com_conc":"Garges-lès-Gonesse","com_conid":"95268"},"geometry":{"type":"MultiLineString","coordinates":[[[2.406983,48.977236],[2.407341,48.977372],[2.407374,48.977479],[2.407196,48.977539],[2.406848,48.977389],[2.40685,48.977307],[2.406983,48.977236],[2.407194,48.976887],[2.407154,48.977282]],[[2.410127,48.974801],[2.410053,48.974947],[2.409916,48.975674],[2.409772,48.975837],[2.408905,48.976156],[2.407625,48.976523],[2.407349,48.976709],[2.407194,48.976887]]]}},{"type":"Feature","properties":{"tsid":"TS09501174","name":"AV GEORGES CLEMENCEAU","debut":"continue route AV GEORGES CLEMENCEAU sur 440 m","fin":"continue route AV GEORGES CLEMENCEAU sur 13 m","categorie":"4","es":"30","cl_admin":null,"largeur":"5m","gestion":"Probable route communale ou intercommunale","com_conc":"Viarmes","com_conid":"95652"},"geometry":{"type":"MultiLineString","coordinates":[[[2.365434,49.115504],[2.365552,49.115472],[2.365575,49.115397],[2.365517,49.115342],[2.365383,49.115337],[2.365305,49.115384],[2.365303,49.115447],[2.365434,49.115504],[2.366498,49.117442],[2.367167,49.118256],[2.367402,49.119209],[2.367958,49.120511],[2.367994,49.120996],[2.367583,49.123479],[2.367616,49.123685],[2.367749,49.123943],[2.368074,49.124297],[2.368212,49.124329],[2.368185,49.124432],[2.368071,49.124441],[2.368006,49.124392],[2.368014,49.124325],[2.368074,49.124297]]]}},{"type":"Feature","properties":{"tsid":"TS09500552","name":"AV JEAN JAURES","debut":"continue route AV JEAN JAURES sur 50 m","fin":"continue route AV JEAN JAURES sur 50 m","categorie":"3","es":"100","cl_admin":null,"largeur":"5m","gestion":"Probable route communale ou intercommunale","com_conc":"Argenteuil","com_conid":"95018"},"geometry":{"type":"MultiLineString","coordinates":[[[2.214327,48.941207],[2.214997,48.941135]]]}},{"type":"Feature","properties":{"tsid":"TS09500817","name":"AV JEAN JAURES","debut":"fin de la route R DU PERREUX","fin":"Intersection AV JEAN JAURES,D41","categorie":"4","es":"30","cl_admin":null,"largeur":"5m","gestion":"Probable route communale ou intercommunale","com_conc":"Argenteuil","com_conid":"95018"},"geometry":{"type":"MultiLineString","coordinates":[[[2.238184,48.940164],[2.232496,48.939716],[2.230128,48.939719],[2.228366,48.939835]]]}},{"type":"Feature","properties":{"tsid":"TS09500611","name":"AV JEAN JAURES","debut":"continue route AV JEAN JAURES sur 9 m","fin":"debut route AV JEAN JAURES","categorie":"4","es":"30","cl_admin":null,"largeur":"5m","gestion":"Probable route communale ou intercommunale","com_conc":"Éragny","com_conid":"95218"},"geometry":{"type":"MultiLineString","coordinates":[[[2.09856,49.016802],[2.09854,49.016764],[2.098586,49.016715],[2.09871,49.016748],[2.098672,49.016814],[2.09856,49.016802]]]}},{"type":"Feature","properties":{"tsid":"TS09500816","name":"AV JEAN JAURES","debut":"Intersection AV JEAN JAURES,R ALEXANDRE","fin":"fin de la route D41","categorie":"4","es":"30","cl_admin":null,"largeur":"5m","gestion":"Probable route communale ou intercommunale","com_conc":"Argenteuil","com_conid":"95018"},"geometry":{"type":"MultiLineString","coordinates":[[[2.214997,48.941135],[2.217628,48.940864],[2.224902,48.940384],[2.22654,48.940205],[2.22823,48.939842]]]}},{"type":"Feature","properties":{"tsid":"TS09500180","name":"AV JEAN JAURES","debut":"continue route AV JEAN JAURES sur 9 m","fin":"séparation de la route en N184,Route sans nom","categorie":"5","es":"10","cl_admin":null,"largeur":"5m","gestion":"Probable route communale ou intercommunale","com_conc":"Éragny","com_conid":"95218"},"geometry":{"type":"MultiLineString","coordinates":[[[2.09856,49.016802],[2.096111,49.018393]]]}},{"type":"Feature","properties":{"tsid":"TS09501185","name":"AV LOUIS HAYET","debut":"séparation de la route en R DE SAINT-GERMAIN","fin":"debut route AV LOUIS HAYET","categorie":"4","es":"30","cl_admin":null,"largeur":"de 3m à 5m","gestion":"Probable route communale ou intercommunale","com_conc":"Cormeilles-en-Parisis","com_conid":"95176"},"geometry":{"type":"MultiLineString","coordinates":[[[2.188965,48.959166],[2.18925,48.959174],[2.18903,48.959264]],[[2.18925,48.959174],[2.194021,48.958309],[2.19486,48.958194],[2.195915,48.958148],[2.197197,48.958304],[2.197031,48.958217],[2.195915,48.958148]],[[2.197031,48.958217],[2.199068,48.958563],[2.198215,48.958478],[2.197197,48.958304]],[[2.199068,48.958563],[2.202156,48.959122],[2.202902,48.959312],[2.203257,48.959303]],[[2.203214,48.959529],[2.2028,48.959286]]]}},{"type":"Feature","properties":{"tsid":"TS09500995","name":"R DU GENERAL DE GAULLE","debut":"continue route R DU GENERAL DE GAULLE sur 22 m","fin":"continue route R DU GENERAL DE GAULLE sur 108 m","categorie":"4","es":"30","cl_admin":null,"largeur":"5m","gestion":"Probable route communale ou intercommunale","com_conc":"Osny","com_conid":"95476"},"geometry":{"type":"MultiLineString","coordinates":[[[2.069676,49.060313],[2.069424,49.060208],[2.068434,49.059407],[2.067764,49.058588],[2.065078,49.055856],[2.064874,49.05584],[2.064859,49.055712],[2.065017,49.055671],[2.06514,49.055757],[2.065078,49.055856]],[[2.069509,49.060399],[2.069424,49.060208]]]}},{"type":"Feature","properties":{"tsid":"TS09500634","name":"AV MAURICE UTRILLO","debut":"continue route AV MAURICE UTRILLO sur 79 m","fin":"fin de la route R JEAN LURCAT","categorie":"4","es":"30","cl_admin":null,"largeur":"4m","gestion":"Probable route communale ou intercommunale","com_conc":"Argenteuil","com_conid":"95018"},"geometry":{"type":"MultiLineString","coordinates":[[[2.232008,48.948175],[2.232437,48.947525],[2.232312,48.947492],[2.231984,48.948226],[2.231019,48.949863]],[[2.232312,48.947492],[2.232306,48.947403],[2.232429,48.947265],[2.23331,48.945723]],[[2.232364,48.947368],[2.232467,48.947365],[2.232545,48.947427],[2.232528,48.947492],[2.232437,48.947525]],[[2.233496,48.945771],[2.232526,48.947398]]]}},{"type":"Feature","properties":{"tsid":"TS09500635","name":"AV MAURICE UTRILLO","debut":"Intersection AV MAURICE UTRILLO,D41","fin":"continue route AV MAURICE UTRILLO sur 18 m","categorie":"4","es":"30","cl_admin":null,"largeur":"4m","gestion":"Probable route communale ou intercommunale","com_conc":"Argenteuil","com_conid":"95018"},"geometry":{"type":"MultiLineString","coordinates":[[[2.233369,48.945625],[2.234207,48.944257],[2.234306,48.944186],[2.234303,48.944282],[2.233544,48.94568]],[[2.234507,48.93985],[2.234578,48.943731],[2.234306,48.944186]]]}},{"type":"Feature","properties":{"tsid":"TS09501194","name":"AV PAUL LANGEVIN","debut":"debut route AV PAUL LANGEVIN","fin":"fin de la route BD MARECHAL DE LATTRE DE TASSIGNY","categorie":"4","es":"30","cl_admin":null,"largeur":"de 5m à 9m","gestion":"Probable route communale ou intercommunale","com_conc":"Sarcelles","com_conid":"95585"},"geometry":{"type":"MultiLineString","coordinates":[[[2.381638,48.985307],[2.379174,48.982813],[2.378857,48.982241],[2.378481,48.981218]]]}},{"type":"Feature","properties":{"tsid":"TS09500138","name":"AV PAUL VAILLANT COUTURIER","debut":"continue route AV PAUL VAILLANT COUTURIER sur 145 m","fin":"debut route AV PAUL VAILLANT COUTURIER","categorie":"4","es":"30","cl_admin":null,"largeur":"5m","gestion":"Probable route communale ou intercommunale","com_conc":"Arnouville","com_conid":"95019"},"geometry":{"type":"MultiLineString","coordinates":[[[2.418778,48.983716],[2.418772,48.983788],[2.418665,48.983808],[2.4186,48.983758],[2.418644,48.983697],[2.418778,48.983716],[2.418911,48.983669],[2.420416,48.982977],[2.420503,48.983014],[2.420641,48.982994],[2.420705,48.982904],[2.420671,48.982827],[2.420444,48.98282],[2.420373,48.982902],[2.420416,48.982977]],[[2.420671,48.982827],[2.421741,48.982288],[2.421941,48.982112],[2.4226,48.981174],[2.423497,48.980488]]]}},{"type":"Feature","properties":{"tsid":"TS09500741","name":"AV PAUL VALERY","debut":"fin de la route D125","fin":"fin de la route ALL BEAUMARCHAIS","categorie":"4","es":"30","cl_admin":null,"largeur":"4m","gestion":"Probable route communale ou intercommunale","com_conc":"Sarcelles","com_conid":"95585"},"geometry":{"type":"MultiLineString","coordinates":[[[2.387476,48.978278],[2.386907,48.978292],[2.379649,48.979415]]]}},{"type":"Feature","properties":{"tsid":"TS09500740","name":"AV PAUL VALERY","debut":"fin de la route BD EDOUARD BRANLY","fin":"fin de la route D125","categorie":"4","es":"30","cl_admin":null,"largeur":"4m","gestion":"Probable route communale ou intercommunale","com_conc":"Sarcelles","com_conid":"95585"},"geometry":{"type":"MultiLineString","coordinates":[[[2.379636,48.979263],[2.380871,48.979109],[2.38718,48.97812],[2.387663,48.978175]]]}},{"type":"Feature","properties":{"tsid":"TS09500309","name":"R DE MAURECOURT","debut":"fin de la route Route sans nom","fin":null,"categorie":"4","es":"30","cl_admin":null,"largeur":"5m","gestion":"Probable route communale ou intercommunale","com_conc":"Maurecourt,Jouy-le-Moutier","com_conid":"78382,95323"},"geometry":{"type":"MultiLineString","coordinates":[[[2.056192,49.007683],[2.057133,49.006113],[2.057449,49.005748]]]}},{"type":"Feature","properties":{"tsid":"TS09500441","name":"R DE BEAUMONT","debut":"fin de la route Route sans nom","fin":"fin de la route R DU MOULIN","categorie":"3","es":"100","cl_admin":null,"largeur":"5m","gestion":"Probable route communale ou intercommunale","com_conc":"Mours","com_conid":"95436"},"geometry":{"type":"MultiLineString","coordinates":[[[2.270425,49.13523],[2.26983,49.134238],[2.269797,49.134051],[2.269902,49.133649]]]}},{"type":"Feature","properties":{"tsid":"TS09500011","name":"BD ARMAND HAYEM","debut":"debut route BD ARMAND HAYEM","fin":"limite commune Saint-Prix (95574),Montlignon (95574)","categorie":"4","es":"30","cl_admin":null,"largeur":"5m","gestion":"Probable route communale ou intercommunale","com_conc":"Saint-Prix,Montlignon","com_conid":"95574,95426"},"geometry":{"type":"MultiLineString","coordinates":[[[2.28167,49.004342],[2.281526,49.005174],[2.281643,49.005859],[2.281673,49.006404],[2.281569,49.006664],[2.281262,49.00712],[2.28113,49.007875],[2.28103,49.008111],[2.280552,49.008834],[2.280223,49.009612],[2.280251,49.00984],[2.280398,49.010106],[2.281324,49.011515]]]}},{"type":"Feature","properties":{"tsid":"TS09500666","name":"BD CHARLES DE GAULLE","debut":"fin de la route D984","fin":"debut route BD CHARLES DE GAULLE","categorie":"3","es":"100","cl_admin":null,"largeur":"de 3m à 14m","gestion":"Probable route communale ou intercommunale","com_conc":"Éragny","com_conid":"95218"},"geometry":{"type":"MultiLineString","coordinates":[[[2.097945,49.026712],[2.098716,49.026419],[2.098249,49.026714],[2.098077,49.026906]],[[2.098716,49.026419],[2.101383,49.025122],[2.102311,49.024784],[2.102898,49.024636]]]}},{"type":"Feature","properties":{"tsid":"TS09500665","name":"BD CHARLES DE GAULLE","debut":"limite commune Éragny (95218),Pontoise (95218)","fin":"fin de la route D984","categorie":"3","es":"100","cl_admin":null,"largeur":"de 3m à 14m","gestion":"Probable route communale ou intercommunale","com_conc":"Pontoise,Éragny","com_conid":"95500,95218"},"geometry":{"type":"MultiLineString","coordinates":[[[2.092809,49.029479],[2.09651,49.027538],[2.097445,49.026989]]]}},{"type":"Feature","properties":{"tsid":"TS09501102","name":"BD CHARLES DE GAULLE","debut":"fin de la route Route sans nom","fin":"fin de la route D909","categorie":"4","es":"30","cl_admin":null,"largeur":"5m","gestion":"Probable route communale ou intercommunale","com_conc":"Sannois","com_conid":"95582"},"geometry":{"type":"MultiLineString","coordinates":[[[2.263934,48.969434],[2.263203,48.969689]]]}},{"type":"Feature","properties":{"tsid":"TS09500363","name":"BD RHIN ET DANUBE","debut":"debut route BD RHIN ET DANUBE","fin":"fin de la route CHE VERT DES GRATTE BOEUFS","categorie":"4","es":"30","cl_admin":null,"largeur":"de 3m à 5m","gestion":"Probable route communale ou intercommunale","com_conc":"Franconville","com_conid":"95252"},"geometry":{"type":"MultiLineString","coordinates":[[[2.222564,48.992139],[2.222222,48.992258],[2.217295,48.993456]],[[2.222528,48.992305],[2.222222,48.992258]]]}},{"type":"Feature","properties":{"tsid":"TS09501224","name":"BD CHARLES DE GAULLE","debut":"continue route BD CHARLES DE GAULLE sur 61 m","fin":"continue route BD CHARLES DE GAULLE sur 53 m","categorie":"4","es":"30","cl_admin":null,"largeur":"de 4m à 14m","gestion":"Probable route communale ou intercommunale","com_conc":"Éragny","com_conid":"95218"},"geometry":{"type":"MultiLineString","coordinates":[[[2.102898,49.024636],[2.103145,49.024582],[2.103393,49.024602],[2.103553,49.024668],[2.103685,49.024834]],[[2.103145,49.024582],[2.105788,49.024111],[2.109202,49.023576],[2.110386,49.023297],[2.111847,49.022746],[2.112577,49.022363],[2.11356,49.021651],[2.114845,49.020498]]]}},{"type":"Feature","properties":{"tsid":"TS09500360","name":"R ETIENNE DOLET","debut":"séparation de la route en R ELIE ET CORENTIN QUIDEAU,Route sans nom","fin":"continue route R ETIENNE DOLET sur 84 m","categorie":"4","es":"30","cl_admin":null,"largeur":"de 3m à 5m","gestion":"Probable route communale ou intercommunale","com_conc":"Persan","com_conid":"95487"},"geometry":{"type":"MultiLineString","coordinates":[[[2.263064,49.14939],[2.266679,49.150883],[2.267177,49.150933],[2.267074,49.150997],[2.26707,49.151073],[2.266679,49.150883]],[[2.267177,49.150933],[2.267389,49.150964],[2.267579,49.151214],[2.267181,49.151162],[2.26707,49.151073]],[[2.26744,49.151066],[2.267343,49.151161]],[[2.267579,49.151214],[2.269675,49.152441]]]}},{"type":"Feature","properties":{"tsid":"TS09500822","name":"BD D'ECANCOURT","debut":"Intersection AV DES BRUZACQUES,BD D'ECANCOURT","fin":"continue route BD D'ECANCOURT sur 112 m","categorie":"3","es":"100","cl_admin":null,"largeur":"de 5m à 7m","gestion":"Probable route communale ou intercommunale","com_conc":"Jouy-le-Moutier","com_conid":"95323"},"geometry":{"type":"MultiLineString","coordinates":[[[2.04397,49.010472],[2.04408,49.010549],[2.044096,49.010648],[2.044853,49.010733],[2.047403,49.010865],[2.048498,49.011004],[2.050396,49.01113],[2.051009,49.011274],[2.052391,49.011738],[2.053737,49.011911]],[[2.053575,49.012126],[2.053519,49.01202],[2.053398,49.011945],[2.052187,49.01175],[2.050744,49.011268],[2.048498,49.011004]]]}},{"type":"Feature","properties":{"tsid":"TS09500776","name":"BD D'OSNY","debut":"fin de la route CHS JULES CESAR","fin":"limite commune Cergy (95476),Osny (95476)","categorie":"4","es":"30","cl_admin":null,"largeur":"de 3m à 7m","gestion":"Probable route communale ou intercommunale","com_conc":"Osny","com_conid":"95476"},"geometry":{"type":"MultiLineString","coordinates":[[[2.047249,49.057906],[2.047261,49.05776],[2.04692,49.056687],[2.046806,49.056154]]]}},{"type":"Feature","properties":{"tsid":"TS09500553","name":"CHE DE LA MARE EPINEUSE","debut":"limite commune Franconville (95424),Montigny-lès-Cormeilles (95424)","fin":"limite commune Franconville (95252),Montigny-lès-Cormeilles (95252)","categorie":"4","es":"30","cl_admin":null,"largeur":"5m","gestion":"Probable route communale ou intercommunale","com_conc":"Franconville,Montigny-lès-Cormeilles","com_conid":"95252,95424"},"geometry":{"type":"MultiLineString","coordinates":[[[2.204709,48.990011],[2.206114,48.991123],[2.206402,48.991425]]]}},{"type":"Feature","properties":{"tsid":"TS09500017","name":"BD D'ECANCOURT","debut":"continue route BD D'ECANCOURT sur 33 m","fin":"fin de la route BD DE L'OISE","categorie":"4","es":"30","cl_admin":null,"largeur":"5m","gestion":"Probable route communale ou intercommunale","com_conc":"Jouy-le-Moutier","com_conid":"95323"},"geometry":{"type":"MultiLineString","coordinates":[[[2.044096,49.010648],[2.044013,49.010746],[2.043831,49.010771],[2.043662,49.010712],[2.043609,49.010581],[2.043179,49.010522],[2.040364,49.010478],[2.039025,49.010277],[2.03756,49.009807],[2.036927,49.009508],[2.035509,49.008683],[2.03481,49.008382]],[[2.04397,49.010472],[2.043727,49.010475],[2.043609,49.010581]]]}},{"type":"Feature","properties":{"tsid":"TS09501279","name":"BD D'ERKRATH","debut":"debut route BD D'ERKRATH","fin":"fin de la route RPT DU JOUR","categorie":"3","es":"100","cl_admin":null,"largeur":"de 3m à 5m","gestion":"Probable route communale ou intercommunale","com_conc":"Cergy","com_conid":"95127"},"geometry":{"type":"MultiLineString","coordinates":[[[2.014102,49.053343],[2.014185,49.053711],[2.013889,49.053442]],[[2.016067,49.054955],[2.015854,49.054957],[2.015587,49.054884],[2.014185,49.053711]],[[2.015538,49.055011],[2.014994,49.05441]]]}},{"type":"Feature","properties":{"tsid":"TS09500306","name":"BD D'ERKRATH","debut":"Intersection BD D'ERKRATH,Route sans nom","fin":"limite commune Courdimanche (95127),Cergy (95127)","categorie":"4","es":"30","cl_admin":null,"largeur":"de 3m à 5m","gestion":"Probable route communale ou intercommunale","com_conc":"Cergy","com_conid":"95127"},"geometry":{"type":"MultiLineString","coordinates":[[[2.013614,49.052949],[2.013014,49.052842],[2.012641,49.052663],[2.009086,49.049826],[2.008844,49.04959],[2.008574,49.049186],[2.008347,49.048339]],[[2.013416,49.053078],[2.012956,49.052886],[2.012799,49.052764]]]}},{"type":"Feature","properties":{"tsid":"TS09500557","name":"BD D'ERKRATH","debut":"limite commune Courdimanche (95183),Cergy (95183)","fin":"limite commune Cergy (95183),Courdimanche (95183)","categorie":"4","es":"30","cl_admin":null,"largeur":"5m","gestion":"Probable route communale ou intercommunale","com_conc":"Cergy,Courdimanche","com_conid":"95127,95183"},"geometry":{"type":"MultiLineString","coordinates":[[[2.007893,49.047309],[2.00802,49.047511]]]}},{"type":"Feature","properties":{"tsid":"TS09500305","name":"BD D'ERKRATH","debut":"limite commune Cergy (95183),Courdimanche (95183)","fin":"limite commune Cergy (95183),Courdimanche (95183)","categorie":"4","es":"30","cl_admin":null,"largeur":"de 3m à 5m","gestion":"Probable route communale ou intercommunale","com_conc":"Cergy,Courdimanche","com_conid":"95127,95183"},"geometry":{"type":"MultiLineString","coordinates":[[[2.00802,49.047511],[2.008131,49.047692]]]}},{"type":"Feature","properties":{"tsid":"TS09500615","name":"PL DU SOUVENIR FRANCAIS","debut":"Intersection AV MARX DORMOY,PL DU SOUVENIR FRANCAIS","fin":"continue route PL DU SOUVENIR FRANCAIS sur 10 m","categorie":"4","es":"30","cl_admin":null,"largeur":"5m","gestion":"Probable route communale ou intercommunale","com_conc":"Sarcelles","com_conid":"95585"},"geometry":{"type":"MultiLineString","coordinates":[[[2.38033,48.999068],[2.380151,48.999062],[2.380093,48.999003],[2.379984,48.998644],[2.380056,48.998534],[2.380211,48.998554],[2.380274,48.998627],[2.380379,48.998987],[2.38033,48.999068]]]}},{"type":"Feature","properties":{"tsid":"TS09501173","name":"BD D'OSNY","debut":"continue route BD D'OSNY sur 77 m","fin":"fin de la route D14","categorie":"3","es":"100","cl_admin":null,"largeur":"de 3m à 5m","gestion":"Probable route communale ou intercommunale","com_conc":"Osny,Cergy","com_conid":"95476,95127"},"geometry":{"type":"MultiLineString","coordinates":[[[2.04683,49.055173],[2.04682,49.054203],[2.046535,49.054196],[2.046357,49.054022],[2.046392,49.05391],[2.046564,49.053761],[2.04658,49.05367],[2.046476,49.052488],[2.046345,49.052314]],[[2.046517,49.053828],[2.046676,49.053797],[2.046845,49.053827],[2.046764,49.053678],[2.046683,49.052451],[2.046737,49.052249]],[[2.046673,49.055291],[2.046608,49.054214]],[[2.046845,49.053827],[2.046979,49.053913],[2.047008,49.053984],[2.046952,49.054128],[2.04682,49.054203]]]}},{"type":"Feature","properties":{"tsid":"TS09500600","name":"BD D'OSNY","debut":"limite commune Cergy (95127),Osny (95127)","fin":"limite commune Osny (95127),Cergy (95127)","categorie":"4","es":"30","cl_admin":null,"largeur":"5m","gestion":"Probable route communale ou intercommunale","com_conc":"Osny","com_conid":"95476"},"geometry":{"type":"MultiLineString","coordinates":[[[2.046806,49.056154],[2.046729,49.055898],[2.046673,49.055291]]]}},{"type":"Feature","properties":{"tsid":"TS09500777","name":"BD D'OSNY","debut":"limite commune Osny (95476),Cergy (95476)","fin":"fin de la route CHS JULES CESAR","categorie":"4","es":"30","cl_admin":null,"largeur":"de 3m à 7m","gestion":"Probable route communale ou intercommunale","com_conc":"Cergy,Osny","com_conid":"95127,95476"},"geometry":{"type":"MultiLineString","coordinates":[[[2.046865,49.056108],[2.046982,49.056569],[2.047213,49.05703],[2.047352,49.05752],[2.04745,49.057695],[2.047618,49.05777]]]}},{"type":"Feature","properties":{"tsid":"TS09500982","name":"BD DE L'HAUTIL","debut":"continue route BD DE L'HAUTIL sur 15 m","fin":"séparation de la route en D203,R DU BRULOIR","categorie":"3","es":"100","cl_admin":null,"largeur":"7m","gestion":"Probable route communale ou intercommunale","com_conc":"Cergy","com_conid":"95127"},"geometry":{"type":"MultiLineString","coordinates":[[[2.069358,49.029808],[2.071404,49.030845],[2.072473,49.031275],[2.073775,49.031638],[2.079564,49.033065],[2.080631,49.033398],[2.081373,49.033727],[2.082054,49.03413],[2.08284,49.034759],[2.082727,49.034861],[2.081829,49.034126],[2.081137,49.033736],[2.080622,49.033512],[2.079174,49.033064],[2.074332,49.031885],[2.072407,49.031357],[2.071156,49.03084],[2.069172,49.029869]],[[2.08289,49.034969],[2.082793,49.034949],[2.082727,49.034861]]]}},{"type":"Feature","properties":{"tsid":"TS09500772","name":"BD DE L'HAUTIL","debut":"fin de la route D203B1","fin":"continue route BD DE L'HAUTIL sur 110 m","categorie":"4","es":"30","cl_admin":null,"largeur":"7m","gestion":"Probable route communale ou intercommunale","com_conc":"Neuville-sur-Oise,Cergy","com_conid":"95450,95127"},"geometry":{"type":"MultiLineString","coordinates":[[[2.058426,49.0233],[2.059188,49.023597],[2.059842,49.023969],[2.06029,49.024389],[2.060766,49.025195],[2.061043,49.025536],[2.061522,49.025877],[2.062255,49.026244]],[[2.062162,49.026311],[2.061368,49.025847],[2.061123,49.025611]]]}},{"type":"Feature","properties":{"tsid":"TS09500773","name":"BD DE L'HAUTIL","debut":"debut route BD DE L'HAUTIL","fin":"Intersection BD DE L'HAUTIL,BD DE L'OISE","categorie":"4","es":"30","cl_admin":null,"largeur":"7m","gestion":"Probable route communale ou intercommunale","com_conc":"Pontoise,Cergy","com_conid":"95500,95127"},"geometry":{"type":"MultiLineString","coordinates":[[[2.08284,49.034759],[2.083023,49.034798],[2.083166,49.034993],[2.084655,49.036182],[2.084454,49.03617],[2.08289,49.034969],[2.083024,49.034926],[2.083055,49.034861]],[[2.087565,49.038464],[2.084655,49.036182],[2.084658,49.036259],[2.084837,49.036465],[2.084454,49.03617]],[[2.085814,49.037069],[2.085899,49.03727],[2.084837,49.036465]],[[2.087382,49.038448],[2.085899,49.03727]]]}},{"type":"Feature","properties":{"tsid":"TS09500356","name":"PL GEORGES CLEMENCEAU","debut":"fin de la route Route sans nom","fin":"séparation de la route en D4,D64","categorie":"4","es":"30","cl_admin":null,"largeur":"5m","gestion":"Probable route communale ou intercommunale","com_conc":"Parmain","com_conid":"95480"},"geometry":{"type":"MultiLineString","coordinates":[[[2.208869,49.112928],[2.209088,49.113124],[2.209217,49.113321],[2.209367,49.113861]]]}},{"type":"Feature","properties":{"tsid":"TS09501295","name":"R FONTAINE SAINT-GERMAIN","debut":"fin de la route D109","fin":"fin de la route D928","categorie":"4","es":"30","cl_admin":null,"largeur":"5m","gestion":"Probable route communale ou intercommunale","com_conc":"Soisy-sous-Montmorency","com_conid":"95598"},"geometry":{"type":"MultiLineString","coordinates":[[[2.296969,48.987551],[2.296965,48.987341],[2.296506,48.986475]]]}},{"type":"Feature","properties":{"tsid":"TS09500794","name":"BD DE L'HAUTIL","debut":"fin de la route D48E","fin":"fin de la route RPT DES ETANGS","categorie":"4","es":"30","cl_admin":null,"largeur":"7m","gestion":"Probable route communale ou intercommunale","com_conc":"Neuville-sur-Oise","com_conid":"95450"},"geometry":{"type":"MultiLineString","coordinates":[[[2.057623,49.014441],[2.057596,49.014637],[2.057473,49.014808],[2.056377,49.015399],[2.05524,49.016386],[2.053018,49.017845],[2.052634,49.018153],[2.052374,49.018441],[2.052247,49.018686],[2.052163,49.019056],[2.052269,49.020464],[2.052352,49.020838],[2.052647,49.021318]]]}},{"type":"Feature","properties":{"tsid":"TS09500419","name":"BD DE L'OISE","debut":"limite commune Courdimanche (95127),Cergy (95127)","fin":"limite commune Vauréal (95127),Cergy (95127),Courdimanche (95127)","categorie":"3","es":"100","cl_admin":null,"largeur":"de 5m à 14m","gestion":"Probable route communale ou intercommunale","com_conc":"Vauréal,Courdimanche,Cergy","com_conid":"95637,95183,95127"},"geometry":{"type":"MultiLineString","coordinates":[[[2.015998,49.039924],[2.016039,49.039646],[2.016171,49.039915]],[[2.016039,49.039646],[2.015946,49.039273],[2.0159,49.038816],[2.015927,49.038261],[2.015989,49.037967],[2.01626,49.037294],[2.016484,49.036929],[2.016985,49.036319]]]}},{"type":"Feature","properties":{"tsid":"TS09500423","name":"BD DE L'OISE","debut":"continue route BD DE L'OISE sur 20 m","fin":"debut route BD DE L'OISE","categorie":"3","es":"100","cl_admin":null,"largeur":"de 5m à 14m","gestion":"Probable route communale ou intercommunale","com_conc":"Cergy","com_conid":"95127"},"geometry":{"type":"MultiLineString","coordinates":[[[2.078535,49.037943],[2.077216,49.038886]]]}},{"type":"Feature","properties":{"tsid":"TS09500353","name":"BD DE L'OISE","debut":"continue route BD DE L'OISE sur 207 m","fin":"limite commune Jouy-le-Moutier (95637),Vauréal (95637)","categorie":"3","es":"100","cl_admin":null,"largeur":"de 3m à 5m","gestion":"Probable route communale ou intercommunale","com_conc":"Vauréal,Jouy-le-Moutier","com_conid":"95637,95323"},"geometry":{"type":"MultiLineString","coordinates":[[[2.022188,49.024103],[2.022299,49.024091],[2.022353,49.024665],[2.022338,49.024755],[2.022243,49.024604],[2.022188,49.024103],[2.022092,49.02408],[2.022052,49.024009],[2.022142,49.023899],[2.022235,49.02345],[2.022374,49.023202],[2.022391,49.022781],[2.022245,49.021924],[2.021915,49.021039]],[[2.022142,49.023899],[2.022342,49.023946],[2.022375,49.024019],[2.022299,49.024091]],[[2.022132,49.029775],[2.022287,49.029696],[2.022435,49.02952],[2.022862,49.028558],[2.023016,49.027922],[2.023036,49.02752],[2.022938,49.02678],[2.022516,49.025566],[2.022338,49.024755]],[[2.022374,49.023202],[2.022349,49.023509],[2.022257,49.023784],[2.022278,49.023906]],[[2.022435,49.02952],[2.022418,49.029711],[2.022456,49.029806]]]}},{"type":"Feature","properties":{"tsid":"TS09500425","name":"BD DE L'OISE","debut":"debut route BD DE L'OISE","fin":"continue route BD DE L'OISE sur 39 m","categorie":"3","es":"100","cl_admin":null,"largeur":"de 5m à 14m","gestion":"Probable route communale ou intercommunale","com_conc":"Cergy","com_conid":"95127"},"geometry":{"type":"MultiLineString","coordinates":[[[2.08289,49.034969],[2.081229,49.036179]]]}},{"type":"Feature","properties":{"tsid":"TS09500176","name":"BD DE L'OISE","debut":"continue route BD DE L'OISE sur 31 m","fin":"debut route BD DE L'OISE","categorie":"3","es":"100","cl_admin":null,"largeur":"5m","gestion":"Probable route communale ou intercommunale","com_conc":"Éragny,Pontoise","com_conid":"95218,95500"},"geometry":{"type":"MultiLineString","coordinates":[[[2.08643,49.032627],[2.088687,49.031445],[2.089646,49.0311],[2.086557,49.032716]],[[2.089646,49.0311],[2.092809,49.029479]]]}},{"type":"Feature","properties":{"tsid":"TS09500422","name":"BD DE L'OISE","debut":"séparation de la route en BD DU PORT","fin":"continue route BD DE L'OISE sur 24 m","categorie":"3","es":"100","cl_admin":null,"largeur":"de 5m à 14m","gestion":"Probable route communale ou intercommunale","com_conc":"Cergy","com_conid":"95127"},"geometry":{"type":"MultiLineString","coordinates":[[[2.077085,49.038808],[2.078436,49.037869],[2.078889,49.037641]]]}},{"type":"Feature","properties":{"tsid":"TS09500352","name":"BD DE L'OISE","debut":"continue route BD DE L'OISE sur 52 m","fin":"continue route BD DE L'OISE sur 12 m","categorie":"3","es":"100","cl_admin":null,"largeur":"de 3m à 5m","gestion":"Probable route communale ou intercommunale","com_conc":"Vauréal","com_conid":"95637"},"geometry":{"type":"MultiLineString","coordinates":[[[2.016985,49.036319],[2.017385,49.035937],[2.017519,49.035929],[2.017575,49.035877],[2.017569,49.035816],[2.017498,49.03577],[2.017319,49.035809],[2.017311,49.035887],[2.017385,49.035937]],[[2.017541,49.035788],[2.019991,49.033388],[2.0201,49.033406],[2.020299,49.033352],[2.020741,49.03293],[2.020726,49.032798],[2.020643,49.032736],[2.020419,49.032717],[2.019927,49.03316],[2.019896,49.033271],[2.019991,49.033388]],[[2.020508,49.032709],[2.020837,49.032521],[2.020726,49.032798]],[[2.021993,49.030114],[2.022031,49.030309],[2.021547,49.031439],[2.021308,49.031882],[2.020837,49.032521]],[[2.022268,49.030176],[2.022031,49.030309]]]}},{"type":"Feature","properties":{"tsid":"TS09501158","name":"RTE DE L'ARPENTEUR","debut":"fin de la route RTE PERIPHERIQUE NORD","fin":"continue route RTE DE L'ARPENTEUR sur 47 m","categorie":"3","es":"100","cl_admin":null,"largeur":"7m","gestion":"Probable route communale ou intercommunale","com_conc":"Épiais-lès-Louvres","com_conid":"95212"},"geometry":{"type":"MultiLineString","coordinates":[[[2.533711,49.02758],[2.533884,49.027694],[2.534189,49.027786],[2.533549,49.027768]]]}},{"type":"Feature","properties":{"tsid":"TS09500640","name":"R THIBIVILLIERS","debut":"séparation de la route en D191,R JEAN NICOLAS LEVEAU","fin":"fin de la route D191","categorie":"4","es":"30","cl_admin":null,"largeur":"5m","gestion":"Probable route communale ou intercommunale","com_conc":"Pierrelaye","com_conid":"95488"},"geometry":{"type":"MultiLineString","coordinates":[[[2.144537,49.022834],[2.146522,49.021878],[2.14806,49.021252],[2.148677,49.021197],[2.148973,49.021077]]]}},{"type":"Feature","properties":{"tsid":"TS09500255","name":"BD DE L'OISE","debut":"limite commune Vauréal (95323),Jouy-le-Moutier (95323)","fin":"debut route BD DE L'OISE","categorie":"4","es":"30","cl_admin":null,"largeur":"5m","gestion":"Probable route communale ou intercommunale","com_conc":"Jouy-le-Moutier","com_conid":"95323"},"geometry":{"type":"MultiLineString","coordinates":[[[2.021915,49.021039],[2.021644,49.020334],[2.021523,49.019729],[2.021577,49.019189],[2.021814,49.018583],[2.022029,49.018247],[2.022359,49.01789],[2.025061,49.015584],[2.025573,49.015076],[2.0258,49.014883],[2.025892,49.014911],[2.025061,49.015584]],[[2.0258,49.014883],[2.026375,49.014474],[2.025892,49.014911]],[[2.026375,49.014474],[2.029389,49.011899],[2.030038,49.011461],[2.030453,49.011115],[2.030798,49.010918],[2.030904,49.011007],[2.030038,49.011461]],[[2.030798,49.010918],[2.030816,49.010817],[2.030948,49.010743],[2.031122,49.010749],[2.031222,49.010828],[2.031163,49.010975],[2.030904,49.011007]],[[2.031138,49.010762],[2.031589,49.010558],[2.031935,49.010477],[2.031222,49.010828]],[[2.031935,49.010477],[2.032832,49.010001],[2.033488,49.009561],[2.033941,49.009187],[2.034377,49.008767],[2.034582,49.008449],[2.03474,49.008435],[2.034833,49.008347],[2.034832,49.008252],[2.034729,49.008189],[2.034442,49.008223],[2.034401,49.008325],[2.034434,49.008395],[2.034582,49.008449]],[[2.036124,49.005813],[2.035946,49.006414],[2.035603,49.007135],[2.035204,49.007738],[2.034804,49.008215]]]}},{"type":"Feature","properties":{"tsid":"TS09500029","name":"BD DE L'OISE","debut":"continue route BD DE L'OISE sur 15 m","fin":"fin de la route RPT DU HAUT DE GENCY","categorie":"4","es":"30","cl_admin":null,"largeur":"5m","gestion":"Probable route communale ou intercommunale","com_conc":"Cergy","com_conid":"95127"},"geometry":{"type":"MultiLineString","coordinates":[[[2.045183,49.048018],[2.045428,49.048086],[2.046464,49.04805],[2.061431,49.046562],[2.062745,49.046539],[2.064478,49.046615],[2.065513,49.046547],[2.066486,49.046389],[2.067355,49.046167],[2.06826,49.045876],[2.068567,49.045712],[2.068691,49.045816],[2.067963,49.046115],[2.067103,49.046395],[2.06616,49.046595],[2.065293,49.046702],[2.064309,49.046753],[2.062473,49.046672],[2.060916,49.046742],[2.0466,49.048189],[2.045164,49.04822]],[[2.068567,49.045712],[2.068585,49.045593],[2.068699,49.045519],[2.068877,49.04551],[2.069011,49.045557],[2.069071,49.045669],[2.069029,49.045778],[2.068858,49.045847],[2.068691,49.045816]],[[2.068877,49.04551],[2.069439,49.045185],[2.069969,49.044777],[2.070362,49.044406],[2.071786,49.042859]],[[2.071924,49.04291],[2.070328,49.044691],[2.069879,49.045083],[2.069051,49.045608]]]}},{"type":"Feature","properties":{"tsid":"TS09500028","name":"BD DE L'OISE","debut":"debut route BD DE L'OISE","fin":"fin de la route RPT DU TILLEUL","categorie":"4","es":"30","cl_admin":null,"largeur":"5m","gestion":"Probable route communale ou intercommunale","com_conc":"Cergy","com_conid":"95127"},"geometry":{"type":"MultiLineString","coordinates":[[[2.044217,49.047892],[2.043847,49.047908],[2.043434,49.047755],[2.033522,49.042946]],[[2.044117,49.048084],[2.043847,49.047908]]]}},{"type":"Feature","properties":{"tsid":"TS09500602","name":"BD DE LA VIOSNE","debut":"continue route BD DE LA VIOSNE sur 66 m","fin":"debut route BD DE LA VIOSNE","categorie":"3","es":"100","cl_admin":null,"largeur":"5m","gestion":"Probable route communale ou intercommunale","com_conc":"Cergy","com_conid":"95127"},"geometry":{"type":"MultiLineString","coordinates":[[[2.068974,49.042071],[2.06933,49.042123],[2.069529,49.042214],[2.068899,49.042132]],[[2.069529,49.042214],[2.070685,49.042594],[2.071786,49.042859]],[[2.071708,49.042944],[2.070685,49.042594]]]}},{"type":"Feature","properties":{"tsid":"TS09500026","name":"BD DE L'OISE","debut":"séparation de la route en Route sans nom,RPT DU GOLF","fin":"fin de la route RPT DU CHENE","categorie":"4","es":"30","cl_admin":null,"largeur":"5m","gestion":"Probable route communale ou intercommunale","com_conc":"Cergy","com_conid":"95127"},"geometry":{"type":"MultiLineString","coordinates":[[[2.016372,49.040461],[2.016472,49.040661],[2.016672,49.040808],[2.018195,49.043006],[2.019119,49.044115],[2.019789,49.044736],[2.020456,49.045247],[2.02242,49.046587],[2.022717,49.046668]]]}},{"type":"Feature","properties":{"tsid":"TS09500214","name":"R FORTUNE CHARLOT","debut":"fin de la route D392","fin":"Intersection R DE L'ARCHE,R FORTUNE CHARLOT","categorie":"4","es":"30","cl_admin":null,"largeur":"5m","gestion":"Probable route communale ou intercommunale","com_conc":"Montigny-lès-Cormeilles","com_conid":"95424"},"geometry":{"type":"MultiLineString","coordinates":[[[2.182,48.990829],[2.183545,48.990535],[2.184749,48.990085],[2.186372,48.989642],[2.187542,48.98903]]]}},{"type":"Feature","properties":{"tsid":"TS09500025","name":"BD DE L'OISE","debut":"fin de la route RPT DU CHENE","fin":"fin de la route RPT DU GOLF","categorie":"4","es":"30","cl_admin":null,"largeur":"5m","gestion":"Probable route communale ou intercommunale","com_conc":"Cergy","com_conid":"95127"},"geometry":{"type":"MultiLineString","coordinates":[[[2.02235,49.046882],[2.022283,49.046756],[2.0219,49.04646],[2.01997,49.045123],[2.019366,49.044613],[2.018698,49.043958],[2.017985,49.043073],[2.016457,49.040899],[2.016316,49.040546],[2.016163,49.040409]]]}},{"type":"Feature","properties":{"tsid":"TS09500202","name":"BD DE L'OISE","debut":"fin de la route RPT DU TILLEUL","fin":"fin de la route RPT DU CEDRE","categorie":"5","es":"10","cl_admin":null,"largeur":"5m","gestion":"Probable route communale ou intercommunale","com_conc":"Cergy","com_conid":"95127"},"geometry":{"type":"MultiLineString","coordinates":[[[2.033004,49.04286],[2.029442,49.043212]]]}},{"type":"Feature","properties":{"tsid":"TS09500639","name":"BD DE LA CRETE","debut":"fin de la route RPT DU MIROIR","fin":"limite commune Courdimanche (95183),Cergy (95183)","categorie":"4","es":"30","cl_admin":null,"largeur":"de 3m à 5m","gestion":"Probable route communale ou intercommunale","com_conc":"Cergy,Courdimanche","com_conid":"95127,95183"},"geometry":{"type":"MultiLineString","coordinates":[[[2.006345,49.045066],[2.00753,49.046849],[2.007893,49.047309]]]}},{"type":"Feature","properties":{"tsid":"TS09500729","name":"BD DE LA CRETE","debut":"limite commune Courdimanche (95127),Cergy (95127)","fin":"limite commune Courdimanche (95127),Cergy (95127)","categorie":"4","es":"30","cl_admin":null,"largeur":"5m","gestion":"Probable route communale ou intercommunale","com_conc":"Cergy","com_conid":"95127"},"geometry":{"type":"MultiLineString","coordinates":[[[2.008347,49.048339],[2.008131,49.047692]]]}},{"type":"Feature","properties":{"tsid":"TS09500137","name":"BD DE LA MUETTE","debut":"continue route BD DE LA MUETTE sur 17 m","fin":"debut route BD DE LA MUETTE","categorie":"4","es":"30","cl_admin":null,"largeur":"5m","gestion":"Probable route communale ou intercommunale","com_conc":"Garges-lès-Gonesse","com_conid":"95268"},"geometry":{"type":"MultiLineString","coordinates":[[[2.415293,48.975808],[2.41526,48.975733],[2.415296,48.975665],[2.415455,48.975572],[2.416186,48.97476],[2.416304,48.974795],[2.41574,48.975392],[2.415566,48.975685],[2.415492,48.975633],[2.415375,48.975633]],[[2.416186,48.97476],[2.416162,48.974677],[2.416227,48.974619],[2.4164,48.974629],[2.416451,48.97473],[2.416304,48.974795]],[[2.416342,48.974612],[2.41724,48.97408],[2.418198,48.973426]],[[2.41828,48.973482],[2.417483,48.974032],[2.416437,48.974663]]]}},{"type":"Feature","properties":{"tsid":"TS09500054","name":"BD DE LA MUETTE","debut":"continue route BD DE LA MUETTE sur 375 m","fin":"fin de la route AV FREDERIC JOLIOT-CURIE","categorie":"5","es":"10","cl_admin":null,"largeur":"de 3m à 5m","gestion":"Probable route communale ou intercommunale","com_conc":"Garges-lès-Gonesse","com_conid":"95268"},"geometry":{"type":"MultiLineString","coordinates":[[[2.415566,48.975685],[2.415555,48.975785],[2.415421,48.975842],[2.415293,48.975808],[2.414943,48.976185],[2.414428,48.976527],[2.408976,48.978326],[2.408629,48.978367],[2.408266,48.978348],[2.407748,48.978202],[2.407317,48.977919],[2.407103,48.977508]],[[2.407323,48.977517],[2.407241,48.977775]]]}},{"type":"Feature","properties":{"tsid":"TS09501273","name":"BD DE LA RESISTANCE","debut":"continue route BD DE LA RESISTANCE sur 28 m","fin":"debut route BD DE LA RESISTANCE","categorie":"4","es":"30","cl_admin":null,"largeur":"de 3m à 5m","gestion":"Probable route communale ou intercommunale","com_conc":"Argenteuil","com_conid":"95018"},"geometry":{"type":"MultiLineString","coordinates":[[[2.217384,48.953411],[2.217877,48.953085],[2.21749,48.953458]],[[2.230077,48.950616],[2.230856,48.950691],[2.231831,48.95091],[2.23229,48.951071],[2.230611,48.950703],[2.229129,48.950466],[2.227022,48.950289],[2.225474,48.950348],[2.224309,48.950449],[2.22255,48.950697],[2.221102,48.951099],[2.219988,48.951545],[2.219284,48.951971],[2.217877,48.953085]],[[2.234433,48.951617],[2.234229,48.951545],[2.23391,48.951515],[2.23229,48.951071]],[[2.234377,48.951682],[2.23391,48.951515]]]}},{"type":"Feature","properties":{"tsid":"TS09500370","name":"CHE DE PONTOISE A SAINT-PRIX","debut":"limite commune Beauchamp (95051),Taverny (95051)","fin":"limite commune Taverny (95051),Beauchamp (95051)","categorie":"4","es":"30","cl_admin":null,"largeur":"5m","gestion":"Probable route communale ou intercommunale","com_conc":"Taverny,Beauchamp","com_conid":"95607,95051"},"geometry":{"type":"MultiLineString","coordinates":[[[2.205756,49.019575],[2.203718,49.019794],[2.202517,49.020021]]]}},{"type":"Feature","properties":{"tsid":"TS09501264","name":"BD DES MERITES","debut":"continue route BD DES MERITES sur 125 m","fin":"fin de la route BD DE L'OISE","categorie":"4","es":"30","cl_admin":null,"largeur":"9m","gestion":"Probable route communale ou intercommunale","com_conc":"Cergy,Osny,Pontoise","com_conid":"95127,95476,95500"},"geometry":{"type":"MultiLineString","coordinates":[[[2.069053,49.045754],[2.069218,49.045952],[2.068898,49.045842]],[[2.069218,49.045952],[2.069815,49.046203],[2.07124,49.046684],[2.071832,49.046986],[2.072731,49.047542],[2.073149,49.047894],[2.073387,49.048176],[2.07432,49.049618]]]}},{"type":"Feature","properties":{"tsid":"TS09501223","name":"BD DU 8 MAI 1945","debut":"continue route BD DU 8 MAI 1945 sur 61 m","fin":"fin de la route R DE BOISSY","categorie":"4","es":"30","cl_admin":null,"largeur":"5m","gestion":"Probable route communale ou intercommunale","com_conc":"Taverny","com_conid":"95607"},"geometry":{"type":"MultiLineString","coordinates":[[[2.210197,49.011341],[2.210182,49.011275],[2.210231,49.011226],[2.210415,49.011236],[2.210445,49.011308],[2.21039,49.011376],[2.210197,49.011341],[2.208262,49.011844],[2.206842,49.012278],[2.206498,49.012336]],[[2.21044,49.011272],[2.213383,49.010501]]]}},{"type":"Feature","properties":{"tsid":"TS09501032","name":"BD DU GENERAL DELAMBRE","debut":"Intersection BD DU GENERAL DELAMBRE,R DU PREBUARD","fin":"fin de la route D41","categorie":"4","es":"30","cl_admin":null,"largeur":"5m","gestion":"Probable route communale ou intercommunale","com_conc":"Argenteuil","com_conid":"95018"},"geometry":{"type":"MultiLineString","coordinates":[[[2.223507,48.938916],[2.223204,48.936711],[2.223551,48.936324],[2.225144,48.934118],[2.225354,48.933965]]]}},{"type":"Feature","properties":{"tsid":"TS09500175","name":"BD DU MOULIN A VENT","debut":"fin de la route RPT DU CHENE","fin":"fin de la route D14","categorie":"4","es":"30","cl_admin":null,"largeur":"5m","gestion":"Probable route communale ou intercommunale","com_conc":"Cergy","com_conid":"95127"},"geometry":{"type":"MultiLineString","coordinates":[[[2.023253,49.047417],[2.023169,49.047647],[2.024528,49.053673],[2.024672,49.053861]]]}},{"type":"Feature","properties":{"tsid":"TS09500596","name":"BD DU PORT","debut":"fin de la route BD DE L'OISE","fin":"debut route BD DU PORT","categorie":"3","es":"100","cl_admin":null,"largeur":"5m","gestion":"Probable route communale ou intercommunale","com_conc":"Cergy,Pontoise","com_conid":"95127,95500"},"geometry":{"type":"MultiLineString","coordinates":[[[2.077029,49.039014],[2.076908,49.038961],[2.07689,49.038882],[2.076986,49.038813],[2.077115,49.038812],[2.077216,49.038886],[2.078792,49.039482],[2.079496,49.039868],[2.080384,49.040466],[2.080616,49.040574],[2.080821,49.040597],[2.081514,49.041158]],[[2.081071,49.041287],[2.080653,49.040977],[2.08036,49.040656],[2.079445,49.039995],[2.078336,49.03942],[2.077137,49.039006],[2.077216,49.038886]]]}},{"type":"Feature","properties":{"tsid":"TS09500368","name":"CHE DE PONTOISE A SAINT-PRIX","debut":"limite commune Taverny (95051),Beauchamp (95051)","fin":"limite commune Taverny (95051),Beauchamp (95051)","categorie":"4","es":"30","cl_admin":null,"largeur":"5m","gestion":"Probable route communale ou intercommunale","com_conc":"Beauchamp,Taverny","com_conid":"95051,95607"},"geometry":{"type":"MultiLineString","coordinates":[[[2.198192,49.020834],[2.193082,49.021568],[2.189584,49.021843]]]}},{"type":"Feature","properties":{"tsid":"TS09501167","name":"BD DU PORT","debut":"debut route BD DU PORT","fin":"continue route BD DU PORT sur 95 m","categorie":"4","es":"30","cl_admin":null,"largeur":"de 4m à 5m","gestion":"Probable route communale ou intercommunale","com_conc":"Cergy","com_conid":"95127"},"geometry":{"type":"MultiLineString","coordinates":[[[2.06297,49.031882],[2.062961,49.03183],[2.062871,49.031815],[2.062821,49.031853],[2.062861,49.031897],[2.06297,49.031882],[2.066089,49.033236],[2.066972,49.033732],[2.066818,49.033804],[2.065918,49.033187]],[[2.067506,49.034257],[2.069744,49.035959],[2.070883,49.036686],[2.071729,49.037106],[2.072632,49.037464],[2.07293,49.037564],[2.073039,49.037484],[2.071619,49.036908],[2.070504,49.036298],[2.069122,49.035363],[2.066972,49.033732],[2.066969,49.033819],[2.067506,49.034257],[2.066818,49.033804]],[[2.076883,49.038903],[2.07293,49.037564]],[[2.073039,49.037484],[2.077037,49.038805]]]}},{"type":"Feature","properties":{"tsid":"TS09500464","name":"BD EDOUARD BRANLY","debut":"continue route BD EDOUARD BRANLY sur 196 m","fin":"séparation de la route en AV AUGUSTE PERRET,Route sans nom","categorie":"4","es":"30","cl_admin":null,"largeur":"de 3m à 4m","gestion":"Probable route communale ou intercommunale","com_conc":"Sarcelles","com_conid":"95585"},"geometry":{"type":"MultiLineString","coordinates":[[[2.37906,48.978272],[2.378604,48.976892],[2.378461,48.976657],[2.378358,48.976594]]]}},{"type":"Feature","properties":{"tsid":"TS09500465","name":"BD EDOUARD BRANLY","debut":"séparation de la route en AV AUGUSTE PERRET,AV DU 8 MAI 1945","fin":"Intersection AV PAUL VALERY,BD EDOUARD BRANLY","categorie":"4","es":"30","cl_admin":null,"largeur":"de 3m à 4m","gestion":"Probable route communale ou intercommunale","com_conc":"Sarcelles","com_conid":"95585"},"geometry":{"type":"MultiLineString","coordinates":[[[2.378608,48.976558],[2.379548,48.979165],[2.379636,48.979263]]]}},{"type":"Feature","properties":{"tsid":"TS09500913","name":"BD GALLIENI","debut":"Intersection BD GALLIENI,D48","fin":"debut route BD GALLIENI","categorie":"4","es":"30","cl_admin":null,"largeur":"5m","gestion":"Probable route communale ou intercommunale","com_conc":"Argenteuil","com_conid":"95018"},"geometry":{"type":"MultiLineString","coordinates":[[[2.243112,48.942798],[2.245068,48.944222]]]}},{"type":"Feature","properties":{"tsid":"TS09500373","name":"BD GAMBETTA","debut":"fin de la route D915","fin":"continue route BD GAMBETTA sur 60 m","categorie":"3","es":"100","cl_admin":null,"largeur":"de 3m à 5m","gestion":"Probable route communale ou intercommunale","com_conc":"Marines","com_conid":"95370"},"geometry":{"type":"MultiLineString","coordinates":[[[1.964425,49.150762],[1.964854,49.150682],[1.968699,49.149182]]]}},{"type":"Feature","properties":{"tsid":"TS09500454","name":"BD MARECHAL DE LATTRE DE TASSIGNY","debut":"debut route BD MARECHAL DE LATTRE DE TASSIGNY","fin":"fin de la route AV PAUL VALERY","categorie":"4","es":"30","cl_admin":null,"largeur":"5m","gestion":"Probable route communale ou intercommunale","com_conc":"Sarcelles","com_conid":"95585"},"geometry":{"type":"MultiLineString","coordinates":[[[2.378038,48.979595],[2.378262,48.980275],[2.378233,48.980512],[2.378114,48.980325],[2.377845,48.979626]],[[2.378429,48.981002],[2.378307,48.981054],[2.378284,48.981156],[2.378348,48.981208],[2.378481,48.981218],[2.37858,48.981175],[2.378614,48.9811],[2.378575,48.981039],[2.378429,48.981002],[2.378233,48.980512]]]}},{"type":"Feature","properties":{"tsid":"TS09500649","name":"BD MAURICE BERTEAUX","debut":"fin de la route R PAUL VAILLANT COUTURIER","fin":"debut route BD MAURICE BERTEAUX","categorie":"3","es":"100","cl_admin":null,"largeur":"9m","gestion":"Probable route communale ou intercommunale","com_conc":"Argenteuil","com_conid":"95018"},"geometry":{"type":"MultiLineString","coordinates":[[[2.255878,48.947807],[2.253511,48.948843]]]}},{"type":"Feature","properties":{"tsid":"TS09500019","name":"BD GAMBETTA","debut":"continue route BD GAMBETTA sur 60 m","fin":"continue route BD GAMBETTA sur 18 m","categorie":"4","es":"30","cl_admin":null,"largeur":"de 3m à 5m","gestion":"Probable route communale ou intercommunale","com_conc":"Marines","com_conid":"95370"},"geometry":{"type":"MultiLineString","coordinates":[[[1.969448,49.148962],[1.96929,49.148843],[1.968699,49.149182],[1.969277,49.148991],[1.969692,49.148948],[1.969807,49.148833],[1.9698,49.148753],[1.969714,49.148662],[1.969403,49.148656],[1.969279,49.14876],[1.96929,49.148843]],[[1.969714,49.148662],[1.970296,49.148556],[1.969809,49.148804]],[[1.970296,49.148556],[1.975448,49.14655]]]}},{"type":"Feature","properties":{"tsid":"TS09500570","name":"CHS JULES CESAR","debut":"continue route CHS JULES CESAR sur 21 m","fin":"debut route CHS JULES CESAR","categorie":"5","es":"10","cl_admin":null,"largeur":"5m","gestion":"Probable route communale ou intercommunale","com_conc":"Osny","com_conid":"95476"},"geometry":{"type":"MultiLineString","coordinates":[[[2.048009,49.057899],[2.048462,49.057932],[2.048087,49.058075]],[[2.048462,49.057932],[2.05022,49.057493],[2.062719,49.053347]]]}},{"type":"Feature","properties":{"tsid":"TS09500522","name":"BD GEORGES CLEMENCEAU","debut":"fin de la route BD DU 11 NOVEMBRE 1918","fin":"debut route BD GEORGES CLEMENCEAU","categorie":"4","es":"30","cl_admin":null,"largeur":"5m","gestion":"Probable route communale ou intercommunale","com_conc":"Herblay-sur-Seine","com_conid":"95306"},"geometry":{"type":"MultiLineString","coordinates":[[[2.16709,48.987995],[2.171426,48.98682],[2.173243,48.986671],[2.173652,48.986721],[2.173755,48.986683],[2.173711,48.986621],[2.17352,48.986625],[2.17346,48.986677]]]}},{"type":"Feature","properties":{"tsid":"TS09500179","name":"BD HENRI BERGSON","debut":"continue route BD HENRI BERGSON sur 135 m","fin":"Intersection AV CESAR FRANCK,BD HENRI BERGSON","categorie":"4","es":"30","cl_admin":null,"largeur":"de 3m à 7m","gestion":"Probable route communale ou intercommunale","com_conc":"Sarcelles","com_conid":"95585"},"geometry":{"type":"MultiLineString","coordinates":[[[2.377062,48.976659],[2.376895,48.976317],[2.376572,48.975403],[2.376301,48.974195],[2.376214,48.974116],[2.376161,48.97396],[2.37594,48.97294]],[[2.376214,48.974116],[2.376158,48.974195],[2.376372,48.975313],[2.376865,48.976693]]]}},{"type":"Feature","properties":{"tsid":"TS09501274","name":"BD HENRI POINCARE","debut":"fin de la route Route sans nom","fin":"fin de la route AV PAUL VALERY","categorie":"4","es":"30","cl_admin":null,"largeur":"5m","gestion":"Probable route communale ou intercommunale","com_conc":"Sarcelles","com_conid":"95585"},"geometry":{"type":"MultiLineString","coordinates":[[[2.375808,48.976987],[2.376828,48.979789]]]}},{"type":"Feature","properties":{"tsid":"TS09500641","name":"BD JEANNE D'ARC","debut":"debut route BD JEANNE D'ARC","fin":"Intersection BD JEANNE D'ARC,R ERNESTINE","categorie":"4","es":"30","cl_admin":null,"largeur":"5m","gestion":"Probable route communale ou intercommunale","com_conc":"Argenteuil","com_conid":"95018"},"geometry":{"type":"MultiLineString","coordinates":[[[2.247902,48.946121],[2.245068,48.944222]]]}},{"type":"Feature","properties":{"tsid":"TS09501002","name":"BD LEON FEIX","debut":"fin de la route D122","fin":"fin de la route Route sans nom","categorie":"4","es":"30","cl_admin":null,"largeur":"12m","gestion":"Probable route communale ou intercommunale","com_conc":"Argenteuil","com_conid":"95018"},"geometry":{"type":"MultiLineString","coordinates":[[[2.248707,48.946537],[2.253421,48.94894]]]}},{"type":"Feature","properties":{"tsid":"TS09500720","name":"BD MARCEAU GUILLOT","debut":"séparation de la route en D122,R DE LA NONAISE","fin":"debut route BD MARCEAU GUILLOT","categorie":"4","es":"30","cl_admin":null,"largeur":"5m","gestion":"Probable route communale ou intercommunale","com_conc":"Argenteuil","com_conid":"95018"},"geometry":{"type":"MultiLineString","coordinates":[[[2.242321,48.954875],[2.24447,48.955658],[2.245543,48.955956],[2.246988,48.956155],[2.248718,48.956186],[2.25029,48.955988],[2.251642,48.955595],[2.252699,48.95509],[2.253238,48.954749],[2.25384,48.954271],[2.25455,48.954091]]]}},{"type":"Feature","properties":{"tsid":"TS09500060","name":"PONT DU NORD","debut":"limite commune Enghien-les-Bains (95598),Soisy-sous-Montmorency (95598)","fin":"limite commune Enghien-les-Bains (95598),Soisy-sous-Montmorency (95598)","categorie":"4","es":"30","cl_admin":null,"largeur":"5m","gestion":"Probable route communale ou intercommunale","com_conc":"Soisy-sous-Montmorency,Enghien-les-Bains","com_conid":"95598,95210"},"geometry":{"type":"MultiLineString","coordinates":[[[2.298856,48.975206],[2.299028,48.975224]]]}},{"type":"Feature","properties":{"tsid":"TS09501054","name":"BD SAINTE-APOLLINE","debut":"fin de la route D88","fin":"debut route BD SAINTE-APOLLINE","categorie":"4","es":"30","cl_admin":null,"largeur":"5m","gestion":"Probable route communale ou intercommunale","com_conc":"Courdimanche","com_conid":"95183"},"geometry":{"type":"MultiLineString","coordinates":[[[1.995751,49.048872],[1.99622,49.048752],[1.996002,49.049049]],[[2.005715,49.044921],[2.00184,49.045559],[2.000623,49.045951],[1.999857,49.046302],[1.999483,49.046532],[1.996678,49.048491],[1.99622,49.048752]]]}},{"type":"Feature","properties":{"tsid":"TS09500163","name":"CAR DE L'ALBATROS","debut":"continue route CAR DE L'ALBATROS sur 16 m","fin":"Intersection CAR DE L'ALBATROS,Route sans nom","categorie":"4","es":"30","cl_admin":null,"largeur":"5m","gestion":"Probable route communale ou intercommunale","com_conc":"Cergy","com_conid":"95127"},"geometry":{"type":"MultiLineString","coordinates":[[[2.006134,49.051673],[2.006114,49.051558],[2.006181,49.051516],[2.006301,49.051512],[2.006389,49.051591],[2.006316,49.051689],[2.006134,49.051673]]]}},{"type":"Feature","properties":{"tsid":"TS09500369","name":"CHE DE PONTOISE A SAINT-PRIX","debut":"limite commune Taverny (95051),Beauchamp (95051)","fin":"limite commune Beauchamp (95051),Taverny (95051)","categorie":"4","es":"30","cl_admin":null,"largeur":"5m","gestion":"Probable route communale ou intercommunale","com_conc":"Taverny,Beauchamp","com_conid":"95607,95051"},"geometry":{"type":"MultiLineString","coordinates":[[[2.200187,49.020444],[2.200169,49.020386],[2.200223,49.020355],[2.200321,49.020386],[2.200276,49.020457],[2.19879,49.020728]],[[2.20098,49.020315],[2.200326,49.020407]]]}},{"type":"Feature","properties":{"tsid":"TS09500326","name":"CRS DES MERVEILLES","debut":"fin de la route BD D'ERKRATH","fin":"fin de la route CAR DE L'ALBATROS","categorie":"4","es":"30","cl_admin":null,"largeur":"5m","gestion":"Probable route communale ou intercommunale","com_conc":"Cergy","com_conid":"95127"},"geometry":{"type":"MultiLineString","coordinates":[[[2.009086,49.049826],[2.006346,49.051535]]]}},{"type":"Feature","properties":{"tsid":"TS09500453","name":"R HENRI BARBUSSE","debut":"limite commune Argenteuil (95018),Bezons (95018)","fin":"Intersection R HENRI BARBUSSE,Route sans nom","categorie":"3","es":"100","cl_admin":null,"largeur":"5m","gestion":"Probable route communale ou intercommunale","com_conc":"Bezons,Argenteuil","com_conid":"95063,95018"},"geometry":{"type":"MultiLineString","coordinates":[[[2.227859,48.930418],[2.228926,48.931014]]]}},{"type":"Feature","properties":{"tsid":"TS09500152","name":"D301A4","debut":null,"fin":"debut route D301A4","categorie":"4","es":"30","cl_admin":"Départementale","largeur":"4m","gestion":"Conseil Départementale Val-d'Oise","com_conc":"Saint-Brice-sous-Forêt","com_conid":"95539"},"geometry":{"type":"MultiLineString","coordinates":[[[2.354912,49.005848],[2.355309,49.005664],[2.355271,49.005884]],[[2.358256,49.00334],[2.357093,49.004456],[2.355309,49.005664]]]}},{"type":"Feature","properties":{"tsid":"TS09501026","name":"A1","debut":"fin de la route A1","fin":"fin de la route A1","categorie":"3","es":"100","cl_admin":"Autoroute","largeur":"14m","gestion":"Opérateur privé : SANEF","com_conc":"Roissy-en-France","com_conid":"95527"},"geometry":{"type":"MultiLineString","coordinates":[[[2.532631,49.018287],[2.532409,49.017846]]]}},{"type":"Feature","properties":{"tsid":"TS09500286","name":"QU DE SEINE","debut":"continue route QU DE SEINE sur 573 m","fin":"continue route QU DE SEINE sur 192 m","categorie":"4","es":"30","cl_admin":null,"largeur":"5m","gestion":"Probable route communale ou intercommunale","com_conc":"La Frette-sur-Seine","com_conid":"95257"},"geometry":{"type":"MultiLineString","coordinates":[[[2.181719,48.967314],[2.181685,48.967666],[2.181273,48.968989],[2.181044,48.969601],[2.180844,48.969978],[2.180562,48.970437],[2.180002,48.971113],[2.179559,48.971755],[2.178969,48.972875],[2.178639,48.97325],[2.177889,48.974296],[2.177659,48.9747]]]}},{"type":"Feature","properties":{"tsid":"TS09500983","name":"CHE DES BOEUFS","debut":"continue route CHE DES BOEUFS sur 15 m","fin":"fin de la route R PIERRE LE GUEN","categorie":"4","es":"30","cl_admin":null,"largeur":"5m","gestion":"Probable route communale ou intercommunale","com_conc":"Pierrelaye,Conflans-Sainte-Honorine,Herblay-sur-Seine","com_conid":"95488,78172,95306"},"geometry":{"type":"MultiLineString","coordinates":[[[2.129527,49.010835],[2.1297,49.010803],[2.129744,49.010879],[2.129711,49.010925],[2.12956,49.010932],[2.129527,49.010835],[2.128513,49.010413],[2.127021,49.009708]],[[2.136747,49.01537],[2.134619,49.014151],[2.132986,49.012864],[2.131961,49.012193],[2.130359,49.011245],[2.129711,49.010925]]]}},{"type":"Feature","properties":{"tsid":"TS09500200","name":"CHE DES BOEUFS","debut":"séparation de la route en R DU DRAIN,SEN DES GROUETTES","fin":"séparation de la route en R JEAN NICOLAS LEVEAU,SEN FRANCIS POULENC","categorie":"4","es":"30","cl_admin":null,"largeur":"5m","gestion":"Probable route communale ou intercommunale","com_conc":"Pierrelaye","com_conid":"95488"},"geometry":{"type":"MultiLineString","coordinates":[[[2.145583,49.024838],[2.144052,49.023109]]]}},{"type":"Feature","properties":{"tsid":"TS09500354","name":"CHE DES BOEUFS","debut":"Intersection CHE DE LA BASSE VACHERIE,CHE DES BOEUFS","fin":"fin de la route R DU DRAIN","categorie":"5","es":"10","cl_admin":null,"largeur":"5m","gestion":"Probable route communale ou intercommunale","com_conc":"Pierrelaye","com_conid":"95488"},"geometry":{"type":"MultiLineString","coordinates":[[[2.147778,49.027356],[2.145705,49.025056],[2.145671,49.024874]]]}},{"type":"Feature","properties":{"tsid":"TS09500731","name":"CHE DES CLOS TRIPIERS","debut":"limite commune Cergy (95500),Pontoise (95500)","fin":"fin de la route AV DE VERDUN","categorie":"4","es":"30","cl_admin":null,"largeur":"5m","gestion":"Probable route communale ou intercommunale","com_conc":"Pontoise","com_conid":"95500"},"geometry":{"type":"MultiLineString","coordinates":[[[2.087565,49.038464],[2.088558,49.039177],[2.08896,49.039546],[2.089525,49.040231],[2.089847,49.040855]]]}},{"type":"Feature","properties":{"tsid":"TS09500730","name":"CHE DES CLOS TRIPIERS","debut":"fin de la route AV DE VERDUN","fin":"fin de la route BD DE L'HAUTIL","categorie":"4","es":"30","cl_admin":null,"largeur":"5m","gestion":"Probable route communale ou intercommunale","com_conc":"Cergy,Pontoise","com_conid":"95127,95500"},"geometry":{"type":"MultiLineString","coordinates":[[[2.08975,49.040863],[2.089336,49.040122],[2.088883,49.039601],[2.088425,49.039185],[2.087382,49.038448]]]}},{"type":"Feature","properties":{"tsid":"TS09500024","name":"R HENRI BARBUSSE","debut":"continue route R HENRI BARBUSSE sur 110 m","fin":"Intersection D15E,R AMBROISE THOMAS,R HENRI BARBUSSE","categorie":"4","es":"30","cl_admin":null,"largeur":"5m","gestion":"Probable route communale ou intercommunale","com_conc":"Argenteuil","com_conid":"95018"},"geometry":{"type":"MultiLineString","coordinates":[[[2.228926,48.931014],[2.238158,48.936063]]]}},{"type":"Feature","properties":{"tsid":"TS09500633","name":"R JACQUELINE AURIOL","debut":"fin de la route RTE DE BONNEUIL","fin":"fin de la route RTE DE BONNEUIL","categorie":"3","es":"100","cl_admin":null,"largeur":"5m","gestion":"Probable route communale ou intercommunale","com_conc":"Gonesse","com_conid":"95277"},"geometry":{"type":"MultiLineString","coordinates":[[[2.441938,48.980864],[2.441234,48.981035],[2.440559,48.981014],[2.440223,48.980943]]]}},{"type":"Feature","properties":{"tsid":"TS09500658","name":"CHE VERT DES GRATTE BOEUFS","debut":"Intersection CHE VERT DES GRATTE BOEUFS,R DES FRERES BRAET","fin":"fin de la route R ANDRE CITROEN","categorie":"4","es":"30","cl_admin":null,"largeur":"5m","gestion":"Probable route communale ou intercommunale","com_conc":"Franconville","com_conid":"95252"},"geometry":{"type":"MultiLineString","coordinates":[[[2.212314,48.989073],[2.212533,48.989115],[2.213036,48.989368],[2.214104,48.989488],[2.214412,48.989629],[2.214183,48.989534],[2.212964,48.989408],[2.212592,48.989198],[2.212301,48.989186]],[[2.214412,48.989629],[2.215537,48.990616],[2.215716,48.991217],[2.215946,48.991676],[2.215802,48.991697],[2.215797,48.991571],[2.215625,48.991227],[2.21564,48.990932]],[[2.21588,48.991778],[2.215969,48.991746],[2.216021,48.99179],[2.216093,48.991944],[2.215818,48.991752],[2.215802,48.991697]],[[2.215946,48.991676],[2.215969,48.991746]],[[2.217069,48.993417],[2.217083,48.993485],[2.217164,48.993521],[2.217275,48.993489],[2.21729,48.993422],[2.217191,48.993366],[2.217069,48.993417],[2.216936,48.993338],[2.216093,48.991944]]]}},{"type":"Feature","properties":{"tsid":"TS09501052","name":"DEV DE ROISSY-EN-FRANCE","debut":"fin de la route D902A","fin":"fin de la route RPT DE LA DIME","categorie":"4","es":"30","cl_admin":null,"largeur":"7m","gestion":"Probable route communale ou intercommunale","com_conc":"Roissy-en-France","com_conid":"95527"},"geometry":{"type":"MultiLineString","coordinates":[[[2.511918,48.996481],[2.512098,48.996681],[2.512679,48.996967],[2.513384,48.997148]]]}},{"type":"Feature","properties":{"tsid":"TS09501051","name":"DEV DE ROISSY-EN-FRANCE","debut":"fin de la route RPT DE LA DIME","fin":"fin de la route D902A","categorie":"4","es":"30","cl_admin":null,"largeur":"7m","gestion":"Probable route communale ou intercommunale","com_conc":"Roissy-en-France","com_conid":"95527"},"geometry":{"type":"MultiLineString","coordinates":[[[2.513343,48.997331],[2.511984,48.996747],[2.511695,48.996692]]]}},{"type":"Feature","properties":{"tsid":"TS09500567","name":"R ALBERT 1ER","debut":"séparation de la route en D392,R ROUGET DE LISLE","fin":"Intersection R ALBERT 1ER,R DE SARTROUVILLE,R MAURICE BERTEAUX","categorie":"4","es":"30","cl_admin":null,"largeur":"5m","gestion":"Probable route communale ou intercommunale","com_conc":"Bezons","com_conid":"95063"},"geometry":{"type":"MultiLineString","coordinates":[[[2.209151,48.934235],[2.207054,48.933294],[2.205495,48.932684]]]}},{"type":"Feature","properties":{"tsid":"TS09501153","name":"CHS JULES CESAR","debut":"Intersection CHS JULES CESAR,R EDOUARD VAILLANT","fin":"continue route CHS JULES CESAR sur 93 m","categorie":"4","es":"30","cl_admin":null,"largeur":"5m","gestion":"Probable route communale ou intercommunale","com_conc":"Eaubonne","com_conid":"95203"},"geometry":{"type":"MultiLineString","coordinates":[[[2.281626,48.981512],[2.284746,48.980651],[2.286653,48.980551],[2.288609,48.980314],[2.288584,48.980397],[2.288693,48.980425],[2.288754,48.980397],[2.288748,48.980325],[2.288609,48.980314]],[[2.288722,48.98031],[2.289028,48.980239],[2.288727,48.980415]],[[2.289028,48.980239],[2.289803,48.980106]]]}},{"type":"Feature","properties":{"tsid":"TS09500659","name":"CHS JULES CESAR","debut":"limite commune Taverny (95607),Franconville (95607)","fin":"limite commune Le Plessis-Bouchard (95491),Franconville (95491)","categorie":"4","es":"30","cl_admin":null,"largeur":"5m","gestion":"Probable route communale ou intercommunale","com_conc":"Taverny,Franconville,Le Plessis-Bouchard","com_conid":"95607,95252,95491"},"geometry":{"type":"MultiLineString","coordinates":[[[2.215982,49.003211],[2.222594,49.001059],[2.222872,49.001002],[2.223008,49.001054],[2.223051,49.001011],[2.223028,49.000955],[2.222903,49.000946],[2.222872,49.001002]],[[2.223028,49.000955],[2.223223,49.000853],[2.226099,48.999924],[2.227198,48.999426],[2.228475,48.998937],[2.237036,48.996427],[2.243636,48.994233]]]}},{"type":"Feature","properties":{"tsid":"TS09500197","name":"CHS JULES CESAR","debut":"continue route CHS JULES CESAR sur 31 m","fin":"limite commune Pierrelaye (95488),Beauchamp (95488)","categorie":"4","es":"30","cl_admin":null,"largeur":"5m","gestion":"Probable route communale ou intercommunale","com_conc":"Beauchamp,Taverny","com_conid":"95051,95607"},"geometry":{"type":"MultiLineString","coordinates":[[[2.183634,49.013801],[2.184262,49.013617],[2.184191,49.013593],[2.184169,49.01351],[2.183634,49.013801],[2.17501,49.016672]],[[2.184169,49.01351],[2.184269,49.013454],[2.184406,49.013509],[2.184351,49.013597],[2.184262,49.013617]],[[2.209485,49.005245],[2.209217,49.005396],[2.197682,49.009339],[2.195613,49.009908],[2.191712,49.0112],[2.184406,49.013509]],[[2.209549,49.005359],[2.209217,49.005396]]]}},{"type":"Feature","properties":{"tsid":"TS09500199","name":"D170D2","debut":"fin de la route D170","fin":"séparation de la route en D170D2,D170E2","categorie":"4","es":"30","cl_admin":"Départementale","largeur":"4m","gestion":"Conseil Départementale Val-d'Oise","com_conc":"Gonesse","com_conid":"95277"},"geometry":{"type":"MultiLineString","coordinates":[[[2.455992,48.97799],[2.459229,48.977729],[2.464627,48.977434]]]}},{"type":"Feature","properties":{"tsid":"TS09500198","name":"CHS JULES CESAR","debut":"limite commune Beauchamp (95051),Taverny (95051)","fin":"fin de la route D407","categorie":"4","es":"30","cl_admin":null,"largeur":"5m","gestion":"Probable route communale ou intercommunale","com_conc":"Beauchamp,Taverny","com_conid":"95051,95607"},"geometry":{"type":"MultiLineString","coordinates":[[[2.209828,49.00514],[2.210105,49.00508],[2.209917,49.005226]]]}},{"type":"Feature","properties":{"tsid":"TS09501059","name":"CHS JULES CESAR","debut":"limite commune Eaubonne (95598),Soisy-sous-Montmorency (95598)","fin":"fin de la route PL ANDRE FOULON","categorie":"4","es":"30","cl_admin":null,"largeur":"5m","gestion":"Probable route communale ou intercommunale","com_conc":"Soisy-sous-Montmorency,Eaubonne","com_conid":"95598,95203"},"geometry":{"type":"MultiLineString","coordinates":[[[2.289803,48.980106],[2.291473,48.979832],[2.292011,48.979844]]]}},{"type":"Feature","properties":{"tsid":"TS09500765","name":"CHS JULES CESAR","debut":"limite commune Beauchamp (95607),Taverny (95607)","fin":"limite commune Taverny (95607),Franconville (95607)","categorie":"4","es":"30","cl_admin":null,"largeur":"5m","gestion":"Probable route communale ou intercommunale","com_conc":"Franconville,Beauchamp,Taverny","com_conid":"95252,95051,95607"},"geometry":{"type":"MultiLineString","coordinates":[[[2.210105,49.00508],[2.215982,49.003211]]]}},{"type":"Feature","properties":{"tsid":"TS09501031","name":"CHS JULES CESAR","debut":"Intersection CHS JULES CESAR,Route sans nom","fin":"continue route CHS JULES CESAR sur 24 m","categorie":"4","es":"30","cl_admin":null,"largeur":"5m","gestion":"Probable route communale ou intercommunale","com_conc":"Osny","com_conid":"95476"},"geometry":{"type":"MultiLineString","coordinates":[[[2.047232,49.058235],[2.04718,49.058099],[2.047203,49.057961],[2.047303,49.057855],[2.047469,49.057785],[2.047785,49.057792],[2.048001,49.057888],[2.048063,49.057967],[2.048071,49.058173],[2.047868,49.058338],[2.047499,49.058357],[2.047232,49.058235]]]}},{"type":"Feature","properties":{"tsid":"TS09500543","name":"CHS JULES CESAR","debut":"fin de la route R VICTOR HUGO","fin":"continue route CHS JULES CESAR sur 144 m","categorie":"4","es":"30","cl_admin":null,"largeur":"5m","gestion":"Probable route communale ou intercommunale","com_conc":"Pierrelaye","com_conid":"95488"},"geometry":{"type":"MultiLineString","coordinates":[[[2.160709,49.021392],[2.162478,49.02082]]]}},{"type":"Feature","properties":{"tsid":"TS09500544","name":"CHS JULES CESAR","debut":"continue route CHS JULES CESAR sur 35 m","fin":"limite commune Pierrelaye (95488),Beauchamp (95488)","categorie":"4","es":"30","cl_admin":null,"largeur":"5m","gestion":"Probable route communale ou intercommunale","com_conc":"Beauchamp,Pierrelaye","com_conid":"95051,95488"},"geometry":{"type":"MultiLineString","coordinates":[[[2.174594,49.016833],[2.17501,49.016672]]]}},{"type":"Feature","properties":{"tsid":"TS09500571","name":"CHS JULES CESAR","debut":"fin de la route PL DU GENERAL DE GAULLE","fin":"debut route CHS JULES CESAR","categorie":"5","es":"10","cl_admin":null,"largeur":"5m","gestion":"Probable route communale ou intercommunale","com_conc":"Osny","com_conid":"95476"},"geometry":{"type":"MultiLineString","coordinates":[[[2.063049,49.053241],[2.068076,49.051626],[2.06848,49.051397]],[[2.068585,49.051473],[2.068076,49.051626]]]}},{"type":"Feature","properties":{"tsid":"TS09501003","name":"GR DES TAVERNES","debut":"debut route GR DES TAVERNES","fin":"continue route GR DES TAVERNES sur 11 m","categorie":"3","es":"100","cl_admin":null,"largeur":"de 5m à 7m","gestion":"Probable route communale ou intercommunale","com_conc":"Cléry-en-Vexin","com_conid":"95166"},"geometry":{"type":"MultiLineString","coordinates":[[[1.840198,49.130464],[1.840169,49.130552],[1.84004,49.130563],[1.839982,49.130515],[1.840023,49.130447],[1.840198,49.130464],[1.840364,49.130419],[1.840895,49.130148],[1.844255,49.128831],[1.845118,49.128392],[1.847421,49.127079]]]}},{"type":"Feature","properties":{"tsid":"TS09500951","name":"GRANDE RUE","debut":"fin de la route R DE L'ARCHE","fin":"fin de la route R FORTUNE CHARLOT","categorie":"3","es":"100","cl_admin":null,"largeur":"5m","gestion":"Probable route communale ou intercommunale","com_conc":"Montigny-lès-Cormeilles","com_conid":"95424"},"geometry":{"type":"MultiLineString","coordinates":[[[2.1898,48.987624],[2.189485,48.987214],[2.188936,48.986831]]]}},{"type":"Feature","properties":{"tsid":"TS09500568","name":"GRANDE RUE","debut":"fin de la route CAR GEORGES BRASSENS","fin":"continue route GRANDE RUE sur 10 m","categorie":"4","es":"30","cl_admin":null,"largeur":"de 4m à 5m","gestion":"Probable route communale ou intercommunale","com_conc":"Bernes-sur-Oise","com_conid":"95058"},"geometry":{"type":"MultiLineString","coordinates":[[[2.300096,49.161452],[2.300786,49.161322]]]}},{"type":"Feature","properties":{"tsid":"TS09500032","name":"A15","debut":"fin de la route A15","fin":"fin de la route A15","categorie":"4","es":"30","cl_admin":"Autoroute","largeur":"18m","gestion":"DIR Île-de-France","com_conc":"Sannois,Argenteuil","com_conid":"95582,95018"},"geometry":{"type":"MultiLineString","coordinates":[[[2.266045,48.962853],[2.264936,48.963376]]]}},{"type":"Feature","properties":{"tsid":"TS09501039","name":"D44E2","debut":"Intersection D44E2,R DU MARECHAL LECLERC","fin":"fin de la route D370","categorie":"3","es":"100","cl_admin":"Départementale","largeur":"5m","gestion":"Conseil Départementale Val-d'Oise","com_conc":"Écouen","com_conid":"95205"},"geometry":{"type":"MultiLineString","coordinates":[[[2.383263,49.019818],[2.383168,49.019661],[2.382112,49.018539]]]}},{"type":"Feature","properties":{"tsid":"TS09500447","name":"A1","debut":"fin de la route A1","fin":"fin de la route A1","categorie":"1","es":"300","cl_admin":"Autoroute","largeur":"14m","gestion":"Opérateur privé : SANEF","com_conc":"Roissy-en-France","com_conid":"95527"},"geometry":{"type":"MultiLineString","coordinates":[[[2.533683,49.020371],[2.532875,49.018771]]]}},{"type":"Feature","properties":{"tsid":"TS09500435","name":"BD HELOISE","debut":"continue route BD HELOISE sur 11 m","fin":null,"categorie":"4","es":"30","cl_admin":null,"largeur":"5m","gestion":"Probable route communale ou intercommunale","com_conc":"Argenteuil","com_conid":"95018"},"geometry":{"type":"MultiLineString","coordinates":[[[2.245187,48.937149],[2.246056,48.937824]]]}},{"type":"Feature","properties":{"tsid":"TS09501017","name":"Route sans nom ou bretelle","debut":null,"fin":null,"categorie":"2","es":"250","cl_admin":null,"largeur":"7m","gestion":"Probable route communale ou intercommunale","com_conc":"Tremblay-en-France,Roissy-en-France","com_conid":"93073,95527"},"geometry":{"type":"MultiLineString","coordinates":[[[2.538388,49.005694],[2.535672,49.005544]]]}},{"type":"Feature","properties":{"tsid":"TS09500056","name":"D11","debut":"fin de la route D11","fin":"debut route D11","categorie":"4","es":"30","cl_admin":"Départementale","largeur":"de 3m à 5m","gestion":"Conseil Départementale Val-d'Oise","com_conc":"Ézanville,Domont","com_conid":"95229,95199"},"geometry":{"type":"MultiLineString","coordinates":[[[2.342183,49.0339],[2.34208,49.034002]]]}},{"type":"Feature","properties":{"tsid":"TS09501146","name":"D316","debut":"séparation de la route en D316,D931","fin":"limite commune Pierrefitte-sur-Seine (93059),Sarcelles (93059)","categorie":"4","es":"30","cl_admin":"Départementale","largeur":"5m","gestion":"Conseil Départementale Val-d'Oise","com_conc":"Sarcelles","com_conid":"95585"},"geometry":{"type":"MultiLineString","coordinates":[[[2.366009,48.974302],[2.36586,48.974062]]]}},{"type":"Feature","properties":{"tsid":"TS09500321","name":"N104","debut":"fin de la route N104","fin":"fin de la route N104","categorie":"4","es":"30","cl_admin":"Nationale","largeur":"4m","gestion":"DIR Île-de-France","com_conc":"Épiais-lès-Louvres","com_conid":"95212"},"geometry":{"type":"MultiLineString","coordinates":[[[2.541677,49.030731],[2.541709,49.030799]]]}},{"type":"Feature","properties":{"tsid":"TS09500581","name":"AV DU 8 MAI 1945","debut":"fin de la route D125","fin":"fin de la route D125","categorie":"4","es":"30","cl_admin":null,"largeur":"de 3m à 7m","gestion":"Probable route communale ou intercommunale","com_conc":"Garges-lès-Gonesse","com_conid":"95268"},"geometry":{"type":"MultiLineString","coordinates":[[[2.400018,48.973401],[2.399918,48.973352]]]}},{"type":"Feature","properties":{"tsid":"TS09500196","name":"PL CHARLES LEBRUN","debut":"fin de la route R DES BASSERONS","fin":"fin de la route R SAINT-DENIS","categorie":"4","es":"30","cl_admin":null,"largeur":"5m","gestion":"Probable route communale ou intercommunale","com_conc":"Montmorency","com_conid":"95428"},"geometry":{"type":"MultiLineString","coordinates":[[[2.316254,48.983395],[2.316233,48.983073]]]}},{"type":"Feature","properties":{"tsid":"TS09501226","name":"PL ARISTIDE BRIAND","debut":"continue route PL ARISTIDE BRIAND sur 25 m","fin":"fin de la route R DE LA GRANDE CEINTURE","categorie":"4","es":"30","cl_admin":null,"largeur":"5m","gestion":"Probable route communale ou intercommunale","com_conc":"Argenteuil","com_conid":"95018"},"geometry":{"type":"MultiLineString","coordinates":[[[2.256942,48.94937],[2.256641,48.949082],[2.256611,48.948998]]]}},{"type":"Feature","properties":{"tsid":"TS09500710","name":"PL DE LA GARE","debut":"fin de la route R VICTOR HUGO","fin":"Intersection D4,PL DE LA GARE,R DES PRES DE LA NOUE","categorie":"4","es":"30","cl_admin":null,"largeur":"5m","gestion":"Probable route communale ou intercommunale","com_conc":"Champagne-sur-Oise","com_conid":"95134"},"geometry":{"type":"MultiLineString","coordinates":[[[2.241324,49.135756],[2.241316,49.135792]]]}},{"type":"Feature","properties":{"tsid":"TS09501136","name":"PL DE LA LIBERATION","debut":"séparation de la route en R DE LA LIBERATION,R DU CHEMIN DE FER","fin":"continue route PL DE LA LIBERATION sur 18 m","categorie":"4","es":"30","cl_admin":null,"largeur":"5m","gestion":"Probable route communale ou intercommunale","com_conc":"Ézanville","com_conid":"95229"},"geometry":{"type":"MultiLineString","coordinates":[[[2.35894,49.02567],[2.359272,49.025571],[2.359407,49.025618],[2.359324,49.025737],[2.359122,49.025643]]]}},{"type":"Feature","properties":{"tsid":"TS09500127","name":"RTE DE L'ARPENTEUR","debut":"continue route RTE DE L'ARPENTEUR sur 51 m","fin":"continue route RTE DE L'ARPENTEUR sur 51 m","categorie":"3","es":"100","cl_admin":null,"largeur":"de 3m à 7m","gestion":"Probable route communale ou intercommunale","com_conc":"Roissy-en-France","com_conid":"95527"},"geometry":{"type":"MultiLineString","coordinates":[[[2.532299,49.018268],[2.532074,49.01783]]]}},{"type":"Feature","properties":{"tsid":"TS09500126","name":"RTE DE L'ARPENTEUR","debut":"continue route RTE DE L'ARPENTEUR sur 52 m","fin":"continue route RTE DE L'ARPENTEUR sur 52 m","categorie":"3","es":"100","cl_admin":null,"largeur":"de 3m à 7m","gestion":"Probable route communale ou intercommunale","com_conc":"Roissy-en-France","com_conid":"95527"},"geometry":{"type":"MultiLineString","coordinates":[[[2.531822,49.017331],[2.531595,49.016889]]]}},{"type":"Feature","properties":{"tsid":"TS09501298","name":"PL DE LA LIBERATION","debut":"séparation de la route en AV DE VERDUN,R PIERRE CURIE","fin":"Intersection D14,PL DE LA LIBERATION","categorie":"4","es":"30","cl_admin":null,"largeur":"de 3m à 5m","gestion":"Probable route communale ou intercommunale","com_conc":"Pontoise","com_conid":"95500"},"geometry":{"type":"MultiLineString","coordinates":[[[2.090895,49.044421],[2.090992,49.04466],[2.090994,49.044794]]]}},{"type":"Feature","properties":{"tsid":"TS09501297","name":"PL DE LA LIBERATION","debut":"séparation de la route en D14,Route sans nom","fin":"Intersection D14,PL DE LA LIBERATION","categorie":"4","es":"30","cl_admin":null,"largeur":"de 3m à 5m","gestion":"Probable route communale ou intercommunale","com_conc":"Pontoise","com_conid":"95500"},"geometry":{"type":"MultiLineString","coordinates":[[[2.090657,49.044794],[2.09063,49.044705],[2.090734,49.044453],[2.09085,49.044751]]]}},{"type":"Feature","properties":{"tsid":"TS09500172","name":"PL DE LA LIBERATION","debut":"fin de la route R DE L'ARCHE","fin":"continue route PL DE LA LIBERATION sur 52 m","categorie":"4","es":"30","cl_admin":null,"largeur":"4m","gestion":"Probable route communale ou intercommunale","com_conc":"Montigny-lès-Cormeilles","com_conid":"95424"},"geometry":{"type":"MultiLineString","coordinates":[[[2.1898,48.987624],[2.190161,48.987828],[2.190375,48.987892]]]}},{"type":"Feature","properties":{"tsid":"TS09500431","name":"R D'HERBLAY","debut":"fin de la route D14","fin":"fin de la route Route sans nom","categorie":"4","es":"30","cl_admin":null,"largeur":"5m","gestion":"Probable route communale ou intercommunale","com_conc":"Pierrelaye","com_conid":"95488"},"geometry":{"type":"MultiLineString","coordinates":[[[2.154262,49.016125],[2.154325,49.015766],[2.15455,49.01504]]]}},{"type":"Feature","properties":{"tsid":"TS09501050","name":"R D'HERBLAY","debut":"continue route R D'HERBLAY sur 163 m","fin":"fin de la route Route sans nom","categorie":"5","es":"10","cl_admin":null,"largeur":"5m","gestion":"Probable route communale ou intercommunale","com_conc":"Pierrelaye","com_conid":"95488"},"geometry":{"type":"MultiLineString","coordinates":[[[2.154985,49.013606],[2.15455,49.01504]]]}},{"type":"Feature","properties":{"tsid":"TS09500684","name":"PL DE LA REPUBLIQUE","debut":"Intersection PL DE LA REPUBLIQUE,R ETIENNE DOLET","fin":"continue route PL DE LA REPUBLIQUE sur 12 m","categorie":"4","es":"30","cl_admin":null,"largeur":"de 3m à 5m","gestion":"Probable route communale ou intercommunale","com_conc":"Persan","com_conid":"95487"},"geometry":{"type":"MultiLineString","coordinates":[[[2.269675,49.152441],[2.269822,49.152412],[2.269894,49.152502],[2.269844,49.152552],[2.26973,49.152559],[2.269658,49.152501],[2.269675,49.152441]]]}},{"type":"Feature","properties":{"tsid":"TS09500173","name":"R DU GENERAL DE GAULLE","debut":"Intersection D14,R DU GENERAL DE GAULLE","fin":"limite commune Montigny-lès-Cormeilles (95424),Pierrelaye (95424)","categorie":"4","es":"30","cl_admin":null,"largeur":"5m","gestion":"Probable route communale ou intercommunale","com_conc":"Montigny-lès-Cormeilles,Pierrelaye","com_conid":"95424,95488"},"geometry":{"type":"MultiLineString","coordinates":[[[2.194678,48.994318],[2.194727,48.994816],[2.19458,48.996459],[2.194646,48.996718],[2.195177,48.997891],[2.196566,48.999995],[2.196687,49.000501],[2.196624,49.001175],[2.196686,49.001417],[2.197818,49.002976],[2.198105,49.003472],[2.197123,49.005222],[2.196539,49.006152],[2.195379,49.006728]]]}},{"type":"Feature","properties":{"tsid":"TS09500785","name":"R DU GENERAL LECLERC","debut":"fin de la route D109","fin":"continue route R DU GENERAL LECLERC sur 21 m","categorie":"3","es":"100","cl_admin":null,"largeur":"5m","gestion":"Probable route communale ou intercommunale","com_conc":"Saint-Gratien","com_conid":"95555"},"geometry":{"type":"MultiLineString","coordinates":[[[2.285717,48.969013],[2.287397,48.968465],[2.287495,48.96847],[2.287615,48.968381]],[[2.287397,48.968465],[2.287361,48.968415],[2.287401,48.968347],[2.287582,48.968277]]]}},{"type":"Feature","properties":{"tsid":"TS09500605","name":"R DU GENERAL LECLERC","debut":"Intersection R DU GENERAL LECLERC,R SAINT-EXUPERY","fin":"continue route R DU GENERAL LECLERC sur 3 m","categorie":"4","es":"30","cl_admin":null,"largeur":"5m","gestion":"Probable route communale ou intercommunale","com_conc":"Saint-Gratien","com_conid":"95555"},"geometry":{"type":"MultiLineString","coordinates":[[[2.287582,48.968277],[2.287639,48.968324],[2.287615,48.968381]],[[2.287615,48.968286],[2.288961,48.967644]]]}},{"type":"Feature","properties":{"tsid":"TS09500821","name":"R DU MARECHAL FOCH","debut":"debut route R DU MARECHAL FOCH","fin":"fin de la route D192","categorie":"4","es":"30","cl_admin":null,"largeur":"de 3m à 5m","gestion":"Probable route communale ou intercommunale","com_conc":"Ermont","com_conid":"95219"},"geometry":{"type":"MultiLineString","coordinates":[[[2.259256,48.990769],[2.25934,48.990841],[2.259223,48.990818]],[[2.26002,48.991409],[2.259814,48.991136],[2.25934,48.990841]]]}},{"type":"Feature","properties":{"tsid":"TS09500734","name":"R DU MARECHAL FOCH","debut":"fin de la route D407","fin":"fin de la route D106","categorie":"4","es":"30","cl_admin":null,"largeur":"5m","gestion":"Probable route communale ou intercommunale","com_conc":"Taverny","com_conid":"95607"},"geometry":{"type":"MultiLineString","coordinates":[[[2.227146,49.023833],[2.224213,49.025029],[2.221842,49.026156]]]}},{"type":"Feature","properties":{"tsid":"TS09500735","name":"R DU MARECHAL FOCH","debut":"Intersection D407,R DU MARECHAL FOCH","fin":"debut route R DU MARECHAL FOCH","categorie":"4","es":"30","cl_admin":null,"largeur":"5m","gestion":"Probable route communale ou intercommunale","com_conc":"Taverny","com_conid":"95607"},"geometry":{"type":"MultiLineString","coordinates":[[[2.227279,49.023782],[2.231612,49.022132]]]}},{"type":"Feature","properties":{"tsid":"TS09500525","name":"R DU PERREUX","debut":"Intersection AV MAURICE UTRILLO,R DU PERREUX","fin":"Intersection D41,R DU PERREUX","categorie":"4","es":"30","cl_admin":null,"largeur":"5m","gestion":"Probable route communale ou intercommunale","com_conc":"Argenteuil","com_conid":"95018"},"geometry":{"type":"MultiLineString","coordinates":[[[2.234526,48.941713],[2.232896,48.942451],[2.230888,48.943082],[2.230189,48.943246]]]}},{"type":"Feature","properties":{"tsid":"TS09500714","name":"R ELIE ET CORENTIN QUIDEAU","debut":"limite commune Champagne-sur-Oise (95134),Persan (95134)","fin":"limite commune Champagne-sur-Oise (95134),Persan (95134)","categorie":"4","es":"30","cl_admin":null,"largeur":"de 3m à 5m","gestion":"Probable route communale ou intercommunale","com_conc":"Champagne-sur-Oise,Persan","com_conid":"95134,95487"},"geometry":{"type":"MultiLineString","coordinates":[[[2.255082,49.143995],[2.255225,49.144282],[2.254882,49.144081]],[[2.255225,49.144282],[2.256816,49.14504],[2.259441,49.146454],[2.261132,49.147793],[2.262656,49.149145],[2.263064,49.14939]]]}},{"type":"Feature","properties":{"tsid":"TS09500361","name":"R ETIENNE DOLET","debut":"fin de la route PL DE LA REPUBLIQUE","fin":"continue route R ETIENNE DOLET sur 43 m","categorie":"4","es":"30","cl_admin":null,"largeur":"de 3m à 5m","gestion":"Probable route communale ou intercommunale","com_conc":"Persan","com_conid":"95487"},"geometry":{"type":"MultiLineString","coordinates":[[[2.269877,49.152531],[2.2718,49.153144]],[[2.271663,49.153236],[2.271407,49.15307],[2.270398,49.152714]]]}},{"type":"Feature","properties":{"tsid":"TS09500651","name":"R JACQUES VERNIOL","debut":"fin de la route PL DE LA LIBERATION","fin":"continue route R JACQUES VERNIOL sur 64 m","categorie":"4","es":"30","cl_admin":null,"largeur":"4m","gestion":"Probable route communale ou intercommunale","com_conc":"Montigny-lès-Cormeilles","com_conid":"95424"},"geometry":{"type":"MultiLineString","coordinates":[[[2.190375,48.987892],[2.191451,48.98799],[2.193201,48.988563],[2.193596,48.988847],[2.194412,48.989712],[2.195015,48.990124],[2.196972,48.991265],[2.198083,48.992105],[2.198179,48.992356],[2.198294,48.992451]],[[2.19808,48.992484],[2.198052,48.992163],[2.197878,48.991961]]]}},{"type":"Feature","properties":{"tsid":"TS09500779","name":"R VICTOR HUGO","debut":"fin de la route Route sans nom","fin":"fin de la route Route sans nom","categorie":"3","es":"100","cl_admin":null,"largeur":"7m","gestion":"Probable route communale ou intercommunale","com_conc":"Saint-Clair-sur-Epte","com_conid":"95541"},"geometry":{"type":"MultiLineString","coordinates":[[[1.681443,49.206617],[1.681604,49.207129],[1.681551,49.207262],[1.681444,49.207331],[1.681298,49.207382],[1.681101,49.207375],[1.680369,49.207128]]]}},{"type":"Feature","properties":{"tsid":"TS09500154","name":"R JEAN JAURES","debut":"continue route R JEAN JAURES sur 128 m","fin":"Intersection R JEAN JAURES,Route sans nom","categorie":"4","es":"30","cl_admin":null,"largeur":"de 4m à 5m","gestion":"Probable route communale ou intercommunale","com_conc":"Arnouville,Gonesse","com_conid":"95019,95277"},"geometry":{"type":"MultiLineString","coordinates":[[[2.416614,48.993184],[2.418303,48.994313],[2.41738,48.993761],[2.416641,48.993254],[2.416558,48.993067],[2.416554,48.992934],[2.417017,48.992092]],[[2.42053,48.996178],[2.420255,48.995989],[2.418981,48.994765],[2.418303,48.994313]]]}},{"type":"Feature","properties":{"tsid":"TS09501236","name":"R JEAN JAURES","debut":"limite commune Argenteuil (95063),Bezons (95063)","fin":"Intersection R JEAN JAURES,R ROBERT BRANCHARD","categorie":"4","es":"30","cl_admin":null,"largeur":"5m","gestion":"Probable route communale ou intercommunale","com_conc":"Bezons,Argenteuil","com_conid":"95063,95018"},"geometry":{"type":"MultiLineString","coordinates":[[[2.225662,48.929208],[2.2236,48.928076],[2.220022,48.924192]]]}},{"type":"Feature","properties":{"tsid":"TS09500242","name":"R JEAN LAUGERE","debut":"séparation de la route en AV DENIS PAPIN,Route sans nom","fin":"continue route R JEAN LAUGERE sur 9 m","categorie":"4","es":"30","cl_admin":null,"largeur":"de 4m à 5m","gestion":"Probable route communale ou intercommunale","com_conc":"Arnouville","com_conid":"95019"},"geometry":{"type":"MultiLineString","coordinates":[[[2.415995,48.994505],[2.416257,48.994556],[2.416861,48.994939],[2.416826,48.994967],[2.416122,48.994521]],[[2.419441,48.996764],[2.41937,48.996626],[2.419236,48.996515],[2.417936,48.995722],[2.416826,48.994967]],[[2.419618,48.996724],[2.416861,48.994939]]]}},{"type":"Feature","properties":{"tsid":"TS09500754","name":"R JEAN LAUGERE","debut":"fin de la route Route sans nom","fin":"séparation de la route en AV DENIS PAPIN,Route sans nom","categorie":"5","es":"10","cl_admin":null,"largeur":"5m","gestion":"Probable route communale ou intercommunale","com_conc":"Arnouville","com_conid":"95019"},"geometry":{"type":"MultiLineString","coordinates":[[[2.415746,48.994298],[2.415796,48.994333]]]}},{"type":"Feature","properties":{"tsid":"TS09501048","name":"R JEAN LURCAT","debut":"continue route R JEAN LURCAT sur 56 m","fin":"continue route R JEAN LURCAT sur 74 m","categorie":"4","es":"30","cl_admin":null,"largeur":"de 4m à 7m","gestion":"Probable route communale ou intercommunale","com_conc":"Argenteuil","com_conid":"95018"},"geometry":{"type":"MultiLineString","coordinates":[[[2.227694,48.952695],[2.22987,48.950973],[2.230076,48.950883],[2.227769,48.952739]],[[2.231019,48.949863],[2.230872,48.950129],[2.230519,48.950526],[2.230076,48.950883]]]}},{"type":"Feature","properties":{"tsid":"TS09500312","name":"R JEAN NICOLAS LEVEAU","debut":"fin de la route CHE DES BOEUFS","fin":"fin de la route R THIBIVILLIERS","categorie":"4","es":"30","cl_admin":null,"largeur":"3m","gestion":"Probable route communale ou intercommunale","com_conc":"Pierrelaye","com_conid":"95488"},"geometry":{"type":"MultiLineString","coordinates":[[[2.144052,49.023109],[2.144124,49.023004],[2.144537,49.022834]]]}},{"type":"Feature","properties":{"tsid":"TS09500164","name":"R JULES FERRY","debut":"séparation de la route en R ANATOLE FRANCE,R JULES VINCENT","fin":"fin de la route R DE LA STATION","categorie":"5","es":"10","cl_admin":null,"largeur":"3m","gestion":"Probable route communale ou intercommunale","com_conc":"Groslay","com_conid":"95288"},"geometry":{"type":"MultiLineString","coordinates":[[[2.347427,48.984615],[2.347942,48.984768]]]}},{"type":"Feature","properties":{"tsid":"TS09500999","name":"R PIERRE DE COUBERTIN","debut":"debut route R PIERRE DE COUBERTIN","fin":"continue route R PIERRE DE COUBERTIN sur 29 m","categorie":"4","es":"30","cl_admin":null,"largeur":"5m","gestion":"Probable route communale ou intercommunale","com_conc":"Taverny","com_conid":"95607"},"geometry":{"type":"MultiLineString","coordinates":[[[2.213143,49.019399],[2.213495,49.019274],[2.213428,49.019428],[2.213235,49.019468]],[[2.213428,49.019428],[2.213416,49.019601]],[[2.213495,49.019274],[2.213996,49.018858],[2.214335,49.018773],[2.215611,49.018906],[2.21624,49.01903],[2.216938,49.01925],[2.217908,49.019807],[2.218856,49.020698],[2.219033,49.020754],[2.219138,49.020981],[2.219614,49.021454]]]}},{"type":"Feature","properties":{"tsid":"TS09501160","name":"RTE DE L'ARPENTEUR","debut":"continue route RTE DE L'ARPENTEUR sur 57 m","fin":"limite commune Épiais-lès-Louvres (95212),Mauregard (95212)","categorie":"3","es":"100","cl_admin":null,"largeur":"7m","gestion":"Probable route communale ou intercommunale","com_conc":"Épiais-lès-Louvres","com_conid":"95212"},"geometry":{"type":"MultiLineString","coordinates":[[[2.535326,49.024305],[2.535087,49.02382]]]}},{"type":"Feature","properties":{"tsid":"TS09500747","name":"R RAYMOND BERRIVIN","debut":"debut route R RAYMOND BERRIVIN","fin":"fin de la route D22","categorie":"4","es":"30","cl_admin":null,"largeur":"de 3m à 5m","gestion":"Probable route communale ou intercommunale","com_conc":"Courdimanche","com_conid":"95183"},"geometry":{"type":"MultiLineString","coordinates":[[[1.99932,49.036051],[2.000081,49.035847],[2.000185,49.035746],[2.000467,49.035215],[2.000515,49.035066],[2.000569,49.03352],[2.000455,49.033228],[1.999015,49.0317],[1.998899,49.030363],[1.998894,49.0297],[1.998942,49.029404],[1.998845,49.02926]],[[1.999143,49.029236],[1.998986,49.029521],[1.998906,49.029793]],[[1.999012,49.031671],[1.999113,49.031654],[1.999023,49.031501]],[[1.999113,49.031654],[1.999132,49.031698],[1.999069,49.031724]]]}},{"type":"Feature","properties":{"tsid":"TS09500673","name":"R ROUGET DE L'ISLE","debut":"fin de la route Route sans nom","fin":"fin de la route Route sans nom","categorie":"3","es":"100","cl_admin":null,"largeur":"5m","gestion":"Probable route communale ou intercommunale","com_conc":"Saint-Clair-sur-Epte","com_conid":"95541"},"geometry":{"type":"MultiLineString","coordinates":[[[1.678141,49.205216],[1.67781,49.204913],[1.677298,49.204608],[1.676734,49.203989],[1.676564,49.203874]]]}},{"type":"Feature","properties":{"tsid":"TS09500415","name":"R ROUGET DE LISLE","debut":"limite commune Bezons (95063),Argenteuil (95063)","fin":"fin de la route R ALBERT 1ER","categorie":"4","es":"30","cl_admin":null,"largeur":"5m","gestion":"Probable route communale ou intercommunale","com_conc":"Bezons,Argenteuil","com_conid":"95063,95018"},"geometry":{"type":"MultiLineString","coordinates":[[[2.220024,48.934849],[2.219705,48.934835],[2.218324,48.934476],[2.217652,48.934378],[2.215161,48.934769],[2.213176,48.934916],[2.212533,48.93491],[2.209151,48.934235]]]}},{"type":"Feature","properties":{"tsid":"TS09501170","name":"R SAINT-DENIS","debut":"debut route R SAINT-DENIS","fin":"fin de la route D144","categorie":"4","es":"30","cl_admin":null,"largeur":"5m","gestion":"Probable route communale ou intercommunale","com_conc":"Montmorency","com_conid":"95428"},"geometry":{"type":"MultiLineString","coordinates":[[[2.316233,48.983073],[2.316339,48.98295],[2.316396,48.982749],[2.316734,48.982315],[2.317143,48.981319],[2.31708,48.98096],[2.316696,48.979715]]]}},{"type":"Feature","properties":{"tsid":"TS09500523","name":"R SALVADOR ALLENDE","debut":"fin de la route Route sans nom","fin":"limite départementale","categorie":"4","es":"30","cl_admin":null,"largeur":"5m","gestion":"Probable route communale ou intercommunale","com_conc":"Bezons,Carrières-sur-Seine","com_conid":"95063,78124"},"geometry":{"type":"MultiLineString","coordinates":[[[2.214207,48.919501],[2.212678,48.918147],[2.210002,48.916597],[2.209528,48.916375],[2.208996,48.916199],[2.207172,48.915781],[2.206216,48.915488],[2.203862,48.914539]]]}},{"type":"Feature","properties":{"tsid":"TS09500790","name":"R SALVADOR ALLENDE","debut":"debut route R SALVADOR ALLENDE","fin":"fin de la route AV JEAN JAURES","categorie":"4","es":"30","cl_admin":null,"largeur":"5m","gestion":"Probable route communale ou intercommunale","com_conc":"Éragny","com_conid":"95218"},"geometry":{"type":"MultiLineString","coordinates":[[[2.098689,49.016722],[2.098977,49.016916],[2.098628,49.016821]],[[2.099545,49.017323],[2.099661,49.017333],[2.099645,49.017396],[2.099556,49.017401],[2.099545,49.017323],[2.098977,49.016916]],[[2.105054,49.021251],[2.104898,49.021183],[2.103015,49.019873],[2.099645,49.017396]]]}},{"type":"Feature","properties":{"tsid":"TS09500737","name":"RPT DU CHENE","debut":"Intersection AV DU TERROIR,RPT DU CHENE","fin":"continue route RPT DU CHENE sur 31 m","categorie":"4","es":"30","cl_admin":null,"largeur":"5m","gestion":"Probable route communale ou intercommunale","com_conc":"Cergy","com_conid":"95127"},"geometry":{"type":"MultiLineString","coordinates":[[[2.022301,49.047123],[2.022294,49.047029],[2.022377,49.046844],[2.022604,49.046699],[2.022844,49.046653],[2.023088,49.046661],[2.02335,49.046753],[2.023545,49.046994],[2.023521,49.047191],[2.023409,49.047345],[2.022979,49.04747],[2.022532,49.047382],[2.022354,49.04725],[2.022301,49.047123]]]}},{"type":"Feature","properties":{"tsid":"TS09501261","name":"RPT DU GOLF","debut":"Intersection BD DE L'OISE,RPT DU GOLF","fin":"continue route RPT DU GOLF sur 13 m","categorie":"3","es":"100","cl_admin":null,"largeur":"5m","gestion":"Probable route communale ou intercommunale","com_conc":"Cergy,Courdimanche","com_conid":"95127,95183"},"geometry":{"type":"MultiLineString","coordinates":[[[2.016163,49.040409],[2.015899,49.040374],[2.015785,49.040284],[2.015747,49.040111],[2.015831,49.039986],[2.01606,49.039916],[2.016282,49.039933],[2.016461,49.040046],[2.016493,49.040204]]]}},{"type":"Feature","properties":{"tsid":"TS09500797","name":"RPT DU GOLF","debut":"continue route RPT DU GOLF sur 16 m","fin":"continue route RPT DU GOLF sur 16 m","categorie":"4","es":"30","cl_admin":null,"largeur":"de 3m à 5m","gestion":"Probable route communale ou intercommunale","com_conc":"Cergy","com_conid":"95127"},"geometry":{"type":"MultiLineString","coordinates":[[[2.016372,49.040461],[2.016363,49.040354],[2.016163,49.040409]],[[2.016493,49.040204],[2.016363,49.040354]]]}},{"type":"Feature","properties":{"tsid":"TS09500767","name":"RPT DU HAUT DE GENCY","debut":"continue route RPT DU HAUT DE GENCY sur 34 m","fin":"Intersection Route sans nom,RPT DU HAUT DE GENCY","categorie":"4","es":"30","cl_admin":null,"largeur":"5m","gestion":"Probable route communale ou intercommunale","com_conc":"Cergy","com_conid":"95127"},"geometry":{"type":"MultiLineString","coordinates":[[[2.044267,49.048369],[2.044156,49.048241],[2.044118,49.048049],[2.044217,49.047892],[2.044376,49.047792],[2.044623,49.047752],[2.044871,49.047778],[2.045081,49.047887],[2.045183,49.048018],[2.045194,49.048136],[2.045135,49.048269],[2.044943,49.048397],[2.044635,49.048457],[2.044267,49.048369]]]}},{"type":"Feature","properties":{"tsid":"TS09500642","name":"RPT DU JOUR","debut":"Intersection AV DU BONTEMPS,RPT DU JOUR","fin":"continue route RPT DU JOUR sur 20 m","categorie":"3","es":"100","cl_admin":null,"largeur":"5m","gestion":"Probable route communale ou intercommunale","com_conc":"Cergy","com_conid":"95127"},"geometry":{"type":"MultiLineString","coordinates":[[[2.014117,49.053271],[2.014068,49.053375],[2.013889,49.053442]]]}},{"type":"Feature","properties":{"tsid":"TS09500125","name":"RTE DE L'ARPENTEUR","debut":"continue route RTE DE L'ARPENTEUR sur 129 m","fin":"continue route RTE DE L'ARPENTEUR sur 129 m","categorie":"3","es":"100","cl_admin":null,"largeur":"de 3m à 7m","gestion":"Probable route communale ou intercommunale","com_conc":"Roissy-en-France","com_conid":"95527"},"geometry":{"type":"MultiLineString","coordinates":[[[2.53135,49.016401],[2.53098,49.015688],[2.530705,49.015322]]]}},{"type":"Feature","properties":{"tsid":"TS09500021","name":"RPT DU JOUR","debut":"Intersection BD D'ERKRATH,RPT DU JOUR","fin":"continue route RPT DU JOUR sur 54 m","categorie":"4","es":"30","cl_admin":null,"largeur":"5m","gestion":"Probable route communale ou intercommunale","com_conc":"Cergy","com_conid":"95127"},"geometry":{"type":"MultiLineString","coordinates":[[[2.013889,49.053442],[2.013689,49.053404],[2.013457,49.053236],[2.013404,49.053137],[2.013466,49.053007],[2.013614,49.052949],[2.01383,49.053013],[2.014117,49.053271]]]}},{"type":"Feature","properties":{"tsid":"TS09500520","name":"RPT DU MIROIR","debut":"continue route RPT DU MIROIR sur 36 m","fin":"Intersection BD SAINTE-APOLLINE,RPT DU MIROIR","categorie":"4","es":"30","cl_admin":null,"largeur":"5m","gestion":"Probable route communale ou intercommunale","com_conc":"Courdimanche","com_conid":"95183"},"geometry":{"type":"MultiLineString","coordinates":[[[2.005715,49.044921],[2.00568,49.044765],[2.005754,49.044615],[2.006031,49.044476],[2.006465,49.044551],[2.006561,49.044619],[2.006605,49.044721],[2.006549,49.044945],[2.006257,49.045087],[2.005952,49.045064],[2.005715,49.044921]]]}},{"type":"Feature","properties":{"tsid":"TS09500033","name":"RPT DU TILLEUL","debut":"continue route RPT DU TILLEUL sur 46 m","fin":"Intersection BD DE L'OISE,RPT DU TILLEUL","categorie":"4","es":"30","cl_admin":null,"largeur":"5m","gestion":"Probable route communale ou intercommunale","com_conc":"Cergy","com_conid":"95127"},"geometry":{"type":"MultiLineString","coordinates":[[[2.033004,49.04286],[2.033082,49.042695],[2.033259,49.042653],[2.033509,49.042706],[2.03358,49.042766],[2.033596,49.042851],[2.033493,49.042965],[2.033278,49.043004],[2.033088,49.042961],[2.033004,49.04286]]]}},{"type":"Feature","properties":{"tsid":"TS09500675","name":"RTE D'ENNERY","debut":"séparation de la route en R PASTEUR,R SAINT-JEAN","fin":"continue route RTE D'ENNERY sur 62 m","categorie":"4","es":"30","cl_admin":null,"largeur":"5m","gestion":"Probable route communale ou intercommunale","com_conc":"Osny","com_conid":"95476"},"geometry":{"type":"MultiLineString","coordinates":[[[2.070856,49.06401],[2.071103,49.0641],[2.072065,49.064674],[2.073182,49.064873],[2.074525,49.066124],[2.074922,49.066822],[2.074888,49.06692],[2.075058,49.066946],[2.075114,49.066904],[2.075106,49.066848],[2.074922,49.066822]],[[2.08202,49.070549],[2.081554,49.070437],[2.080332,49.069907],[2.077184,49.068365],[2.075612,49.067491],[2.075174,49.067135],[2.075024,49.066954]],[[2.08182,49.070744],[2.081554,49.070437]]]}},{"type":"Feature","properties":{"tsid":"TS09500245","name":"RTE DE BONNEUIL","debut":"fin de la route R JACQUELINE AURIOL","fin":"fin de la route Route sans nom","categorie":"3","es":"100","cl_admin":null,"largeur":"5m","gestion":"Probable route communale ou intercommunale","com_conc":"Gonesse","com_conid":"95277"},"geometry":{"type":"MultiLineString","coordinates":[[[2.440223,48.980943],[2.437443,48.979853],[2.435634,48.979037]]]}},{"type":"Feature","properties":{"tsid":"TS09500246","name":"RTE DE BONNEUIL","debut":"fin de la route RPT DE LA CROIX SAINT-BENOIT","fin":"continue route RTE DE BONNEUIL sur 16 m","categorie":"3","es":"100","cl_admin":null,"largeur":"5m","gestion":"Probable route communale ou intercommunale","com_conc":"Gonesse","com_conid":"95277"},"geometry":{"type":"MultiLineString","coordinates":[[[2.442149,48.980815],[2.441938,48.980864],[2.442062,48.980751]]]}},{"type":"Feature","properties":{"tsid":"TS09501009","name":"RTE DE BONNEUIL","debut":"fin de la route D84","fin":"limite commune Arnouville (95019),Bonneuil-en-France (95019)","categorie":"4","es":"30","cl_admin":null,"largeur":"5m","gestion":"Probable route communale ou intercommunale","com_conc":"Bonneuil-en-France,Arnouville","com_conid":"95088,95019"},"geometry":{"type":"MultiLineString","coordinates":[[[2.423343,48.976517],[2.425224,48.97596]]]}},{"type":"Feature","properties":{"tsid":"TS09500285","name":"RTE DE CONFLANS","debut":"Intersection Route sans nom,RTE DE CONFLANS","fin":"limite commune Pierrelaye (95488),Herblay-sur-Seine (95488)","categorie":"4","es":"30","cl_admin":null,"largeur":"5m","gestion":"Probable route communale ou intercommunale","com_conc":"Herblay-sur-Seine,Pierrelaye","com_conid":"95306,95488"},"geometry":{"type":"MultiLineString","coordinates":[[[2.139242,49.017526],[2.138305,49.016662],[2.136747,49.01537]]]}},{"type":"Feature","properties":{"tsid":"TS09500996","name":"RTE DE GONESSE","debut":"fin de la route D47","fin":"debut route RTE DE GONESSE","categorie":"4","es":"30","cl_admin":null,"largeur":"3m","gestion":"Probable route communale ou intercommunale","com_conc":"Le Thillay","com_conid":"95612"},"geometry":{"type":"MultiLineString","coordinates":[[[2.464486,48.998347],[2.46487,48.998413]]]}},{"type":"Feature","properties":{"tsid":"TS09500752","name":"RTE DE GONESSE","debut":"fin de la route D47","fin":"fin de la route Route sans nom","categorie":"5","es":"10","cl_admin":null,"largeur":"5m","gestion":"Probable route communale ou intercommunale","com_conc":"Le Thillay","com_conid":"95612"},"geometry":{"type":"MultiLineString","coordinates":[[[2.464368,48.998184],[2.465686,48.998704],[2.466555,48.999115],[2.467116,48.999479],[2.467461,48.999804]]]}},{"type":"Feature","properties":{"tsid":"TS09501159","name":"RTE DE L'ARPENTEUR","debut":"limite commune Mauregard (95527),Roissy-en-France (95527)","fin":"continue route RTE DE L'ARPENTEUR sur 32 m","categorie":"3","es":"100","cl_admin":null,"largeur":"7m","gestion":"Probable route communale ou intercommunale","com_conc":"Roissy-en-France","com_conid":"95527"},"geometry":{"type":"MultiLineString","coordinates":[[[2.53488,49.023404],[2.534743,49.023131]]]}},{"type":"Feature","properties":{"tsid":"TS09500128","name":"RTE DE L'ARPENTEUR","debut":"fin de la route Route sans nom","fin":"fin de la route Route sans nom","categorie":"3","es":"100","cl_admin":null,"largeur":"de 3m à 7m","gestion":"Probable route communale ou intercommunale","com_conc":"Roissy-en-France","com_conid":"95527"},"geometry":{"type":"MultiLineString","coordinates":[[[2.532546,49.018757],[2.533353,49.020355]]]}},{"type":"Feature","properties":{"tsid":"TS09500124","name":"RTE DE L'ARPENTEUR","debut":"continue route RTE DE L'ARPENTEUR sur 37 m","fin":"fin de la route D902A","categorie":"3","es":"100","cl_admin":null,"largeur":"de 3m à 7m","gestion":"Probable route communale ou intercommunale","com_conc":"Roissy-en-France","com_conid":"95527"},"geometry":{"type":"MultiLineString","coordinates":[[[2.505689,49.005965],[2.505871,49.006112],[2.50607,49.006149],[2.505562,49.006138]],[[2.50607,49.006149],[2.508995,49.006288],[2.509807,49.006434],[2.511932,49.007266],[2.512645,49.007603],[2.513199,49.008031],[2.513589,49.008543],[2.514242,49.010177],[2.514564,49.010822],[2.514957,49.011231],[2.515784,49.011728],[2.516531,49.011957],[2.517303,49.012058],[2.520492,49.012238],[2.521241,49.012215]]]}},{"type":"Feature","properties":{"tsid":"TS09501004","name":"RTE DE L'ARPENTEUR","debut":"continue route RTE DE L'ARPENTEUR sur 47 m","fin":"continue route RTE DE L'ARPENTEUR sur 253 m","categorie":"4","es":"30","cl_admin":null,"largeur":"7m","gestion":"Probable route communale ou intercommunale","com_conc":"Épiais-lès-Louvres","com_conid":"95212"},"geometry":{"type":"MultiLineString","coordinates":[[[2.534189,49.027786],[2.534619,49.027813],[2.535268,49.027746],[2.535892,49.027552],[2.536318,49.027195],[2.536437,49.026907],[2.536407,49.026564]]]}},{"type":"Feature","properties":{"tsid":"TS09500787","name":"RTE DE LA GARE AU THILLAY","debut":"continue route RTE DE LA GARE AU THILLAY sur 65 m","fin":"limite commune Le Thillay (95280),Goussainville (95280)","categorie":"5","es":"10","cl_admin":null,"largeur":"5m","gestion":"Probable route communale ou intercommunale","com_conc":"Goussainville,Le Thillay","com_conid":"95280,95612"},"geometry":{"type":"MultiLineString","coordinates":[[[2.472551,49.009729],[2.472561,49.009925],[2.472453,49.010309]]]}},{"type":"Feature","properties":{"tsid":"TS09501289","name":"RTE DE LA TETE RICHARD","debut":"continue route RTE DE LA TETE RICHARD sur 25 m","fin":"fin de la route D11","categorie":"4","es":"30","cl_admin":null,"largeur":"de 3m à 5m","gestion":"Probable route communale ou intercommunale","com_conc":"Piscop","com_conid":"95489"},"geometry":{"type":"MultiLineString","coordinates":[[[2.349353,49.018285],[2.3496,49.018448],[2.349277,49.01839]],[[2.3496,49.018448],[2.351938,49.0195],[2.352178,49.019664],[2.35346,49.021076],[2.354196,49.02214],[2.355497,49.023834],[2.355644,49.023958],[2.357398,49.024859],[2.357447,49.025014],[2.357389,49.025498],[2.357611,49.025714]]]}},{"type":"Feature","properties":{"tsid":"TS09501038","name":"RTE DE MONTLIGNON","debut":"séparation de la route en AV DU MARECHAL DODE,R DU 18 JUIN 1940","fin":"debut route RTE DE MONTLIGNON","categorie":"3","es":"100","cl_admin":null,"largeur":"de 3m à 5m","gestion":"Probable route communale ou intercommunale","com_conc":"Eaubonne","com_conid":"95203"},"geometry":{"type":"MultiLineString","coordinates":[[[2.276379,48.996097],[2.277066,48.997582],[2.277218,48.998283],[2.277502,48.999044],[2.277851,48.999801],[2.278356,49.000452],[2.279048,49.001069],[2.280947,49.003248],[2.281217,49.003402]],[[2.280947,49.003248],[2.281095,49.003479]]]}},{"type":"Feature","properties":{"tsid":"TS09501037","name":"RTE DE MONTLIGNON","debut":"debut route RTE DE MONTLIGNON","fin":"fin de la route D928","categorie":"3","es":"100","cl_admin":null,"largeur":"de 3m à 5m","gestion":"Probable route communale ou intercommunale","com_conc":"Eaubonne","com_conid":"95203"},"geometry":{"type":"MultiLineString","coordinates":[[[2.275791,48.995024],[2.275782,48.995214],[2.275499,48.995109]]]}},{"type":"Feature","properties":{"tsid":"TS09500303","name":"RTE DE PARIS","debut":"debut route RTE DE PARIS","fin":"séparation de la route en D909,Route sans nom","categorie":"3","es":"100","cl_admin":null,"largeur":"de 3m à 5m","gestion":"Probable route communale ou intercommunale","com_conc":"Belloy-en-France","com_conid":"95056"},"geometry":{"type":"MultiLineString","coordinates":[[[2.367046,49.107868],[2.367091,49.108028],[2.367073,49.108221],[2.367174,49.108158],[2.367329,49.108149],[2.367064,49.107902],[2.366143,49.105931],[2.366152,49.105434],[2.366105,49.105289]],[[2.366418,49.105352],[2.366261,49.105434],[2.36613,49.105643]],[[2.367046,49.108302],[2.367073,49.108221]],[[2.367329,49.108149],[2.367449,49.108213],[2.367465,49.108337]]]}},{"type":"Feature","properties":{"tsid":"TS09500171","name":"RTE DE PARIS","debut":"fin de la route AV GEORGES CLEMENCEAU","fin":"continue route RTE DE PARIS sur 708 m","categorie":"4","es":"30","cl_admin":null,"largeur":"de 4m à 5m","gestion":"Probable route communale ou intercommunale","com_conc":"Belloy-en-France,Viarmes","com_conid":"95056,95652"},"geometry":{"type":"MultiLineString","coordinates":[[[2.365354,49.115346],[2.365268,49.114992],[2.365516,49.114207],[2.365541,49.113906],[2.365474,49.113493],[2.364925,49.111889],[2.364925,49.111624],[2.365044,49.111377],[2.365228,49.111199],[2.366378,49.110579],[2.366706,49.110307],[2.366898,49.110068],[2.367063,49.109731],[2.367124,49.109452],[2.367137,49.10851],[2.367046,49.108302]],[[2.367147,49.109025],[2.367189,49.108647],[2.367311,49.108432],[2.367088,49.108376]],[[2.367465,49.108337],[2.367311,49.108432]]]}},{"type":"Feature","properties":{"tsid":"TS09500275","name":"RTE DE PIERRELAYE","debut":"limite commune Pierrelaye (95306),Herblay-sur-Seine (95306)","fin":"limite commune Herblay-sur-Seine (95306),Pierrelaye (95306)","categorie":"4","es":"30","cl_admin":null,"largeur":"de 4m à 5m","gestion":"Probable route communale ou intercommunale","com_conc":"Pierrelaye","com_conid":"95488"},"geometry":{"type":"MultiLineString","coordinates":[[[2.154691,49.007151],[2.154662,49.007077],[2.154714,49.006899]]]}},{"type":"Feature","properties":{"tsid":"TS09500277","name":"RTE DE PIERRELAYE","debut":"limite commune Herblay-sur-Seine (95306),Pierrelaye (95306)","fin":"continue route RTE DE PIERRELAYE sur 142 m","categorie":"4","es":"30","cl_admin":null,"largeur":"de 4m à 5m","gestion":"Probable route communale ou intercommunale","com_conc":"Herblay-sur-Seine,Pierrelaye","com_conid":"95306,95488"},"geometry":{"type":"MultiLineString","coordinates":[[[2.155261,49.011787],[2.157047,49.011324],[2.158325,49.010363],[2.158609,49.01004],[2.158602,49.009922]],[[2.158884,49.010108],[2.158607,49.01017],[2.158325,49.010363]]]}},{"type":"Feature","properties":{"tsid":"TS09500276","name":"RTE DE PIERRELAYE","debut":"limite commune Herblay-sur-Seine (95306),Pierrelaye (95306)","fin":"continue route RTE DE PIERRELAYE sur 33 m","categorie":"4","es":"30","cl_admin":null,"largeur":"de 4m à 5m","gestion":"Probable route communale ou intercommunale","com_conc":"Herblay-sur-Seine,Pierrelaye","com_conid":"95306,95488"},"geometry":{"type":"MultiLineString","coordinates":[[[2.155361,49.005038],[2.155613,49.004734],[2.156163,49.004291],[2.157187,49.003282],[2.157519,49.003089],[2.158442,49.002259],[2.158528,49.002133],[2.15845,49.002323],[2.158351,49.00242],[2.157614,49.003083],[2.157241,49.003244]],[[2.161275,48.998519],[2.16134,48.99864],[2.158613,49.001944],[2.158528,49.002133]],[[2.161423,48.998514],[2.16134,48.99864]]]}},{"type":"Feature","properties":{"tsid":"TS09500408","name":"RTE DE PUISEUX","debut":"fin de la route Route sans nom","fin":"limite commune Châtenay-en-France (95241),Fontenay-en-Parisis (95241)","categorie":"3","es":"100","cl_admin":null,"largeur":"4m","gestion":"Probable route communale ou intercommunale","com_conc":"Fontenay-en-Parisis,Châtenay-en-France","com_conid":"95241,95144"},"geometry":{"type":"MultiLineString","coordinates":[[[2.458907,49.056323],[2.459433,49.056975],[2.460283,49.057845],[2.460576,49.058217],[2.460772,49.058574],[2.460987,49.058789],[2.462016,49.059438],[2.463146,49.060043]]]}},{"type":"Feature","properties":{"tsid":"TS09500123","name":"RTE DE ROYAUMONT","debut":"fin de la route R DE PARIS","fin":"continue route RTE DE ROYAUMONT sur 36 m","categorie":"3","es":"100","cl_admin":null,"largeur":"de 3m à 5m","gestion":"Probable route communale ou intercommunale","com_conc":"Viarmes,Asnières-sur-Oise","com_conid":"95652,95026"},"geometry":{"type":"MultiLineString","coordinates":[[[2.370385,49.129993],[2.370558,49.130298],[2.370461,49.129939]],[[2.370558,49.130298],[2.373087,49.137193],[2.373094,49.137544],[2.373028,49.137643]],[[2.373087,49.137193],[2.373242,49.137447],[2.373444,49.137597]]]}},{"type":"Feature","properties":{"tsid":"TS09500664","name":"RTE DES BRUYERES","debut":"fin de la route D922Z","fin":"continue route RTE DES BRUYERES sur 142 m","categorie":"4","es":"30","cl_admin":null,"largeur":"de 3m à 7m","gestion":"Probable route communale ou intercommunale","com_conc":"Luzarches","com_conid":"95352"},"geometry":{"type":"MultiLineString","coordinates":[[[2.410309,49.116889],[2.410934,49.116712],[2.410526,49.116952],[2.410438,49.117055]],[[2.412669,49.116136],[2.413301,49.116048],[2.413453,49.115997],[2.413327,49.115994],[2.412916,49.116052],[2.411917,49.11634],[2.410934,49.116712]],[[2.417022,49.116239],[2.417442,49.116438],[2.417846,49.116559],[2.417457,49.116348],[2.417022,49.116239],[2.41599,49.115851],[2.415608,49.115793],[2.413453,49.115997]],[[2.41824,49.116708],[2.418347,49.116909],[2.418467,49.116871],[2.418307,49.116739],[2.417846,49.116559]],[[2.418467,49.116871],[2.418562,49.11692],[2.418504,49.117024],[2.41835,49.117004],[2.418347,49.116909]],[[2.418548,49.116896],[2.418783,49.116911],[2.419031,49.116997],[2.41856,49.116984]],[[2.419031,49.116997],[2.421299,49.117783],[2.421236,49.11783],[2.420974,49.117682]],[[2.421299,49.117783],[2.421979,49.117989],[2.421457,49.11791],[2.421236,49.11783]],[[2.421599,49.117938],[2.421621,49.11788]],[[2.421979,49.117989],[2.422677,49.118274],[2.422978,49.118321]],[[2.422973,49.11841],[2.422754,49.118299]]]}},{"type":"Feature","properties":{"tsid":"TS09500932","name":"RTE DES BRUYERES","debut":"séparation de la route en R D'ORADOUR SUR GLANE,R DE MOANDA","fin":"continue route RTE DES BRUYERES sur 19 m","categorie":"4","es":"30","cl_admin":null,"largeur":"de 3m à 5m","gestion":"Probable route communale ou intercommunale","com_conc":"Chaumontel","com_conid":"95149"},"geometry":{"type":"MultiLineString","coordinates":[[[2.425924,49.118696],[2.426773,49.118962],[2.427162,49.119011]],[[2.427046,49.119206],[2.426773,49.118962]]]}},{"type":"Feature","properties":{"tsid":"TS09500614","name":"RTE DES PARQUETS","debut":"limite commune Montlignon (95426),Saint-Prix (95426)","fin":"limite commune Montlignon (95426),Saint-Prix (95426)","categorie":"4","es":"30","cl_admin":null,"largeur":"5m","gestion":"Probable route communale ou intercommunale","com_conc":"Montlignon,Saint-Prix","com_conid":"95426,95574"},"geometry":{"type":"MultiLineString","coordinates":[[[2.28157,49.012841],[2.281566,49.012021],[2.281529,49.01187],[2.281324,49.011515]]]}},{"type":"Feature","properties":{"tsid":"TS09500556","name":"RTE NATIONALE","debut":"continue route RTE NATIONALE sur 306 m","fin":"continue route RTE NATIONALE sur 49 m","categorie":"3","es":"100","cl_admin":null,"largeur":"de 3m à 5m","gestion":"Probable route communale ou intercommunale","com_conc":"Arthies","com_conid":"95024"},"geometry":{"type":"MultiLineString","coordinates":[[[1.791565,49.09374],[1.791872,49.093695],[1.792236,49.093537],[1.794282,49.092303],[1.79456,49.092053],[1.794866,49.091499]],[[1.795042,49.091597],[1.794853,49.091699],[1.794638,49.091941]]]}},{"type":"Feature","properties":{"tsid":"TS09500650","name":"RTE NATIONALE","debut":"fin de la route Route sans nom","fin":"Intersection R GAILLARD,RTE NATIONALE","categorie":"4","es":"30","cl_admin":null,"largeur":"5m","gestion":"Probable route communale ou intercommunale","com_conc":"Arthies","com_conid":"95024"},"geometry":{"type":"MultiLineString","coordinates":[[[1.79148,49.100764],[1.791668,49.098183],[1.791669,49.097657],[1.791589,49.097292],[1.791291,49.096712],[1.790497,49.095905],[1.790331,49.095682],[1.789904,49.094954],[1.78981,49.09458],[1.789866,49.094358],[1.790053,49.094159],[1.790729,49.093818],[1.791565,49.09374]]]}},{"type":"Feature","properties":{"tsid":"TS09500443","name":"RTE PERIPHERIQUE NORD","debut":"fin de la route Route sans nom","fin":"continue route RTE PERIPHERIQUE NORD sur 145 m","categorie":"2","es":"250","cl_admin":null,"largeur":"de 5m à 7m","gestion":"Probable route communale ou intercommunale","com_conc":"Épiais-lès-Louvres","com_conid":"95212"},"geometry":{"type":"MultiLineString","coordinates":[[[2.554553,49.028009],[2.550304,49.027717],[2.549209,49.027689],[2.546182,49.027729],[2.54482,49.027655],[2.540531,49.027132],[2.53932,49.027139],[2.537196,49.02732],[2.53673,49.027283],[2.535783,49.027076]]]}},{"type":"Feature","properties":{"tsid":"TS09500442","name":"RTE PERIPHERIQUE NORD","debut":"Intersection Route sans nom,RTE PERIPHERIQUE NORD","fin":"debut route RTE PERIPHERIQUE NORD","categorie":"2","es":"250","cl_admin":null,"largeur":"de 5m à 7m","gestion":"Probable route communale ou intercommunale","com_conc":"Épiais-lès-Louvres","com_conid":"95212"},"geometry":{"type":"MultiLineString","coordinates":[[[2.532503,49.027214],[2.532732,49.027109],[2.532955,49.027077],[2.533467,49.027183]]]}},{"type":"Feature","properties":{"tsid":"TS09500728","name":"RTE PERIPHERIQUE NORD","debut":"continue route RTE PERIPHERIQUE NORD sur 24 m","fin":"continue route RTE PERIPHERIQUE NORD sur 54 m","categorie":"3","es":"100","cl_admin":null,"largeur":"5m","gestion":"Probable route communale ou intercommunale","com_conc":"Épiais-lès-Louvres","com_conid":"95212"},"geometry":{"type":"MultiLineString","coordinates":[[[2.533711,49.02758],[2.533589,49.027738],[2.533369,49.027866],[2.53309,49.027904],[2.532802,49.027856],[2.532485,49.027615],[2.532439,49.027406],[2.532503,49.027214]]]}},{"type":"Feature","properties":{"tsid":"TS09500708","name":"RTE PERIPHERIQUE NORD","debut":"debut route RTE PERIPHERIQUE NORD","fin":"Intersection RTE DE L'ARPENTEUR,RTE PERIPHERIQUE NORD","categorie":"4","es":"30","cl_admin":null,"largeur":"de 3m à 5m","gestion":"Probable route communale ou intercommunale","com_conc":"Épiais-lès-Louvres","com_conid":"95212"},"geometry":{"type":"MultiLineString","coordinates":[[[2.533673,49.027392],[2.533859,49.027184],[2.533467,49.027183],[2.533673,49.027392],[2.533711,49.02758]],[[2.535783,49.027076],[2.534837,49.027005],[2.534332,49.027061],[2.533859,49.027184]]]}}]}