{"type":"FeatureCollection","features":[{"type":"Feature","properties":{"tsmid":"D095000017001","codeligne":"l17","categorie":"3","tampon":"100","ancients":null,"tmjatv":"540"},"geometry":{"type":"MultiLineString","coordinates":[[[2.484892,48.978035],[2.484905,48.978032]],[[2.484905,48.978032],[2.484919,48.97803]],[[2.484919,48.97803],[2.484932,48.978028]],[[2.484932,48.978028],[2.484945,48.978026]],[[2.484945,48.978026],[2.484958,48.978023]],[[2.484958,48.978023],[2.484971,48.978021]],[[2.484971,48.978021],[2.484984,48.978018]],[[2.484984,48.978018],[2.484998,48.978016]],[[2.484998,48.978016],[2.485011,48.978014]],[[2.485011,48.978014],[2.485024,48.978011]],[[2.485024,48.978011],[2.485037,48.978009]],[[2.485037,48.978009],[2.48505,48.978006]],[[2.48505,48.978006],[2.485063,48.978004]],[[2.485063,48.978004],[2.485077,48.978002]],[[2.485077,48.978002],[2.48509,48.977999]],[[2.48509,48.977999],[2.485103,48.977997]],[[2.485103,48.977997],[2.485116,48.977994]],[[2.485116,48.977994],[2.485129,48.977992]],[[2.485129,48.977992],[2.485142,48.97799]],[[2.485142,48.97799],[2.485156,48.977987]],[[2.485156,48.977987],[2.485169,48.977985]],[[2.485169,48.977985],[2.485182,48.977983]],[[2.485182,48.977983],[2.485195,48.97798]],[[2.485195,48.97798],[2.485208,48.977977]],[[2.485208,48.977977],[2.485221,48.977975]],[[2.485221,48.977975],[2.485234,48.977972]],[[2.485234,48.977972],[2.485247,48.977969]],[[2.485247,48.977969],[2.48526,48.977967]],[[2.48526,48.977967],[2.485273,48.977964]],[[2.485273,48.977964],[2.485286,48.977961]],[[2.485286,48.977961],[2.485299,48.977959]],[[2.485299,48.977959],[2.485312,48.977956]],[[2.485312,48.977956],[2.485325,48.977953]],[[2.485325,48.977953],[2.485338,48.97795]],[[2.485338,48.97795],[2.485352,48.977948]],[[2.485352,48.977948],[2.485365,48.977945]],[[2.485365,48.977945],[2.485378,48.977942]],[[2.485378,48.977942],[2.485391,48.97794]],[[2.485391,48.97794],[2.485404,48.977937]],[[2.485404,48.977937],[2.485417,48.977934]],[[2.485417,48.977934],[2.48543,48.977932]],[[2.48543,48.977932],[2.485443,48.977929]],[[2.485443,48.977929],[2.485456,48.977926]],[[2.485456,48.977926],[2.485469,48.977923]],[[2.485469,48.977923],[2.485482,48.97792]],[[2.485482,48.97792],[2.485494,48.977917]],[[2.485494,48.977917],[2.485507,48.977914]],[[2.485507,48.977914],[2.48552,48.977911]],[[2.48552,48.977911],[2.485533,48.977908]],[[2.485533,48.977908],[2.485546,48.977905]],[[2.485546,48.977905],[2.485559,48.977903]],[[2.485559,48.977903],[2.485572,48.9779]],[[2.485572,48.9779],[2.485585,48.977897]],[[2.485585,48.977897],[2.485598,48.977894]],[[2.485598,48.977894],[2.485611,48.977891]],[[2.485611,48.977891],[2.485623,48.977888]],[[2.485623,48.977888],[2.485636,48.977885]],[[2.485636,48.977885],[2.485649,48.977882]],[[2.485649,48.977882],[2.485662,48.977879]],[[2.485662,48.977879],[2.485675,48.977876]],[[2.485675,48.977876],[2.485688,48.977873]],[[2.485688,48.977873],[2.485701,48.97787]],[[2.485701,48.97787],[2.485714,48.977867]],[[2.485714,48.977867],[2.485726,48.977864]],[[2.485726,48.977864],[2.485739,48.97786]],[[2.485739,48.97786],[2.485752,48.977857]],[[2.485752,48.977857],[2.485765,48.977854]],[[2.485765,48.977854],[2.485777,48.977851]],[[2.485777,48.977851],[2.48579,48.977847]],[[2.48579,48.977847],[2.485803,48.977844]],[[2.485803,48.977844],[2.485816,48.977841]],[[2.485816,48.977841],[2.485828,48.977838]],[[2.485828,48.977838],[2.485841,48.977834]],[[2.485841,48.977834],[2.485854,48.977831]],[[2.485854,48.977831],[2.485866,48.977828]],[[2.485866,48.977828],[2.485879,48.977825]],[[2.485879,48.977825],[2.485892,48.977821]],[[2.485892,48.977821],[2.485905,48.977818]],[[2.485905,48.977818],[2.485917,48.977815]],[[2.485917,48.977815],[2.48593,48.977812]],[[2.48593,48.977812],[2.485943,48.977808]],[[2.485943,48.977808],[2.485956,48.977805]],[[2.485956,48.977805],[2.485968,48.977802]],[[2.485968,48.977802],[2.485981,48.977798]],[[2.485981,48.977798],[2.485994,48.977795]],[[2.485994,48.977795],[2.486006,48.977791]],[[2.486006,48.977791],[2.486019,48.977788]],[[2.486019,48.977788],[2.486031,48.977784]],[[2.486031,48.977784],[2.486044,48.977781]],[[2.486044,48.977781],[2.486056,48.977777]],[[2.486056,48.977777],[2.486069,48.977774]],[[2.486069,48.977774],[2.486081,48.97777]],[[2.486081,48.97777],[2.486094,48.977766]],[[2.486094,48.977766],[2.486107,48.977763]],[[2.486107,48.977763],[2.486119,48.977759]],[[2.486119,48.977759],[2.486132,48.977756]],[[2.486132,48.977756],[2.486144,48.977752]],[[2.486144,48.977752],[2.486157,48.977749]],[[2.486157,48.977749],[2.486169,48.977745]],[[2.486169,48.977745],[2.486182,48.977742]],[[2.486182,48.977742],[2.486194,48.977738]],[[2.486194,48.977738],[2.486207,48.977735]],[[2.486207,48.977735],[2.48622,48.977731]],[[2.48622,48.977731],[2.486232,48.977728]],[[2.486232,48.977728],[2.486244,48.977724]],[[2.486244,48.977724],[2.486257,48.97772]],[[2.486257,48.97772],[2.486269,48.977716]],[[2.486269,48.977716],[2.486282,48.977712]],[[2.486282,48.977712],[2.486294,48.977708]],[[2.486294,48.977708],[2.486306,48.977705]],[[2.486306,48.977705],[2.486319,48.977701]],[[2.486319,48.977701],[2.486331,48.977697]],[[2.486331,48.977697],[2.486343,48.977693]],[[2.486343,48.977693],[2.486356,48.977689]],[[2.486356,48.977689],[2.486368,48.977686]],[[2.486368,48.977686],[2.486381,48.977682]],[[2.486381,48.977682],[2.486393,48.977678]],[[2.486393,48.977678],[2.486405,48.977674]],[[2.486405,48.977674],[2.486418,48.97767]],[[2.486418,48.97767],[2.48643,48.977666]],[[2.48643,48.977666],[2.486442,48.977663]],[[2.486442,48.977663],[2.486455,48.977659]],[[2.486455,48.977659],[2.486467,48.977655]],[[2.486467,48.977655],[2.486479,48.977651]],[[2.486479,48.977651],[2.486492,48.977647]],[[2.486492,48.977647],[2.486504,48.977643]],[[2.486504,48.977643],[2.486516,48.977639]],[[2.486516,48.977639],[2.486528,48.977635]],[[2.486528,48.977635],[2.48654,48.977631]],[[2.48654,48.977631],[2.486553,48.977627]],[[2.486553,48.977627],[2.486565,48.977623]],[[2.486565,48.977623],[2.486577,48.977618]],[[2.486577,48.977618],[2.486589,48.977614]],[[2.486589,48.977614],[2.486601,48.97761]],[[2.486601,48.97761],[2.486613,48.977606]],[[2.486613,48.977606],[2.486625,48.977602]],[[2.486625,48.977602],[2.486638,48.977598]],[[2.486638,48.977598],[2.48665,48.977594]],[[2.48665,48.977594],[2.486662,48.97759]],[[2.486662,48.97759],[2.486674,48.977586]],[[2.486674,48.977586],[2.486686,48.977582]],[[2.486686,48.977582],[2.486698,48.977578]],[[2.486698,48.977578],[2.486711,48.977573]],[[2.486711,48.977573],[2.486723,48.977569]],[[2.486723,48.977569],[2.486735,48.977565]],[[2.486735,48.977565],[2.486747,48.977561]],[[2.486747,48.977561],[2.486759,48.977556]],[[2.486759,48.977556],[2.486771,48.977552]],[[2.486771,48.977552],[2.486783,48.977548]],[[2.486783,48.977548],[2.486795,48.977543]],[[2.486795,48.977543],[2.486807,48.977539]],[[2.486807,48.977539],[2.486818,48.977535]],[[2.486818,48.977535],[2.48683,48.97753]],[[2.48683,48.97753],[2.486842,48.977526]],[[2.486842,48.977526],[2.486854,48.977522]],[[2.486854,48.977522],[2.486866,48.977517]],[[2.486866,48.977517],[2.486878,48.977513]],[[2.486878,48.977513],[2.48689,48.977508]],[[2.48689,48.977508],[2.486902,48.977504]],[[2.486902,48.977504],[2.486914,48.9775]],[[2.486914,48.9775],[2.486926,48.977495]],[[2.486926,48.977495],[2.486938,48.977491]],[[2.486938,48.977491],[2.48695,48.977487]],[[2.48695,48.977487],[2.486962,48.977482]],[[2.486962,48.977482],[2.486974,48.977478]],[[2.486974,48.977478],[2.486986,48.977473]],[[2.486986,48.977473],[2.486997,48.977469]],[[2.486997,48.977469],[2.487009,48.977464]],[[2.487009,48.977464],[2.487021,48.977459]],[[2.487021,48.977459],[2.487032,48.977455]],[[2.487032,48.977455],[2.487044,48.97745]],[[2.487044,48.97745],[2.487056,48.977446]],[[2.487056,48.977446],[2.487067,48.977441]],[[2.487067,48.977441],[2.487079,48.977436]],[[2.487079,48.977436],[2.487091,48.977432]],[[2.487091,48.977432],[2.487103,48.977427]],[[2.487103,48.977427],[2.487114,48.977422]],[[2.487114,48.977422],[2.487126,48.977418]],[[2.487126,48.977418],[2.487138,48.977413]],[[2.487138,48.977413],[2.487149,48.977408]],[[2.487149,48.977408],[2.487161,48.977404]],[[2.487161,48.977404],[2.487173,48.977399]],[[2.487173,48.977399],[2.487185,48.977395]],[[2.487185,48.977395],[2.487196,48.97739]],[[2.487196,48.97739],[2.487208,48.977385]],[[2.487208,48.977385],[2.48722,48.977381]],[[2.48722,48.977381],[2.487231,48.977376]],[[2.487231,48.977376],[2.487243,48.977371]],[[2.487243,48.977371],[2.487254,48.977366]],[[2.487254,48.977366],[2.487266,48.977361]],[[2.487266,48.977361],[2.487277,48.977356]],[[2.487277,48.977356],[2.487288,48.977351]],[[2.487288,48.977351],[2.4873,48.977346]],[[2.4873,48.977346],[2.487311,48.977342]],[[2.487311,48.977342],[2.487323,48.977337]],[[2.487323,48.977337],[2.487334,48.977332]],[[2.487334,48.977332],[2.487346,48.977327]],[[2.487346,48.977327],[2.487357,48.977322]],[[2.487357,48.977322],[2.487369,48.977317]],[[2.487369,48.977317],[2.48738,48.977312]],[[2.48738,48.977312],[2.487392,48.977307]],[[2.487392,48.977307],[2.487403,48.977302]],[[2.487403,48.977302],[2.487415,48.977298]],[[2.487415,48.977298],[2.487426,48.977293]],[[2.487426,48.977293],[2.487437,48.977288]],[[2.487437,48.977288],[2.487449,48.977283]],[[2.487449,48.977283],[2.48746,48.977278]],[[2.48746,48.977278],[2.487471,48.977273]],[[2.487471,48.977273],[2.487483,48.977267]],[[2.487483,48.977267],[2.487494,48.977262]],[[2.487494,48.977262],[2.487505,48.977257]],[[2.487505,48.977257],[2.487516,48.977252]],[[2.487516,48.977252],[2.487527,48.977247]],[[2.487527,48.977247],[2.487539,48.977242]],[[2.487539,48.977242],[2.48755,48.977237]],[[2.48755,48.977237],[2.487561,48.977231]],[[2.487561,48.977231],[2.487572,48.977226]],[[2.487572,48.977226],[2.487583,48.977221]],[[2.487583,48.977221],[2.487595,48.977216]],[[2.487595,48.977216],[2.487606,48.977211]],[[2.487606,48.977211],[2.487617,48.977206]],[[2.487617,48.977206],[2.487628,48.977201]],[[2.487628,48.977201],[2.487639,48.977195]],[[2.487639,48.977195],[2.487651,48.97719]],[[2.487651,48.97719],[2.487662,48.977185]],[[2.487662,48.977185],[2.487673,48.97718]],[[2.487673,48.97718],[2.487684,48.977175]],[[2.487684,48.977175],[2.487695,48.977169]],[[2.487695,48.977169],[2.487706,48.977164]],[[2.487706,48.977164],[2.487717,48.977159]],[[2.487717,48.977159],[2.487728,48.977153]],[[2.487728,48.977153],[2.487739,48.977148]],[[2.487739,48.977148],[2.48775,48.977142]],[[2.48775,48.977142],[2.487761,48.977137]],[[2.487761,48.977137],[2.487772,48.977132]],[[2.487772,48.977132],[2.487783,48.977126]],[[2.487783,48.977126],[2.487793,48.977121]],[[2.487793,48.977121],[2.487804,48.977115]],[[2.487804,48.977115],[2.487815,48.97711]],[[2.487815,48.97711],[2.487826,48.977105]],[[2.487826,48.977105],[2.487837,48.977099]],[[2.487837,48.977099],[2.487848,48.977094]],[[2.487848,48.977094],[2.487859,48.977088]],[[2.487859,48.977088],[2.48787,48.977083]],[[2.48787,48.977083],[2.487881,48.977078]],[[2.487881,48.977078],[2.487892,48.977072]],[[2.487892,48.977072],[2.487903,48.977067]],[[2.487903,48.977067],[2.487913,48.977061]],[[2.487913,48.977061],[2.487924,48.977056]],[[2.487924,48.977056],[2.487935,48.97705]],[[2.487935,48.97705],[2.487945,48.977044]],[[2.487945,48.977044],[2.487956,48.977039]],[[2.487956,48.977039],[2.487967,48.977033]],[[2.487967,48.977033],[2.487977,48.977027]],[[2.487977,48.977027],[2.487988,48.977022]],[[2.487988,48.977022],[2.487999,48.977016]],[[2.487999,48.977016],[2.488009,48.977011]],[[2.488009,48.977011],[2.48802,48.977005]],[[2.48802,48.977005],[2.488031,48.976999]],[[2.488031,48.976999],[2.488041,48.976994]],[[2.488041,48.976994],[2.488052,48.976988]],[[2.488052,48.976988],[2.488062,48.976982]],[[2.488062,48.976982],[2.488073,48.976977]],[[2.488073,48.976977],[2.488084,48.976971]],[[2.488084,48.976971],[2.488094,48.976965]],[[2.488094,48.976965],[2.488105,48.97696]],[[2.488105,48.97696],[2.488116,48.976954]],[[2.488116,48.976954],[2.488126,48.976948]],[[2.488126,48.976948],[2.488136,48.976943]],[[2.488136,48.976943],[2.488147,48.976937]],[[2.488147,48.976937],[2.488157,48.976931]],[[2.488157,48.976931],[2.488168,48.976925]],[[2.488168,48.976925],[2.488178,48.976919]],[[2.488178,48.976919],[2.488188,48.976913]],[[2.488188,48.976913],[2.488199,48.976907]],[[2.488199,48.976907],[2.488209,48.976901]],[[2.488209,48.976901],[2.488219,48.976896]],[[2.488219,48.976896],[2.48823,48.97689]],[[2.48823,48.97689],[2.48824,48.976884]],[[2.48824,48.976884],[2.48825,48.976878]],[[2.48825,48.976878],[2.488261,48.976872]],[[2.488261,48.976872],[2.488271,48.976866]],[[2.488271,48.976866],[2.488281,48.97686]],[[2.488281,48.97686],[2.488292,48.976855]],[[2.488292,48.976855],[2.488302,48.976849]],[[2.488302,48.976849],[2.488312,48.976843]],[[2.488312,48.976843],[2.488323,48.976837]],[[2.488323,48.976837],[2.488333,48.976831]],[[2.488333,48.976831],[2.488343,48.976825]],[[2.488343,48.976825],[2.488353,48.976819]],[[2.488353,48.976819],[2.488364,48.976813]],[[2.488364,48.976813],[2.488374,48.976807]],[[2.488374,48.976807],[2.488384,48.976801]],[[2.488384,48.976801],[2.488394,48.976795]],[[2.488394,48.976795],[2.488404,48.976789]],[[2.488404,48.976789],[2.488414,48.976783]],[[2.488414,48.976783],[2.488424,48.976777]],[[2.488424,48.976777],[2.488434,48.976771]],[[2.488434,48.976771],[2.488444,48.976764]],[[2.488444,48.976764],[2.488454,48.976758]],[[2.488454,48.976758],[2.488464,48.976752]],[[2.488464,48.976752],[2.488474,48.976746]],[[2.488474,48.976746],[2.488484,48.97674]],[[2.488484,48.97674],[2.488494,48.976734]],[[2.488494,48.976734],[2.488504,48.976728]],[[2.488504,48.976728],[2.488514,48.976722]],[[2.488514,48.976722],[2.488524,48.976715]],[[2.488524,48.976715],[2.488534,48.976709]],[[2.488534,48.976709],[2.488544,48.976703]],[[2.488544,48.976703],[2.488554,48.976697]],[[2.488554,48.976697],[2.488564,48.976691]],[[2.488564,48.976691],[2.488574,48.976684]],[[2.488574,48.976684],[2.488583,48.976678]],[[2.488583,48.976678],[2.488593,48.976672]],[[2.488593,48.976672],[2.488603,48.976666]],[[2.488603,48.976666],[2.488613,48.976659]],[[2.488613,48.976659],[2.488623,48.976653]],[[2.488623,48.976653],[2.488633,48.976647]],[[2.488633,48.976647],[2.488642,48.976641]],[[2.488642,48.976641],[2.488652,48.976634]],[[2.488652,48.976634],[2.488662,48.976628]],[[2.488662,48.976628],[2.488672,48.976622]],[[2.488672,48.976622],[2.488681,48.976615]],[[2.488681,48.976615],[2.488691,48.976609]],[[2.488691,48.976609],[2.488701,48.976603]],[[2.488701,48.976603],[2.488711,48.976596]],[[2.488711,48.976596],[2.48872,48.97659]],[[2.48872,48.97659],[2.48873,48.976584]],[[2.48873,48.976584],[2.48874,48.976577]],[[2.48874,48.976577],[2.488749,48.976571]],[[2.488749,48.976571],[2.488759,48.976565]],[[2.488759,48.976565],[2.488769,48.976558]],[[2.488769,48.976558],[2.488778,48.976552]],[[2.488778,48.976552],[2.488788,48.976546]],[[2.488788,48.976546],[2.488798,48.976539]],[[2.488798,48.976539],[2.488807,48.976533]],[[2.488807,48.976533],[2.488817,48.976526]],[[2.488817,48.976526],[2.488826,48.97652]],[[2.488826,48.97652],[2.488836,48.976514]],[[2.488836,48.976514],[2.488845,48.976507]],[[2.488845,48.976507],[2.488855,48.976501]],[[2.488855,48.976501],[2.488865,48.976494]],[[2.488865,48.976494],[2.488874,48.976488]],[[2.488874,48.976488],[2.488884,48.976482]],[[2.488884,48.976482],[2.488893,48.976475]],[[2.488893,48.976475],[2.488903,48.976469]],[[2.488903,48.976469],[2.488912,48.976462]],[[2.488912,48.976462],[2.488922,48.976456]],[[2.488922,48.976456],[2.488931,48.976449]],[[2.488931,48.976449],[2.488941,48.976443]],[[2.488941,48.976443],[2.48895,48.976436]],[[2.48895,48.976436],[2.48896,48.97643]],[[2.48896,48.97643],[2.488969,48.976423]],[[2.488969,48.976423],[2.488979,48.976417]],[[2.488979,48.976417],[2.488988,48.97641]],[[2.488988,48.97641],[2.488998,48.976404]],[[2.488998,48.976404],[2.489007,48.976397]],[[2.489007,48.976397],[2.489017,48.976391]],[[2.489017,48.976391],[2.489026,48.976384]],[[2.489026,48.976384],[2.489035,48.976378]],[[2.489035,48.976378],[2.489045,48.976371]],[[2.489045,48.976371],[2.489054,48.976365]],[[2.489054,48.976365],[2.489064,48.976358]],[[2.489064,48.976358],[2.489073,48.976352]],[[2.489073,48.976352],[2.489083,48.976345]],[[2.489083,48.976345],[2.489092,48.976339]],[[2.489092,48.976339],[2.489101,48.976332]],[[2.489101,48.976332],[2.489111,48.976326]],[[2.489111,48.976326],[2.48912,48.976319]],[[2.48912,48.976319],[2.489129,48.976313]],[[2.489129,48.976313],[2.489139,48.976306]],[[2.489139,48.976306],[2.489148,48.9763]],[[2.489148,48.9763],[2.489158,48.976293]],[[2.489158,48.976293],[2.489167,48.976287]],[[2.489167,48.976287],[2.489176,48.97628]],[[2.489176,48.97628],[2.489186,48.976274]],[[2.489186,48.976274],[2.489195,48.976267]],[[2.489195,48.976267],[2.489204,48.97626]],[[2.489204,48.97626],[2.489214,48.976254]],[[2.489214,48.976254],[2.489223,48.976247]],[[2.489223,48.976247],[2.489232,48.976241]],[[2.489232,48.976241],[2.489242,48.976234]],[[2.489242,48.976234],[2.489251,48.976228]],[[2.489251,48.976228],[2.48926,48.976221]],[[2.48926,48.976221],[2.48927,48.976214]],[[2.48927,48.976214],[2.489279,48.976208]],[[2.489279,48.976208],[2.489288,48.976201]],[[2.489288,48.976201],[2.489298,48.976195]],[[2.489298,48.976195],[2.489307,48.976188]],[[2.489307,48.976188],[2.489316,48.976182]],[[2.489316,48.976182],[2.489326,48.976175]],[[2.489326,48.976175],[2.489335,48.976169]],[[2.489335,48.976169],[2.489344,48.976162]],[[2.489344,48.976162],[2.489354,48.976155]],[[2.489354,48.976155],[2.489363,48.976149]],[[2.489363,48.976149],[2.489372,48.976142]],[[2.489372,48.976142],[2.489382,48.976136]],[[2.489382,48.976136],[2.489391,48.976129]],[[2.489391,48.976129],[2.4894,48.976123]],[[2.4894,48.976123],[2.48941,48.976116]],[[2.48941,48.976116],[2.489419,48.976109]],[[2.489419,48.976109],[2.489428,48.976103]],[[2.489428,48.976103],[2.489438,48.976096]],[[2.489438,48.976096],[2.489447,48.97609]],[[2.489447,48.97609],[2.489456,48.976083]],[[2.489456,48.976083],[2.489466,48.976077]],[[2.489466,48.976077],[2.489475,48.97607]],[[2.489475,48.97607],[2.489484,48.976063]],[[2.489484,48.976063],[2.489494,48.976057]],[[2.489494,48.976057],[2.489503,48.97605]],[[2.489503,48.97605],[2.489512,48.976044]],[[2.489512,48.976044],[2.489522,48.976037]],[[2.489522,48.976037],[2.489531,48.976031]],[[2.489531,48.976031],[2.48954,48.976024]],[[2.48954,48.976024],[2.48955,48.976017]],[[2.48955,48.976017],[2.489559,48.976011]],[[2.489559,48.976011],[2.489568,48.976004]],[[2.489568,48.976004],[2.489578,48.975998]],[[2.489578,48.975998],[2.489587,48.975991]],[[2.489587,48.975991],[2.489596,48.975985]],[[2.489596,48.975985],[2.489606,48.975978]],[[2.489606,48.975978],[2.489615,48.975971]],[[2.489615,48.975971],[2.489624,48.975965]],[[2.489624,48.975965],[2.489633,48.975958]],[[2.489633,48.975958],[2.489643,48.975952]],[[2.489643,48.975952],[2.489652,48.975945]],[[2.489652,48.975945],[2.489661,48.975939]],[[2.489661,48.975939],[2.489671,48.975932]],[[2.489671,48.975932],[2.48968,48.975925]],[[2.48968,48.975925],[2.489689,48.975919]],[[2.489689,48.975919],[2.489699,48.975912]],[[2.489699,48.975912],[2.489708,48.975906]],[[2.489708,48.975906],[2.489717,48.975899]],[[2.489717,48.975899],[2.489727,48.975893]],[[2.489727,48.975893],[2.489736,48.975886]],[[2.489736,48.975886],[2.489745,48.975879]],[[2.489745,48.975879],[2.489755,48.975873]],[[2.489755,48.975873],[2.489764,48.975866]],[[2.489764,48.975866],[2.489773,48.97586]],[[2.489773,48.97586],[2.489783,48.975853]],[[2.489783,48.975853],[2.489792,48.975847]],[[2.489792,48.975847],[2.489801,48.97584]],[[2.489801,48.97584],[2.489811,48.975833]],[[2.489811,48.975833],[2.48982,48.975827]],[[2.48982,48.975827],[2.489829,48.97582]],[[2.489829,48.97582],[2.489839,48.975814]],[[2.489839,48.975814],[2.489848,48.975807]],[[2.489848,48.975807],[2.489857,48.9758]],[[2.489857,48.9758],[2.489867,48.975794]],[[2.489867,48.975794],[2.489876,48.975787]],[[2.489876,48.975787],[2.489885,48.975781]],[[2.489885,48.975781],[2.489895,48.975774]],[[2.489895,48.975774],[2.489904,48.975768]],[[2.489904,48.975768],[2.489913,48.975761]],[[2.489913,48.975761],[2.489923,48.975754]],[[2.489923,48.975754],[2.489932,48.975748]],[[2.489932,48.975748],[2.489941,48.975741]],[[2.489941,48.975741],[2.48995,48.975735]],[[2.48995,48.975735],[2.48996,48.975728]],[[2.48996,48.975728],[2.489969,48.975722]],[[2.489969,48.975722],[2.489978,48.975715]],[[2.489978,48.975715],[2.489988,48.975708]],[[2.489988,48.975708],[2.489997,48.975702]],[[2.489997,48.975702],[2.490006,48.975695]],[[2.490006,48.975695],[2.490016,48.975689]],[[2.490016,48.975689],[2.490025,48.975682]],[[2.490025,48.975682],[2.490034,48.975676]],[[2.490034,48.975676],[2.490044,48.975669]],[[2.490044,48.975669],[2.490053,48.975662]],[[2.490053,48.975662],[2.490062,48.975656]],[[2.490062,48.975656],[2.490072,48.975649]],[[2.490072,48.975649],[2.490081,48.975643]],[[2.490081,48.975643],[2.49009,48.975636]],[[2.49009,48.975636],[2.4901,48.97563]],[[2.4901,48.97563],[2.490109,48.975623]],[[2.490109,48.975623],[2.490118,48.975616]],[[2.490118,48.975616],[2.490128,48.97561]],[[2.490128,48.97561],[2.490137,48.975603]],[[2.490137,48.975603],[2.490146,48.975597]],[[2.490146,48.975597],[2.490156,48.97559]],[[2.490156,48.97559],[2.490165,48.975584]],[[2.490165,48.975584],[2.490174,48.975577]],[[2.490174,48.975577],[2.490184,48.97557]],[[2.490184,48.97557],[2.490193,48.975564]],[[2.490193,48.975564],[2.490202,48.975557]],[[2.490202,48.975557],[2.490212,48.975551]],[[2.490212,48.975551],[2.490221,48.975544]],[[2.490221,48.975544],[2.49023,48.975538]],[[2.49023,48.975538],[2.49024,48.975531]],[[2.49024,48.975531],[2.490249,48.975524]],[[2.490249,48.975524],[2.490258,48.975518]],[[2.490258,48.975518],[2.490267,48.975511]],[[2.490267,48.975511],[2.490277,48.975505]],[[2.490277,48.975505],[2.490286,48.975498]],[[2.490286,48.975498],[2.490295,48.975492]],[[2.490295,48.975492],[2.490305,48.975485]],[[2.490305,48.975485],[2.490314,48.975478]],[[2.490314,48.975478],[2.490323,48.975472]],[[2.490323,48.975472],[2.490333,48.975465]],[[2.490333,48.975465],[2.490342,48.975459]],[[2.490342,48.975459],[2.490351,48.975452]],[[2.490351,48.975452],[2.490361,48.975446]],[[2.490361,48.975446],[2.49037,48.975439]],[[2.49037,48.975439],[2.490379,48.975432]],[[2.490379,48.975432],[2.490389,48.975426]],[[2.490389,48.975426],[2.490398,48.975419]],[[2.490398,48.975419],[2.490407,48.975413]],[[2.490407,48.975413],[2.490417,48.975406]],[[2.490417,48.975406],[2.490426,48.9754]],[[2.490426,48.9754],[2.490435,48.975393]],[[2.490435,48.975393],[2.490445,48.975386]],[[2.490445,48.975386],[2.490454,48.97538]],[[2.490454,48.97538],[2.490463,48.975373]],[[2.490463,48.975373],[2.490473,48.975367]],[[2.490473,48.975367],[2.490482,48.97536]],[[2.490482,48.97536],[2.490491,48.975354]],[[2.490491,48.975354],[2.490501,48.975347]],[[2.490501,48.975347],[2.49051,48.97534]],[[2.49051,48.97534],[2.490519,48.975334]],[[2.490519,48.975334],[2.490529,48.975327]],[[2.490529,48.975327],[2.490538,48.975321]],[[2.490538,48.975321],[2.490547,48.975314]],[[2.490547,48.975314],[2.490557,48.975308]],[[2.490557,48.975308],[2.490566,48.975301]],[[2.490566,48.975301],[2.490575,48.975294]],[[2.490575,48.975294],[2.490584,48.975288]],[[2.490584,48.975288],[2.490594,48.975281]],[[2.490594,48.975281],[2.490603,48.975275]],[[2.490603,48.975275],[2.490612,48.975268]],[[2.490612,48.975268],[2.490622,48.975262]],[[2.490622,48.975262],[2.490631,48.975255]],[[2.490631,48.975255],[2.49064,48.975248]],[[2.49064,48.975248],[2.49065,48.975242]],[[2.49065,48.975242],[2.490659,48.975235]],[[2.490659,48.975235],[2.490668,48.975229]],[[2.490668,48.975229],[2.490678,48.975222]],[[2.490678,48.975222],[2.490687,48.975216]],[[2.490687,48.975216],[2.490696,48.975209]],[[2.490696,48.975209],[2.490706,48.975202]],[[2.490706,48.975202],[2.490715,48.975196]],[[2.490715,48.975196],[2.490724,48.975189]],[[2.490724,48.975189],[2.490734,48.975183]],[[2.490734,48.975183],[2.490743,48.975176]],[[2.490743,48.975176],[2.490752,48.97517]],[[2.490752,48.97517],[2.490762,48.975163]],[[2.490762,48.975163],[2.490771,48.975156]],[[2.490771,48.975156],[2.49078,48.97515]],[[2.49078,48.97515],[2.49079,48.975143]],[[2.49079,48.975143],[2.490799,48.975137]],[[2.490799,48.975137],[2.490808,48.97513]],[[2.490808,48.97513],[2.490818,48.975124]],[[2.490818,48.975124],[2.490827,48.975117]],[[2.490827,48.975117],[2.490836,48.97511]],[[2.490836,48.97511],[2.490846,48.975104]],[[2.490846,48.975104],[2.490855,48.975097]],[[2.490855,48.975097],[2.490864,48.975091]],[[2.490864,48.975091],[2.490874,48.975084]],[[2.490874,48.975084],[2.490883,48.975078]],[[2.490883,48.975078],[2.490892,48.975071]],[[2.490892,48.975071],[2.490901,48.975064]],[[2.490901,48.975064],[2.490911,48.975058]],[[2.490911,48.975058],[2.49092,48.975051]],[[2.49092,48.975051],[2.490929,48.975045]],[[2.490929,48.975045],[2.490939,48.975038]],[[2.490939,48.975038],[2.490948,48.975032]],[[2.490948,48.975032],[2.490957,48.975025]],[[2.490957,48.975025],[2.490967,48.975018]],[[2.490967,48.975018],[2.490976,48.975012]],[[2.490976,48.975012],[2.490985,48.975005]],[[2.490985,48.975005],[2.490995,48.974999]],[[2.490995,48.974999],[2.491004,48.974992]],[[2.491004,48.974992],[2.491013,48.974986]],[[2.491013,48.974986],[2.491023,48.974979]],[[2.491023,48.974979],[2.491032,48.974972]],[[2.491032,48.974972],[2.491041,48.974966]],[[2.491041,48.974966],[2.491051,48.974959]],[[2.491051,48.974959],[2.49106,48.974953]],[[2.49106,48.974953],[2.491069,48.974946]],[[2.491069,48.974946],[2.491079,48.97494]],[[2.491079,48.97494],[2.491088,48.974933]],[[2.491088,48.974933],[2.491097,48.974926]],[[2.491097,48.974926],[2.491107,48.97492]],[[2.491107,48.97492],[2.491116,48.974913]],[[2.491116,48.974913],[2.491125,48.974907]],[[2.491125,48.974907],[2.491135,48.9749]],[[2.491135,48.9749],[2.491144,48.974894]],[[2.491144,48.974894],[2.491153,48.974887]],[[2.491153,48.974887],[2.491163,48.97488]],[[2.491163,48.97488],[2.491172,48.974874]],[[2.491172,48.974874],[2.491181,48.974867]],[[2.491181,48.974867],[2.491191,48.974861]],[[2.491191,48.974861],[2.4912,48.974854]],[[2.4912,48.974854],[2.491209,48.974848]],[[2.491209,48.974848],[2.491218,48.974841]],[[2.491218,48.974841],[2.491228,48.974834]],[[2.491228,48.974834],[2.491237,48.974828]],[[2.491237,48.974828],[2.491246,48.974821]],[[2.491246,48.974821],[2.491256,48.974815]],[[2.491256,48.974815],[2.491265,48.974808]],[[2.491265,48.974808],[2.491274,48.974802]],[[2.491274,48.974802],[2.491284,48.974795]],[[2.491284,48.974795],[2.491293,48.974788]],[[2.491293,48.974788],[2.491302,48.974782]],[[2.491302,48.974782],[2.491312,48.974775]],[[2.491312,48.974775],[2.491321,48.974769]],[[2.491321,48.974769],[2.49133,48.974762]],[[2.49133,48.974762],[2.49134,48.974756]],[[2.49134,48.974756],[2.491349,48.974749]],[[2.491349,48.974749],[2.491358,48.974742]],[[2.491358,48.974742],[2.491368,48.974736]],[[2.491368,48.974736],[2.491377,48.974729]],[[2.491377,48.974729],[2.491386,48.974723]],[[2.491386,48.974723],[2.491396,48.974716]],[[2.491396,48.974716],[2.491405,48.97471]],[[2.491405,48.97471],[2.491414,48.974703]],[[2.491414,48.974703],[2.491424,48.974696]],[[2.491424,48.974696],[2.491433,48.97469]],[[2.491433,48.97469],[2.491442,48.974683]],[[2.491442,48.974683],[2.491452,48.974677]],[[2.491452,48.974677],[2.491461,48.97467]],[[2.491461,48.97467],[2.49147,48.974664]],[[2.49147,48.974664],[2.49148,48.974657]],[[2.49148,48.974657],[2.491489,48.97465]],[[2.491489,48.97465],[2.491498,48.974644]],[[2.491498,48.974644],[2.491507,48.974637]],[[2.491507,48.974637],[2.491517,48.974631]],[[2.491517,48.974631],[2.491526,48.974624]],[[2.491526,48.974624],[2.491535,48.974618]],[[2.491535,48.974618],[2.491545,48.974611]],[[2.491545,48.974611],[2.491554,48.974604]],[[2.491554,48.974604],[2.491563,48.974598]],[[2.491563,48.974598],[2.491573,48.974591]],[[2.491573,48.974591],[2.491582,48.974585]],[[2.491582,48.974585],[2.491591,48.974578]],[[2.491591,48.974578],[2.491601,48.974572]],[[2.491601,48.974572],[2.49161,48.974565]],[[2.49161,48.974565],[2.491619,48.974558]],[[2.491619,48.974558],[2.491629,48.974552]],[[2.491629,48.974552],[2.491638,48.974545]],[[2.491638,48.974545],[2.491647,48.974539]],[[2.491647,48.974539],[2.491657,48.974532]],[[2.491657,48.974532],[2.491666,48.974526]],[[2.491666,48.974526],[2.491675,48.974519]],[[2.491675,48.974519],[2.491685,48.974512]],[[2.491685,48.974512],[2.491694,48.974506]],[[2.491694,48.974506],[2.491703,48.974499]],[[2.491703,48.974499],[2.491713,48.974493]],[[2.491713,48.974493],[2.491722,48.974486]],[[2.491722,48.974486],[2.491731,48.97448]],[[2.491731,48.97448],[2.491741,48.974473]],[[2.491741,48.974473],[2.49175,48.974466]],[[2.49175,48.974466],[2.491759,48.97446]],[[2.491759,48.97446],[2.491769,48.974453]],[[2.491769,48.974453],[2.491778,48.974447]],[[2.491778,48.974447],[2.491787,48.97444]],[[2.491787,48.97444],[2.491797,48.974434]],[[2.491797,48.974434],[2.491806,48.974427]],[[2.491806,48.974427],[2.491815,48.97442]],[[2.491815,48.97442],[2.491824,48.974414]],[[2.491824,48.974414],[2.491834,48.974407]],[[2.491834,48.974407],[2.491843,48.974401]],[[2.491843,48.974401],[2.491852,48.974394]],[[2.491852,48.974394],[2.491862,48.974388]],[[2.491862,48.974388],[2.491871,48.974381]],[[2.491871,48.974381],[2.49188,48.974374]],[[2.49188,48.974374],[2.49189,48.974368]],[[2.49189,48.974368],[2.491899,48.974361]],[[2.491899,48.974361],[2.491908,48.974355]],[[2.491908,48.974355],[2.491918,48.974348]],[[2.491918,48.974348],[2.491927,48.974342]],[[2.491927,48.974342],[2.491936,48.974335]],[[2.491936,48.974335],[2.491946,48.974328]],[[2.491946,48.974328],[2.491955,48.974322]],[[2.491955,48.974322],[2.491964,48.974315]],[[2.491964,48.974315],[2.491974,48.974309]],[[2.491974,48.974309],[2.491983,48.974302]],[[2.491983,48.974302],[2.491992,48.974296]],[[2.491992,48.974296],[2.492002,48.974289]],[[2.492002,48.974289],[2.492011,48.974283]],[[2.492011,48.974283],[2.492021,48.974276]],[[2.492021,48.974276],[2.49203,48.974269]],[[2.49203,48.974269],[2.492039,48.974263]],[[2.492039,48.974263],[2.492049,48.974256]],[[2.492049,48.974256],[2.492058,48.97425]],[[2.492058,48.97425],[2.492067,48.974243]],[[2.492067,48.974243],[2.492077,48.974237]]]}},{"type":"Feature","properties":{"tsmid":"D095000017003","codeligne":"l17","categorie":"7","tampon":"0","ancients":null,"tmjatv":"540"},"geometry":{"type":"MultiLineString","coordinates":[[[2.445456,48.956721],[2.445463,48.956729]],[[2.445463,48.956729],[2.44547,48.956737]],[[2.44547,48.956737],[2.445477,48.956744]],[[2.445477,48.956744],[2.445484,48.956752]],[[2.445484,48.956752],[2.445491,48.95676]],[[2.445491,48.95676],[2.445498,48.956768]],[[2.445498,48.956768],[2.445505,48.956775]],[[2.445505,48.956775],[2.445511,48.956783]],[[2.445511,48.956783],[2.445518,48.956791]],[[2.445518,48.956791],[2.445525,48.956798]],[[2.445525,48.956798],[2.445532,48.956806]],[[2.445532,48.956806],[2.445539,48.956814]],[[2.445539,48.956814],[2.445546,48.956822]],[[2.445546,48.956822],[2.445553,48.956829]],[[2.445553,48.956829],[2.44556,48.956837]],[[2.44556,48.956837],[2.445567,48.956845]],[[2.445567,48.956845],[2.445574,48.956853]],[[2.445574,48.956853],[2.445581,48.95686]],[[2.445581,48.95686],[2.445588,48.956868]],[[2.445588,48.956868],[2.445595,48.956876]],[[2.445595,48.956876],[2.445602,48.956884]],[[2.445602,48.956884],[2.445609,48.956891]],[[2.445609,48.956891],[2.445615,48.956899]],[[2.445615,48.956899],[2.445622,48.956907]],[[2.445622,48.956907],[2.445629,48.956915]],[[2.445629,48.956915],[2.445636,48.956922]],[[2.445636,48.956922],[2.445643,48.95693]],[[2.445643,48.95693],[2.44565,48.956938]],[[2.44565,48.956938],[2.445657,48.956946]],[[2.445657,48.956946],[2.445664,48.956953]],[[2.445664,48.956953],[2.445671,48.956961]],[[2.445671,48.956961],[2.445678,48.956969]],[[2.445678,48.956969],[2.445685,48.956977]],[[2.445685,48.956977],[2.445692,48.956984]],[[2.445692,48.956984],[2.445699,48.956992]],[[2.445699,48.956992],[2.445706,48.957]],[[2.445706,48.957],[2.445713,48.957008]],[[2.445713,48.957008],[2.445719,48.957015]],[[2.445719,48.957015],[2.445726,48.957023]],[[2.445726,48.957023],[2.445733,48.957031]],[[2.445733,48.957031],[2.44574,48.957039]],[[2.44574,48.957039],[2.445747,48.957046]],[[2.445747,48.957046],[2.445754,48.957054]],[[2.445754,48.957054],[2.445761,48.957062]],[[2.445761,48.957062],[2.445768,48.95707]],[[2.445768,48.95707],[2.445775,48.957077]],[[2.445775,48.957077],[2.445782,48.957085]],[[2.445782,48.957085],[2.445789,48.957093]],[[2.445789,48.957093],[2.445796,48.957101]],[[2.445796,48.957101],[2.445803,48.957108]],[[2.445803,48.957108],[2.44581,48.957116]],[[2.44581,48.957116],[2.445816,48.957124]],[[2.445816,48.957124],[2.445823,48.957132]],[[2.445823,48.957132],[2.44583,48.957139]],[[2.44583,48.957139],[2.445837,48.957147]],[[2.445837,48.957147],[2.445844,48.957155]],[[2.445844,48.957155],[2.445851,48.957163]],[[2.445851,48.957163],[2.445858,48.95717]],[[2.445858,48.95717],[2.445865,48.957178]],[[2.445865,48.957178],[2.445872,48.957186]],[[2.445872,48.957186],[2.445879,48.957194]],[[2.445879,48.957194],[2.445886,48.957201]],[[2.445886,48.957201],[2.445893,48.957209]],[[2.445893,48.957209],[2.4459,48.957217]],[[2.4459,48.957217],[2.445907,48.957225]],[[2.445907,48.957225],[2.445914,48.957232]],[[2.445914,48.957232],[2.44592,48.95724]],[[2.44592,48.95724],[2.445927,48.957248]],[[2.445927,48.957248],[2.445934,48.957256]],[[2.445934,48.957256],[2.445941,48.957263]],[[2.445941,48.957263],[2.445948,48.957271]],[[2.445948,48.957271],[2.445955,48.957279]],[[2.445955,48.957279],[2.445962,48.957287]],[[2.445962,48.957287],[2.445969,48.957294]],[[2.445969,48.957294],[2.445976,48.957302]],[[2.445976,48.957302],[2.445983,48.95731]],[[2.445983,48.95731],[2.44599,48.957318]],[[2.44599,48.957318],[2.445997,48.957325]],[[2.445997,48.957325],[2.446004,48.957333]],[[2.446004,48.957333],[2.446011,48.957341]],[[2.446011,48.957341],[2.446018,48.957349]],[[2.446018,48.957349],[2.446024,48.957356]],[[2.446024,48.957356],[2.446031,48.957364]],[[2.446031,48.957364],[2.446038,48.957372]],[[2.446038,48.957372],[2.446045,48.95738]],[[2.446045,48.95738],[2.446052,48.957387]],[[2.446052,48.957387],[2.446059,48.957395]],[[2.446059,48.957395],[2.446066,48.957403]],[[2.446066,48.957403],[2.446073,48.957411]],[[2.446073,48.957411],[2.44608,48.957418]],[[2.44608,48.957418],[2.446087,48.957426]],[[2.446087,48.957426],[2.446094,48.957434]],[[2.446094,48.957434],[2.446101,48.957442]],[[2.446101,48.957442],[2.446108,48.957449]],[[2.446108,48.957449],[2.446115,48.957457]],[[2.446115,48.957457],[2.446122,48.957465]],[[2.446122,48.957465],[2.446128,48.957473]],[[2.446128,48.957473],[2.446135,48.95748]],[[2.446135,48.95748],[2.446142,48.957488]],[[2.446142,48.957488],[2.446149,48.957496]],[[2.446149,48.957496],[2.446156,48.957504]],[[2.446156,48.957504],[2.446163,48.957511]],[[2.446163,48.957511],[2.44617,48.957519]],[[2.44617,48.957519],[2.446177,48.957527]],[[2.446177,48.957527],[2.446184,48.957534]],[[2.446184,48.957534],[2.446191,48.957542]],[[2.446191,48.957542],[2.446198,48.95755]],[[2.446198,48.95755],[2.446205,48.957558]],[[2.446205,48.957558],[2.446212,48.957565]],[[2.446212,48.957565],[2.446219,48.957573]],[[2.446219,48.957573],[2.446226,48.957581]],[[2.446226,48.957581],[2.446232,48.957589]],[[2.446232,48.957589],[2.446239,48.957596]],[[2.446239,48.957596],[2.446246,48.957604]],[[2.446246,48.957604],[2.446253,48.957612]],[[2.446253,48.957612],[2.44626,48.95762]],[[2.44626,48.95762],[2.446267,48.957627]],[[2.446267,48.957627],[2.446274,48.957635]],[[2.446274,48.957635],[2.446281,48.957643]],[[2.446281,48.957643],[2.446288,48.957651]],[[2.446288,48.957651],[2.446295,48.957658]],[[2.446295,48.957658],[2.446302,48.957666]],[[2.446302,48.957666],[2.446309,48.957674]],[[2.446309,48.957674],[2.446316,48.957682]],[[2.446316,48.957682],[2.446323,48.957689]],[[2.446323,48.957689],[2.44633,48.957697]],[[2.44633,48.957697],[2.446336,48.957705]],[[2.446336,48.957705],[2.446343,48.957713]],[[2.446343,48.957713],[2.44635,48.95772]],[[2.44635,48.95772],[2.446357,48.957728]],[[2.446357,48.957728],[2.446364,48.957736]],[[2.446364,48.957736],[2.446371,48.957744]],[[2.446371,48.957744],[2.446378,48.957751]],[[2.446378,48.957751],[2.446385,48.957759]],[[2.446385,48.957759],[2.446392,48.957767]],[[2.446392,48.957767],[2.446399,48.957775]],[[2.446399,48.957775],[2.446406,48.957782]],[[2.446406,48.957782],[2.446413,48.95779]],[[2.446413,48.95779],[2.44642,48.957798]],[[2.44642,48.957798],[2.446427,48.957806]],[[2.446427,48.957806],[2.446433,48.957813]],[[2.446433,48.957813],[2.44644,48.957821]],[[2.44644,48.957821],[2.446447,48.957829]],[[2.446447,48.957829],[2.446454,48.957837]],[[2.446454,48.957837],[2.446461,48.957844]],[[2.446461,48.957844],[2.446468,48.957852]],[[2.446468,48.957852],[2.446475,48.95786]],[[2.446475,48.95786],[2.446482,48.957868]],[[2.446482,48.957868],[2.446489,48.957875]],[[2.446489,48.957875],[2.446496,48.957883]],[[2.446496,48.957883],[2.446503,48.957891]],[[2.446503,48.957891],[2.44651,48.957899]],[[2.44651,48.957899],[2.446517,48.957906]],[[2.446517,48.957906],[2.446524,48.957914]],[[2.446524,48.957914],[2.446531,48.957922]],[[2.446531,48.957922],[2.446537,48.95793]],[[2.446537,48.95793],[2.446544,48.957937]],[[2.446544,48.957937],[2.446551,48.957945]],[[2.446551,48.957945],[2.446558,48.957953]],[[2.446558,48.957953],[2.446565,48.957961]],[[2.446565,48.957961],[2.446572,48.957968]],[[2.446572,48.957968],[2.446579,48.957976]],[[2.446579,48.957976],[2.446586,48.957984]],[[2.446586,48.957984],[2.446593,48.957992]],[[2.446593,48.957992],[2.4466,48.957999]],[[2.4466,48.957999],[2.446607,48.958007]],[[2.446607,48.958007],[2.446614,48.958015]],[[2.446614,48.958015],[2.446621,48.958023]],[[2.446621,48.958023],[2.446628,48.95803]],[[2.446628,48.95803],[2.446635,48.958038]],[[2.446635,48.958038],[2.446641,48.958046]],[[2.446641,48.958046],[2.446648,48.958054]],[[2.446648,48.958054],[2.446655,48.958061]],[[2.446655,48.958061],[2.446662,48.958069]],[[2.446662,48.958069],[2.446669,48.958077]],[[2.446669,48.958077],[2.446676,48.958085]],[[2.446676,48.958085],[2.446683,48.958092]],[[2.446683,48.958092],[2.44669,48.9581]],[[2.44669,48.9581],[2.446697,48.958108]],[[2.446697,48.958108],[2.446704,48.958116]],[[2.446704,48.958116],[2.446711,48.958123]],[[2.446711,48.958123],[2.446718,48.958131]],[[2.446718,48.958131],[2.446725,48.958139]],[[2.446725,48.958139],[2.446732,48.958147]],[[2.446732,48.958147],[2.446739,48.958154]],[[2.446739,48.958154],[2.446745,48.958162]],[[2.446745,48.958162],[2.446752,48.95817]],[[2.446752,48.95817],[2.446759,48.958178]],[[2.446759,48.958178],[2.446766,48.958185]],[[2.446766,48.958185],[2.446773,48.958193]],[[2.446773,48.958193],[2.44678,48.958201]],[[2.44678,48.958201],[2.446787,48.958209]],[[2.446787,48.958209],[2.446794,48.958216]],[[2.446794,48.958216],[2.446801,48.958224]],[[2.446801,48.958224],[2.446808,48.958232]],[[2.446808,48.958232],[2.446815,48.95824]],[[2.446815,48.95824],[2.446822,48.958247]],[[2.446822,48.958247],[2.446829,48.958255]],[[2.446829,48.958255],[2.446836,48.958263]],[[2.446836,48.958263],[2.446843,48.95827]],[[2.446843,48.95827],[2.446849,48.958278]],[[2.446849,48.958278],[2.446856,48.958286]],[[2.446856,48.958286],[2.446863,48.958294]],[[2.446863,48.958294],[2.44687,48.958301]],[[2.44687,48.958301],[2.446877,48.958309]],[[2.446877,48.958309],[2.446884,48.958317]],[[2.446884,48.958317],[2.446891,48.958325]],[[2.446891,48.958325],[2.446898,48.958332]],[[2.446898,48.958332],[2.446905,48.95834]],[[2.446905,48.95834],[2.446912,48.958348]],[[2.446912,48.958348],[2.446919,48.958356]],[[2.446919,48.958356],[2.446926,48.958363]],[[2.446926,48.958363],[2.446933,48.958371]],[[2.446933,48.958371],[2.44694,48.958379]],[[2.44694,48.958379],[2.446947,48.958387]],[[2.446947,48.958387],[2.446953,48.958394]],[[2.446953,48.958394],[2.44696,48.958402]],[[2.44696,48.958402],[2.446967,48.95841]],[[2.446967,48.95841],[2.446974,48.958418]],[[2.446974,48.958418],[2.446981,48.958425]],[[2.446981,48.958425],[2.446988,48.958433]],[[2.446988,48.958433],[2.446995,48.958441]],[[2.446995,48.958441],[2.447002,48.958449]],[[2.447002,48.958449],[2.447009,48.958456]],[[2.447009,48.958456],[2.447016,48.958464]],[[2.447016,48.958464],[2.447023,48.958472]],[[2.447023,48.958472],[2.44703,48.95848]],[[2.44703,48.95848],[2.447037,48.958487]],[[2.447037,48.958487],[2.447044,48.958495]],[[2.447044,48.958495],[2.44705,48.958503]],[[2.44705,48.958503],[2.447057,48.958511]],[[2.447057,48.958511],[2.447064,48.958518]],[[2.447064,48.958518],[2.447071,48.958526]],[[2.447071,48.958526],[2.447078,48.958534]],[[2.447078,48.958534],[2.447085,48.958542]],[[2.447085,48.958542],[2.447092,48.958549]],[[2.447092,48.958549],[2.447099,48.958557]],[[2.447099,48.958557],[2.447106,48.958565]],[[2.447106,48.958565],[2.447113,48.958573]],[[2.447113,48.958573],[2.44712,48.95858]],[[2.44712,48.95858],[2.447127,48.958588]],[[2.447127,48.958588],[2.447134,48.958596]],[[2.447134,48.958596],[2.447141,48.958604]],[[2.447141,48.958604],[2.447148,48.958611]],[[2.447148,48.958611],[2.447154,48.958619]],[[2.447154,48.958619],[2.447161,48.958627]],[[2.447161,48.958627],[2.447168,48.958635]],[[2.447168,48.958635],[2.447175,48.958642]],[[2.447175,48.958642],[2.447182,48.95865]],[[2.447182,48.95865],[2.447189,48.958658]],[[2.447189,48.958658],[2.447196,48.958666]],[[2.447196,48.958666],[2.447203,48.958673]],[[2.447203,48.958673],[2.44721,48.958681]],[[2.44721,48.958681],[2.447217,48.958689]],[[2.447217,48.958689],[2.447224,48.958697]],[[2.447224,48.958697],[2.447231,48.958704]],[[2.447231,48.958704],[2.447238,48.958712]],[[2.447238,48.958712],[2.447245,48.95872]],[[2.447245,48.95872],[2.447252,48.958728]],[[2.447252,48.958728],[2.447258,48.958735]],[[2.447258,48.958735],[2.447265,48.958743]],[[2.447265,48.958743],[2.447272,48.958751]],[[2.447272,48.958751],[2.447279,48.958759]],[[2.447279,48.958759],[2.447286,48.958766]],[[2.447286,48.958766],[2.447293,48.958774]],[[2.447293,48.958774],[2.4473,48.958782]],[[2.4473,48.958782],[2.447307,48.95879]],[[2.447307,48.95879],[2.447314,48.958797]],[[2.447314,48.958797],[2.447321,48.958805]],[[2.447321,48.958805],[2.447328,48.958813]],[[2.447328,48.958813],[2.447335,48.958821]],[[2.447335,48.958821],[2.447342,48.958828]],[[2.447342,48.958828],[2.447349,48.958836]],[[2.447349,48.958836],[2.447356,48.958844]],[[2.447356,48.958844],[2.447362,48.958852]],[[2.447362,48.958852],[2.447369,48.958859]],[[2.447369,48.958859],[2.447376,48.958867]],[[2.447376,48.958867],[2.447383,48.958875]],[[2.447383,48.958875],[2.44739,48.958883]],[[2.44739,48.958883],[2.447397,48.95889]],[[2.447397,48.95889],[2.447404,48.958898]],[[2.447404,48.958898],[2.447411,48.958906]],[[2.447411,48.958906],[2.447418,48.958913]],[[2.447418,48.958913],[2.447425,48.958921]],[[2.447425,48.958921],[2.447432,48.958929]],[[2.447432,48.958929],[2.447439,48.958937]],[[2.447439,48.958937],[2.447446,48.958944]],[[2.447446,48.958944],[2.447453,48.958952]],[[2.447453,48.958952],[2.44746,48.95896]],[[2.44746,48.95896],[2.447467,48.958968]],[[2.447467,48.958968],[2.447474,48.958975]],[[2.447474,48.958975],[2.447481,48.958983]],[[2.447481,48.958983],[2.447488,48.958991]],[[2.447488,48.958991],[2.447495,48.958998]],[[2.447495,48.958998],[2.447502,48.959006]],[[2.447502,48.959006],[2.447509,48.959014]],[[2.447509,48.959014],[2.447516,48.959022]],[[2.447516,48.959022],[2.447523,48.959029]],[[2.447523,48.959029],[2.44753,48.959037]],[[2.44753,48.959037],[2.447537,48.959045]],[[2.447537,48.959045],[2.447544,48.959052]],[[2.447544,48.959052],[2.447551,48.95906]],[[2.447551,48.95906],[2.447558,48.959068]],[[2.447558,48.959068],[2.447565,48.959076]],[[2.447565,48.959076],[2.447572,48.959083]],[[2.447572,48.959083],[2.447579,48.959091]],[[2.447579,48.959091],[2.447586,48.959099]],[[2.447586,48.959099],[2.447594,48.959106]],[[2.447594,48.959106],[2.447601,48.959114]],[[2.447601,48.959114],[2.447608,48.959122]],[[2.447608,48.959122],[2.447615,48.959129]],[[2.447615,48.959129],[2.447622,48.959137]],[[2.447622,48.959137],[2.447629,48.959145]],[[2.447629,48.959145],[2.447636,48.959152]],[[2.447636,48.959152],[2.447643,48.95916]],[[2.447643,48.95916],[2.447651,48.959168]],[[2.447651,48.959168],[2.447658,48.959175]],[[2.447658,48.959175],[2.447665,48.959183]],[[2.447665,48.959183],[2.447672,48.959191]],[[2.447672,48.959191],[2.447679,48.959198]],[[2.447679,48.959198],[2.447687,48.959206]],[[2.447687,48.959206],[2.447694,48.959213]],[[2.447694,48.959213],[2.447701,48.959221]],[[2.447701,48.959221],[2.447708,48.959229]],[[2.447708,48.959229],[2.447716,48.959236]],[[2.447716,48.959236],[2.447723,48.959244]],[[2.447723,48.959244],[2.44773,48.959252]],[[2.44773,48.959252],[2.447737,48.959259]],[[2.447737,48.959259],[2.447745,48.959267]],[[2.447745,48.959267],[2.447752,48.959274]],[[2.447752,48.959274],[2.447759,48.959282]],[[2.447759,48.959282],[2.447767,48.95929]],[[2.447767,48.95929],[2.447774,48.959297]],[[2.447774,48.959297],[2.447781,48.959305]],[[2.447781,48.959305],[2.447789,48.959312]],[[2.447789,48.959312],[2.447796,48.95932]],[[2.447796,48.95932],[2.447804,48.959327]],[[2.447804,48.959327],[2.447811,48.959335]],[[2.447811,48.959335],[2.447819,48.959342]],[[2.447819,48.959342],[2.447826,48.95935]],[[2.447826,48.95935],[2.447834,48.959357]],[[2.447834,48.959357],[2.447842,48.959365]],[[2.447842,48.959365],[2.447849,48.959372]],[[2.447849,48.959372],[2.447857,48.95938]],[[2.447857,48.95938],[2.447864,48.959387]],[[2.447864,48.959387],[2.447872,48.959395]],[[2.447872,48.959395],[2.44788,48.959402]],[[2.44788,48.959402],[2.447887,48.95941]],[[2.447887,48.95941],[2.447895,48.959417]],[[2.447895,48.959417],[2.447902,48.959425]],[[2.447902,48.959425],[2.44791,48.959432]],[[2.44791,48.959432],[2.447918,48.959439]],[[2.447918,48.959439],[2.447925,48.959447]],[[2.447925,48.959447],[2.447933,48.959454]],[[2.447933,48.959454],[2.44794,48.959462]],[[2.44794,48.959462],[2.447948,48.959469]],[[2.447948,48.959469],[2.447956,48.959477]],[[2.447956,48.959477],[2.447963,48.959484]],[[2.447963,48.959484],[2.447971,48.959492]],[[2.447971,48.959492],[2.447978,48.959499]],[[2.447978,48.959499],[2.447986,48.959507]],[[2.447986,48.959507],[2.447993,48.959514]],[[2.447993,48.959514],[2.448001,48.959522]],[[2.448001,48.959522],[2.448009,48.959529]],[[2.448009,48.959529],[2.448016,48.959537]],[[2.448016,48.959537],[2.448024,48.959544]],[[2.448024,48.959544],[2.448032,48.959551]],[[2.448032,48.959551],[2.44804,48.959559]],[[2.44804,48.959559],[2.448048,48.959566]],[[2.448048,48.959566],[2.448056,48.959573]],[[2.448056,48.959573],[2.448064,48.959581]],[[2.448064,48.959581],[2.448072,48.959588]],[[2.448072,48.959588],[2.44808,48.959595]],[[2.44808,48.959595],[2.448088,48.959603]],[[2.448088,48.959603],[2.448096,48.95961]],[[2.448096,48.95961],[2.448104,48.959617]],[[2.448104,48.959617],[2.448112,48.959624]],[[2.448112,48.959624],[2.44812,48.959632]],[[2.44812,48.959632],[2.448127,48.959639]],[[2.448127,48.959639],[2.448135,48.959646]],[[2.448135,48.959646],[2.448143,48.959654]],[[2.448143,48.959654],[2.448151,48.959661]],[[2.448151,48.959661],[2.448159,48.959668]],[[2.448159,48.959668],[2.448167,48.959675]],[[2.448167,48.959675],[2.448175,48.959683]],[[2.448175,48.959683],[2.448183,48.95969]],[[2.448183,48.95969],[2.448191,48.959697]],[[2.448191,48.959697],[2.448199,48.959705]],[[2.448199,48.959705],[2.448207,48.959712]],[[2.448207,48.959712],[2.448215,48.959719]],[[2.448215,48.959719],[2.448223,48.959727]],[[2.448223,48.959727],[2.448231,48.959734]],[[2.448231,48.959734],[2.448239,48.959741]],[[2.448239,48.959741],[2.448247,48.959748]],[[2.448247,48.959748],[2.448255,48.959756]],[[2.448255,48.959756],[2.448263,48.959763]],[[2.448263,48.959763],[2.448271,48.95977]],[[2.448271,48.95977],[2.448279,48.959777]],[[2.448279,48.959777],[2.448288,48.959785]],[[2.448288,48.959785],[2.448296,48.959792]],[[2.448296,48.959792],[2.448304,48.959799]],[[2.448304,48.959799],[2.448312,48.959806]],[[2.448312,48.959806],[2.448321,48.959813]],[[2.448321,48.959813],[2.448329,48.959821]],[[2.448329,48.959821],[2.448337,48.959828]],[[2.448337,48.959828],[2.448345,48.959835]],[[2.448345,48.959835],[2.448354,48.959842]],[[2.448354,48.959842],[2.448362,48.959849]],[[2.448362,48.959849],[2.44837,48.959856]],[[2.44837,48.959856],[2.448379,48.959863]],[[2.448379,48.959863],[2.448387,48.959871]],[[2.448387,48.959871],[2.448395,48.959878]],[[2.448395,48.959878],[2.448404,48.959885]],[[2.448404,48.959885],[2.448412,48.959892]],[[2.448412,48.959892],[2.44842,48.959899]],[[2.44842,48.959899],[2.448429,48.959906]],[[2.448429,48.959906],[2.448437,48.959913]],[[2.448437,48.959913],[2.448446,48.95992]],[[2.448446,48.95992],[2.448454,48.959927]],[[2.448454,48.959927],[2.448462,48.959934]],[[2.448462,48.959934],[2.448471,48.959942]],[[2.448471,48.959942],[2.448479,48.959949]],[[2.448479,48.959949],[2.448488,48.959956]],[[2.448488,48.959956],[2.448496,48.959963]],[[2.448496,48.959963],[2.448505,48.95997]],[[2.448505,48.95997],[2.448513,48.959977]],[[2.448513,48.959977],[2.448521,48.959984]],[[2.448521,48.959984],[2.44853,48.959991]],[[2.44853,48.959991],[2.448538,48.959998]],[[2.448538,48.959998],[2.448547,48.960005]],[[2.448547,48.960005],[2.448555,48.960012]],[[2.448555,48.960012],[2.448564,48.960019]],[[2.448564,48.960019],[2.448572,48.960026]],[[2.448572,48.960026],[2.448581,48.960033]],[[2.448581,48.960033],[2.448589,48.96004]],[[2.448589,48.96004],[2.448598,48.960047]],[[2.448598,48.960047],[2.448606,48.960054]],[[2.448606,48.960054],[2.448615,48.960061]],[[2.448615,48.960061],[2.448624,48.960068]],[[2.448624,48.960068],[2.448632,48.960075]],[[2.448632,48.960075],[2.448641,48.960082]],[[2.448641,48.960082],[2.448649,48.960089]],[[2.448649,48.960089],[2.448658,48.960096]],[[2.448658,48.960096],[2.448666,48.960103]],[[2.448666,48.960103],[2.448675,48.96011]],[[2.448675,48.96011],[2.448683,48.960117]],[[2.448683,48.960117],[2.448692,48.960124]],[[2.448692,48.960124],[2.448701,48.960131]],[[2.448701,48.960131],[2.448709,48.960138]],[[2.448709,48.960138],[2.448718,48.960145]],[[2.448718,48.960145],[2.448726,48.960152]],[[2.448726,48.960152],[2.448735,48.960159]],[[2.448735,48.960159],[2.448743,48.960166]],[[2.448743,48.960166],[2.448752,48.960173]],[[2.448752,48.960173],[2.448761,48.96018]],[[2.448761,48.96018],[2.448769,48.960187]],[[2.448769,48.960187],[2.448778,48.960194]],[[2.448778,48.960194],[2.448786,48.960201]],[[2.448786,48.960201],[2.448795,48.960208]],[[2.448795,48.960208],[2.448804,48.960215]],[[2.448804,48.960215],[2.448812,48.960222]],[[2.448812,48.960222],[2.448821,48.960229]],[[2.448821,48.960229],[2.448829,48.960236]],[[2.448829,48.960236],[2.448838,48.960243]],[[2.448838,48.960243],[2.448847,48.96025]],[[2.448847,48.96025],[2.448855,48.960257]],[[2.448855,48.960257],[2.448864,48.960264]],[[2.448864,48.960264],[2.448872,48.960271]],[[2.448872,48.960271],[2.448881,48.960278]],[[2.448881,48.960278],[2.44889,48.960285]],[[2.44889,48.960285],[2.448898,48.960292]],[[2.448898,48.960292],[2.448907,48.960299]],[[2.448907,48.960299],[2.448915,48.960306]],[[2.448915,48.960306],[2.448924,48.960313]],[[2.448924,48.960313],[2.448933,48.96032]],[[2.448933,48.96032],[2.448941,48.960327]],[[2.448941,48.960327],[2.44895,48.960334]],[[2.44895,48.960334],[2.448958,48.960341]],[[2.448958,48.960341],[2.448967,48.960348]],[[2.448967,48.960348],[2.448976,48.960355]],[[2.448976,48.960355],[2.448984,48.960362]],[[2.448984,48.960362],[2.448993,48.960369]],[[2.448993,48.960369],[2.449001,48.960376]],[[2.449001,48.960376],[2.44901,48.960383]],[[2.44901,48.960383],[2.449019,48.96039]],[[2.449019,48.96039],[2.449027,48.960397]],[[2.449027,48.960397],[2.449036,48.960404]],[[2.449036,48.960404],[2.449044,48.960411]],[[2.449044,48.960411],[2.449053,48.960418]],[[2.449053,48.960418],[2.449062,48.960425]],[[2.449062,48.960425],[2.44907,48.960432]],[[2.44907,48.960432],[2.449079,48.960439]],[[2.449079,48.960439],[2.449087,48.960446]],[[2.449087,48.960446],[2.449096,48.960453]],[[2.449096,48.960453],[2.449105,48.96046]],[[2.449105,48.96046],[2.449113,48.960467]],[[2.449113,48.960467],[2.449122,48.960474]],[[2.449122,48.960474],[2.44913,48.960481]],[[2.44913,48.960481],[2.449139,48.960488]],[[2.449139,48.960488],[2.449148,48.960495]],[[2.449148,48.960495],[2.449156,48.960502]],[[2.449156,48.960502],[2.449165,48.960509]],[[2.449165,48.960509],[2.449173,48.960516]],[[2.449173,48.960516],[2.449182,48.960523]],[[2.449182,48.960523],[2.449191,48.96053]],[[2.449191,48.96053],[2.449199,48.960537]],[[2.449199,48.960537],[2.449208,48.960544]],[[2.449208,48.960544],[2.449216,48.960551]],[[2.449216,48.960551],[2.449225,48.960558]],[[2.449225,48.960558],[2.449234,48.960564]],[[2.449234,48.960564],[2.449242,48.960571]],[[2.449242,48.960571],[2.449251,48.960578]],[[2.449251,48.960578],[2.44926,48.960585]],[[2.44926,48.960585],[2.449268,48.960592]],[[2.449268,48.960592],[2.449277,48.960599]],[[2.449277,48.960599],[2.449285,48.960606]],[[2.449285,48.960606],[2.449294,48.960613]],[[2.449294,48.960613],[2.449303,48.96062]],[[2.449303,48.96062],[2.449311,48.960627]],[[2.449311,48.960627],[2.44932,48.960634]],[[2.44932,48.960634],[2.449328,48.960641]],[[2.449328,48.960641],[2.449337,48.960648]],[[2.449337,48.960648],[2.449346,48.960655]],[[2.449346,48.960655],[2.449354,48.960662]],[[2.449354,48.960662],[2.449363,48.960669]],[[2.449363,48.960669],[2.449371,48.960676]],[[2.449371,48.960676],[2.44938,48.960683]],[[2.44938,48.960683],[2.449389,48.96069]],[[2.449389,48.96069],[2.449397,48.960697]],[[2.449397,48.960697],[2.449406,48.960704]],[[2.449406,48.960704],[2.449414,48.960711]],[[2.449414,48.960711],[2.449423,48.960718]],[[2.449423,48.960718],[2.449431,48.960725]],[[2.449431,48.960725],[2.44944,48.960732]],[[2.44944,48.960732],[2.449449,48.960739]],[[2.449449,48.960739],[2.449457,48.960746]],[[2.449457,48.960746],[2.449466,48.960753]],[[2.449466,48.960753],[2.449474,48.96076]],[[2.449474,48.96076],[2.449483,48.960767]],[[2.449483,48.960767],[2.449491,48.960774]],[[2.449491,48.960774],[2.4495,48.960781]],[[2.4495,48.960781],[2.449508,48.960788]],[[2.449508,48.960788],[2.449517,48.960795]],[[2.449517,48.960795],[2.449526,48.960802]],[[2.449526,48.960802],[2.449534,48.960809]],[[2.449534,48.960809],[2.449543,48.960816]],[[2.449543,48.960816],[2.449551,48.960823]],[[2.449551,48.960823],[2.44956,48.96083]],[[2.44956,48.96083],[2.449568,48.960837]],[[2.449568,48.960837],[2.449577,48.960844]],[[2.449577,48.960844],[2.449585,48.960851]],[[2.449585,48.960851],[2.449594,48.960859]],[[2.449594,48.960859],[2.449602,48.960866]],[[2.449602,48.960866],[2.449611,48.960873]],[[2.449611,48.960873],[2.449619,48.96088]],[[2.449619,48.96088],[2.449628,48.960887]],[[2.449628,48.960887],[2.449636,48.960894]],[[2.449636,48.960894],[2.449644,48.960901]],[[2.449644,48.960901],[2.449653,48.960908]],[[2.449653,48.960908],[2.449661,48.960915]],[[2.449661,48.960915],[2.44967,48.960922]],[[2.44967,48.960922],[2.449678,48.960929]],[[2.449678,48.960929],[2.449687,48.960936]],[[2.449687,48.960936],[2.449695,48.960943]],[[2.449695,48.960943],[2.449703,48.96095]],[[2.449703,48.96095],[2.449712,48.960957]],[[2.449712,48.960957],[2.44972,48.960965]],[[2.44972,48.960965],[2.449729,48.960972]],[[2.449729,48.960972],[2.449737,48.960979]],[[2.449737,48.960979],[2.449745,48.960986]],[[2.449745,48.960986],[2.449754,48.960993]],[[2.449754,48.960993],[2.449762,48.961]],[[2.449762,48.961],[2.44977,48.961007]],[[2.44977,48.961007],[2.449779,48.961014]],[[2.449779,48.961014],[2.449787,48.961022]],[[2.449787,48.961022],[2.449795,48.961029]],[[2.449795,48.961029],[2.449804,48.961036]],[[2.449804,48.961036],[2.449812,48.961043]],[[2.449812,48.961043],[2.44982,48.96105]],[[2.44982,48.96105],[2.449828,48.961057]],[[2.449828,48.961057],[2.449837,48.961065]],[[2.449837,48.961065],[2.449845,48.961072]],[[2.449845,48.961072],[2.449853,48.961079]],[[2.449853,48.961079],[2.449861,48.961086]],[[2.449861,48.961086],[2.449869,48.961093]],[[2.449869,48.961093],[2.449878,48.9611]],[[2.449878,48.9611],[2.449886,48.961108]],[[2.449886,48.961108],[2.449894,48.961115]],[[2.449894,48.961115],[2.449902,48.961122]],[[2.449902,48.961122],[2.44991,48.96113]],[[2.44991,48.96113],[2.449918,48.961137]],[[2.449918,48.961137],[2.449926,48.961144]],[[2.449926,48.961144],[2.449934,48.961151]],[[2.449934,48.961151],[2.449942,48.961159]],[[2.449942,48.961159],[2.44995,48.961166]],[[2.44995,48.961166],[2.449958,48.961173]],[[2.449958,48.961173],[2.449966,48.96118]],[[2.449966,48.96118],[2.449974,48.961188]],[[2.449974,48.961188],[2.449982,48.961195]],[[2.449982,48.961195],[2.44999,48.961202]],[[2.44999,48.961202],[2.449998,48.96121]],[[2.449998,48.96121],[2.450006,48.961217]],[[2.450006,48.961217],[2.450014,48.961224]],[[2.450014,48.961224],[2.450022,48.961231]],[[2.450022,48.961231],[2.45003,48.961239]],[[2.45003,48.961239],[2.450038,48.961246]],[[2.450038,48.961246],[2.450046,48.961253]],[[2.450046,48.961253],[2.450054,48.96126]],[[2.450054,48.96126],[2.450062,48.961268]],[[2.450062,48.961268],[2.45007,48.961275]],[[2.45007,48.961275],[2.450077,48.961283]],[[2.450077,48.961283],[2.450085,48.96129]],[[2.450085,48.96129],[2.450093,48.961297]],[[2.450093,48.961297],[2.450101,48.961305]],[[2.450101,48.961305],[2.450109,48.961312]],[[2.450109,48.961312],[2.450116,48.96132]],[[2.450116,48.96132],[2.450124,48.961327]],[[2.450124,48.961327],[2.450132,48.961334]],[[2.450132,48.961334],[2.45014,48.961342]],[[2.45014,48.961342],[2.450147,48.961349]],[[2.450147,48.961349],[2.450155,48.961357]],[[2.450155,48.961357],[2.450163,48.961364]],[[2.450163,48.961364],[2.450171,48.961371]],[[2.450171,48.961371],[2.450178,48.961379]],[[2.450178,48.961379],[2.450186,48.961386]],[[2.450186,48.961386],[2.450194,48.961394]],[[2.450194,48.961394],[2.450202,48.961401]],[[2.450202,48.961401],[2.450209,48.961408]],[[2.450209,48.961408],[2.450217,48.961416]],[[2.450217,48.961416],[2.450225,48.961423]],[[2.450225,48.961423],[2.450232,48.961431]],[[2.450232,48.961431],[2.45024,48.961438]],[[2.45024,48.961438],[2.450247,48.961446]],[[2.450247,48.961446],[2.450255,48.961453]],[[2.450255,48.961453],[2.450262,48.961461]],[[2.450262,48.961461],[2.45027,48.961469]],[[2.45027,48.961469],[2.450277,48.961476]],[[2.450277,48.961476],[2.450285,48.961484]],[[2.450285,48.961484],[2.450292,48.961491]],[[2.450292,48.961491],[2.450299,48.961499]],[[2.450299,48.961499],[2.450307,48.961506]],[[2.450307,48.961506],[2.450314,48.961514]],[[2.450314,48.961514],[2.450322,48.961521]],[[2.450322,48.961521],[2.450329,48.961529]],[[2.450329,48.961529],[2.450337,48.961536]],[[2.450337,48.961536],[2.450344,48.961544]],[[2.450344,48.961544],[2.450352,48.961551]],[[2.450352,48.961551],[2.450359,48.961559]],[[2.450359,48.961559],[2.450367,48.961566]],[[2.450367,48.961566],[2.450374,48.961574]],[[2.450374,48.961574],[2.450382,48.961581]],[[2.450382,48.961581],[2.450389,48.961589]],[[2.450389,48.961589],[2.450396,48.961597]],[[2.450396,48.961597],[2.450404,48.961604]],[[2.450404,48.961604],[2.450411,48.961612]],[[2.450411,48.961612],[2.450418,48.961619]],[[2.450418,48.961619],[2.450425,48.961627]],[[2.450425,48.961627],[2.450433,48.961635]],[[2.450433,48.961635],[2.45044,48.961642]],[[2.45044,48.961642],[2.450447,48.96165]],[[2.450447,48.96165],[2.450454,48.961658]],[[2.450454,48.961658],[2.450462,48.961665]],[[2.450462,48.961665],[2.450469,48.961673]],[[2.450469,48.961673],[2.450476,48.96168]],[[2.450476,48.96168],[2.450483,48.961688]],[[2.450483,48.961688],[2.45049,48.961696]],[[2.45049,48.961696],[2.450497,48.961703]],[[2.450497,48.961703],[2.450505,48.961711]],[[2.450505,48.961711],[2.450512,48.961719]],[[2.450512,48.961719],[2.450519,48.961726]],[[2.450519,48.961726],[2.450526,48.961734]],[[2.450526,48.961734],[2.450533,48.961742]],[[2.450533,48.961742],[2.45054,48.961749]],[[2.45054,48.961749],[2.450547,48.961757]],[[2.450547,48.961757],[2.450554,48.961765]],[[2.450554,48.961765],[2.450561,48.961773]],[[2.450561,48.961773],[2.450568,48.96178]],[[2.450568,48.96178],[2.450575,48.961788]],[[2.450575,48.961788],[2.450583,48.961796]],[[2.450583,48.961796],[2.45059,48.961803]],[[2.45059,48.961803],[2.450597,48.961811]],[[2.450597,48.961811],[2.450604,48.961819]],[[2.450604,48.961819],[2.450611,48.961826]],[[2.450611,48.961826],[2.450618,48.961834]],[[2.450618,48.961834],[2.450625,48.961842]],[[2.450625,48.961842],[2.450632,48.96185]],[[2.450632,48.96185],[2.450639,48.961857]],[[2.450639,48.961857],[2.450646,48.961865]],[[2.450646,48.961865],[2.450653,48.961873]],[[2.450653,48.961873],[2.450659,48.961881]],[[2.450659,48.961881],[2.450666,48.961888]],[[2.450666,48.961888],[2.450673,48.961896]],[[2.450673,48.961896],[2.45068,48.961904]],[[2.45068,48.961904],[2.450687,48.961912]],[[2.450687,48.961912],[2.450694,48.961919]],[[2.450694,48.961919],[2.450701,48.961927]],[[2.450701,48.961927],[2.450708,48.961935]],[[2.450708,48.961935],[2.450715,48.961943]],[[2.450715,48.961943],[2.450722,48.96195]],[[2.450722,48.96195],[2.450729,48.961958]],[[2.450729,48.961958],[2.450736,48.961966]],[[2.450736,48.961966],[2.450743,48.961974]],[[2.450743,48.961974],[2.45075,48.961981]],[[2.45075,48.961981],[2.450756,48.961989]],[[2.450756,48.961989],[2.450763,48.961997]],[[2.450763,48.961997],[2.45077,48.962005]],[[2.45077,48.962005],[2.450777,48.962012]],[[2.450777,48.962012],[2.450784,48.96202]],[[2.450784,48.96202],[2.450791,48.962028]],[[2.450791,48.962028],[2.450798,48.962036]],[[2.450798,48.962036],[2.450805,48.962043]],[[2.450805,48.962043],[2.450812,48.962051]],[[2.450812,48.962051],[2.450818,48.962059]],[[2.450818,48.962059],[2.450825,48.962067]],[[2.450825,48.962067],[2.450832,48.962075]],[[2.450832,48.962075],[2.450839,48.962082]],[[2.450839,48.962082],[2.450846,48.96209]],[[2.450846,48.96209],[2.450853,48.962098]],[[2.450853,48.962098],[2.45086,48.962106]],[[2.45086,48.962106],[2.450867,48.962113]],[[2.450867,48.962113],[2.450873,48.962121]],[[2.450873,48.962121],[2.45088,48.962129]],[[2.45088,48.962129],[2.450887,48.962137]],[[2.450887,48.962137],[2.450894,48.962144]],[[2.450894,48.962144],[2.450901,48.962152]],[[2.450901,48.962152],[2.450908,48.96216]],[[2.450908,48.96216],[2.450915,48.962168]],[[2.450915,48.962168],[2.450921,48.962176]],[[2.450921,48.962176],[2.450928,48.962183]],[[2.450928,48.962183],[2.450935,48.962191]],[[2.450935,48.962191],[2.450942,48.962199]],[[2.450942,48.962199],[2.450949,48.962207]],[[2.450949,48.962207],[2.450956,48.962214]],[[2.450956,48.962214],[2.450963,48.962222]],[[2.450963,48.962222],[2.45097,48.96223]],[[2.45097,48.96223],[2.450976,48.962238]],[[2.450976,48.962238],[2.450983,48.962245]],[[2.450983,48.962245],[2.45099,48.962253]],[[2.45099,48.962253],[2.450997,48.962261]],[[2.450997,48.962261],[2.451004,48.962269]],[[2.451004,48.962269],[2.451011,48.962277]],[[2.451011,48.962277],[2.451018,48.962284]],[[2.451018,48.962284],[2.451025,48.962292]],[[2.451025,48.962292],[2.451031,48.9623]],[[2.451031,48.9623],[2.451038,48.962308]],[[2.451038,48.962308],[2.451045,48.962315]],[[2.451045,48.962315],[2.451052,48.962323]],[[2.451052,48.962323],[2.451059,48.962331]],[[2.451059,48.962331],[2.451066,48.962339]],[[2.451066,48.962339],[2.451073,48.962347]],[[2.451073,48.962347],[2.451079,48.962354]],[[2.451079,48.962354],[2.451086,48.962362]],[[2.451086,48.962362],[2.451093,48.96237]],[[2.451093,48.96237],[2.4511,48.962378]],[[2.4511,48.962378],[2.451107,48.962385]],[[2.451107,48.962385],[2.451114,48.962393]],[[2.451114,48.962393],[2.451121,48.962401]],[[2.451121,48.962401],[2.451128,48.962409]],[[2.451128,48.962409],[2.451134,48.962416]],[[2.451134,48.962416],[2.451141,48.962424]],[[2.451141,48.962424],[2.451148,48.962432]],[[2.451148,48.962432],[2.451155,48.96244]],[[2.451155,48.96244],[2.451162,48.962448]],[[2.451162,48.962448],[2.451169,48.962455]],[[2.451169,48.962455],[2.451176,48.962463]],[[2.451176,48.962463],[2.451183,48.962471]],[[2.451183,48.962471],[2.451189,48.962479]],[[2.451189,48.962479],[2.451196,48.962486]],[[2.451196,48.962486],[2.451203,48.962494]],[[2.451203,48.962494],[2.45121,48.962502]],[[2.45121,48.962502],[2.451217,48.96251]],[[2.451217,48.96251],[2.451224,48.962517]],[[2.451224,48.962517],[2.451231,48.962525]],[[2.451231,48.962525],[2.451238,48.962533]],[[2.451238,48.962533],[2.451244,48.962541]],[[2.451244,48.962541],[2.451251,48.962549]],[[2.451251,48.962549],[2.451258,48.962556]],[[2.451258,48.962556],[2.451265,48.962564]],[[2.451265,48.962564],[2.451272,48.962572]],[[2.451272,48.962572],[2.451279,48.96258]],[[2.451279,48.96258],[2.451286,48.962587]],[[2.451286,48.962587],[2.451292,48.962595]],[[2.451292,48.962595],[2.451299,48.962603]],[[2.451299,48.962603],[2.451306,48.962611]],[[2.451306,48.962611],[2.451313,48.962619]],[[2.451313,48.962619],[2.45132,48.962626]],[[2.45132,48.962626],[2.451327,48.962634]],[[2.451327,48.962634],[2.451334,48.962642]],[[2.451334,48.962642],[2.451341,48.96265]],[[2.451341,48.96265],[2.451347,48.962657]],[[2.451347,48.962657],[2.451354,48.962665]],[[2.451354,48.962665],[2.451361,48.962673]],[[2.451361,48.962673],[2.451368,48.962681]],[[2.451368,48.962681],[2.451375,48.962688]],[[2.451375,48.962688],[2.451382,48.962696]],[[2.451382,48.962696],[2.451389,48.962704]],[[2.451389,48.962704],[2.451396,48.962712]],[[2.451396,48.962712],[2.451402,48.96272]],[[2.451402,48.96272],[2.451409,48.962727]],[[2.451409,48.962727],[2.451416,48.962735]],[[2.451416,48.962735],[2.451423,48.962743]],[[2.451423,48.962743],[2.45143,48.962751]],[[2.45143,48.962751],[2.451437,48.962758]],[[2.451437,48.962758],[2.451444,48.962766]],[[2.451444,48.962766],[2.451451,48.962774]],[[2.451451,48.962774],[2.451457,48.962782]],[[2.451457,48.962782],[2.451464,48.962789]],[[2.451464,48.962789],[2.451471,48.962797]],[[2.451471,48.962797],[2.451478,48.962805]],[[2.451478,48.962805],[2.451485,48.962813]],[[2.451485,48.962813],[2.451492,48.962821]],[[2.451492,48.962821],[2.451499,48.962828]],[[2.451499,48.962828],[2.451505,48.962836]],[[2.451505,48.962836],[2.451512,48.962844]],[[2.451512,48.962844],[2.451519,48.962852]],[[2.451519,48.962852],[2.451526,48.962859]],[[2.451526,48.962859],[2.451533,48.962867]],[[2.451533,48.962867],[2.45154,48.962875]],[[2.45154,48.962875],[2.451547,48.962883]],[[2.451547,48.962883],[2.451554,48.962891]],[[2.451554,48.962891],[2.45156,48.962898]],[[2.45156,48.962898],[2.451567,48.962906]],[[2.451567,48.962906],[2.451574,48.962914]],[[2.451574,48.962914],[2.451581,48.962922]],[[2.451581,48.962922],[2.451588,48.962929]],[[2.451588,48.962929],[2.451595,48.962937]],[[2.451595,48.962937],[2.451602,48.962945]],[[2.451602,48.962945],[2.451609,48.962953]],[[2.451609,48.962953],[2.451615,48.96296]],[[2.451615,48.96296],[2.451622,48.962968]],[[2.451622,48.962968],[2.451629,48.962976]],[[2.451629,48.962976],[2.451636,48.962984]],[[2.451636,48.962984],[2.451643,48.962992]],[[2.451643,48.962992],[2.45165,48.962999]],[[2.45165,48.962999],[2.451657,48.963007]],[[2.451657,48.963007],[2.451664,48.963015]],[[2.451664,48.963015],[2.45167,48.963023]],[[2.45167,48.963023],[2.451677,48.96303]],[[2.451677,48.96303],[2.451684,48.963038]],[[2.451684,48.963038],[2.451691,48.963046]],[[2.451691,48.963046],[2.451698,48.963054]],[[2.451698,48.963054],[2.451705,48.963061]],[[2.451705,48.963061],[2.451712,48.963069]],[[2.451712,48.963069],[2.451718,48.963077]],[[2.451718,48.963077],[2.451725,48.963085]],[[2.451725,48.963085],[2.451732,48.963093]],[[2.451732,48.963093],[2.451739,48.9631]],[[2.451739,48.9631],[2.451746,48.963108]],[[2.451746,48.963108],[2.451753,48.963116]],[[2.451753,48.963116],[2.45176,48.963124]],[[2.45176,48.963124],[2.451767,48.963131]],[[2.451767,48.963131],[2.451773,48.963139]],[[2.451773,48.963139],[2.45178,48.963147]],[[2.45178,48.963147],[2.451787,48.963155]],[[2.451787,48.963155],[2.451794,48.963163]],[[2.451794,48.963163],[2.451801,48.96317]],[[2.451801,48.96317],[2.451808,48.963178]],[[2.451808,48.963178],[2.451815,48.963186]],[[2.451815,48.963186],[2.451822,48.963194]],[[2.451822,48.963194],[2.451828,48.963201]],[[2.451828,48.963201],[2.451835,48.963209]],[[2.451835,48.963209],[2.451842,48.963217]],[[2.451842,48.963217],[2.451849,48.963225]],[[2.451849,48.963225],[2.451856,48.963232]],[[2.451856,48.963232],[2.451863,48.96324]],[[2.451863,48.96324],[2.45187,48.963248]],[[2.45187,48.963248],[2.451877,48.963256]],[[2.451877,48.963256],[2.451883,48.963264]],[[2.451883,48.963264],[2.45189,48.963271]],[[2.45189,48.963271],[2.451897,48.963279]],[[2.451897,48.963279],[2.451904,48.963287]],[[2.451904,48.963287],[2.451911,48.963295]],[[2.451911,48.963295],[2.451918,48.963302]],[[2.451918,48.963302],[2.451925,48.96331]],[[2.451925,48.96331],[2.451931,48.963318]],[[2.451931,48.963318],[2.451938,48.963326]],[[2.451938,48.963326],[2.451945,48.963333]],[[2.451945,48.963333],[2.451952,48.963341]],[[2.451952,48.963341],[2.451959,48.963349]],[[2.451959,48.963349],[2.451966,48.963357]],[[2.451966,48.963357],[2.451973,48.963365]],[[2.451973,48.963365],[2.45198,48.963372]],[[2.45198,48.963372],[2.451986,48.96338]],[[2.451986,48.96338],[2.451993,48.963388]],[[2.451993,48.963388],[2.452,48.963396]],[[2.452,48.963396],[2.452007,48.963403]],[[2.452007,48.963403],[2.452014,48.963411]],[[2.452014,48.963411],[2.452021,48.963419]],[[2.452021,48.963419],[2.452028,48.963427]],[[2.452028,48.963427],[2.452035,48.963435]],[[2.452035,48.963435],[2.452041,48.963442]],[[2.452041,48.963442],[2.452048,48.96345]],[[2.452048,48.96345],[2.452055,48.963458]],[[2.452055,48.963458],[2.452062,48.963466]],[[2.452062,48.963466],[2.452069,48.963473]],[[2.452069,48.963473],[2.452076,48.963481]],[[2.452076,48.963481],[2.452083,48.963489]],[[2.452083,48.963489],[2.45209,48.963497]],[[2.45209,48.963497],[2.452096,48.963504]],[[2.452096,48.963504],[2.452103,48.963512]],[[2.452103,48.963512],[2.45211,48.96352]],[[2.45211,48.96352],[2.452117,48.963528]],[[2.452117,48.963528],[2.452124,48.963536]],[[2.452124,48.963536],[2.452131,48.963543]],[[2.452131,48.963543],[2.452138,48.963551]],[[2.452138,48.963551],[2.452144,48.963559]],[[2.452144,48.963559],[2.452151,48.963567]],[[2.452151,48.963567],[2.452158,48.963574]],[[2.452158,48.963574],[2.452165,48.963582]],[[2.452165,48.963582],[2.452172,48.96359]],[[2.452172,48.96359],[2.452179,48.963598]],[[2.452179,48.963598],[2.452186,48.963605]],[[2.452186,48.963605],[2.452193,48.963613]],[[2.452193,48.963613],[2.452199,48.963621]],[[2.452199,48.963621],[2.452206,48.963629]],[[2.452206,48.963629],[2.452213,48.963637]],[[2.452213,48.963637],[2.45222,48.963644]],[[2.45222,48.963644],[2.452227,48.963652]],[[2.452227,48.963652],[2.452234,48.96366]],[[2.452234,48.96366],[2.452241,48.963668]],[[2.452241,48.963668],[2.452248,48.963675]],[[2.452248,48.963675],[2.452254,48.963683]],[[2.452254,48.963683],[2.452261,48.963691]],[[2.452261,48.963691],[2.452268,48.963699]],[[2.452268,48.963699],[2.452275,48.963707]],[[2.452275,48.963707],[2.452282,48.963714]],[[2.452282,48.963714],[2.452289,48.963722]],[[2.452289,48.963722],[2.452296,48.96373]],[[2.452296,48.96373],[2.452303,48.963738]],[[2.452303,48.963738],[2.452309,48.963745]],[[2.452309,48.963745],[2.452316,48.963753]],[[2.452316,48.963753],[2.452323,48.963761]],[[2.452323,48.963761],[2.45233,48.963769]],[[2.45233,48.963769],[2.452337,48.963776]],[[2.452337,48.963776],[2.452344,48.963784]],[[2.452344,48.963784],[2.452351,48.963792]],[[2.452351,48.963792],[2.452357,48.9638]],[[2.452357,48.9638],[2.452364,48.963808]],[[2.452364,48.963808],[2.452371,48.963815]],[[2.452371,48.963815],[2.452378,48.963823]],[[2.452378,48.963823],[2.452385,48.963831]],[[2.452385,48.963831],[2.452392,48.963839]],[[2.452392,48.963839],[2.452399,48.963846]],[[2.452399,48.963846],[2.452406,48.963854]],[[2.452406,48.963854],[2.452412,48.963862]],[[2.452412,48.963862],[2.452419,48.96387]],[[2.452419,48.96387],[2.452426,48.963877]],[[2.452426,48.963877],[2.452433,48.963885]],[[2.452433,48.963885],[2.45244,48.963893]],[[2.45244,48.963893],[2.452447,48.963901]],[[2.452447,48.963901],[2.452454,48.963909]],[[2.452454,48.963909],[2.452461,48.963916]],[[2.452461,48.963916],[2.452467,48.963924]],[[2.452467,48.963924],[2.452474,48.963932]],[[2.452474,48.963932],[2.452481,48.96394]],[[2.452481,48.96394],[2.452488,48.963947]],[[2.452488,48.963947],[2.452495,48.963955]],[[2.452495,48.963955],[2.452502,48.963963]],[[2.452502,48.963963],[2.452509,48.963971]],[[2.452509,48.963971],[2.452516,48.963979]],[[2.452516,48.963979],[2.452522,48.963986]],[[2.452522,48.963986],[2.452529,48.963994]],[[2.452529,48.963994],[2.452536,48.964002]],[[2.452536,48.964002],[2.452543,48.96401]],[[2.452543,48.96401],[2.45255,48.964017]],[[2.45255,48.964017],[2.452557,48.964025]],[[2.452557,48.964025],[2.452564,48.964033]],[[2.452564,48.964033],[2.45257,48.964041]],[[2.45257,48.964041],[2.452577,48.964048]],[[2.452577,48.964048],[2.452584,48.964056]],[[2.452584,48.964056],[2.452591,48.964064]],[[2.452591,48.964064],[2.452598,48.964072]],[[2.452598,48.964072],[2.452605,48.96408]],[[2.452605,48.96408],[2.452612,48.964087]],[[2.452612,48.964087],[2.452619,48.964095]],[[2.452619,48.964095],[2.452625,48.964103]],[[2.452625,48.964103],[2.452632,48.964111]],[[2.452632,48.964111],[2.452639,48.964118]],[[2.452639,48.964118],[2.452646,48.964126]],[[2.452646,48.964126],[2.452653,48.964134]],[[2.452653,48.964134],[2.45266,48.964142]],[[2.45266,48.964142],[2.452667,48.964149]],[[2.452667,48.964149],[2.452674,48.964157]],[[2.452674,48.964157],[2.45268,48.964165]],[[2.45268,48.964165],[2.452687,48.964173]],[[2.452687,48.964173],[2.452694,48.964181]],[[2.452694,48.964181],[2.452701,48.964188]],[[2.452701,48.964188],[2.452708,48.964196]],[[2.452708,48.964196],[2.452715,48.964204]],[[2.452715,48.964204],[2.452722,48.964212]],[[2.452722,48.964212],[2.452729,48.964219]],[[2.452729,48.964219],[2.452735,48.964227]],[[2.452735,48.964227],[2.452742,48.964235]],[[2.452742,48.964235],[2.452749,48.964243]],[[2.452749,48.964243],[2.452756,48.964251]],[[2.452756,48.964251],[2.452763,48.964258]],[[2.452763,48.964258],[2.45277,48.964266]],[[2.45277,48.964266],[2.452777,48.964274]],[[2.452777,48.964274],[2.452784,48.964282]],[[2.452784,48.964282],[2.45279,48.964289]],[[2.45279,48.964289],[2.452797,48.964297]],[[2.452797,48.964297],[2.452804,48.964305]],[[2.452804,48.964305],[2.452811,48.964313]],[[2.452811,48.964313],[2.452818,48.96432]],[[2.452818,48.96432],[2.452825,48.964328]],[[2.452825,48.964328],[2.452832,48.964336]],[[2.452832,48.964336],[2.452838,48.964344]],[[2.452838,48.964344],[2.452845,48.964352]],[[2.452845,48.964352],[2.452852,48.964359]],[[2.452852,48.964359],[2.452859,48.964367]],[[2.452859,48.964367],[2.452866,48.964375]],[[2.452866,48.964375],[2.452873,48.964383]],[[2.452873,48.964383],[2.45288,48.96439]],[[2.45288,48.96439],[2.452887,48.964398]],[[2.452887,48.964398],[2.452893,48.964406]],[[2.452893,48.964406],[2.4529,48.964414]],[[2.4529,48.964414],[2.452907,48.964421]],[[2.452907,48.964421],[2.452914,48.964429]],[[2.452914,48.964429],[2.452921,48.964437]],[[2.452921,48.964437],[2.452928,48.964445]],[[2.452928,48.964445],[2.452935,48.964453]],[[2.452935,48.964453],[2.452942,48.96446]],[[2.452942,48.96446],[2.452948,48.964468]],[[2.452948,48.964468],[2.452955,48.964476]],[[2.452955,48.964476],[2.452962,48.964484]],[[2.452962,48.964484],[2.452969,48.964491]],[[2.452969,48.964491],[2.452976,48.964499]],[[2.452976,48.964499],[2.452983,48.964507]],[[2.452983,48.964507],[2.45299,48.964515]],[[2.45299,48.964515],[2.452997,48.964522]],[[2.452997,48.964522],[2.453003,48.96453]],[[2.453003,48.96453],[2.45301,48.964538]],[[2.45301,48.964538],[2.453017,48.964546]],[[2.453017,48.964546],[2.453024,48.964554]],[[2.453024,48.964554],[2.453031,48.964561]],[[2.453031,48.964561],[2.453038,48.964569]],[[2.453038,48.964569],[2.453045,48.964577]],[[2.453045,48.964577],[2.453051,48.964585]],[[2.453051,48.964585],[2.453058,48.964592]],[[2.453058,48.964592],[2.453065,48.9646]],[[2.453065,48.9646],[2.453072,48.964608]],[[2.453072,48.964608],[2.453079,48.964616]],[[2.453079,48.964616],[2.453086,48.964624]],[[2.453086,48.964624],[2.453093,48.964631]],[[2.453093,48.964631],[2.4531,48.964639]],[[2.4531,48.964639],[2.453106,48.964647]],[[2.453106,48.964647],[2.453113,48.964655]],[[2.453113,48.964655],[2.45312,48.964662]],[[2.45312,48.964662],[2.453127,48.96467]],[[2.453127,48.96467],[2.453134,48.964678]],[[2.453134,48.964678],[2.453141,48.964686]],[[2.453141,48.964686],[2.453148,48.964693]],[[2.453148,48.964693],[2.453155,48.964701]],[[2.453155,48.964701],[2.453161,48.964709]],[[2.453161,48.964709],[2.453168,48.964717]],[[2.453168,48.964717],[2.453175,48.964725]],[[2.453175,48.964725],[2.453182,48.964732]],[[2.453182,48.964732],[2.453189,48.96474]],[[2.453189,48.96474],[2.453196,48.964748]],[[2.453196,48.964748],[2.453203,48.964756]],[[2.453203,48.964756],[2.45321,48.964763]],[[2.45321,48.964763],[2.453216,48.964771]],[[2.453216,48.964771],[2.453223,48.964779]],[[2.453223,48.964779],[2.45323,48.964787]],[[2.45323,48.964787],[2.453237,48.964794]],[[2.453237,48.964794],[2.453244,48.964802]],[[2.453244,48.964802],[2.453251,48.96481]],[[2.453251,48.96481],[2.453258,48.964818]],[[2.453258,48.964818],[2.453264,48.964826]],[[2.453264,48.964826],[2.453271,48.964833]],[[2.453271,48.964833],[2.453278,48.964841]],[[2.453278,48.964841],[2.453285,48.964849]],[[2.453285,48.964849],[2.453292,48.964857]],[[2.453292,48.964857],[2.453299,48.964864]],[[2.453299,48.964864],[2.453306,48.964872]],[[2.453306,48.964872],[2.453313,48.96488]],[[2.453313,48.96488],[2.453319,48.964888]],[[2.453319,48.964888],[2.453326,48.964896]],[[2.453326,48.964896],[2.453333,48.964903]],[[2.453333,48.964903],[2.45334,48.964911]],[[2.45334,48.964911],[2.453347,48.964919]],[[2.453347,48.964919],[2.453354,48.964927]],[[2.453354,48.964927],[2.453361,48.964934]],[[2.453361,48.964934],[2.453368,48.964942]],[[2.453368,48.964942],[2.453374,48.96495]],[[2.453374,48.96495],[2.453381,48.964958]],[[2.453381,48.964958],[2.453388,48.964965]],[[2.453388,48.964965],[2.453395,48.964973]],[[2.453395,48.964973],[2.453402,48.964981]],[[2.453402,48.964981],[2.453409,48.964989]],[[2.453409,48.964989],[2.453416,48.964997]],[[2.453416,48.964997],[2.453423,48.965004]],[[2.453423,48.965004],[2.453429,48.965012]],[[2.453429,48.965012],[2.453436,48.96502]],[[2.453436,48.96502],[2.453443,48.965028]],[[2.453443,48.965028],[2.45345,48.965035]],[[2.45345,48.965035],[2.453457,48.965043]],[[2.453457,48.965043],[2.453464,48.965051]],[[2.453464,48.965051],[2.453471,48.965059]],[[2.453471,48.965059],[2.453478,48.965066]],[[2.453478,48.965066],[2.453484,48.965074]],[[2.453484,48.965074],[2.453491,48.965082]],[[2.453491,48.965082],[2.453498,48.96509]],[[2.453498,48.96509],[2.453505,48.965098]],[[2.453505,48.965098],[2.453512,48.965105]],[[2.453512,48.965105],[2.453519,48.965113]],[[2.453519,48.965113],[2.453526,48.965121]],[[2.453526,48.965121],[2.453532,48.965129]],[[2.453532,48.965129],[2.453539,48.965136]],[[2.453539,48.965136],[2.453546,48.965144]],[[2.453546,48.965144],[2.453553,48.965152]],[[2.453553,48.965152],[2.45356,48.96516]],[[2.45356,48.96516],[2.453567,48.965168]],[[2.453567,48.965168],[2.453574,48.965175]],[[2.453574,48.965175],[2.453581,48.965183]],[[2.453581,48.965183],[2.453587,48.965191]],[[2.453587,48.965191],[2.453594,48.965199]],[[2.453594,48.965199],[2.453601,48.965206]],[[2.453601,48.965206],[2.453608,48.965214]],[[2.453608,48.965214],[2.453615,48.965222]],[[2.453615,48.965222],[2.453622,48.96523]],[[2.453622,48.96523],[2.453629,48.965237]],[[2.453629,48.965237],[2.453636,48.965245]],[[2.453636,48.965245],[2.453642,48.965253]],[[2.453642,48.965253],[2.453649,48.965261]],[[2.453649,48.965261],[2.453656,48.965269]],[[2.453656,48.965269],[2.453663,48.965276]],[[2.453663,48.965276],[2.45367,48.965284]],[[2.45367,48.965284],[2.453677,48.965292]],[[2.453677,48.965292],[2.453684,48.9653]],[[2.453684,48.9653],[2.453691,48.965307]],[[2.453691,48.965307],[2.453697,48.965315]],[[2.453697,48.965315],[2.453704,48.965323]],[[2.453704,48.965323],[2.453711,48.965331]],[[2.453711,48.965331],[2.453718,48.965338]],[[2.453718,48.965338],[2.453725,48.965346]],[[2.453725,48.965346],[2.453732,48.965354]],[[2.453732,48.965354],[2.453739,48.965362]],[[2.453739,48.965362],[2.453745,48.96537]],[[2.453745,48.96537],[2.453752,48.965377]],[[2.453752,48.965377],[2.453759,48.965385]],[[2.453759,48.965385],[2.453766,48.965393]],[[2.453766,48.965393],[2.453773,48.965401]],[[2.453773,48.965401],[2.45378,48.965408]],[[2.45378,48.965408],[2.453787,48.965416]],[[2.453787,48.965416],[2.453794,48.965424]],[[2.453794,48.965424],[2.4538,48.965432]],[[2.4538,48.965432],[2.453807,48.96544]],[[2.453807,48.96544],[2.453814,48.965447]],[[2.453814,48.965447],[2.453821,48.965455]],[[2.453821,48.965455],[2.453828,48.965463]],[[2.453828,48.965463],[2.453835,48.965471]],[[2.453835,48.965471],[2.453842,48.965478]],[[2.453842,48.965478],[2.453849,48.965486]],[[2.453849,48.965486],[2.453855,48.965494]],[[2.453855,48.965494],[2.453862,48.965502]],[[2.453862,48.965502],[2.453869,48.965509]],[[2.453869,48.965509],[2.453876,48.965517]],[[2.453876,48.965517],[2.453883,48.965525]],[[2.453883,48.965525],[2.45389,48.965533]],[[2.45389,48.965533],[2.453897,48.965541]],[[2.453897,48.965541],[2.453904,48.965548]],[[2.453904,48.965548],[2.45391,48.965556]],[[2.45391,48.965556],[2.453917,48.965564]],[[2.453917,48.965564],[2.453924,48.965572]],[[2.453924,48.965572],[2.453931,48.965579]],[[2.453931,48.965579],[2.453938,48.965587]],[[2.453938,48.965587],[2.453945,48.965595]],[[2.453945,48.965595],[2.453952,48.965603]],[[2.453952,48.965603],[2.453959,48.96561]],[[2.453959,48.96561],[2.453965,48.965618]],[[2.453965,48.965618],[2.453972,48.965626]],[[2.453972,48.965626],[2.453979,48.965634]],[[2.453979,48.965634],[2.453986,48.965642]],[[2.453986,48.965642],[2.453993,48.965649]],[[2.453993,48.965649],[2.454,48.965657]],[[2.454,48.965657],[2.454007,48.965665]],[[2.454007,48.965665],[2.454013,48.965673]],[[2.454013,48.965673],[2.45402,48.96568]],[[2.45402,48.96568],[2.454027,48.965688]],[[2.454027,48.965688],[2.454034,48.965696]],[[2.454034,48.965696],[2.454041,48.965704]],[[2.454041,48.965704],[2.454048,48.965711]],[[2.454048,48.965711],[2.454055,48.965719]],[[2.454055,48.965719],[2.454062,48.965727]],[[2.454062,48.965727],[2.454068,48.965735]],[[2.454068,48.965735],[2.454075,48.965743]],[[2.454075,48.965743],[2.454082,48.96575]],[[2.454082,48.96575],[2.454089,48.965758]],[[2.454089,48.965758],[2.454096,48.965766]],[[2.454096,48.965766],[2.454103,48.965774]],[[2.454103,48.965774],[2.45411,48.965781]],[[2.45411,48.965781],[2.454117,48.965789]],[[2.454117,48.965789],[2.454123,48.965797]],[[2.454123,48.965797],[2.45413,48.965805]],[[2.45413,48.965805],[2.454137,48.965813]],[[2.454137,48.965813],[2.454144,48.96582]],[[2.454144,48.96582],[2.454151,48.965828]],[[2.454151,48.965828],[2.454158,48.965836]],[[2.454158,48.965836],[2.454165,48.965844]],[[2.454165,48.965844],[2.454172,48.965851]],[[2.454172,48.965851],[2.454178,48.965859]],[[2.454178,48.965859],[2.454185,48.965867]],[[2.454185,48.965867],[2.454192,48.965875]],[[2.454192,48.965875],[2.454199,48.965882]],[[2.454199,48.965882],[2.454206,48.96589]],[[2.454206,48.96589],[2.454213,48.965898]],[[2.454213,48.965898],[2.45422,48.965906]],[[2.45422,48.965906],[2.454227,48.965914]],[[2.454227,48.965914],[2.454233,48.965921]],[[2.454233,48.965921],[2.45424,48.965929]],[[2.45424,48.965929],[2.454247,48.965937]],[[2.454247,48.965937],[2.454254,48.965945]],[[2.454254,48.965945],[2.454261,48.965952]],[[2.454261,48.965952],[2.454268,48.96596]],[[2.454268,48.96596],[2.454275,48.965968]],[[2.454275,48.965968],[2.454281,48.965976]],[[2.454281,48.965976],[2.454288,48.965983]],[[2.454288,48.965983],[2.454295,48.965991]],[[2.454295,48.965991],[2.454302,48.965999]],[[2.454302,48.965999],[2.454309,48.966007]],[[2.454309,48.966007],[2.454316,48.966015]],[[2.454316,48.966015],[2.454323,48.966022]],[[2.454323,48.966022],[2.45433,48.96603]],[[2.45433,48.96603],[2.454336,48.966038]],[[2.454336,48.966038],[2.454343,48.966046]],[[2.454343,48.966046],[2.45435,48.966053]],[[2.45435,48.966053],[2.454357,48.966061]],[[2.454357,48.966061],[2.454364,48.966069]],[[2.454364,48.966069],[2.454371,48.966077]],[[2.454371,48.966077],[2.454378,48.966085]],[[2.454378,48.966085],[2.454385,48.966092]],[[2.454385,48.966092],[2.454391,48.9661]],[[2.454391,48.9661],[2.454398,48.966108]],[[2.454398,48.966108],[2.454405,48.966116]],[[2.454405,48.966116],[2.454412,48.966123]],[[2.454412,48.966123],[2.454419,48.966131]],[[2.454419,48.966131],[2.454426,48.966139]],[[2.454426,48.966139],[2.454433,48.966147]],[[2.454433,48.966147],[2.45444,48.966154]],[[2.45444,48.966154],[2.454446,48.966162]],[[2.454446,48.966162],[2.454453,48.96617]],[[2.454453,48.96617],[2.45446,48.966178]],[[2.45446,48.966178],[2.454467,48.966186]],[[2.454467,48.966186],[2.454474,48.966193]],[[2.454474,48.966193],[2.454481,48.966201]],[[2.454481,48.966201],[2.454488,48.966209]],[[2.454488,48.966209],[2.454495,48.966217]],[[2.454495,48.966217],[2.454501,48.966224]],[[2.454501,48.966224],[2.454508,48.966232]],[[2.454508,48.966232],[2.454515,48.96624]],[[2.454515,48.96624],[2.454522,48.966248]],[[2.454522,48.966248],[2.454529,48.966255]],[[2.454529,48.966255],[2.454536,48.966263]],[[2.454536,48.966263],[2.454543,48.966271]],[[2.454543,48.966271],[2.454549,48.966279]],[[2.454549,48.966279],[2.454556,48.966287]],[[2.454556,48.966287],[2.454563,48.966294]],[[2.454563,48.966294],[2.45457,48.966302]],[[2.45457,48.966302],[2.454577,48.96631]],[[2.454577,48.96631],[2.454584,48.966318]],[[2.454584,48.966318],[2.454591,48.966325]],[[2.454591,48.966325],[2.454598,48.966333]],[[2.454598,48.966333],[2.454604,48.966341]],[[2.454604,48.966341],[2.454611,48.966349]],[[2.454611,48.966349],[2.454618,48.966356]],[[2.454618,48.966356],[2.454625,48.966364]],[[2.454625,48.966364],[2.454632,48.966372]],[[2.454632,48.966372],[2.454639,48.96638]],[[2.454639,48.96638],[2.454646,48.966388]],[[2.454646,48.966388],[2.454653,48.966395]],[[2.454653,48.966395],[2.454659,48.966403]],[[2.454659,48.966403],[2.454666,48.966411]],[[2.454666,48.966411],[2.454673,48.966419]],[[2.454673,48.966419],[2.45468,48.966426]],[[2.45468,48.966426],[2.454687,48.966434]],[[2.454687,48.966434],[2.454694,48.966442]],[[2.454694,48.966442],[2.454701,48.96645]],[[2.454701,48.96645],[2.454708,48.966458]],[[2.454708,48.966458],[2.454714,48.966465]],[[2.454714,48.966465],[2.454721,48.966473]],[[2.454721,48.966473],[2.454728,48.966481]],[[2.454728,48.966481],[2.454735,48.966489]],[[2.454735,48.966489],[2.454742,48.966496]],[[2.454742,48.966496],[2.454749,48.966504]],[[2.454749,48.966504],[2.454756,48.966512]],[[2.454756,48.966512],[2.454763,48.96652]],[[2.454763,48.96652],[2.454769,48.966527]],[[2.454769,48.966527],[2.454776,48.966535]],[[2.454776,48.966535],[2.454783,48.966543]],[[2.454783,48.966543],[2.45479,48.966551]],[[2.45479,48.966551],[2.454797,48.966559]],[[2.454797,48.966559],[2.454804,48.966566]],[[2.454804,48.966566],[2.454811,48.966574]],[[2.454811,48.966574],[2.454817,48.966582]],[[2.454817,48.966582],[2.454824,48.96659]],[[2.454824,48.96659],[2.454831,48.966597]],[[2.454831,48.966597],[2.454838,48.966605]],[[2.454838,48.966605],[2.454845,48.966613]],[[2.454845,48.966613],[2.454852,48.966621]],[[2.454852,48.966621],[2.454859,48.966628]],[[2.454859,48.966628],[2.454866,48.966636]],[[2.454866,48.966636],[2.454872,48.966644]],[[2.454872,48.966644],[2.454879,48.966652]],[[2.454879,48.966652],[2.454886,48.96666]],[[2.454886,48.96666],[2.454893,48.966667]],[[2.454893,48.966667],[2.4549,48.966675]],[[2.4549,48.966675],[2.454907,48.966683]],[[2.454907,48.966683],[2.454914,48.966691]],[[2.454914,48.966691],[2.454921,48.966698]],[[2.454921,48.966698],[2.454927,48.966706]],[[2.454927,48.966706],[2.454934,48.966714]],[[2.454934,48.966714],[2.454941,48.966722]],[[2.454941,48.966722],[2.454948,48.96673]],[[2.454948,48.96673],[2.454955,48.966737]],[[2.454955,48.966737],[2.454962,48.966745]],[[2.454962,48.966745],[2.454969,48.966753]],[[2.454969,48.966753],[2.454976,48.966761]],[[2.454976,48.966761],[2.454982,48.966768]],[[2.454982,48.966768],[2.454989,48.966776]],[[2.454989,48.966776],[2.454996,48.966784]],[[2.454996,48.966784],[2.455003,48.966792]],[[2.455003,48.966792],[2.45501,48.966799]],[[2.45501,48.966799],[2.455017,48.966807]],[[2.455017,48.966807],[2.455024,48.966815]],[[2.455024,48.966815],[2.455031,48.966823]],[[2.455031,48.966823],[2.455037,48.966831]],[[2.455037,48.966831],[2.455044,48.966838]],[[2.455044,48.966838],[2.455051,48.966846]],[[2.455051,48.966846],[2.455058,48.966854]],[[2.455058,48.966854],[2.455065,48.966862]],[[2.455065,48.966862],[2.455072,48.966869]],[[2.455072,48.966869],[2.455079,48.966877]],[[2.455079,48.966877],[2.455085,48.966885]],[[2.455085,48.966885],[2.455092,48.966893]],[[2.455092,48.966893],[2.455099,48.9669]],[[2.455099,48.9669],[2.455106,48.966908]],[[2.455106,48.966908],[2.455113,48.966916]],[[2.455113,48.966916],[2.45512,48.966924]],[[2.45512,48.966924],[2.455127,48.966932]],[[2.455127,48.966932],[2.455134,48.966939]],[[2.455134,48.966939],[2.45514,48.966947]],[[2.45514,48.966947],[2.455147,48.966955]],[[2.455147,48.966955],[2.455154,48.966963]],[[2.455154,48.966963],[2.455161,48.96697]],[[2.455161,48.96697],[2.455168,48.966978]],[[2.455168,48.966978],[2.455175,48.966986]],[[2.455175,48.966986],[2.455182,48.966994]],[[2.455182,48.966994],[2.455189,48.967002]],[[2.455189,48.967002],[2.455195,48.967009]],[[2.455195,48.967009],[2.455202,48.967017]],[[2.455202,48.967017],[2.455209,48.967025]],[[2.455209,48.967025],[2.455216,48.967033]],[[2.455216,48.967033],[2.455223,48.96704]],[[2.455223,48.96704],[2.45523,48.967048]],[[2.45523,48.967048],[2.455237,48.967056]],[[2.455237,48.967056],[2.455244,48.967064]],[[2.455244,48.967064],[2.45525,48.967071]],[[2.45525,48.967071],[2.455257,48.967079]],[[2.455257,48.967079],[2.455264,48.967087]],[[2.455264,48.967087],[2.455271,48.967095]],[[2.455271,48.967095],[2.455278,48.967103]],[[2.455278,48.967103],[2.455285,48.96711]],[[2.455285,48.96711],[2.455292,48.967118]],[[2.455292,48.967118],[2.455299,48.967126]],[[2.455299,48.967126],[2.455305,48.967134]],[[2.455305,48.967134],[2.455312,48.967141]],[[2.455312,48.967141],[2.455319,48.967149]],[[2.455319,48.967149],[2.455326,48.967157]],[[2.455326,48.967157],[2.455333,48.967165]],[[2.455333,48.967165],[2.45534,48.967172]],[[2.45534,48.967172],[2.455347,48.96718]],[[2.455347,48.96718],[2.455353,48.967188]],[[2.455353,48.967188],[2.45536,48.967196]],[[2.45536,48.967196],[2.455367,48.967204]],[[2.455367,48.967204],[2.455374,48.967211]],[[2.455374,48.967211],[2.455381,48.967219]],[[2.455381,48.967219],[2.455388,48.967227]],[[2.455388,48.967227],[2.455395,48.967235]],[[2.455395,48.967235],[2.455402,48.967242]],[[2.455402,48.967242],[2.455408,48.96725]],[[2.455408,48.96725],[2.455415,48.967258]],[[2.455415,48.967258],[2.455422,48.967266]],[[2.455422,48.967266],[2.455429,48.967273]],[[2.455429,48.967273],[2.455436,48.967281]],[[2.455436,48.967281],[2.455443,48.967289]],[[2.455443,48.967289],[2.45545,48.967297]],[[2.45545,48.967297],[2.455457,48.967305]],[[2.455457,48.967305],[2.455463,48.967312]],[[2.455463,48.967312],[2.45547,48.96732]],[[2.45547,48.96732],[2.455477,48.967328]],[[2.455477,48.967328],[2.455484,48.967336]],[[2.455484,48.967336],[2.455491,48.967343]],[[2.455491,48.967343],[2.455498,48.967351]],[[2.455498,48.967351],[2.455505,48.967359]],[[2.455505,48.967359],[2.455512,48.967367]],[[2.455512,48.967367],[2.455518,48.967375]],[[2.455518,48.967375],[2.455525,48.967382]],[[2.455525,48.967382],[2.455532,48.96739]],[[2.455532,48.96739],[2.455539,48.967398]],[[2.455539,48.967398],[2.455546,48.967406]],[[2.455546,48.967406],[2.455553,48.967413]],[[2.455553,48.967413],[2.45556,48.967421]],[[2.45556,48.967421],[2.455567,48.967429]],[[2.455567,48.967429],[2.455573,48.967437]],[[2.455573,48.967437],[2.45558,48.967444]],[[2.45558,48.967444],[2.455587,48.967452]],[[2.455587,48.967452],[2.455594,48.96746]],[[2.455594,48.96746],[2.455601,48.967468]],[[2.455601,48.967468],[2.455608,48.967476]],[[2.455608,48.967476],[2.455615,48.967483]],[[2.455615,48.967483],[2.455622,48.967491]],[[2.455622,48.967491],[2.455628,48.967499]],[[2.455628,48.967499],[2.455635,48.967507]],[[2.455635,48.967507],[2.455642,48.967514]],[[2.455642,48.967514],[2.455649,48.967522]],[[2.455649,48.967522],[2.455656,48.96753]],[[2.455656,48.96753],[2.455663,48.967538]],[[2.455663,48.967538],[2.45567,48.967545]],[[2.45567,48.967545],[2.455676,48.967553]],[[2.455676,48.967553],[2.455683,48.967561]],[[2.455683,48.967561],[2.45569,48.967569]],[[2.45569,48.967569],[2.455697,48.967577]],[[2.455697,48.967577],[2.455704,48.967584]],[[2.455704,48.967584],[2.455711,48.967592]],[[2.455711,48.967592],[2.455718,48.9676]],[[2.455718,48.9676],[2.455725,48.967608]],[[2.455725,48.967608],[2.455731,48.967615]],[[2.455731,48.967615],[2.455738,48.967623]],[[2.455738,48.967623],[2.455745,48.967631]],[[2.455745,48.967631],[2.455752,48.967639]],[[2.455752,48.967639],[2.455759,48.967647]],[[2.455759,48.967647],[2.455766,48.967654]],[[2.455766,48.967654],[2.455773,48.967662]],[[2.455773,48.967662],[2.45578,48.96767]],[[2.45578,48.96767],[2.455786,48.967678]],[[2.455786,48.967678],[2.455793,48.967685]],[[2.455793,48.967685],[2.4558,48.967693]],[[2.4558,48.967693],[2.455807,48.967701]],[[2.455807,48.967701],[2.455814,48.967709]],[[2.455814,48.967709],[2.455821,48.967716]],[[2.455821,48.967716],[2.455828,48.967724]],[[2.455828,48.967724],[2.455835,48.967732]],[[2.455835,48.967732],[2.455841,48.96774]],[[2.455841,48.96774],[2.455848,48.967748]],[[2.455848,48.967748],[2.455855,48.967755]],[[2.455855,48.967755],[2.455862,48.967763]],[[2.455862,48.967763],[2.455869,48.967771]],[[2.455869,48.967771],[2.455876,48.967779]],[[2.455876,48.967779],[2.455883,48.967786]],[[2.455883,48.967786],[2.45589,48.967794]],[[2.45589,48.967794],[2.455896,48.967802]],[[2.455896,48.967802],[2.455903,48.96781]],[[2.455903,48.96781],[2.45591,48.967817]],[[2.45591,48.967817],[2.455917,48.967825]],[[2.455917,48.967825],[2.455924,48.967833]],[[2.455924,48.967833],[2.455931,48.967841]],[[2.455931,48.967841],[2.455938,48.967849]],[[2.455938,48.967849],[2.455944,48.967856]],[[2.455944,48.967856],[2.455951,48.967864]],[[2.455951,48.967864],[2.455958,48.967872]],[[2.455958,48.967872],[2.455965,48.96788]],[[2.455965,48.96788],[2.455972,48.967887]],[[2.455972,48.967887],[2.455979,48.967895]],[[2.455979,48.967895],[2.455986,48.967903]],[[2.455986,48.967903],[2.455993,48.967911]],[[2.455993,48.967911],[2.455999,48.967918]],[[2.455999,48.967918],[2.456006,48.967926]],[[2.456006,48.967926],[2.456013,48.967934]],[[2.456013,48.967934],[2.45602,48.967942]],[[2.45602,48.967942],[2.456027,48.96795]],[[2.456027,48.96795],[2.456034,48.967957]],[[2.456034,48.967957],[2.456041,48.967965]],[[2.456041,48.967965],[2.456048,48.967973]],[[2.456048,48.967973],[2.456054,48.967981]],[[2.456054,48.967981],[2.456061,48.967988]],[[2.456061,48.967988],[2.456068,48.967996]],[[2.456068,48.967996],[2.456075,48.968004]],[[2.456075,48.968004],[2.456082,48.968012]],[[2.456082,48.968012],[2.456089,48.96802]],[[2.456089,48.96802],[2.456096,48.968027]],[[2.456096,48.968027],[2.456103,48.968035]],[[2.456103,48.968035],[2.456109,48.968043]],[[2.456109,48.968043],[2.456116,48.968051]],[[2.456116,48.968051],[2.456123,48.968058]],[[2.456123,48.968058],[2.45613,48.968066]],[[2.45613,48.968066],[2.456137,48.968074]],[[2.456137,48.968074],[2.456144,48.968082]],[[2.456144,48.968082],[2.456151,48.968089]],[[2.456151,48.968089],[2.456158,48.968097]],[[2.456158,48.968097],[2.456164,48.968105]],[[2.456164,48.968105],[2.456171,48.968113]],[[2.456171,48.968113],[2.456178,48.968121]],[[2.456178,48.968121],[2.456185,48.968128]],[[2.456185,48.968128],[2.456192,48.968136]],[[2.456192,48.968136],[2.456199,48.968144]],[[2.456199,48.968144],[2.456206,48.968152]],[[2.456206,48.968152],[2.456213,48.968159]],[[2.456213,48.968159],[2.456219,48.968167]],[[2.456219,48.968167],[2.456226,48.968175]],[[2.456226,48.968175],[2.456233,48.968183]],[[2.456233,48.968183],[2.45624,48.96819]],[[2.45624,48.96819],[2.456247,48.968198]],[[2.456247,48.968198],[2.456254,48.968206]],[[2.456254,48.968206],[2.456261,48.968214]],[[2.456261,48.968214],[2.456267,48.968222]],[[2.456267,48.968222],[2.456274,48.968229]],[[2.456274,48.968229],[2.456281,48.968237]],[[2.456281,48.968237],[2.456288,48.968245]],[[2.456288,48.968245],[2.456295,48.968253]],[[2.456295,48.968253],[2.456302,48.96826]],[[2.456302,48.96826],[2.456309,48.968268]],[[2.456309,48.968268],[2.456316,48.968276]],[[2.456316,48.968276],[2.456322,48.968284]],[[2.456322,48.968284],[2.456329,48.968292]],[[2.456329,48.968292],[2.456336,48.968299]],[[2.456336,48.968299],[2.456343,48.968307]],[[2.456343,48.968307],[2.45635,48.968315]],[[2.45635,48.968315],[2.456357,48.968323]],[[2.456357,48.968323],[2.456364,48.96833]],[[2.456364,48.96833],[2.456371,48.968338]],[[2.456371,48.968338],[2.456377,48.968346]],[[2.456377,48.968346],[2.456384,48.968354]],[[2.456384,48.968354],[2.456391,48.968361]],[[2.456391,48.968361],[2.456398,48.968369]],[[2.456398,48.968369],[2.456405,48.968377]],[[2.456405,48.968377],[2.456412,48.968385]],[[2.456412,48.968385],[2.456419,48.968393]],[[2.456419,48.968393],[2.456426,48.9684]],[[2.456426,48.9684],[2.456432,48.968408]],[[2.456432,48.968408],[2.456439,48.968416]],[[2.456439,48.968416],[2.456446,48.968424]],[[2.456446,48.968424],[2.456453,48.968431]],[[2.456453,48.968431],[2.45646,48.968439]],[[2.45646,48.968439],[2.456467,48.968447]],[[2.456467,48.968447],[2.456474,48.968455]],[[2.456474,48.968455],[2.456481,48.968462]],[[2.456481,48.968462],[2.456487,48.96847]],[[2.456487,48.96847],[2.456494,48.968478]],[[2.456494,48.968478],[2.456501,48.968486]],[[2.456501,48.968486],[2.456508,48.968494]],[[2.456508,48.968494],[2.456515,48.968501]],[[2.456515,48.968501],[2.456522,48.968509]],[[2.456522,48.968509],[2.456529,48.968517]],[[2.456529,48.968517],[2.456536,48.968525]],[[2.456536,48.968525],[2.456542,48.968532]],[[2.456542,48.968532],[2.456549,48.96854]],[[2.456549,48.96854],[2.456556,48.968548]],[[2.456556,48.968548],[2.456563,48.968556]],[[2.456563,48.968556],[2.45657,48.968563]],[[2.45657,48.968563],[2.456577,48.968571]],[[2.456577,48.968571],[2.456584,48.968579]],[[2.456584,48.968579],[2.45659,48.968587]],[[2.45659,48.968587],[2.456597,48.968595]],[[2.456597,48.968595],[2.456604,48.968602]],[[2.456604,48.968602],[2.456611,48.96861]],[[2.456611,48.96861],[2.456618,48.968618]],[[2.456618,48.968618],[2.456625,48.968626]],[[2.456625,48.968626],[2.456632,48.968633]],[[2.456632,48.968633],[2.456639,48.968641]],[[2.456639,48.968641],[2.456645,48.968649]],[[2.456645,48.968649],[2.456652,48.968657]],[[2.456652,48.968657],[2.456659,48.968665]],[[2.456659,48.968665],[2.456666,48.968672]],[[2.456666,48.968672],[2.456673,48.96868]],[[2.456673,48.96868],[2.45668,48.968688]],[[2.45668,48.968688],[2.456687,48.968696]],[[2.456687,48.968696],[2.456694,48.968703]],[[2.456694,48.968703],[2.4567,48.968711]],[[2.4567,48.968711],[2.456707,48.968719]],[[2.456707,48.968719],[2.456714,48.968727]],[[2.456714,48.968727],[2.456721,48.968734]],[[2.456721,48.968734],[2.456728,48.968742]],[[2.456728,48.968742],[2.456735,48.96875]],[[2.456735,48.96875],[2.456742,48.968758]],[[2.456742,48.968758],[2.456749,48.968766]],[[2.456749,48.968766],[2.456755,48.968773]],[[2.456755,48.968773],[2.456762,48.968781]],[[2.456762,48.968781],[2.456769,48.968789]],[[2.456769,48.968789],[2.456776,48.968797]],[[2.456776,48.968797],[2.456783,48.968804]],[[2.456783,48.968804],[2.45679,48.968812]],[[2.45679,48.968812],[2.456797,48.96882]],[[2.456797,48.96882],[2.456804,48.968828]],[[2.456804,48.968828],[2.45681,48.968835]],[[2.45681,48.968835],[2.456817,48.968843]],[[2.456817,48.968843],[2.456824,48.968851]],[[2.456824,48.968851],[2.456831,48.968859]],[[2.456831,48.968859],[2.456838,48.968867]],[[2.456838,48.968867],[2.456845,48.968874]],[[2.456845,48.968874],[2.456852,48.968882]],[[2.456852,48.968882],[2.456859,48.96889]],[[2.456859,48.96889],[2.456865,48.968898]],[[2.456865,48.968898],[2.456872,48.968905]],[[2.456872,48.968905],[2.456879,48.968913]],[[2.456879,48.968913],[2.456886,48.968921]],[[2.456886,48.968921],[2.456893,48.968929]],[[2.456893,48.968929],[2.4569,48.968936]],[[2.4569,48.968936],[2.456907,48.968944]],[[2.456907,48.968944],[2.456913,48.968952]],[[2.456913,48.968952],[2.45692,48.96896]],[[2.45692,48.96896],[2.456927,48.968968]],[[2.456927,48.968968],[2.456934,48.968975]],[[2.456934,48.968975],[2.456941,48.968983]],[[2.456941,48.968983],[2.456948,48.968991]],[[2.456948,48.968991],[2.456955,48.968999]],[[2.456955,48.968999],[2.456962,48.969006]],[[2.456962,48.969006],[2.456968,48.969014]],[[2.456968,48.969014],[2.456975,48.969022]],[[2.456975,48.969022],[2.456982,48.96903]],[[2.456982,48.96903],[2.456989,48.969038]],[[2.456989,48.969038],[2.456996,48.969045]],[[2.456996,48.969045],[2.457003,48.969053]],[[2.457003,48.969053],[2.45701,48.969061]],[[2.45701,48.969061],[2.457017,48.969069]],[[2.457017,48.969069],[2.457023,48.969076]],[[2.457023,48.969076],[2.45703,48.969084]],[[2.45703,48.969084],[2.457037,48.969092]],[[2.457037,48.969092],[2.457044,48.9691]],[[2.457044,48.9691],[2.457051,48.969107]],[[2.457051,48.969107],[2.457058,48.969115]],[[2.457058,48.969115],[2.457065,48.969123]],[[2.457065,48.969123],[2.457072,48.969131]],[[2.457072,48.969131],[2.457078,48.969139]],[[2.457078,48.969139],[2.457085,48.969146]],[[2.457085,48.969146],[2.457092,48.969154]],[[2.457092,48.969154],[2.457099,48.969162]],[[2.457099,48.969162],[2.457106,48.96917]],[[2.457106,48.96917],[2.457113,48.969177]],[[2.457113,48.969177],[2.45712,48.969185]],[[2.45712,48.969185],[2.457127,48.969193]],[[2.457127,48.969193],[2.457133,48.969201]],[[2.457133,48.969201],[2.45714,48.969208]],[[2.45714,48.969208],[2.457147,48.969216]],[[2.457147,48.969216],[2.457154,48.969224]],[[2.457154,48.969224],[2.457161,48.969232]],[[2.457161,48.969232],[2.457168,48.96924]],[[2.457168,48.96924],[2.457175,48.969247]],[[2.457175,48.969247],[2.457182,48.969255]],[[2.457182,48.969255],[2.457188,48.969263]],[[2.457188,48.969263],[2.457195,48.969271]],[[2.457195,48.969271],[2.457202,48.969278]],[[2.457202,48.969278],[2.457209,48.969286]],[[2.457209,48.969286],[2.457216,48.969294]],[[2.457216,48.969294],[2.457223,48.969302]],[[2.457223,48.969302],[2.45723,48.96931]],[[2.45723,48.96931],[2.457237,48.969317]],[[2.457237,48.969317],[2.457243,48.969325]],[[2.457243,48.969325],[2.45725,48.969333]],[[2.45725,48.969333],[2.457257,48.969341]],[[2.457257,48.969341],[2.457264,48.969348]],[[2.457264,48.969348],[2.457271,48.969356]],[[2.457271,48.969356],[2.457278,48.969364]],[[2.457278,48.969364],[2.457285,48.969372]],[[2.457285,48.969372],[2.457291,48.969379]],[[2.457291,48.969379],[2.457298,48.969387]],[[2.457298,48.969387],[2.457305,48.969395]],[[2.457305,48.969395],[2.457312,48.969403]],[[2.457312,48.969403],[2.457319,48.969411]],[[2.457319,48.969411],[2.457326,48.969418]],[[2.457326,48.969418],[2.457333,48.969426]],[[2.457333,48.969426],[2.45734,48.969434]],[[2.45734,48.969434],[2.457346,48.969442]],[[2.457346,48.969442],[2.457353,48.969449]],[[2.457353,48.969449],[2.45736,48.969457]],[[2.45736,48.969457],[2.457367,48.969465]],[[2.457367,48.969465],[2.457374,48.969473]],[[2.457374,48.969473],[2.457381,48.96948]],[[2.457381,48.96948],[2.457388,48.969488]],[[2.457388,48.969488],[2.457395,48.969496]],[[2.457395,48.969496],[2.457401,48.969504]],[[2.457401,48.969504],[2.457408,48.969512]],[[2.457408,48.969512],[2.457415,48.969519]],[[2.457415,48.969519],[2.457422,48.969527]],[[2.457422,48.969527],[2.457429,48.969535]],[[2.457429,48.969535],[2.457436,48.969543]],[[2.457436,48.969543],[2.457443,48.96955]],[[2.457443,48.96955],[2.45745,48.969558]],[[2.45745,48.969558],[2.457456,48.969566]],[[2.457456,48.969566],[2.457463,48.969574]],[[2.457463,48.969574],[2.45747,48.969581]],[[2.45747,48.969581],[2.457477,48.969589]],[[2.457477,48.969589],[2.457484,48.969597]],[[2.457484,48.969597],[2.457491,48.969605]],[[2.457491,48.969605],[2.457498,48.969613]],[[2.457498,48.969613],[2.457505,48.96962]],[[2.457505,48.96962],[2.457511,48.969628]],[[2.457511,48.969628],[2.457518,48.969636]],[[2.457518,48.969636],[2.457525,48.969644]],[[2.457525,48.969644],[2.457532,48.969651]],[[2.457532,48.969651],[2.457539,48.969659]],[[2.457539,48.969659],[2.457546,48.969667]],[[2.457546,48.969667],[2.457553,48.969675]],[[2.457553,48.969675],[2.45756,48.969683]],[[2.45756,48.969683],[2.457566,48.96969]],[[2.457566,48.96969],[2.457573,48.969698]],[[2.457573,48.969698],[2.45758,48.969706]],[[2.45758,48.969706],[2.457587,48.969714]],[[2.457587,48.969714],[2.457594,48.969721]],[[2.457594,48.969721],[2.457601,48.969729]],[[2.457601,48.969729],[2.457608,48.969737]],[[2.457608,48.969737],[2.457615,48.969745]],[[2.457615,48.969745],[2.457621,48.969752]],[[2.457621,48.969752],[2.457628,48.96976]],[[2.457628,48.96976],[2.457635,48.969768]],[[2.457635,48.969768],[2.457642,48.969776]],[[2.457642,48.969776],[2.457649,48.969784]],[[2.457649,48.969784],[2.457656,48.969791]],[[2.457656,48.969791],[2.457663,48.969799]],[[2.457663,48.969799],[2.457669,48.969807]],[[2.457669,48.969807],[2.457676,48.969815]],[[2.457676,48.969815],[2.457683,48.969822]],[[2.457683,48.969822],[2.45769,48.96983]],[[2.45769,48.96983],[2.457697,48.969838]],[[2.457697,48.969838],[2.457704,48.969846]],[[2.457704,48.969846],[2.457711,48.969853]],[[2.457711,48.969853],[2.457718,48.969861]],[[2.457718,48.969861],[2.457724,48.969869]],[[2.457724,48.969869],[2.457731,48.969877]],[[2.457731,48.969877],[2.457738,48.969885]],[[2.457738,48.969885],[2.457745,48.969892]],[[2.457745,48.969892],[2.457752,48.9699]],[[2.457752,48.9699],[2.457759,48.969908]],[[2.457759,48.969908],[2.457766,48.969916]],[[2.457766,48.969916],[2.457773,48.969923]],[[2.457773,48.969923],[2.457779,48.969931]],[[2.457779,48.969931],[2.457786,48.969939]],[[2.457786,48.969939],[2.457793,48.969947]],[[2.457793,48.969947],[2.4578,48.969954]],[[2.4578,48.969954],[2.457807,48.969962]],[[2.457807,48.969962],[2.457814,48.96997]],[[2.457814,48.96997],[2.457821,48.969978]],[[2.457821,48.969978],[2.457828,48.969986]],[[2.457828,48.969986],[2.457834,48.969993]],[[2.457834,48.969993],[2.457841,48.970001]],[[2.457841,48.970001],[2.457848,48.970009]],[[2.457848,48.970009],[2.457855,48.970017]],[[2.457855,48.970017],[2.457862,48.970024]],[[2.457862,48.970024],[2.457869,48.970032]],[[2.457869,48.970032],[2.457876,48.97004]],[[2.457876,48.97004],[2.457883,48.970048]],[[2.457883,48.970048],[2.457889,48.970056]],[[2.457889,48.970056],[2.457896,48.970063]],[[2.457896,48.970063],[2.457903,48.970071]],[[2.457903,48.970071],[2.45791,48.970079]],[[2.45791,48.970079],[2.457917,48.970087]],[[2.457917,48.970087],[2.457924,48.970094]],[[2.457924,48.970094],[2.457931,48.970102]],[[2.457931,48.970102],[2.457938,48.97011]],[[2.457938,48.97011],[2.457944,48.970118]],[[2.457944,48.970118],[2.457951,48.970125]],[[2.457951,48.970125],[2.457958,48.970133]],[[2.457958,48.970133],[2.457965,48.970141]],[[2.457965,48.970141],[2.457972,48.970149]],[[2.457972,48.970149],[2.457979,48.970157]],[[2.457979,48.970157],[2.457986,48.970164]],[[2.457986,48.970164],[2.457993,48.970172]],[[2.457993,48.970172],[2.457999,48.97018]],[[2.457999,48.97018],[2.458006,48.970188]],[[2.458006,48.970188],[2.458013,48.970195]],[[2.458013,48.970195],[2.45802,48.970203]],[[2.45802,48.970203],[2.458027,48.970211]],[[2.458027,48.970211],[2.458034,48.970219]],[[2.458034,48.970219],[2.458041,48.970226]],[[2.458041,48.970226],[2.458047,48.970234]],[[2.458047,48.970234],[2.458054,48.970242]],[[2.458054,48.970242],[2.458061,48.97025]],[[2.458061,48.97025],[2.458068,48.970258]],[[2.458068,48.970258],[2.458075,48.970265]],[[2.458075,48.970265],[2.458082,48.970273]],[[2.458082,48.970273],[2.458089,48.970281]],[[2.458089,48.970281],[2.458096,48.970289]],[[2.458096,48.970289],[2.458102,48.970296]],[[2.458102,48.970296],[2.458109,48.970304]],[[2.458109,48.970304],[2.458116,48.970312]],[[2.458116,48.970312],[2.458123,48.97032]],[[2.458123,48.97032],[2.45813,48.970327]],[[2.45813,48.970327],[2.458137,48.970335]],[[2.458137,48.970335],[2.458144,48.970343]],[[2.458144,48.970343],[2.458151,48.970351]],[[2.458151,48.970351],[2.458157,48.970359]],[[2.458157,48.970359],[2.458164,48.970366]],[[2.458164,48.970366],[2.458171,48.970374]],[[2.458171,48.970374],[2.458178,48.970382]],[[2.458178,48.970382],[2.458185,48.97039]],[[2.458185,48.97039],[2.458192,48.970397]],[[2.458192,48.970397],[2.458199,48.970405]],[[2.458199,48.970405],[2.458206,48.970413]],[[2.458206,48.970413],[2.458212,48.970421]],[[2.458212,48.970421],[2.458219,48.970429]],[[2.458219,48.970429],[2.458226,48.970436]],[[2.458226,48.970436],[2.458233,48.970444]],[[2.458233,48.970444],[2.45824,48.970452]],[[2.45824,48.970452],[2.458247,48.97046]],[[2.458247,48.97046],[2.458254,48.970467]],[[2.458254,48.970467],[2.458261,48.970475]],[[2.458261,48.970475],[2.458267,48.970483]],[[2.458267,48.970483],[2.458274,48.970491]],[[2.458274,48.970491],[2.458281,48.970498]],[[2.458281,48.970498],[2.458288,48.970506]],[[2.458288,48.970506],[2.458295,48.970514]],[[2.458295,48.970514],[2.458302,48.970522]],[[2.458302,48.970522],[2.458309,48.97053]],[[2.458309,48.97053],[2.458316,48.970537]],[[2.458316,48.970537],[2.458322,48.970545]],[[2.458322,48.970545],[2.458329,48.970553]],[[2.458329,48.970553],[2.458336,48.970561]],[[2.458336,48.970561],[2.458343,48.970568]],[[2.458343,48.970568],[2.45835,48.970576]],[[2.45835,48.970576],[2.458357,48.970584]],[[2.458357,48.970584],[2.458364,48.970592]],[[2.458364,48.970592],[2.458371,48.970599]],[[2.458371,48.970599],[2.458377,48.970607]],[[2.458377,48.970607],[2.458384,48.970615]],[[2.458384,48.970615],[2.458391,48.970623]],[[2.458391,48.970623],[2.458398,48.970631]],[[2.458398,48.970631],[2.458405,48.970638]],[[2.458405,48.970638],[2.458412,48.970646]],[[2.458412,48.970646],[2.458419,48.970654]],[[2.458419,48.970654],[2.458425,48.970662]],[[2.458425,48.970662],[2.458432,48.970669]],[[2.458432,48.970669],[2.458439,48.970677]],[[2.458439,48.970677],[2.458446,48.970685]],[[2.458446,48.970685],[2.458453,48.970693]],[[2.458453,48.970693],[2.45846,48.970701]],[[2.45846,48.970701],[2.458467,48.970708]],[[2.458467,48.970708],[2.458474,48.970716]],[[2.458474,48.970716],[2.45848,48.970724]],[[2.45848,48.970724],[2.458487,48.970732]],[[2.458487,48.970732],[2.458494,48.970739]],[[2.458494,48.970739],[2.458501,48.970747]],[[2.458501,48.970747],[2.458508,48.970755]],[[2.458508,48.970755],[2.458515,48.970763]],[[2.458515,48.970763],[2.458522,48.97077]],[[2.458522,48.97077],[2.458529,48.970778]],[[2.458529,48.970778],[2.458535,48.970786]],[[2.458535,48.970786],[2.458542,48.970794]],[[2.458542,48.970794],[2.458549,48.970802]],[[2.458549,48.970802],[2.458556,48.970809]],[[2.458556,48.970809],[2.458563,48.970817]],[[2.458563,48.970817],[2.45857,48.970825]],[[2.45857,48.970825],[2.458577,48.970833]],[[2.458577,48.970833],[2.458584,48.97084]],[[2.458584,48.97084],[2.45859,48.970848]],[[2.45859,48.970848],[2.458597,48.970856]],[[2.458597,48.970856],[2.458604,48.970864]],[[2.458604,48.970864],[2.458611,48.970871]],[[2.458611,48.970871],[2.458618,48.970879]],[[2.458618,48.970879],[2.458625,48.970887]],[[2.458625,48.970887],[2.458632,48.970895]],[[2.458632,48.970895],[2.458639,48.970903]],[[2.458639,48.970903],[2.458645,48.97091]],[[2.458645,48.97091],[2.458652,48.970918]],[[2.458652,48.970918],[2.458659,48.970926]],[[2.458659,48.970926],[2.458666,48.970934]],[[2.458666,48.970934],[2.458673,48.970941]],[[2.458673,48.970941],[2.45868,48.970949]],[[2.45868,48.970949],[2.458687,48.970957]],[[2.458687,48.970957],[2.458694,48.970965]],[[2.458694,48.970965],[2.4587,48.970972]],[[2.4587,48.970972],[2.458707,48.97098]],[[2.458707,48.97098],[2.458714,48.970988]],[[2.458714,48.970988],[2.458721,48.970996]],[[2.458721,48.970996],[2.458728,48.971004]],[[2.458728,48.971004],[2.458735,48.971011]],[[2.458735,48.971011],[2.458742,48.971019]],[[2.458742,48.971019],[2.458749,48.971027]],[[2.458749,48.971027],[2.458755,48.971035]],[[2.458755,48.971035],[2.458762,48.971042]],[[2.458762,48.971042],[2.458769,48.97105]],[[2.458769,48.97105],[2.458776,48.971058]],[[2.458776,48.971058],[2.458783,48.971066]],[[2.458783,48.971066],[2.45879,48.971074]],[[2.45879,48.971074],[2.458797,48.971081]],[[2.458797,48.971081],[2.458804,48.971089]],[[2.458804,48.971089],[2.45881,48.971097]],[[2.45881,48.971097],[2.458817,48.971105]],[[2.458817,48.971105],[2.458824,48.971112]],[[2.458824,48.971112],[2.458831,48.97112]],[[2.458831,48.97112],[2.458838,48.971128]],[[2.458838,48.971128],[2.458845,48.971136]],[[2.458845,48.971136],[2.458852,48.971143]],[[2.458852,48.971143],[2.458858,48.971151]],[[2.458858,48.971151],[2.458865,48.971159]],[[2.458865,48.971159],[2.458872,48.971167]],[[2.458872,48.971167],[2.458879,48.971175]],[[2.458879,48.971175],[2.458886,48.971182]],[[2.458886,48.971182],[2.458893,48.97119]],[[2.458893,48.97119],[2.4589,48.971198]],[[2.4589,48.971198],[2.458907,48.971206]],[[2.458907,48.971206],[2.458913,48.971213]],[[2.458913,48.971213],[2.45892,48.971221]],[[2.45892,48.971221],[2.458927,48.971229]],[[2.458927,48.971229],[2.458934,48.971237]],[[2.458934,48.971237],[2.458941,48.971244]],[[2.458941,48.971244],[2.458948,48.971252]],[[2.458948,48.971252],[2.458955,48.97126]],[[2.458955,48.97126],[2.458962,48.971268]],[[2.458962,48.971268],[2.458968,48.971276]],[[2.458968,48.971276],[2.458975,48.971283]],[[2.458975,48.971283],[2.458982,48.971291]],[[2.458982,48.971291],[2.458989,48.971299]],[[2.458989,48.971299],[2.458996,48.971307]],[[2.458996,48.971307],[2.459003,48.971314]],[[2.459003,48.971314],[2.45901,48.971322]],[[2.45901,48.971322],[2.459017,48.97133]],[[2.459017,48.97133],[2.459023,48.971338]],[[2.459023,48.971338],[2.45903,48.971345]],[[2.45903,48.971345],[2.459037,48.971353]],[[2.459037,48.971353],[2.459044,48.971361]],[[2.459044,48.971361],[2.459051,48.971369]],[[2.459051,48.971369],[2.459058,48.971377]],[[2.459058,48.971377],[2.459065,48.971384]],[[2.459065,48.971384],[2.459072,48.971392]],[[2.459072,48.971392],[2.459078,48.9714]],[[2.459078,48.9714],[2.459085,48.971408]],[[2.459085,48.971408],[2.459092,48.971415]],[[2.459092,48.971415],[2.459099,48.971423]],[[2.459099,48.971423],[2.459106,48.971431]],[[2.459106,48.971431],[2.459113,48.971439]],[[2.459113,48.971439],[2.45912,48.971446]],[[2.45912,48.971446],[2.459127,48.971454]],[[2.459127,48.971454],[2.459133,48.971462]],[[2.459133,48.971462],[2.45914,48.97147]],[[2.45914,48.97147],[2.459147,48.971478]],[[2.459147,48.971478],[2.459154,48.971485]],[[2.459154,48.971485],[2.459161,48.971493]],[[2.459161,48.971493],[2.459168,48.971501]],[[2.459168,48.971501],[2.459175,48.971509]],[[2.459175,48.971509],[2.459182,48.971516]],[[2.459182,48.971516],[2.459189,48.971524]],[[2.459189,48.971524],[2.459195,48.971532]],[[2.459195,48.971532],[2.459202,48.97154]],[[2.459202,48.97154],[2.459209,48.971547]],[[2.459209,48.971547],[2.459216,48.971555]],[[2.459216,48.971555],[2.459223,48.971563]],[[2.459223,48.971563],[2.45923,48.971571]],[[2.45923,48.971571],[2.459237,48.971578]],[[2.459237,48.971578],[2.459244,48.971586]],[[2.459244,48.971586],[2.459251,48.971594]],[[2.459251,48.971594],[2.459258,48.971602]],[[2.459258,48.971602],[2.459265,48.971609]],[[2.459265,48.971609],[2.459272,48.971617]],[[2.459272,48.971617],[2.459279,48.971625]],[[2.459279,48.971625],[2.459285,48.971633]],[[2.459285,48.971633],[2.459292,48.97164]],[[2.459292,48.97164],[2.459299,48.971648]],[[2.459299,48.971648],[2.459306,48.971656]],[[2.459306,48.971656],[2.459313,48.971664]],[[2.459313,48.971664],[2.45932,48.971671]],[[2.45932,48.971671],[2.459327,48.971679]],[[2.459327,48.971679],[2.459334,48.971687]],[[2.459334,48.971687],[2.459341,48.971695]],[[2.459341,48.971695],[2.459348,48.971702]],[[2.459348,48.971702],[2.459355,48.97171]],[[2.459355,48.97171],[2.459362,48.971718]],[[2.459362,48.971718],[2.459369,48.971725]],[[2.459369,48.971725],[2.459376,48.971733]],[[2.459376,48.971733],[2.459383,48.971741]],[[2.459383,48.971741],[2.45939,48.971749]],[[2.45939,48.971749],[2.459397,48.971756]],[[2.459397,48.971756],[2.459404,48.971764]],[[2.459404,48.971764],[2.459412,48.971772]],[[2.459412,48.971772],[2.459419,48.971779]],[[2.459419,48.971779],[2.459426,48.971787]],[[2.459426,48.971787],[2.459433,48.971795]],[[2.459433,48.971795],[2.45944,48.971802]],[[2.45944,48.971802],[2.459447,48.97181]],[[2.459447,48.97181],[2.459454,48.971818]],[[2.459454,48.971818],[2.459462,48.971825]],[[2.459462,48.971825],[2.459469,48.971833]],[[2.459469,48.971833],[2.459476,48.97184]],[[2.459476,48.97184],[2.459483,48.971848]],[[2.459483,48.971848],[2.459491,48.971856]],[[2.459491,48.971856],[2.459498,48.971863]],[[2.459498,48.971863],[2.459505,48.971871]],[[2.459505,48.971871],[2.459513,48.971879]],[[2.459513,48.971879],[2.45952,48.971886]],[[2.45952,48.971886],[2.459527,48.971894]],[[2.459527,48.971894],[2.459534,48.971901]],[[2.459534,48.971901],[2.459542,48.971909]],[[2.459542,48.971909],[2.459549,48.971917]],[[2.459549,48.971917],[2.459556,48.971924]],[[2.459556,48.971924],[2.459564,48.971932]],[[2.459564,48.971932],[2.459571,48.971939]],[[2.459571,48.971939],[2.459578,48.971947]],[[2.459578,48.971947],[2.459585,48.971955]],[[2.459585,48.971955],[2.459593,48.971962]],[[2.459593,48.971962],[2.4596,48.97197]],[[2.4596,48.97197],[2.459607,48.971977]],[[2.459607,48.971977],[2.459615,48.971985]],[[2.459615,48.971985],[2.459622,48.971993]],[[2.459622,48.971993],[2.459629,48.972]],[[2.459629,48.972],[2.459636,48.972008]],[[2.459636,48.972008],[2.459644,48.972015]],[[2.459644,48.972015],[2.459651,48.972023]],[[2.459651,48.972023],[2.459658,48.972031]],[[2.459658,48.972031],[2.459665,48.972038]],[[2.459665,48.972038],[2.459673,48.972046]],[[2.459673,48.972046],[2.45968,48.972054]],[[2.45968,48.972054],[2.459687,48.972061]],[[2.459687,48.972061],[2.459695,48.972069]],[[2.459695,48.972069],[2.459702,48.972076]],[[2.459702,48.972076],[2.459709,48.972084]],[[2.459709,48.972084],[2.459716,48.972092]],[[2.459716,48.972092],[2.459724,48.972099]],[[2.459724,48.972099],[2.459731,48.972107]],[[2.459731,48.972107],[2.459738,48.972114]],[[2.459738,48.972114],[2.459746,48.972122]],[[2.459746,48.972122],[2.459753,48.97213]],[[2.459753,48.97213],[2.45976,48.972137]],[[2.45976,48.972137],[2.459767,48.972145]],[[2.459767,48.972145],[2.459775,48.972152]],[[2.459775,48.972152],[2.459782,48.97216]],[[2.459782,48.97216],[2.459789,48.972168]],[[2.459789,48.972168],[2.459797,48.972175]],[[2.459797,48.972175],[2.459804,48.972183]],[[2.459804,48.972183],[2.459812,48.97219]],[[2.459812,48.97219],[2.459819,48.972198]],[[2.459819,48.972198],[2.459827,48.972205]],[[2.459827,48.972205],[2.459835,48.972213]],[[2.459835,48.972213],[2.459842,48.97222]],[[2.459842,48.97222],[2.45985,48.972227]],[[2.45985,48.972227],[2.459858,48.972235]],[[2.459858,48.972235],[2.459865,48.972242]],[[2.459865,48.972242],[2.459873,48.97225]],[[2.459873,48.97225],[2.459881,48.972257]],[[2.459881,48.972257],[2.459888,48.972265]],[[2.459888,48.972265],[2.459896,48.972272]],[[2.459896,48.972272],[2.459904,48.97228]],[[2.459904,48.97228],[2.459911,48.972287]],[[2.459911,48.972287],[2.459919,48.972294]],[[2.459919,48.972294],[2.459927,48.972302]],[[2.459927,48.972302],[2.459934,48.972309]],[[2.459934,48.972309],[2.459942,48.972317]],[[2.459942,48.972317],[2.459949,48.972324]],[[2.459949,48.972324],[2.459957,48.972332]],[[2.459957,48.972332],[2.459965,48.972339]],[[2.459965,48.972339],[2.459972,48.972347]],[[2.459972,48.972347],[2.45998,48.972354]],[[2.45998,48.972354],[2.459988,48.972361]],[[2.459988,48.972361],[2.459995,48.972369]],[[2.459995,48.972369],[2.460003,48.972376]],[[2.460003,48.972376],[2.460011,48.972384]],[[2.460011,48.972384],[2.460018,48.972391]],[[2.460018,48.972391],[2.460026,48.972399]],[[2.460026,48.972399],[2.460034,48.972406]],[[2.460034,48.972406],[2.460041,48.972414]],[[2.460041,48.972414],[2.460049,48.972421]],[[2.460049,48.972421],[2.460057,48.972428]],[[2.460057,48.972428],[2.460064,48.972436]],[[2.460064,48.972436],[2.460072,48.972443]],[[2.460072,48.972443],[2.46008,48.972451]],[[2.46008,48.972451],[2.460087,48.972458]],[[2.460087,48.972458],[2.460095,48.972466]],[[2.460095,48.972466],[2.460103,48.972473]],[[2.460103,48.972473],[2.46011,48.972481]],[[2.46011,48.972481],[2.460118,48.972488]],[[2.460118,48.972488],[2.460126,48.972495]],[[2.460126,48.972495],[2.460133,48.972503]],[[2.460133,48.972503],[2.460141,48.97251]],[[2.460141,48.97251],[2.460149,48.972518]],[[2.460149,48.972518],[2.460156,48.972525]],[[2.460156,48.972525],[2.460164,48.972533]],[[2.460164,48.972533],[2.460172,48.97254]],[[2.460172,48.97254],[2.460179,48.972548]],[[2.460179,48.972548],[2.460187,48.972555]],[[2.460187,48.972555],[2.460195,48.972562]],[[2.460195,48.972562],[2.460203,48.972569]],[[2.460203,48.972569],[2.460211,48.972577]],[[2.460211,48.972577],[2.460219,48.972584]],[[2.460219,48.972584],[2.460227,48.972591]],[[2.460227,48.972591],[2.460235,48.972599]],[[2.460235,48.972599],[2.460243,48.972606]],[[2.460243,48.972606],[2.460251,48.972613]],[[2.460251,48.972613],[2.460259,48.97262]],[[2.460259,48.97262],[2.460267,48.972628]],[[2.460267,48.972628],[2.460276,48.972635]],[[2.460276,48.972635],[2.460284,48.972642]],[[2.460284,48.972642],[2.460292,48.97265]],[[2.460292,48.97265],[2.4603,48.972657]],[[2.4603,48.972657],[2.460308,48.972664]],[[2.460308,48.972664],[2.460316,48.972671]],[[2.460316,48.972671],[2.460324,48.972679]],[[2.460324,48.972679],[2.460332,48.972686]],[[2.460332,48.972686],[2.46034,48.972693]],[[2.46034,48.972693],[2.460348,48.9727]],[[2.460348,48.9727],[2.460356,48.972708]],[[2.460356,48.972708],[2.460364,48.972715]],[[2.460364,48.972715],[2.460372,48.972722]],[[2.460372,48.972722],[2.46038,48.97273]],[[2.46038,48.97273],[2.460388,48.972737]],[[2.460388,48.972737],[2.460396,48.972744]],[[2.460396,48.972744],[2.460404,48.972751]],[[2.460404,48.972751],[2.460412,48.972759]],[[2.460412,48.972759],[2.46042,48.972766]],[[2.46042,48.972766],[2.460428,48.972773]],[[2.460428,48.972773],[2.460436,48.97278]],[[2.460436,48.97278],[2.460444,48.972788]],[[2.460444,48.972788],[2.460452,48.972795]],[[2.460452,48.972795],[2.46046,48.972802]],[[2.46046,48.972802],[2.460468,48.97281]],[[2.460468,48.97281],[2.460476,48.972817]],[[2.460476,48.972817],[2.460484,48.972824]],[[2.460484,48.972824],[2.460492,48.972831]],[[2.460492,48.972831],[2.4605,48.972839]],[[2.4605,48.972839],[2.460508,48.972846]],[[2.460508,48.972846],[2.460516,48.972853]],[[2.460516,48.972853],[2.460524,48.97286]],[[2.460524,48.97286],[2.460532,48.972868]],[[2.460532,48.972868],[2.46054,48.972875]],[[2.46054,48.972875],[2.460549,48.972882]],[[2.460549,48.972882],[2.460557,48.97289]],[[2.460557,48.97289],[2.460565,48.972897]],[[2.460565,48.972897],[2.460573,48.972904]],[[2.460573,48.972904],[2.460581,48.972911]],[[2.460581,48.972911],[2.460589,48.972918]],[[2.460589,48.972918],[2.460597,48.972926]],[[2.460597,48.972926],[2.460606,48.972933]],[[2.460606,48.972933],[2.460614,48.97294]],[[2.460614,48.97294],[2.460623,48.972947]],[[2.460623,48.972947],[2.460631,48.972954]],[[2.460631,48.972954],[2.460639,48.972961]],[[2.460639,48.972961],[2.460648,48.972968]],[[2.460648,48.972968],[2.460656,48.972975]],[[2.460656,48.972975],[2.460665,48.972982]],[[2.460665,48.972982],[2.460673,48.972989]],[[2.460673,48.972989],[2.460681,48.972997]],[[2.460681,48.972997],[2.46069,48.973004]],[[2.46069,48.973004],[2.460698,48.973011]],[[2.460698,48.973011],[2.460707,48.973018]],[[2.460707,48.973018],[2.460715,48.973025]],[[2.460715,48.973025],[2.460723,48.973032]],[[2.460723,48.973032],[2.460732,48.973039]],[[2.460732,48.973039],[2.46074,48.973046]],[[2.46074,48.973046],[2.460748,48.973053]],[[2.460748,48.973053],[2.460757,48.97306]],[[2.460757,48.97306],[2.460765,48.973067]],[[2.460765,48.973067],[2.460774,48.973075]],[[2.460774,48.973075],[2.460782,48.973082]],[[2.460782,48.973082],[2.46079,48.973089]],[[2.46079,48.973089],[2.460799,48.973096]],[[2.460799,48.973096],[2.460807,48.973103]],[[2.460807,48.973103],[2.460816,48.97311]],[[2.460816,48.97311],[2.460824,48.973117]],[[2.460824,48.973117],[2.460832,48.973124]],[[2.460832,48.973124],[2.460841,48.973131]],[[2.460841,48.973131],[2.460849,48.973138]],[[2.460849,48.973138],[2.460858,48.973146]],[[2.460858,48.973146],[2.460866,48.973153]],[[2.460866,48.973153],[2.460874,48.97316]],[[2.460874,48.97316],[2.460883,48.973167]],[[2.460883,48.973167],[2.460891,48.973174]],[[2.460891,48.973174],[2.4609,48.973181]],[[2.4609,48.973181],[2.460908,48.973188]],[[2.460908,48.973188],[2.460916,48.973195]],[[2.460916,48.973195],[2.460925,48.973202]],[[2.460925,48.973202],[2.460933,48.973209]],[[2.460933,48.973209],[2.460941,48.973216]],[[2.460941,48.973216],[2.46095,48.973224]],[[2.46095,48.973224],[2.460958,48.973231]],[[2.460958,48.973231],[2.460967,48.973238]],[[2.460967,48.973238],[2.460975,48.973245]],[[2.460975,48.973245],[2.460983,48.973252]],[[2.460983,48.973252],[2.460992,48.973259]],[[2.460992,48.973259],[2.461,48.973266]],[[2.461,48.973266],[2.461009,48.973273]],[[2.461009,48.973273],[2.461018,48.97328]],[[2.461018,48.97328],[2.461027,48.973287]],[[2.461027,48.973287],[2.461035,48.973294]],[[2.461035,48.973294],[2.461044,48.973301]],[[2.461044,48.973301],[2.461053,48.973308]],[[2.461053,48.973308],[2.461062,48.973314]],[[2.461062,48.973314],[2.46107,48.973321]],[[2.46107,48.973321],[2.461079,48.973328]],[[2.461079,48.973328],[2.461088,48.973335]],[[2.461088,48.973335],[2.461096,48.973342]],[[2.461096,48.973342],[2.461105,48.973349]],[[2.461105,48.973349],[2.461114,48.973356]],[[2.461114,48.973356],[2.461123,48.973363]],[[2.461123,48.973363],[2.461131,48.97337]],[[2.461131,48.97337],[2.46114,48.973377]],[[2.46114,48.973377],[2.461149,48.973384]],[[2.461149,48.973384],[2.461158,48.97339]],[[2.461158,48.97339],[2.461166,48.973397]],[[2.461166,48.973397],[2.461175,48.973404]],[[2.461175,48.973404],[2.461184,48.973411]],[[2.461184,48.973411],[2.461193,48.973418]],[[2.461193,48.973418],[2.461201,48.973425]],[[2.461201,48.973425],[2.46121,48.973432]],[[2.46121,48.973432],[2.461219,48.973439]],[[2.461219,48.973439],[2.461228,48.973446]],[[2.461228,48.973446],[2.461236,48.973453]],[[2.461236,48.973453],[2.461245,48.97346]],[[2.461245,48.97346],[2.461254,48.973466]],[[2.461254,48.973466],[2.461263,48.973473]],[[2.461263,48.973473],[2.461271,48.97348]],[[2.461271,48.97348],[2.46128,48.973487]],[[2.46128,48.973487],[2.461289,48.973494]],[[2.461289,48.973494],[2.461298,48.973501]],[[2.461298,48.973501],[2.461306,48.973508]],[[2.461306,48.973508],[2.461315,48.973515]],[[2.461315,48.973515],[2.461324,48.973522]],[[2.461324,48.973522],[2.461333,48.973529]],[[2.461333,48.973529],[2.461341,48.973536]],[[2.461341,48.973536],[2.46135,48.973542]],[[2.46135,48.973542],[2.461359,48.973549]],[[2.461359,48.973549],[2.461368,48.973556]],[[2.461368,48.973556],[2.461376,48.973563]],[[2.461376,48.973563],[2.461385,48.97357]],[[2.461385,48.97357],[2.461394,48.973577]],[[2.461394,48.973577],[2.461403,48.973584]],[[2.461403,48.973584],[2.461411,48.973591]],[[2.461411,48.973591],[2.46142,48.973598]],[[2.46142,48.973598],[2.461429,48.973605]],[[2.461429,48.973605],[2.461438,48.973611]],[[2.461438,48.973611],[2.461447,48.973618]],[[2.461447,48.973618],[2.461456,48.973625]],[[2.461456,48.973625],[2.461465,48.973632]],[[2.461465,48.973632],[2.461474,48.973638]],[[2.461474,48.973638],[2.461483,48.973645]],[[2.461483,48.973645],[2.461492,48.973652]],[[2.461492,48.973652],[2.461501,48.973658]],[[2.461501,48.973658],[2.46151,48.973665]],[[2.46151,48.973665],[2.46152,48.973672]],[[2.46152,48.973672],[2.461529,48.973679]],[[2.461529,48.973679],[2.461538,48.973685]],[[2.461538,48.973685],[2.461547,48.973692]],[[2.461547,48.973692],[2.461556,48.973699]],[[2.461556,48.973699],[2.461565,48.973705]],[[2.461565,48.973705],[2.461574,48.973712]],[[2.461574,48.973712],[2.461583,48.973719]],[[2.461583,48.973719],[2.461592,48.973726]],[[2.461592,48.973726],[2.461601,48.973732]],[[2.461601,48.973732],[2.46161,48.973739]],[[2.46161,48.973739],[2.461619,48.973746]],[[2.461619,48.973746],[2.461629,48.973752]],[[2.461629,48.973752],[2.461638,48.973759]],[[2.461638,48.973759],[2.461647,48.973766]],[[2.461647,48.973766],[2.461656,48.973773]],[[2.461656,48.973773],[2.461665,48.973779]],[[2.461665,48.973779],[2.461674,48.973786]],[[2.461674,48.973786],[2.461683,48.973793]],[[2.461683,48.973793],[2.461692,48.973799]],[[2.461692,48.973799],[2.461701,48.973806]],[[2.461701,48.973806],[2.46171,48.973813]],[[2.46171,48.973813],[2.461719,48.97382]],[[2.461719,48.97382],[2.461728,48.973826]],[[2.461728,48.973826],[2.461738,48.973833]],[[2.461738,48.973833],[2.461747,48.97384]],[[2.461747,48.97384],[2.461756,48.973846]],[[2.461756,48.973846],[2.461765,48.973853]],[[2.461765,48.973853],[2.461774,48.97386]],[[2.461774,48.97386],[2.461783,48.973867]],[[2.461783,48.973867],[2.461792,48.973873]],[[2.461792,48.973873],[2.461801,48.97388]],[[2.461801,48.97388],[2.46181,48.973887]],[[2.46181,48.973887],[2.461819,48.973893]],[[2.461819,48.973893],[2.461828,48.9739]],[[2.461828,48.9739],[2.461838,48.973907]],[[2.461838,48.973907],[2.461847,48.973914]],[[2.461847,48.973914],[2.461856,48.97392]],[[2.461856,48.97392],[2.461865,48.973927]],[[2.461865,48.973927],[2.461874,48.973934]],[[2.461874,48.973934],[2.461883,48.97394]],[[2.461883,48.97394],[2.461892,48.973947]],[[2.461892,48.973947],[2.461902,48.973953]],[[2.461902,48.973953],[2.461911,48.97396]],[[2.461911,48.97396],[2.461921,48.973966]],[[2.461921,48.973966],[2.46193,48.973973]],[[2.46193,48.973973],[2.461939,48.973979]],[[2.461939,48.973979],[2.461949,48.973986]],[[2.461949,48.973986],[2.461958,48.973992]],[[2.461958,48.973992],[2.461968,48.973999]],[[2.461968,48.973999],[2.461977,48.974006]],[[2.461977,48.974006],[2.461987,48.974012]],[[2.461987,48.974012],[2.461996,48.974019]],[[2.461996,48.974019],[2.462005,48.974025]],[[2.462005,48.974025],[2.462015,48.974032]],[[2.462015,48.974032],[2.462024,48.974038]],[[2.462024,48.974038],[2.462034,48.974045]],[[2.462034,48.974045],[2.462043,48.974051]],[[2.462043,48.974051],[2.462052,48.974058]],[[2.462052,48.974058],[2.462062,48.974064]],[[2.462062,48.974064],[2.462071,48.974071]],[[2.462071,48.974071],[2.462081,48.974077]],[[2.462081,48.974077],[2.46209,48.974084]],[[2.46209,48.974084],[2.4621,48.97409]],[[2.4621,48.97409],[2.462109,48.974097]],[[2.462109,48.974097],[2.462118,48.974103]],[[2.462118,48.974103],[2.462128,48.97411]],[[2.462128,48.97411],[2.462137,48.974116]],[[2.462137,48.974116],[2.462147,48.974123]],[[2.462147,48.974123],[2.462156,48.974129]],[[2.462156,48.974129],[2.462166,48.974136]],[[2.462166,48.974136],[2.462175,48.974142]],[[2.462175,48.974142],[2.462184,48.974149]],[[2.462184,48.974149],[2.462194,48.974155]],[[2.462194,48.974155],[2.462203,48.974162]],[[2.462203,48.974162],[2.462213,48.974168]],[[2.462213,48.974168],[2.462222,48.974175]],[[2.462222,48.974175],[2.462231,48.974181]],[[2.462231,48.974181],[2.462241,48.974188]],[[2.462241,48.974188],[2.46225,48.974194]],[[2.46225,48.974194],[2.46226,48.974201]],[[2.46226,48.974201],[2.462269,48.974207]],[[2.462269,48.974207],[2.462279,48.974214]],[[2.462279,48.974214],[2.462288,48.97422]],[[2.462288,48.97422],[2.462297,48.974227]],[[2.462297,48.974227],[2.462307,48.974233]],[[2.462307,48.974233],[2.462316,48.97424]],[[2.462316,48.97424],[2.462326,48.974246]],[[2.462326,48.974246],[2.462335,48.974253]],[[2.462335,48.974253],[2.462345,48.97426]],[[2.462345,48.97426],[2.462354,48.974266]],[[2.462354,48.974266],[2.462364,48.974272]],[[2.462364,48.974272],[2.462373,48.974279]],[[2.462373,48.974279],[2.462383,48.974285]],[[2.462383,48.974285],[2.462393,48.974291]],[[2.462393,48.974291],[2.462403,48.974297]],[[2.462403,48.974297],[2.462412,48.974304]],[[2.462412,48.974304],[2.462422,48.97431]],[[2.462422,48.97431],[2.462432,48.974316]],[[2.462432,48.974316],[2.462442,48.974323]],[[2.462442,48.974323],[2.462451,48.974329]],[[2.462451,48.974329],[2.462461,48.974335]],[[2.462461,48.974335],[2.462471,48.974342]],[[2.462471,48.974342],[2.462481,48.974348]],[[2.462481,48.974348],[2.46249,48.974354]],[[2.46249,48.974354],[2.4625,48.974361]],[[2.4625,48.974361],[2.46251,48.974367]],[[2.46251,48.974367],[2.46252,48.974373]],[[2.46252,48.974373],[2.462529,48.974379]],[[2.462529,48.974379],[2.462539,48.974386]],[[2.462539,48.974386],[2.462549,48.974392]],[[2.462549,48.974392],[2.462559,48.974398]],[[2.462559,48.974398],[2.462568,48.974405]],[[2.462568,48.974405],[2.462578,48.974411]],[[2.462578,48.974411],[2.462588,48.974417]],[[2.462588,48.974417],[2.462598,48.974424]],[[2.462598,48.974424],[2.462607,48.97443]],[[2.462607,48.97443],[2.462617,48.974436]],[[2.462617,48.974436],[2.462627,48.974442]],[[2.462627,48.974442],[2.462637,48.974449]],[[2.462637,48.974449],[2.462646,48.974455]],[[2.462646,48.974455],[2.462656,48.974461]],[[2.462656,48.974461],[2.462666,48.974468]],[[2.462666,48.974468],[2.462675,48.974474]],[[2.462675,48.974474],[2.462685,48.97448]],[[2.462685,48.97448],[2.462695,48.974487]],[[2.462695,48.974487],[2.462705,48.974493]],[[2.462705,48.974493],[2.462714,48.974499]],[[2.462714,48.974499],[2.462724,48.974505]],[[2.462724,48.974505],[2.462734,48.974512]],[[2.462734,48.974512],[2.462744,48.974518]],[[2.462744,48.974518],[2.462753,48.974524]],[[2.462753,48.974524],[2.462763,48.974531]],[[2.462763,48.974531],[2.462773,48.974537]],[[2.462773,48.974537],[2.462783,48.974543]],[[2.462783,48.974543],[2.462792,48.97455]],[[2.462792,48.97455],[2.462802,48.974556]],[[2.462802,48.974556],[2.462812,48.974562]],[[2.462812,48.974562],[2.462822,48.974569]],[[2.462822,48.974569],[2.462831,48.974575]],[[2.462831,48.974575],[2.462841,48.974581]],[[2.462841,48.974581],[2.462851,48.974587]],[[2.462851,48.974587],[2.462861,48.974593]],[[2.462861,48.974593],[2.462871,48.974599]],[[2.462871,48.974599],[2.462882,48.974605]],[[2.462882,48.974605],[2.462892,48.974611]],[[2.462892,48.974611],[2.462902,48.974618]],[[2.462902,48.974618],[2.462912,48.974624]],[[2.462912,48.974624],[2.462922,48.97463]],[[2.462922,48.97463],[2.462932,48.974636]],[[2.462932,48.974636],[2.462942,48.974642]],[[2.462942,48.974642],[2.462952,48.974648]],[[2.462952,48.974648],[2.462962,48.974654]],[[2.462962,48.974654],[2.462972,48.97466]],[[2.462972,48.97466],[2.462982,48.974666]],[[2.462982,48.974666],[2.462992,48.974672]],[[2.462992,48.974672],[2.463002,48.974678]],[[2.463002,48.974678],[2.463012,48.974684]],[[2.463012,48.974684],[2.463022,48.974691]],[[2.463022,48.974691],[2.463032,48.974697]],[[2.463032,48.974697],[2.463042,48.974703]],[[2.463042,48.974703],[2.463052,48.974709]],[[2.463052,48.974709],[2.463062,48.974715]],[[2.463062,48.974715],[2.463073,48.974721]],[[2.463073,48.974721],[2.463083,48.974727]],[[2.463083,48.974727],[2.463093,48.974733]],[[2.463093,48.974733],[2.463103,48.974739]],[[2.463103,48.974739],[2.463113,48.974745]],[[2.463113,48.974745],[2.463123,48.974751]],[[2.463123,48.974751],[2.463133,48.974758]],[[2.463133,48.974758],[2.463143,48.974764]],[[2.463143,48.974764],[2.463153,48.97477]],[[2.463153,48.97477],[2.463163,48.974776]],[[2.463163,48.974776],[2.463173,48.974782]],[[2.463173,48.974782],[2.463183,48.974788]],[[2.463183,48.974788],[2.463193,48.974794]],[[2.463193,48.974794],[2.463203,48.9748]],[[2.463203,48.9748],[2.463213,48.974806]],[[2.463213,48.974806],[2.463223,48.974812]],[[2.463223,48.974812],[2.463233,48.974818]],[[2.463233,48.974818],[2.463243,48.974824]],[[2.463243,48.974824],[2.463253,48.974831]],[[2.463253,48.974831],[2.463264,48.974837]],[[2.463264,48.974837],[2.463274,48.974843]],[[2.463274,48.974843],[2.463284,48.974849]],[[2.463284,48.974849],[2.463294,48.974855]],[[2.463294,48.974855],[2.463304,48.974861]],[[2.463304,48.974861],[2.463314,48.974867]],[[2.463314,48.974867],[2.463324,48.974873]],[[2.463324,48.974873],[2.463334,48.974879]],[[2.463334,48.974879],[2.463344,48.974885]],[[2.463344,48.974885],[2.463355,48.974891]],[[2.463355,48.974891],[2.463365,48.974897]],[[2.463365,48.974897],[2.463375,48.974903]],[[2.463375,48.974903],[2.463386,48.974909]],[[2.463386,48.974909],[2.463396,48.974914]],[[2.463396,48.974914],[2.463406,48.97492]],[[2.463406,48.97492],[2.463417,48.974926]],[[2.463417,48.974926],[2.463427,48.974932]],[[2.463427,48.974932],[2.463437,48.974938]],[[2.463437,48.974938],[2.463448,48.974944]],[[2.463448,48.974944],[2.463458,48.97495]],[[2.463458,48.97495],[2.463469,48.974956]],[[2.463469,48.974956],[2.463479,48.974961]],[[2.463479,48.974961],[2.463489,48.974967]],[[2.463489,48.974967],[2.4635,48.974973]],[[2.4635,48.974973],[2.46351,48.974979]],[[2.46351,48.974979],[2.46352,48.974985]],[[2.46352,48.974985],[2.463531,48.974991]],[[2.463531,48.974991],[2.463541,48.974997]],[[2.463541,48.974997],[2.463551,48.975002]],[[2.463551,48.975002],[2.463562,48.975008]],[[2.463562,48.975008],[2.463572,48.975014]],[[2.463572,48.975014],[2.463582,48.97502]],[[2.463582,48.97502],[2.463593,48.975026]],[[2.463593,48.975026],[2.463603,48.975032]],[[2.463603,48.975032],[2.463613,48.975038]],[[2.463613,48.975038],[2.463624,48.975044]],[[2.463624,48.975044],[2.463634,48.975049]],[[2.463634,48.975049],[2.463645,48.975055]],[[2.463645,48.975055],[2.463655,48.975061]],[[2.463655,48.975061],[2.463665,48.975067]],[[2.463665,48.975067],[2.463676,48.975073]],[[2.463676,48.975073],[2.463686,48.975079]],[[2.463686,48.975079],[2.463696,48.975085]],[[2.463696,48.975085],[2.463707,48.97509]],[[2.463707,48.97509],[2.463717,48.975096]],[[2.463717,48.975096],[2.463727,48.975102]],[[2.463727,48.975102],[2.463738,48.975108]],[[2.463738,48.975108],[2.463748,48.975114]],[[2.463748,48.975114],[2.463758,48.97512]],[[2.463758,48.97512],[2.463769,48.975126]],[[2.463769,48.975126],[2.463779,48.975131]],[[2.463779,48.975131],[2.46379,48.975137]],[[2.46379,48.975137],[2.4638,48.975143]],[[2.4638,48.975143],[2.46381,48.975149]],[[2.46381,48.975149],[2.463821,48.975155]],[[2.463821,48.975155],[2.463831,48.975161]],[[2.463831,48.975161],[2.463841,48.975167]],[[2.463841,48.975167],[2.463852,48.975172]],[[2.463852,48.975172],[2.463862,48.975178]],[[2.463862,48.975178],[2.463873,48.975184]],[[2.463873,48.975184],[2.463884,48.975189]],[[2.463884,48.975189],[2.463894,48.975195]],[[2.463894,48.975195],[2.463905,48.975201]],[[2.463905,48.975201],[2.463916,48.975206]],[[2.463916,48.975206],[2.463926,48.975212]],[[2.463926,48.975212],[2.463937,48.975218]],[[2.463937,48.975218],[2.463948,48.975223]],[[2.463948,48.975223],[2.463958,48.975229]],[[2.463958,48.975229],[2.463969,48.975234]],[[2.463969,48.975234],[2.463979,48.97524]],[[2.463979,48.97524],[2.46399,48.975246]],[[2.46399,48.975246],[2.464001,48.975251]],[[2.464001,48.975251],[2.464011,48.975257]],[[2.464011,48.975257],[2.464022,48.975263]],[[2.464022,48.975263],[2.464033,48.975268]],[[2.464033,48.975268],[2.464043,48.975274]],[[2.464043,48.975274],[2.464054,48.97528]],[[2.464054,48.97528],[2.464065,48.975285]],[[2.464065,48.975285],[2.464075,48.975291]],[[2.464075,48.975291],[2.464086,48.975296]],[[2.464086,48.975296],[2.464097,48.975302]],[[2.464097,48.975302],[2.464107,48.975308]],[[2.464107,48.975308],[2.464118,48.975313]],[[2.464118,48.975313],[2.464128,48.975319]],[[2.464128,48.975319],[2.464139,48.975325]],[[2.464139,48.975325],[2.46415,48.97533]],[[2.46415,48.97533],[2.46416,48.975336]],[[2.46416,48.975336],[2.464171,48.975342]],[[2.464171,48.975342],[2.464182,48.975347]],[[2.464182,48.975347],[2.464192,48.975353]],[[2.464192,48.975353],[2.464203,48.975358]],[[2.464203,48.975358],[2.464214,48.975364]],[[2.464214,48.975364],[2.464224,48.97537]],[[2.464224,48.97537],[2.464235,48.975375]],[[2.464235,48.975375],[2.464246,48.975381]],[[2.464246,48.975381],[2.464256,48.975387]],[[2.464256,48.975387],[2.464267,48.975392]],[[2.464267,48.975392],[2.464277,48.975398]],[[2.464277,48.975398],[2.464288,48.975404]],[[2.464288,48.975404],[2.464299,48.975409]],[[2.464299,48.975409],[2.464309,48.975415]],[[2.464309,48.975415],[2.46432,48.97542]],[[2.46432,48.97542],[2.464331,48.975426]],[[2.464331,48.975426],[2.464341,48.975432]],[[2.464341,48.975432],[2.464352,48.975437]],[[2.464352,48.975437],[2.464363,48.975443]],[[2.464363,48.975443],[2.464373,48.975449]],[[2.464373,48.975449],[2.464384,48.975454]],[[2.464384,48.975454],[2.464395,48.97546]],[[2.464395,48.97546],[2.464406,48.975465]],[[2.464406,48.975465],[2.464417,48.97547]],[[2.464417,48.97547],[2.464428,48.975476]],[[2.464428,48.975476],[2.464439,48.975481]],[[2.464439,48.975481],[2.46445,48.975487]],[[2.46445,48.975487],[2.464461,48.975492]],[[2.464461,48.975492],[2.464471,48.975497]],[[2.464471,48.975497],[2.464482,48.975503]],[[2.464482,48.975503],[2.464493,48.975508]],[[2.464493,48.975508],[2.464504,48.975514]],[[2.464504,48.975514],[2.464515,48.975519]],[[2.464515,48.975519],[2.464526,48.975524]],[[2.464526,48.975524],[2.464537,48.97553]],[[2.464537,48.97553],[2.464548,48.975535]],[[2.464548,48.975535],[2.464559,48.975541]],[[2.464559,48.975541],[2.46457,48.975546]],[[2.46457,48.975546],[2.464581,48.975551]],[[2.464581,48.975551],[2.464592,48.975557]],[[2.464592,48.975557],[2.464603,48.975562]],[[2.464603,48.975562],[2.464613,48.975568]],[[2.464613,48.975568],[2.464624,48.975573]],[[2.464624,48.975573],[2.464635,48.975578]],[[2.464635,48.975578],[2.464646,48.975584]],[[2.464646,48.975584],[2.464657,48.975589]],[[2.464657,48.975589],[2.464668,48.975595]],[[2.464668,48.975595],[2.464679,48.9756]],[[2.464679,48.9756],[2.46469,48.975605]],[[2.46469,48.975605],[2.464701,48.975611]],[[2.464701,48.975611],[2.464712,48.975616]],[[2.464712,48.975616],[2.464723,48.975622]],[[2.464723,48.975622],[2.464734,48.975627]],[[2.464734,48.975627],[2.464744,48.975632]],[[2.464744,48.975632],[2.464755,48.975638]],[[2.464755,48.975638],[2.464766,48.975643]],[[2.464766,48.975643],[2.464777,48.975649]],[[2.464777,48.975649],[2.464788,48.975654]],[[2.464788,48.975654],[2.464799,48.975659]],[[2.464799,48.975659],[2.46481,48.975665]],[[2.46481,48.975665],[2.464821,48.97567]],[[2.464821,48.97567],[2.464832,48.975676]],[[2.464832,48.975676],[2.464843,48.975681]],[[2.464843,48.975681],[2.464854,48.975686]],[[2.464854,48.975686],[2.464865,48.975692]],[[2.464865,48.975692],[2.464876,48.975697]],[[2.464876,48.975697],[2.464886,48.975703]],[[2.464886,48.975703],[2.464897,48.975708]],[[2.464897,48.975708],[2.464908,48.975713]],[[2.464908,48.975713],[2.464919,48.975719]],[[2.464919,48.975719],[2.46493,48.975724]],[[2.46493,48.975724],[2.464942,48.975729]],[[2.464942,48.975729],[2.464953,48.975734]],[[2.464953,48.975734],[2.464964,48.975739]],[[2.464964,48.975739],[2.464975,48.975745]],[[2.464975,48.975745],[2.464986,48.97575]],[[2.464986,48.97575],[2.464998,48.975755]],[[2.464998,48.975755],[2.465009,48.97576]],[[2.465009,48.97576],[2.46502,48.975765]],[[2.46502,48.975765],[2.465031,48.97577]],[[2.465031,48.97577],[2.465042,48.975776]],[[2.465042,48.975776],[2.465053,48.975781]],[[2.465053,48.975781],[2.465065,48.975786]],[[2.465065,48.975786],[2.465076,48.975791]],[[2.465076,48.975791],[2.465087,48.975796]],[[2.465087,48.975796],[2.465098,48.975801]],[[2.465098,48.975801],[2.465109,48.975807]],[[2.465109,48.975807],[2.465121,48.975812]],[[2.465121,48.975812],[2.465132,48.975817]],[[2.465132,48.975817],[2.465143,48.975822]],[[2.465143,48.975822],[2.465154,48.975827]],[[2.465154,48.975827],[2.465165,48.975832]],[[2.465165,48.975832],[2.465177,48.975837]],[[2.465177,48.975837],[2.465188,48.975843]],[[2.465188,48.975843],[2.465199,48.975848]],[[2.465199,48.975848],[2.46521,48.975853]],[[2.46521,48.975853],[2.465221,48.975858]],[[2.465221,48.975858],[2.465232,48.975863]],[[2.465232,48.975863],[2.465244,48.975868]],[[2.465244,48.975868],[2.465255,48.975874]],[[2.465255,48.975874],[2.465266,48.975879]],[[2.465266,48.975879],[2.465277,48.975884]],[[2.465277,48.975884],[2.465288,48.975889]],[[2.465288,48.975889],[2.4653,48.975894]],[[2.4653,48.975894],[2.465311,48.975899]],[[2.465311,48.975899],[2.465322,48.975905]],[[2.465322,48.975905],[2.465333,48.97591]],[[2.465333,48.97591],[2.465344,48.975915]],[[2.465344,48.975915],[2.465356,48.97592]],[[2.465356,48.97592],[2.465367,48.975925]],[[2.465367,48.975925],[2.465378,48.97593]],[[2.465378,48.97593],[2.465389,48.975936]],[[2.465389,48.975936],[2.4654,48.975941]],[[2.4654,48.975941],[2.465411,48.975946]],[[2.465411,48.975946],[2.465423,48.975951]],[[2.465423,48.975951],[2.465434,48.975956]],[[2.465434,48.975956],[2.465445,48.975961]],[[2.465445,48.975961],[2.465456,48.975966]],[[2.465456,48.975966],[2.465467,48.975972]],[[2.465467,48.975972],[2.465479,48.975977]],[[2.465479,48.975977],[2.46549,48.975982]],[[2.46549,48.975982],[2.465502,48.975987]],[[2.465502,48.975987],[2.465513,48.975991]],[[2.465513,48.975991],[2.465524,48.975996]],[[2.465524,48.975996],[2.465536,48.976001]],[[2.465536,48.976001],[2.465547,48.976006]],[[2.465547,48.976006],[2.465559,48.976011]],[[2.465559,48.976011],[2.46557,48.976016]],[[2.46557,48.976016],[2.465582,48.976021]],[[2.465582,48.976021],[2.465593,48.976026]],[[2.465593,48.976026],[2.465604,48.976031]],[[2.465604,48.976031],[2.465616,48.976036]],[[2.465616,48.976036],[2.465627,48.976041]],[[2.465627,48.976041],[2.465639,48.976046]],[[2.465639,48.976046],[2.46565,48.97605]],[[2.46565,48.97605],[2.465662,48.976055]],[[2.465662,48.976055],[2.465673,48.97606]],[[2.465673,48.97606],[2.465685,48.976065]],[[2.465685,48.976065],[2.465696,48.97607]],[[2.465696,48.97607],[2.465707,48.976075]],[[2.465707,48.976075],[2.465719,48.97608]],[[2.465719,48.97608],[2.46573,48.976085]],[[2.46573,48.976085],[2.465742,48.97609]],[[2.465742,48.97609],[2.465753,48.976095]],[[2.465753,48.976095],[2.465765,48.9761]],[[2.465765,48.9761],[2.465776,48.976104]],[[2.465776,48.976104],[2.465788,48.976109]],[[2.465788,48.976109],[2.465799,48.976114]],[[2.465799,48.976114],[2.46581,48.976119]],[[2.46581,48.976119],[2.465822,48.976124]],[[2.465822,48.976124],[2.465833,48.976129]],[[2.465833,48.976129],[2.465845,48.976134]],[[2.465845,48.976134],[2.465856,48.976139]],[[2.465856,48.976139],[2.465868,48.976144]],[[2.465868,48.976144],[2.465879,48.976149]],[[2.465879,48.976149],[2.465891,48.976154]],[[2.465891,48.976154],[2.465902,48.976159]],[[2.465902,48.976159],[2.465913,48.976163]],[[2.465913,48.976163],[2.465925,48.976168]],[[2.465925,48.976168],[2.465936,48.976173]],[[2.465936,48.976173],[2.465948,48.976178]],[[2.465948,48.976178],[2.465959,48.976183]],[[2.465959,48.976183],[2.465971,48.976188]],[[2.465971,48.976188],[2.465982,48.976193]],[[2.465982,48.976193],[2.465993,48.976198]],[[2.465993,48.976198],[2.466005,48.976203]],[[2.466005,48.976203],[2.466016,48.976208]],[[2.466016,48.976208],[2.466028,48.976213]],[[2.466028,48.976213],[2.466039,48.976217]],[[2.466039,48.976217],[2.466051,48.976222]],[[2.466051,48.976222],[2.466063,48.976227]],[[2.466063,48.976227],[2.466074,48.976232]],[[2.466074,48.976232],[2.466086,48.976236]],[[2.466086,48.976236],[2.466098,48.976241]],[[2.466098,48.976241],[2.466109,48.976246]],[[2.466109,48.976246],[2.466121,48.97625]],[[2.466121,48.97625],[2.466133,48.976255]],[[2.466133,48.976255],[2.466144,48.97626]],[[2.466144,48.97626],[2.466156,48.976264]],[[2.466156,48.976264],[2.466168,48.976269]],[[2.466168,48.976269],[2.466179,48.976274]],[[2.466179,48.976274],[2.466191,48.976278]],[[2.466191,48.976278],[2.466203,48.976283]],[[2.466203,48.976283],[2.466214,48.976288]],[[2.466214,48.976288],[2.466226,48.976292]],[[2.466226,48.976292],[2.466238,48.976297]],[[2.466238,48.976297],[2.466249,48.976301]],[[2.466249,48.976301],[2.466261,48.976306]],[[2.466261,48.976306],[2.466273,48.976311]],[[2.466273,48.976311],[2.466284,48.976315]],[[2.466284,48.976315],[2.466296,48.97632]],[[2.466296,48.97632],[2.466308,48.976325]],[[2.466308,48.976325],[2.46632,48.976329]],[[2.46632,48.976329],[2.466331,48.976334]],[[2.466331,48.976334],[2.466343,48.976339]],[[2.466343,48.976339],[2.466355,48.976343]],[[2.466355,48.976343],[2.466366,48.976348]],[[2.466366,48.976348],[2.466378,48.976353]],[[2.466378,48.976353],[2.46639,48.976357]],[[2.46639,48.976357],[2.466401,48.976362]],[[2.466401,48.976362],[2.466413,48.976367]],[[2.466413,48.976367],[2.466425,48.976371]],[[2.466425,48.976371],[2.466436,48.976376]],[[2.466436,48.976376],[2.466448,48.976381]],[[2.466448,48.976381],[2.46646,48.976385]],[[2.46646,48.976385],[2.466471,48.97639]],[[2.466471,48.97639],[2.466483,48.976395]],[[2.466483,48.976395],[2.466495,48.976399]],[[2.466495,48.976399],[2.466506,48.976404]],[[2.466506,48.976404],[2.466518,48.976409]],[[2.466518,48.976409],[2.46653,48.976413]],[[2.46653,48.976413],[2.466541,48.976418]],[[2.466541,48.976418],[2.466553,48.976423]],[[2.466553,48.976423],[2.466565,48.976427]],[[2.466565,48.976427],[2.466577,48.976432]],[[2.466577,48.976432],[2.466588,48.976437]],[[2.466588,48.976437],[2.4666,48.976441]],[[2.4666,48.976441],[2.466612,48.976446]],[[2.466612,48.976446],[2.466623,48.976451]],[[2.466623,48.976451],[2.466635,48.976455]],[[2.466635,48.976455],[2.466647,48.97646]],[[2.466647,48.97646],[2.466659,48.976464]],[[2.466659,48.976464],[2.46667,48.976469]],[[2.46667,48.976469],[2.466682,48.976473]],[[2.466682,48.976473],[2.466694,48.976478]],[[2.466694,48.976478],[2.466706,48.976482]],[[2.466706,48.976482],[2.466718,48.976487]],[[2.466718,48.976487],[2.46673,48.976491]],[[2.46673,48.976491],[2.466741,48.976496]],[[2.466741,48.976496],[2.466753,48.9765]],[[2.466753,48.9765],[2.466765,48.976505]],[[2.466765,48.976505],[2.466777,48.976509]],[[2.466777,48.976509],[2.466789,48.976514]],[[2.466789,48.976514],[2.466801,48.976518]],[[2.466801,48.976518],[2.466813,48.976523]],[[2.466813,48.976523],[2.466824,48.976527]],[[2.466824,48.976527],[2.466836,48.976532]],[[2.466836,48.976532],[2.466848,48.976536]],[[2.466848,48.976536],[2.46686,48.97654]],[[2.46686,48.97654],[2.466872,48.976545]],[[2.466872,48.976545],[2.466884,48.976549]],[[2.466884,48.976549],[2.466896,48.976554]],[[2.466896,48.976554],[2.466907,48.976558]],[[2.466907,48.976558],[2.466919,48.976563]],[[2.466919,48.976563],[2.466931,48.976567]],[[2.466931,48.976567],[2.466943,48.976571]],[[2.466943,48.976571],[2.466955,48.976576]],[[2.466955,48.976576],[2.466967,48.97658]],[[2.466967,48.97658],[2.466979,48.976585]],[[2.466979,48.976585],[2.466991,48.976589]],[[2.466991,48.976589],[2.467003,48.976594]],[[2.467003,48.976594],[2.467015,48.976598]],[[2.467015,48.976598],[2.467026,48.976602]],[[2.467026,48.976602],[2.467038,48.976607]],[[2.467038,48.976607],[2.46705,48.976611]],[[2.46705,48.976611],[2.467062,48.976616]],[[2.467062,48.976616],[2.467074,48.97662]],[[2.467074,48.97662],[2.467086,48.976624]],[[2.467086,48.976624],[2.467098,48.976629]],[[2.467098,48.976629],[2.46711,48.976633]],[[2.46711,48.976633],[2.467122,48.976638]],[[2.467122,48.976638],[2.467134,48.976642]],[[2.467134,48.976642],[2.467146,48.976646]],[[2.467146,48.976646],[2.467157,48.976651]],[[2.467157,48.976651],[2.467169,48.976655]],[[2.467169,48.976655],[2.467181,48.97666]],[[2.467181,48.97666],[2.467193,48.976664]],[[2.467193,48.976664],[2.467205,48.976668]],[[2.467205,48.976668],[2.467217,48.976673]],[[2.467217,48.976673],[2.467229,48.976677]],[[2.467229,48.976677],[2.467241,48.976682]],[[2.467241,48.976682],[2.467253,48.976686]],[[2.467253,48.976686],[2.467265,48.97669]],[[2.467265,48.97669],[2.467277,48.976695]],[[2.467277,48.976695],[2.467289,48.976699]],[[2.467289,48.976699],[2.4673,48.976704]],[[2.4673,48.976704],[2.467312,48.976708]],[[2.467312,48.976708],[2.467324,48.976712]],[[2.467324,48.976712],[2.467336,48.976717]],[[2.467336,48.976717],[2.467348,48.976721]],[[2.467348,48.976721],[2.46736,48.976725]],[[2.46736,48.976725],[2.467372,48.97673]],[[2.467372,48.97673],[2.467384,48.976734]],[[2.467384,48.976734],[2.467396,48.976739]],[[2.467396,48.976739],[2.467408,48.976743]],[[2.467408,48.976743],[2.46742,48.976747]],[[2.46742,48.976747],[2.467432,48.976752]],[[2.467432,48.976752],[2.467444,48.976756]],[[2.467444,48.976756],[2.467455,48.976761]],[[2.467455,48.976761],[2.467467,48.976765]],[[2.467467,48.976765],[2.467479,48.976769]],[[2.467479,48.976769],[2.467491,48.976774]],[[2.467491,48.976774],[2.467503,48.976778]],[[2.467503,48.976778],[2.467515,48.976783]],[[2.467515,48.976783],[2.467527,48.976787]],[[2.467527,48.976787],[2.467539,48.976791]],[[2.467539,48.976791],[2.467551,48.976796]],[[2.467551,48.976796],[2.467563,48.9768]],[[2.467563,48.9768],[2.467575,48.976805]],[[2.467575,48.976805],[2.467587,48.976809]],[[2.467587,48.976809],[2.467599,48.976813]],[[2.467599,48.976813],[2.46761,48.976818]],[[2.46761,48.976818],[2.467622,48.976822]],[[2.467622,48.976822],[2.467634,48.976826]],[[2.467634,48.976826],[2.467646,48.976831]],[[2.467646,48.976831],[2.467658,48.976835]],[[2.467658,48.976835],[2.46767,48.97684]],[[2.46767,48.97684],[2.467682,48.976844]],[[2.467682,48.976844],[2.467694,48.976848]],[[2.467694,48.976848],[2.467706,48.976853]],[[2.467706,48.976853],[2.467718,48.976857]],[[2.467718,48.976857],[2.46773,48.976862]],[[2.46773,48.976862],[2.467742,48.976866]],[[2.467742,48.976866],[2.467754,48.97687]],[[2.467754,48.97687],[2.467765,48.976875]],[[2.467765,48.976875],[2.467777,48.976879]],[[2.467777,48.976879],[2.467789,48.976884]],[[2.467789,48.976884],[2.467801,48.976888]],[[2.467801,48.976888],[2.467813,48.976892]],[[2.467813,48.976892],[2.467825,48.976897]],[[2.467825,48.976897],[2.467837,48.976901]],[[2.467837,48.976901],[2.467849,48.976905]],[[2.467849,48.976905],[2.467861,48.97691]],[[2.467861,48.97691],[2.467873,48.976914]],[[2.467873,48.976914],[2.467885,48.976919]],[[2.467885,48.976919],[2.467897,48.976923]],[[2.467897,48.976923],[2.467909,48.976927]],[[2.467909,48.976927],[2.46792,48.976932]],[[2.46792,48.976932],[2.467932,48.976936]],[[2.467932,48.976936],[2.467944,48.976941]],[[2.467944,48.976941],[2.467956,48.976945]],[[2.467956,48.976945],[2.467968,48.976949]],[[2.467968,48.976949],[2.46798,48.976954]],[[2.46798,48.976954],[2.467992,48.976958]],[[2.467992,48.976958],[2.468004,48.976963]],[[2.468004,48.976963],[2.468016,48.976967]],[[2.468016,48.976967],[2.468028,48.976971]],[[2.468028,48.976971],[2.46804,48.976976]],[[2.46804,48.976976],[2.468052,48.97698]],[[2.468052,48.97698],[2.468063,48.976984]],[[2.468063,48.976984],[2.468075,48.976989]],[[2.468075,48.976989],[2.468087,48.976993]],[[2.468087,48.976993],[2.468099,48.976998]],[[2.468099,48.976998],[2.468111,48.977002]],[[2.468111,48.977002],[2.468123,48.977006]],[[2.468123,48.977006],[2.468135,48.977011]],[[2.468135,48.977011],[2.468147,48.977015]],[[2.468147,48.977015],[2.468159,48.97702]],[[2.468159,48.97702],[2.468171,48.977024]],[[2.468171,48.977024],[2.468183,48.977028]],[[2.468183,48.977028],[2.468195,48.977033]],[[2.468195,48.977033],[2.468207,48.977037]],[[2.468207,48.977037],[2.468218,48.977042]],[[2.468218,48.977042],[2.46823,48.977046]],[[2.46823,48.977046],[2.468242,48.97705]],[[2.468242,48.97705],[2.468254,48.977055]],[[2.468254,48.977055],[2.468266,48.977059]],[[2.468266,48.977059],[2.468278,48.977064]],[[2.468278,48.977064],[2.46829,48.977068]],[[2.46829,48.977068],[2.468302,48.977072]],[[2.468302,48.977072],[2.468314,48.977077]],[[2.468314,48.977077],[2.468326,48.977081]],[[2.468326,48.977081],[2.468338,48.977085]],[[2.468338,48.977085],[2.46835,48.97709]],[[2.46835,48.97709],[2.468362,48.977094]],[[2.468362,48.977094],[2.468373,48.977099]],[[2.468373,48.977099],[2.468385,48.977103]],[[2.468385,48.977103],[2.468397,48.977107]],[[2.468397,48.977107],[2.468409,48.977112]],[[2.468409,48.977112],[2.468421,48.977116]],[[2.468421,48.977116],[2.468433,48.977121]],[[2.468433,48.977121],[2.468445,48.977125]],[[2.468445,48.977125],[2.468457,48.977129]],[[2.468457,48.977129],[2.468469,48.977134]],[[2.468469,48.977134],[2.468481,48.977138]],[[2.468481,48.977138],[2.468493,48.977143]],[[2.468493,48.977143],[2.468505,48.977147]],[[2.468505,48.977147],[2.468517,48.977151]],[[2.468517,48.977151],[2.468528,48.977156]],[[2.468528,48.977156],[2.46854,48.97716]],[[2.46854,48.97716],[2.468552,48.977164]],[[2.468552,48.977164],[2.468564,48.977169]],[[2.468564,48.977169],[2.468576,48.977173]],[[2.468576,48.977173],[2.468588,48.977178]],[[2.468588,48.977178],[2.4686,48.977182]],[[2.4686,48.977182],[2.468612,48.977186]],[[2.468612,48.977186],[2.468624,48.977191]],[[2.468624,48.977191],[2.468636,48.977195]],[[2.468636,48.977195],[2.468648,48.9772]],[[2.468648,48.9772],[2.46866,48.977204]],[[2.46866,48.977204],[2.468672,48.977208]],[[2.468672,48.977208],[2.468683,48.977213]],[[2.468683,48.977213],[2.468695,48.977217]],[[2.468695,48.977217],[2.468707,48.977222]],[[2.468707,48.977222],[2.468719,48.977226]],[[2.468719,48.977226],[2.468731,48.97723]],[[2.468731,48.97723],[2.468743,48.977235]],[[2.468743,48.977235],[2.468755,48.977239]],[[2.468755,48.977239],[2.468767,48.977243]],[[2.468767,48.977243],[2.468779,48.977248]],[[2.468779,48.977248],[2.468791,48.977252]],[[2.468791,48.977252],[2.468803,48.977257]],[[2.468803,48.977257],[2.468815,48.977261]],[[2.468815,48.977261],[2.468827,48.977265]],[[2.468827,48.977265],[2.468838,48.97727]],[[2.468838,48.97727],[2.46885,48.977274]],[[2.46885,48.977274],[2.468862,48.977279]],[[2.468862,48.977279],[2.468874,48.977283]],[[2.468874,48.977283],[2.468886,48.977287]],[[2.468886,48.977287],[2.468898,48.977292]],[[2.468898,48.977292],[2.46891,48.977296]],[[2.46891,48.977296],[2.468922,48.977301]],[[2.468922,48.977301],[2.468934,48.977305]],[[2.468934,48.977305],[2.468946,48.977309]],[[2.468946,48.977309],[2.468958,48.977314]],[[2.468958,48.977314],[2.46897,48.977318]],[[2.46897,48.977318],[2.468981,48.977323]],[[2.468981,48.977323],[2.468993,48.977327]],[[2.468993,48.977327],[2.469005,48.977331]],[[2.469005,48.977331],[2.469017,48.977336]],[[2.469017,48.977336],[2.469029,48.97734]],[[2.469029,48.97734],[2.469041,48.977344]],[[2.469041,48.977344],[2.469053,48.977349]],[[2.469053,48.977349],[2.469065,48.977353]],[[2.469065,48.977353],[2.469077,48.977358]],[[2.469077,48.977358],[2.469089,48.977362]],[[2.469089,48.977362],[2.469101,48.977366]],[[2.469101,48.977366],[2.469113,48.977371]],[[2.469113,48.977371],[2.469125,48.977375]],[[2.469125,48.977375],[2.469136,48.97738]],[[2.469136,48.97738],[2.469148,48.977384]],[[2.469148,48.977384],[2.46916,48.977388]],[[2.46916,48.977388],[2.469172,48.977393]],[[2.469172,48.977393],[2.469184,48.977397]],[[2.469184,48.977397],[2.469196,48.977402]],[[2.469196,48.977402],[2.469208,48.977406]],[[2.469208,48.977406],[2.46922,48.97741]],[[2.46922,48.97741],[2.469232,48.977415]],[[2.469232,48.977415],[2.469244,48.977419]],[[2.469244,48.977419],[2.469256,48.977423]],[[2.469256,48.977423],[2.469268,48.977428]],[[2.469268,48.977428],[2.46928,48.977432]],[[2.46928,48.977432],[2.469291,48.977437]],[[2.469291,48.977437],[2.469303,48.977441]],[[2.469303,48.977441],[2.469315,48.977445]],[[2.469315,48.977445],[2.469327,48.97745]],[[2.469327,48.97745],[2.469339,48.977454]],[[2.469339,48.977454],[2.469351,48.977459]],[[2.469351,48.977459],[2.469363,48.977463]],[[2.469363,48.977463],[2.469375,48.977467]],[[2.469375,48.977467],[2.469387,48.977472]],[[2.469387,48.977472],[2.469399,48.977476]],[[2.469399,48.977476],[2.469411,48.977481]],[[2.469411,48.977481],[2.469423,48.977485]],[[2.469423,48.977485],[2.469435,48.977489]],[[2.469435,48.977489],[2.469446,48.977494]],[[2.469446,48.977494],[2.469458,48.977498]],[[2.469458,48.977498],[2.46947,48.977502]],[[2.46947,48.977502],[2.469482,48.977507]],[[2.469482,48.977507],[2.469494,48.977511]],[[2.469494,48.977511],[2.469506,48.977516]],[[2.469506,48.977516],[2.469518,48.97752]],[[2.469518,48.97752],[2.46953,48.977524]],[[2.46953,48.977524],[2.469542,48.977529]],[[2.469542,48.977529],[2.469554,48.977533]],[[2.469554,48.977533],[2.469566,48.977538]],[[2.469566,48.977538],[2.469578,48.977542]],[[2.469578,48.977542],[2.46959,48.977546]],[[2.46959,48.977546],[2.469601,48.977551]],[[2.469601,48.977551],[2.469613,48.977555]],[[2.469613,48.977555],[2.469625,48.97756]],[[2.469625,48.97756],[2.469637,48.977564]],[[2.469637,48.977564],[2.469649,48.977568]],[[2.469649,48.977568],[2.469661,48.977573]],[[2.469661,48.977573],[2.469673,48.977577]],[[2.469673,48.977577],[2.469685,48.977582]],[[2.469685,48.977582],[2.469697,48.977586]],[[2.469697,48.977586],[2.469709,48.97759]],[[2.469709,48.97759],[2.469721,48.977595]],[[2.469721,48.977595],[2.469733,48.977599]],[[2.469733,48.977599],[2.469745,48.977603]],[[2.469745,48.977603],[2.469756,48.977608]],[[2.469756,48.977608],[2.469768,48.977612]],[[2.469768,48.977612],[2.46978,48.977617]],[[2.46978,48.977617],[2.469792,48.977621]],[[2.469792,48.977621],[2.469804,48.977625]],[[2.469804,48.977625],[2.469816,48.97763]],[[2.469816,48.97763],[2.469828,48.977634]],[[2.469828,48.977634],[2.46984,48.977639]],[[2.46984,48.977639],[2.469852,48.977643]],[[2.469852,48.977643],[2.469864,48.977647]],[[2.469864,48.977647],[2.469876,48.977652]],[[2.469876,48.977652],[2.469888,48.977656]],[[2.469888,48.977656],[2.4699,48.977661]],[[2.4699,48.977661],[2.469911,48.977665]],[[2.469911,48.977665],[2.469923,48.977669]],[[2.469923,48.977669],[2.469935,48.977674]],[[2.469935,48.977674],[2.469947,48.977678]],[[2.469947,48.977678],[2.469959,48.977682]],[[2.469959,48.977682],[2.469971,48.977687]],[[2.469971,48.977687],[2.469983,48.977691]],[[2.469983,48.977691],[2.469995,48.977696]],[[2.469995,48.977696],[2.470007,48.9777]],[[2.470007,48.9777],[2.470019,48.977704]],[[2.470019,48.977704],[2.470031,48.977709]],[[2.470031,48.977709],[2.470043,48.977713]],[[2.470043,48.977713],[2.470054,48.977718]],[[2.470054,48.977718],[2.470066,48.977722]],[[2.470066,48.977722],[2.470078,48.977726]],[[2.470078,48.977726],[2.47009,48.977731]],[[2.47009,48.977731],[2.470102,48.977735]],[[2.470102,48.977735],[2.470114,48.97774]],[[2.470114,48.97774],[2.470126,48.977744]],[[2.470126,48.977744],[2.470138,48.977748]],[[2.470138,48.977748],[2.47015,48.977753]],[[2.47015,48.977753],[2.470162,48.977757]],[[2.470162,48.977757],[2.470174,48.977761]],[[2.470174,48.977761],[2.470186,48.977766]],[[2.470186,48.977766],[2.470198,48.97777]],[[2.470198,48.97777],[2.470209,48.977775]],[[2.470209,48.977775],[2.470221,48.977779]],[[2.470221,48.977779],[2.470233,48.977783]],[[2.470233,48.977783],[2.470245,48.977788]],[[2.470245,48.977788],[2.470257,48.977792]],[[2.470257,48.977792],[2.470269,48.977797]],[[2.470269,48.977797],[2.470281,48.977801]],[[2.470281,48.977801],[2.470293,48.977805]],[[2.470293,48.977805],[2.470305,48.97781]],[[2.470305,48.97781],[2.470317,48.977814]],[[2.470317,48.977814],[2.470329,48.977819]],[[2.470329,48.977819],[2.470341,48.977823]],[[2.470341,48.977823],[2.470353,48.977827]],[[2.470353,48.977827],[2.470364,48.977832]],[[2.470364,48.977832],[2.470376,48.977836]],[[2.470376,48.977836],[2.470388,48.97784]],[[2.470388,48.97784],[2.4704,48.977845]],[[2.4704,48.977845],[2.470412,48.977849]],[[2.470412,48.977849],[2.470424,48.977854]],[[2.470424,48.977854],[2.470436,48.977858]],[[2.470436,48.977858],[2.470448,48.977862]],[[2.470448,48.977862],[2.47046,48.977867]],[[2.47046,48.977867],[2.470472,48.977871]],[[2.470472,48.977871],[2.470484,48.977876]],[[2.470484,48.977876],[2.470496,48.97788]],[[2.470496,48.97788],[2.470508,48.977884]],[[2.470508,48.977884],[2.470519,48.977889]],[[2.470519,48.977889],[2.470531,48.977893]],[[2.470531,48.977893],[2.470543,48.977898]],[[2.470543,48.977898],[2.470555,48.977902]],[[2.470555,48.977902],[2.470567,48.977906]],[[2.470567,48.977906],[2.470579,48.977911]],[[2.470579,48.977911],[2.470591,48.977915]],[[2.470591,48.977915],[2.470603,48.97792]],[[2.470603,48.97792],[2.470615,48.977924]],[[2.470615,48.977924],[2.470627,48.977928]],[[2.470627,48.977928],[2.470639,48.977933]],[[2.470639,48.977933],[2.470651,48.977937]],[[2.470651,48.977937],[2.470663,48.977941]],[[2.470663,48.977941],[2.470674,48.977946]],[[2.470674,48.977946],[2.470686,48.97795]],[[2.470686,48.97795],[2.470698,48.977955]],[[2.470698,48.977955],[2.47071,48.977959]],[[2.47071,48.977959],[2.470722,48.977963]],[[2.470722,48.977963],[2.470734,48.977968]],[[2.470734,48.977968],[2.470746,48.977972]],[[2.470746,48.977972],[2.470758,48.977977]],[[2.470758,48.977977],[2.47077,48.977981]],[[2.47077,48.977981],[2.470782,48.977985]],[[2.470782,48.977985],[2.470794,48.97799]],[[2.470794,48.97799],[2.470806,48.977994]],[[2.470806,48.977994],[2.470818,48.977999]],[[2.470818,48.977999],[2.470829,48.978003]],[[2.470829,48.978003],[2.470841,48.978007]],[[2.470841,48.978007],[2.470853,48.978012]],[[2.470853,48.978012],[2.470865,48.978016]],[[2.470865,48.978016],[2.470877,48.97802]],[[2.470877,48.97802],[2.470889,48.978025]],[[2.470889,48.978025],[2.470901,48.978029]],[[2.470901,48.978029],[2.470913,48.978034]],[[2.470913,48.978034],[2.470925,48.978038]],[[2.470925,48.978038],[2.470937,48.978042]],[[2.470937,48.978042],[2.470949,48.978047]],[[2.470949,48.978047],[2.470961,48.978051]],[[2.470961,48.978051],[2.470973,48.978056]],[[2.470973,48.978056],[2.470984,48.97806]],[[2.470984,48.97806],[2.470996,48.978064]],[[2.470996,48.978064],[2.471008,48.978069]],[[2.471008,48.978069],[2.47102,48.978073]],[[2.47102,48.978073],[2.471032,48.978078]],[[2.471032,48.978078],[2.471044,48.978082]],[[2.471044,48.978082],[2.471056,48.978086]],[[2.471056,48.978086],[2.471068,48.978091]],[[2.471068,48.978091],[2.47108,48.978095]],[[2.47108,48.978095],[2.471092,48.978099]],[[2.471092,48.978099],[2.471104,48.978104]],[[2.471104,48.978104],[2.471116,48.978108]],[[2.471116,48.978108],[2.471128,48.978113]],[[2.471128,48.978113],[2.471139,48.978117]],[[2.471139,48.978117],[2.471151,48.978121]],[[2.471151,48.978121],[2.471163,48.978126]],[[2.471163,48.978126],[2.471175,48.97813]],[[2.471175,48.97813],[2.471187,48.978135]],[[2.471187,48.978135],[2.471199,48.978139]],[[2.471199,48.978139],[2.471211,48.978143]],[[2.471211,48.978143],[2.471223,48.978148]],[[2.471223,48.978148],[2.471235,48.978152]],[[2.471235,48.978152],[2.471247,48.978157]],[[2.471247,48.978157],[2.471259,48.978161]],[[2.471259,48.978161],[2.471271,48.978165]],[[2.471271,48.978165],[2.471283,48.97817]],[[2.471283,48.97817],[2.471294,48.978174]],[[2.471294,48.978174],[2.471306,48.978178]],[[2.471306,48.978178],[2.471318,48.978183]],[[2.471318,48.978183],[2.47133,48.978187]],[[2.47133,48.978187],[2.471342,48.978192]],[[2.471342,48.978192],[2.471354,48.978196]],[[2.471354,48.978196],[2.471366,48.9782]],[[2.471366,48.9782],[2.471378,48.978205]],[[2.471378,48.978205],[2.47139,48.978209]],[[2.47139,48.978209],[2.471402,48.978214]],[[2.471402,48.978214],[2.471414,48.978218]],[[2.471414,48.978218],[2.471426,48.978222]],[[2.471426,48.978222],[2.471437,48.978227]],[[2.471437,48.978227],[2.471449,48.978231]],[[2.471449,48.978231],[2.471461,48.978236]],[[2.471461,48.978236],[2.471473,48.97824]],[[2.471473,48.97824],[2.471485,48.978244]],[[2.471485,48.978244],[2.471497,48.978249]],[[2.471497,48.978249],[2.471509,48.978253]],[[2.471509,48.978253],[2.471521,48.978257]],[[2.471521,48.978257],[2.471533,48.978262]],[[2.471533,48.978262],[2.471545,48.978266]],[[2.471545,48.978266],[2.471557,48.978271]],[[2.471557,48.978271],[2.471569,48.978275]],[[2.471569,48.978275],[2.471581,48.978279]],[[2.471581,48.978279],[2.471593,48.978284]],[[2.471593,48.978284],[2.471605,48.978288]],[[2.471605,48.978288],[2.471617,48.978292]],[[2.471617,48.978292],[2.471628,48.978297]],[[2.471628,48.978297],[2.47164,48.978301]],[[2.47164,48.978301],[2.471652,48.978305]],[[2.471652,48.978305],[2.471664,48.97831]],[[2.471664,48.97831],[2.471676,48.978314]],[[2.471676,48.978314],[2.471688,48.978318]],[[2.471688,48.978318],[2.4717,48.978323]],[[2.4717,48.978323],[2.471712,48.978327]],[[2.471712,48.978327],[2.471724,48.978331]],[[2.471724,48.978331],[2.471736,48.978336]],[[2.471736,48.978336],[2.471748,48.97834]],[[2.471748,48.97834],[2.47176,48.978344]],[[2.47176,48.978344],[2.471772,48.978348]],[[2.471772,48.978348],[2.471784,48.978353]],[[2.471784,48.978353],[2.471796,48.978357]],[[2.471796,48.978357],[2.471808,48.978361]],[[2.471808,48.978361],[2.47182,48.978365]],[[2.47182,48.978365],[2.471833,48.97837]],[[2.471833,48.97837],[2.471845,48.978374]],[[2.471845,48.978374],[2.471857,48.978378]],[[2.471857,48.978378],[2.471869,48.978382]],[[2.471869,48.978382],[2.471881,48.978387]],[[2.471881,48.978387],[2.471893,48.978391]],[[2.471893,48.978391],[2.471905,48.978395]],[[2.471905,48.978395],[2.471917,48.978399]],[[2.471917,48.978399],[2.471929,48.978403]],[[2.471929,48.978403],[2.471941,48.978407]],[[2.471941,48.978407],[2.471953,48.978412]],[[2.471953,48.978412],[2.471966,48.978416]],[[2.471966,48.978416],[2.471978,48.97842]],[[2.471978,48.97842],[2.47199,48.978424]],[[2.47199,48.978424],[2.472002,48.978428]],[[2.472002,48.978428],[2.472014,48.978432]],[[2.472014,48.978432],[2.472026,48.978436]],[[2.472026,48.978436],[2.472039,48.97844]],[[2.472039,48.97844],[2.472051,48.978444]],[[2.472051,48.978444],[2.472063,48.978448]],[[2.472063,48.978448],[2.472075,48.978452]],[[2.472075,48.978452],[2.472088,48.978456]],[[2.472088,48.978456],[2.4721,48.97846]],[[2.4721,48.97846],[2.472112,48.978464]],[[2.472112,48.978464],[2.472124,48.978468]],[[2.472124,48.978468],[2.472137,48.978472]],[[2.472137,48.978472],[2.472149,48.978476]],[[2.472149,48.978476],[2.472161,48.97848]],[[2.472161,48.97848],[2.472174,48.978484]],[[2.472174,48.978484],[2.472186,48.978488]],[[2.472186,48.978488],[2.472198,48.978491]],[[2.472198,48.978491],[2.472211,48.978495]],[[2.472211,48.978495],[2.472223,48.978499]],[[2.472223,48.978499],[2.472235,48.978503]],[[2.472235,48.978503],[2.472248,48.978507]],[[2.472248,48.978507],[2.47226,48.97851]],[[2.47226,48.97851],[2.472273,48.978514]],[[2.472273,48.978514],[2.472285,48.978518]],[[2.472285,48.978518],[2.472297,48.978522]],[[2.472297,48.978522],[2.47231,48.978525]],[[2.47231,48.978525],[2.472322,48.978529]],[[2.472322,48.978529],[2.472335,48.978533]],[[2.472335,48.978533],[2.472347,48.978536]],[[2.472347,48.978536],[2.47236,48.97854]],[[2.47236,48.97854],[2.472372,48.978543]],[[2.472372,48.978543],[2.472385,48.978547]],[[2.472385,48.978547],[2.472398,48.978551]],[[2.472398,48.978551],[2.47241,48.978554]],[[2.47241,48.978554],[2.472423,48.978558]],[[2.472423,48.978558],[2.472435,48.978561]],[[2.472435,48.978561],[2.472448,48.978564]],[[2.472448,48.978564],[2.472461,48.978568]],[[2.472461,48.978568],[2.472473,48.978571]],[[2.472473,48.978571],[2.472486,48.978574]],[[2.472486,48.978574],[2.472499,48.978578]],[[2.472499,48.978578],[2.472511,48.978581]],[[2.472511,48.978581],[2.472524,48.978584]],[[2.472524,48.978584],[2.472537,48.978588]],[[2.472537,48.978588],[2.472549,48.978591]],[[2.472549,48.978591],[2.472562,48.978594]],[[2.472562,48.978594],[2.472575,48.978598]],[[2.472575,48.978598],[2.472588,48.978601]],[[2.472588,48.978601],[2.4726,48.978604]],[[2.4726,48.978604],[2.472613,48.978607]],[[2.472613,48.978607],[2.472626,48.97861]],[[2.472626,48.97861],[2.472639,48.978613]],[[2.472639,48.978613],[2.472652,48.978616]],[[2.472652,48.978616],[2.472665,48.978619]],[[2.472665,48.978619],[2.472677,48.978622]],[[2.472677,48.978622],[2.47269,48.978625]],[[2.47269,48.978625],[2.472703,48.978629]],[[2.472703,48.978629],[2.472716,48.978632]],[[2.472716,48.978632],[2.472729,48.978635]],[[2.472729,48.978635],[2.472742,48.978638]],[[2.472742,48.978638],[2.472755,48.978641]],[[2.472755,48.978641],[2.472767,48.978644]],[[2.472767,48.978644],[2.47278,48.978646]],[[2.47278,48.978646],[2.472793,48.978649]],[[2.472793,48.978649],[2.472807,48.978652]],[[2.472807,48.978652],[2.47282,48.978655]],[[2.47282,48.978655],[2.472833,48.978657]],[[2.472833,48.978657],[2.472846,48.97866]],[[2.472846,48.97866],[2.472859,48.978663]],[[2.472859,48.978663],[2.472872,48.978666]],[[2.472872,48.978666],[2.472885,48.978668]],[[2.472885,48.978668],[2.472898,48.978671]],[[2.472898,48.978671],[2.472911,48.978674]],[[2.472911,48.978674],[2.472924,48.978676]],[[2.472924,48.978676],[2.472937,48.978679]],[[2.472937,48.978679],[2.47295,48.978682]],[[2.47295,48.978682],[2.472963,48.978684]],[[2.472963,48.978684],[2.472976,48.978686]],[[2.472976,48.978686],[2.472989,48.978689]],[[2.472989,48.978689],[2.473002,48.978691]],[[2.473002,48.978691],[2.473016,48.978694]],[[2.473016,48.978694],[2.473029,48.978696]],[[2.473029,48.978696],[2.473042,48.978699]],[[2.473042,48.978699],[2.473055,48.978701]],[[2.473055,48.978701],[2.473068,48.978704]],[[2.473068,48.978704],[2.473081,48.978706]],[[2.473081,48.978706],[2.473094,48.978708]],[[2.473094,48.978708],[2.473108,48.978711]],[[2.473108,48.978711],[2.473121,48.978713]],[[2.473121,48.978713],[2.473134,48.978715]],[[2.473134,48.978715],[2.473147,48.978717]],[[2.473147,48.978717],[2.473161,48.978719]],[[2.473161,48.978719],[2.473174,48.978721]],[[2.473174,48.978721],[2.473187,48.978724]],[[2.473187,48.978724],[2.473201,48.978726]],[[2.473201,48.978726],[2.473214,48.978728]],[[2.473214,48.978728],[2.473227,48.97873]],[[2.473227,48.97873],[2.47324,48.978732]],[[2.47324,48.978732],[2.473254,48.978734]],[[2.473254,48.978734],[2.473267,48.978736]],[[2.473267,48.978736],[2.47328,48.978738]],[[2.47328,48.978738],[2.473294,48.97874]],[[2.473294,48.97874],[2.473307,48.978742]],[[2.473307,48.978742],[2.47332,48.978744]],[[2.47332,48.978744],[2.473334,48.978746]],[[2.473334,48.978746],[2.473347,48.978748]],[[2.473347,48.978748],[2.47336,48.978749]],[[2.47336,48.978749],[2.473374,48.978751]],[[2.473374,48.978751],[2.473387,48.978753]],[[2.473387,48.978753],[2.473401,48.978755]],[[2.473401,48.978755],[2.473414,48.978757]],[[2.473414,48.978757],[2.473427,48.978759]],[[2.473427,48.978759],[2.473441,48.97876]],[[2.473441,48.97876],[2.473454,48.978762]],[[2.473454,48.978762],[2.473468,48.978764]],[[2.473468,48.978764],[2.473481,48.978765]],[[2.473481,48.978765],[2.473494,48.978767]],[[2.473494,48.978767],[2.473508,48.978768]],[[2.473508,48.978768],[2.473521,48.97877]],[[2.473521,48.97877],[2.473535,48.978771]],[[2.473535,48.978771],[2.473548,48.978773]],[[2.473548,48.978773],[2.473562,48.978774]],[[2.473562,48.978774],[2.473575,48.978776]],[[2.473575,48.978776],[2.473589,48.978777]],[[2.473589,48.978777],[2.473602,48.978779]],[[2.473602,48.978779],[2.473616,48.97878]],[[2.473616,48.97878],[2.473629,48.978782]],[[2.473629,48.978782],[2.473643,48.978783]],[[2.473643,48.978783],[2.473656,48.978784]],[[2.473656,48.978784],[2.47367,48.978785]],[[2.47367,48.978785],[2.473683,48.978787]],[[2.473683,48.978787],[2.473697,48.978788]],[[2.473697,48.978788],[2.47371,48.978789]],[[2.47371,48.978789],[2.473724,48.97879]],[[2.473724,48.97879],[2.473737,48.978791]],[[2.473737,48.978791],[2.473751,48.978793]],[[2.473751,48.978793],[2.473765,48.978794]],[[2.473765,48.978794],[2.473778,48.978795]],[[2.473778,48.978795],[2.473792,48.978796]],[[2.473792,48.978796],[2.473805,48.978797]],[[2.473805,48.978797],[2.473819,48.978798]],[[2.473819,48.978798],[2.473832,48.978799]],[[2.473832,48.978799],[2.473846,48.9788]],[[2.473846,48.9788],[2.47386,48.978801]],[[2.47386,48.978801],[2.473873,48.978802]],[[2.473873,48.978802],[2.473887,48.978803]],[[2.473887,48.978803],[2.4739,48.978804]],[[2.4739,48.978804],[2.473914,48.978805]],[[2.473914,48.978805],[2.473927,48.978806]],[[2.473927,48.978806],[2.473941,48.978806]],[[2.473941,48.978806],[2.473955,48.978807]],[[2.473955,48.978807],[2.473968,48.978808]],[[2.473968,48.978808],[2.473982,48.978809]],[[2.473982,48.978809],[2.473995,48.97881]],[[2.473995,48.97881],[2.474009,48.97881]],[[2.474009,48.97881],[2.474023,48.978811]],[[2.474023,48.978811],[2.474036,48.978811]],[[2.474036,48.978811],[2.47405,48.978812]],[[2.47405,48.978812],[2.474064,48.978813]],[[2.474064,48.978813],[2.474077,48.978813]],[[2.474077,48.978813],[2.474091,48.978814]],[[2.474091,48.978814],[2.474105,48.978814]],[[2.474105,48.978814],[2.474118,48.978815]],[[2.474118,48.978815],[2.474132,48.978815]],[[2.474132,48.978815],[2.474145,48.978816]],[[2.474145,48.978816],[2.474159,48.978816]],[[2.474159,48.978816],[2.474173,48.978817]],[[2.474173,48.978817],[2.474186,48.978817]],[[2.474186,48.978817],[2.4742,48.978817]],[[2.4742,48.978817],[2.474214,48.978818]],[[2.474214,48.978818],[2.474227,48.978818]],[[2.474227,48.978818],[2.474241,48.978818]],[[2.474241,48.978818],[2.474255,48.978818]],[[2.474255,48.978818],[2.474268,48.978819]],[[2.474268,48.978819],[2.474282,48.978819]],[[2.474282,48.978819],[2.474296,48.978819]],[[2.474296,48.978819],[2.474309,48.97882]],[[2.474309,48.97882],[2.474323,48.97882]],[[2.474323,48.97882],[2.474337,48.97882]],[[2.474337,48.97882],[2.47435,48.97882]],[[2.47435,48.97882],[2.474364,48.97882]],[[2.474364,48.97882],[2.474378,48.97882]],[[2.474378,48.97882],[2.474391,48.97882]],[[2.474391,48.97882],[2.474405,48.97882]],[[2.474405,48.97882],[2.474419,48.97882]],[[2.474419,48.97882],[2.474432,48.97882]],[[2.474432,48.97882],[2.474446,48.97882]],[[2.474446,48.97882],[2.47446,48.97882]],[[2.47446,48.97882],[2.474473,48.97882]],[[2.474473,48.97882],[2.474487,48.97882]],[[2.474487,48.97882],[2.474501,48.97882]],[[2.474501,48.97882],[2.474514,48.978819]],[[2.474514,48.978819],[2.474528,48.978819]],[[2.474528,48.978819],[2.474541,48.978819]],[[2.474541,48.978819],[2.474555,48.978819]],[[2.474555,48.978819],[2.474569,48.978818]],[[2.474569,48.978818],[2.474582,48.978818]],[[2.474582,48.978818],[2.474596,48.978818]],[[2.474596,48.978818],[2.47461,48.978817]],[[2.47461,48.978817],[2.474623,48.978817]],[[2.474623,48.978817],[2.474637,48.978817]],[[2.474637,48.978817],[2.474651,48.978816]],[[2.474651,48.978816],[2.474664,48.978816]],[[2.474664,48.978816],[2.474678,48.978815]],[[2.474678,48.978815],[2.474692,48.978815]],[[2.474692,48.978815],[2.474705,48.978814]],[[2.474705,48.978814],[2.474719,48.978814]],[[2.474719,48.978814],[2.474733,48.978813]],[[2.474733,48.978813],[2.474746,48.978813]],[[2.474746,48.978813],[2.47476,48.978812]],[[2.47476,48.978812],[2.474773,48.978811]],[[2.474773,48.978811],[2.474787,48.978811]],[[2.474787,48.978811],[2.474801,48.97881]],[[2.474801,48.97881],[2.474814,48.97881]],[[2.474814,48.97881],[2.474828,48.978809]],[[2.474828,48.978809],[2.474842,48.978808]],[[2.474842,48.978808],[2.474855,48.978808]],[[2.474855,48.978808],[2.474869,48.978807]],[[2.474869,48.978807],[2.474882,48.978806]],[[2.474882,48.978806],[2.474896,48.978806]],[[2.474896,48.978806],[2.47491,48.978805]],[[2.47491,48.978805],[2.474923,48.978804]],[[2.474923,48.978804],[2.474937,48.978803]],[[2.474937,48.978803],[2.474951,48.978803]],[[2.474951,48.978803],[2.474964,48.978802]],[[2.474964,48.978802],[2.474978,48.978801]],[[2.474978,48.978801],[2.474991,48.9788]],[[2.474991,48.9788],[2.475005,48.978799]],[[2.475005,48.978799],[2.475019,48.978798]],[[2.475019,48.978798],[2.475032,48.978798]],[[2.475032,48.978798],[2.475046,48.978797]],[[2.475046,48.978797],[2.475059,48.978796]],[[2.475059,48.978796],[2.475073,48.978795]],[[2.475073,48.978795],[2.475087,48.978794]],[[2.475087,48.978794],[2.4751,48.978793]],[[2.4751,48.978793],[2.475114,48.978792]],[[2.475114,48.978792],[2.475127,48.978792]],[[2.475127,48.978792],[2.475141,48.978791]],[[2.475141,48.978791],[2.475154,48.97879]],[[2.475154,48.97879],[2.475168,48.978789]],[[2.475168,48.978789],[2.475182,48.978788]],[[2.475182,48.978788],[2.475195,48.978787]],[[2.475195,48.978787],[2.475209,48.978786]],[[2.475209,48.978786],[2.475222,48.978785]],[[2.475222,48.978785],[2.475236,48.978784]],[[2.475236,48.978784],[2.47525,48.978783]],[[2.47525,48.978783],[2.475263,48.978782]],[[2.475263,48.978782],[2.475277,48.978781]],[[2.475277,48.978781],[2.47529,48.97878]],[[2.47529,48.97878],[2.475304,48.978779]],[[2.475304,48.978779],[2.475318,48.978778]],[[2.475318,48.978778],[2.475331,48.978777]],[[2.475331,48.978777],[2.475345,48.978776]],[[2.475345,48.978776],[2.475358,48.978776]],[[2.475358,48.978776],[2.475372,48.978775]],[[2.475372,48.978775],[2.475385,48.978774]],[[2.475385,48.978774],[2.475399,48.978773]],[[2.475399,48.978773],[2.475413,48.978772]],[[2.475413,48.978772],[2.475426,48.978771]],[[2.475426,48.978771],[2.47544,48.97877]],[[2.47544,48.97877],[2.475453,48.978769]],[[2.475453,48.978769],[2.475467,48.978768]],[[2.475467,48.978768],[2.475481,48.978767]],[[2.475481,48.978767],[2.475494,48.978766]],[[2.475494,48.978766],[2.475508,48.978765]],[[2.475508,48.978765],[2.475521,48.978764]],[[2.475521,48.978764],[2.475535,48.978763]],[[2.475535,48.978763],[2.475548,48.978762]],[[2.475548,48.978762],[2.475562,48.978761]],[[2.475562,48.978761],[2.475576,48.97876]],[[2.475576,48.97876],[2.475589,48.978759]],[[2.475589,48.978759],[2.475603,48.978758]],[[2.475603,48.978758],[2.475616,48.978757]],[[2.475616,48.978757],[2.47563,48.978756]],[[2.47563,48.978756],[2.475643,48.978755]],[[2.475643,48.978755],[2.475657,48.978754]],[[2.475657,48.978754],[2.475671,48.978753]],[[2.475671,48.978753],[2.475684,48.978752]],[[2.475684,48.978752],[2.475698,48.978751]],[[2.475698,48.978751],[2.475711,48.97875]],[[2.475711,48.97875],[2.475725,48.978749]],[[2.475725,48.978749],[2.475739,48.978748]],[[2.475739,48.978748],[2.475752,48.978747]],[[2.475752,48.978747],[2.475766,48.978746]],[[2.475766,48.978746],[2.475779,48.978746]],[[2.475779,48.978746],[2.475793,48.978745]],[[2.475793,48.978745],[2.475806,48.978744]],[[2.475806,48.978744],[2.47582,48.978743]],[[2.47582,48.978743],[2.475834,48.978742]],[[2.475834,48.978742],[2.475847,48.978741]],[[2.475847,48.978741],[2.475861,48.97874]],[[2.475861,48.97874],[2.475874,48.978739]],[[2.475874,48.978739],[2.475888,48.978738]],[[2.475888,48.978738],[2.475902,48.978737]],[[2.475902,48.978737],[2.475915,48.978736]],[[2.475915,48.978736],[2.475929,48.978735]],[[2.475929,48.978735],[2.475942,48.978734]],[[2.475942,48.978734],[2.475956,48.978733]],[[2.475956,48.978733],[2.475969,48.978732]],[[2.475969,48.978732],[2.475983,48.978731]],[[2.475983,48.978731],[2.475997,48.97873]],[[2.475997,48.97873],[2.47601,48.978729]],[[2.47601,48.978729],[2.476024,48.978728]],[[2.476024,48.978728],[2.476037,48.978727]],[[2.476037,48.978727],[2.476051,48.978726]],[[2.476051,48.978726],[2.476065,48.978725]],[[2.476065,48.978725],[2.476078,48.978724]],[[2.476078,48.978724],[2.476092,48.978723]],[[2.476092,48.978723],[2.476105,48.978722]],[[2.476105,48.978722],[2.476119,48.978721]],[[2.476119,48.978721],[2.476132,48.97872]],[[2.476132,48.97872],[2.476146,48.978719]],[[2.476146,48.978719],[2.47616,48.978718]],[[2.47616,48.978718],[2.476173,48.978717]],[[2.476173,48.978717],[2.476187,48.978716]],[[2.476187,48.978716],[2.4762,48.978716]],[[2.4762,48.978716],[2.476214,48.978715]],[[2.476214,48.978715],[2.476227,48.978714]],[[2.476227,48.978714],[2.476241,48.978713]],[[2.476241,48.978713],[2.476255,48.978712]],[[2.476255,48.978712],[2.476268,48.978711]],[[2.476268,48.978711],[2.476282,48.97871]],[[2.476282,48.97871],[2.476295,48.978709]],[[2.476295,48.978709],[2.476309,48.978708]],[[2.476309,48.978708],[2.476323,48.978707]],[[2.476323,48.978707],[2.476336,48.978706]],[[2.476336,48.978706],[2.47635,48.978705]],[[2.47635,48.978705],[2.476363,48.978704]],[[2.476363,48.978704],[2.476377,48.978703]],[[2.476377,48.978703],[2.47639,48.978702]],[[2.47639,48.978702],[2.476404,48.978701]],[[2.476404,48.978701],[2.476418,48.9787]],[[2.476418,48.9787],[2.476431,48.978699]],[[2.476431,48.978699],[2.476445,48.978698]],[[2.476445,48.978698],[2.476458,48.978697]],[[2.476458,48.978697],[2.476472,48.978696]],[[2.476472,48.978696],[2.476486,48.978695]],[[2.476486,48.978695],[2.476499,48.978694]],[[2.476499,48.978694],[2.476513,48.978693]],[[2.476513,48.978693],[2.476526,48.978692]],[[2.476526,48.978692],[2.47654,48.978691]],[[2.47654,48.978691],[2.476553,48.97869]],[[2.476553,48.97869],[2.476567,48.978689]],[[2.476567,48.978689],[2.476581,48.978688]],[[2.476581,48.978688],[2.476594,48.978687]],[[2.476594,48.978687],[2.476608,48.978686]],[[2.476608,48.978686],[2.476621,48.978686]],[[2.476621,48.978686],[2.476635,48.978685]],[[2.476635,48.978685],[2.476649,48.978684]],[[2.476649,48.978684],[2.476662,48.978683]],[[2.476662,48.978683],[2.476676,48.978682]],[[2.476676,48.978682],[2.476689,48.978681]],[[2.476689,48.978681],[2.476703,48.97868]],[[2.476703,48.97868],[2.476716,48.978679]],[[2.476716,48.978679],[2.47673,48.978678]],[[2.47673,48.978678],[2.476744,48.978677]],[[2.476744,48.978677],[2.476757,48.978676]],[[2.476757,48.978676],[2.476771,48.978675]],[[2.476771,48.978675],[2.476784,48.978674]],[[2.476784,48.978674],[2.476798,48.978673]],[[2.476798,48.978673],[2.476811,48.978672]],[[2.476811,48.978672],[2.476825,48.978671]],[[2.476825,48.978671],[2.476839,48.97867]],[[2.476839,48.97867],[2.476852,48.978669]],[[2.476852,48.978669],[2.476866,48.978668]],[[2.476866,48.978668],[2.476879,48.978667]],[[2.476879,48.978667],[2.476893,48.978666]],[[2.476893,48.978666],[2.476907,48.978665]],[[2.476907,48.978665],[2.47692,48.978664]],[[2.47692,48.978664],[2.476934,48.978663]],[[2.476934,48.978663],[2.476947,48.978662]],[[2.476947,48.978662],[2.476961,48.978661]],[[2.476961,48.978661],[2.476974,48.97866]],[[2.476974,48.97866],[2.476988,48.978659]],[[2.476988,48.978659],[2.477002,48.978658]],[[2.477002,48.978658],[2.477015,48.978657]],[[2.477015,48.978657],[2.477029,48.978656]],[[2.477029,48.978656],[2.477042,48.978656]],[[2.477042,48.978656],[2.477056,48.978655]],[[2.477056,48.978655],[2.47707,48.978654]],[[2.47707,48.978654],[2.477083,48.978653]],[[2.477083,48.978653],[2.477097,48.978652]],[[2.477097,48.978652],[2.47711,48.978651]],[[2.47711,48.978651],[2.477124,48.97865]],[[2.477124,48.97865],[2.477137,48.978649]],[[2.477137,48.978649],[2.477151,48.978648]],[[2.477151,48.978648],[2.477165,48.978647]],[[2.477165,48.978647],[2.477178,48.978646]],[[2.477178,48.978646],[2.477192,48.978645]],[[2.477192,48.978645],[2.477205,48.978644]],[[2.477205,48.978644],[2.477219,48.978643]],[[2.477219,48.978643],[2.477233,48.978642]],[[2.477233,48.978642],[2.477246,48.978641]],[[2.477246,48.978641],[2.47726,48.97864]],[[2.47726,48.97864],[2.477273,48.978639]],[[2.477273,48.978639],[2.477287,48.978638]],[[2.477287,48.978638],[2.4773,48.978637]],[[2.4773,48.978637],[2.477314,48.978636]],[[2.477314,48.978636],[2.477328,48.978635]],[[2.477328,48.978635],[2.477341,48.978634]],[[2.477341,48.978634],[2.477355,48.978633]],[[2.477355,48.978633],[2.477368,48.978632]],[[2.477368,48.978632],[2.477382,48.978631]],[[2.477382,48.978631],[2.477395,48.97863]],[[2.477395,48.97863],[2.477409,48.978629]],[[2.477409,48.978629],[2.477423,48.978628]],[[2.477423,48.978628],[2.477436,48.978627]],[[2.477436,48.978627],[2.47745,48.978626]],[[2.47745,48.978626],[2.477463,48.978626]],[[2.477463,48.978626],[2.477477,48.978625]],[[2.477477,48.978625],[2.477491,48.978624]],[[2.477491,48.978624],[2.477504,48.978623]],[[2.477504,48.978623],[2.477518,48.978622]],[[2.477518,48.978622],[2.477531,48.978621]],[[2.477531,48.978621],[2.477545,48.97862]],[[2.477545,48.97862],[2.477558,48.978619]],[[2.477558,48.978619],[2.477572,48.978618]],[[2.477572,48.978618],[2.477586,48.978617]],[[2.477586,48.978617],[2.477599,48.978616]],[[2.477599,48.978616],[2.477613,48.978615]],[[2.477613,48.978615],[2.477626,48.978614]],[[2.477626,48.978614],[2.47764,48.978613]],[[2.47764,48.978613],[2.477654,48.978612]],[[2.477654,48.978612],[2.477667,48.978611]],[[2.477667,48.978611],[2.477681,48.97861]],[[2.477681,48.97861],[2.477694,48.978609]],[[2.477694,48.978609],[2.477708,48.978608]],[[2.477708,48.978608],[2.477721,48.978607]],[[2.477721,48.978607],[2.477735,48.978606]],[[2.477735,48.978606],[2.477749,48.978605]],[[2.477749,48.978605],[2.477762,48.978604]],[[2.477762,48.978604],[2.477776,48.978603]],[[2.477776,48.978603],[2.477789,48.978602]],[[2.477789,48.978602],[2.477803,48.978601]],[[2.477803,48.978601],[2.477817,48.9786]],[[2.477817,48.9786],[2.47783,48.978599]],[[2.47783,48.978599],[2.477844,48.978598]],[[2.477844,48.978598],[2.477857,48.978597]],[[2.477857,48.978597],[2.477871,48.978596]],[[2.477871,48.978596],[2.477884,48.978595]],[[2.477884,48.978595],[2.477898,48.978595]],[[2.477898,48.978595],[2.477912,48.978594]],[[2.477912,48.978594],[2.477925,48.978593]],[[2.477925,48.978593],[2.477939,48.978592]],[[2.477939,48.978592],[2.477952,48.978591]],[[2.477952,48.978591],[2.477966,48.97859]],[[2.477966,48.97859],[2.477979,48.978589]],[[2.477979,48.978589],[2.477993,48.978588]],[[2.477993,48.978588],[2.478007,48.978587]],[[2.478007,48.978587],[2.47802,48.978586]],[[2.47802,48.978586],[2.478034,48.978585]],[[2.478034,48.978585],[2.478047,48.978584]],[[2.478047,48.978584],[2.478061,48.978583]],[[2.478061,48.978583],[2.478075,48.978582]],[[2.478075,48.978582],[2.478088,48.978581]],[[2.478088,48.978581],[2.478102,48.97858]],[[2.478102,48.97858],[2.478115,48.978579]],[[2.478115,48.978579],[2.478129,48.978578]],[[2.478129,48.978578],[2.478142,48.978577]],[[2.478142,48.978577],[2.478156,48.978576]],[[2.478156,48.978576],[2.47817,48.978575]],[[2.47817,48.978575],[2.478183,48.978574]],[[2.478183,48.978574],[2.478197,48.978573]],[[2.478197,48.978573],[2.47821,48.978572]],[[2.47821,48.978572],[2.478224,48.978571]],[[2.478224,48.978571],[2.478238,48.97857]],[[2.478238,48.97857],[2.478251,48.978569]],[[2.478251,48.978569],[2.478265,48.978568]],[[2.478265,48.978568],[2.478278,48.978567]],[[2.478278,48.978567],[2.478292,48.978566]],[[2.478292,48.978566],[2.478305,48.978565]],[[2.478305,48.978565],[2.478319,48.978565]],[[2.478319,48.978565],[2.478333,48.978564]],[[2.478333,48.978564],[2.478346,48.978563]],[[2.478346,48.978563],[2.47836,48.978562]],[[2.47836,48.978562],[2.478373,48.978561]],[[2.478373,48.978561],[2.478387,48.97856]],[[2.478387,48.97856],[2.478401,48.978559]],[[2.478401,48.978559],[2.478414,48.978558]],[[2.478414,48.978558],[2.478428,48.978557]],[[2.478428,48.978557],[2.478441,48.978556]],[[2.478441,48.978556],[2.478455,48.978555]],[[2.478455,48.978555],[2.478468,48.978554]],[[2.478468,48.978554],[2.478482,48.978553]],[[2.478482,48.978553],[2.478496,48.978552]],[[2.478496,48.978552],[2.478509,48.978551]],[[2.478509,48.978551],[2.478523,48.97855]],[[2.478523,48.97855],[2.478536,48.978549]],[[2.478536,48.978549],[2.47855,48.978548]],[[2.47855,48.978548],[2.478564,48.978547]],[[2.478564,48.978547],[2.478577,48.978546]],[[2.478577,48.978546],[2.478591,48.978545]],[[2.478591,48.978545],[2.478604,48.978544]],[[2.478604,48.978544],[2.478618,48.978543]],[[2.478618,48.978543],[2.478631,48.978542]],[[2.478631,48.978542],[2.478645,48.978541]],[[2.478645,48.978541],[2.478659,48.97854]],[[2.478659,48.97854],[2.478672,48.978539]],[[2.478672,48.978539],[2.478686,48.978538]],[[2.478686,48.978538],[2.478699,48.978537]],[[2.478699,48.978537],[2.478713,48.978536]],[[2.478713,48.978536],[2.478726,48.978535]],[[2.478726,48.978535],[2.47874,48.978535]],[[2.47874,48.978535],[2.478754,48.978534]],[[2.478754,48.978534],[2.478767,48.978533]],[[2.478767,48.978533],[2.478781,48.978532]],[[2.478781,48.978532],[2.478794,48.978531]],[[2.478794,48.978531],[2.478808,48.97853]],[[2.478808,48.97853],[2.478822,48.978529]],[[2.478822,48.978529],[2.478835,48.978528]],[[2.478835,48.978528],[2.478849,48.978527]],[[2.478849,48.978527],[2.478862,48.978526]],[[2.478862,48.978526],[2.478876,48.978525]],[[2.478876,48.978525],[2.478889,48.978524]],[[2.478889,48.978524],[2.478903,48.978523]],[[2.478903,48.978523],[2.478917,48.978522]],[[2.478917,48.978522],[2.47893,48.978521]],[[2.47893,48.978521],[2.478944,48.97852]],[[2.478944,48.97852],[2.478957,48.978519]],[[2.478957,48.978519],[2.478971,48.978518]],[[2.478971,48.978518],[2.478985,48.978517]],[[2.478985,48.978517],[2.478998,48.978516]],[[2.478998,48.978516],[2.479012,48.978515]],[[2.479012,48.978515],[2.479025,48.978514]],[[2.479025,48.978514],[2.479039,48.978513]],[[2.479039,48.978513],[2.479052,48.978512]],[[2.479052,48.978512],[2.479066,48.978511]],[[2.479066,48.978511],[2.47908,48.97851]],[[2.47908,48.97851],[2.479093,48.978509]],[[2.479093,48.978509],[2.479107,48.978508]],[[2.479107,48.978508],[2.47912,48.978507]],[[2.47912,48.978507],[2.479134,48.978506]],[[2.479134,48.978506],[2.479148,48.978505]],[[2.479148,48.978505],[2.479161,48.978504]],[[2.479161,48.978504],[2.479175,48.978504]],[[2.479175,48.978504],[2.479188,48.978503]],[[2.479188,48.978503],[2.479202,48.978502]],[[2.479202,48.978502],[2.479215,48.978501]],[[2.479215,48.978501],[2.479229,48.9785]],[[2.479229,48.9785],[2.479243,48.978499]],[[2.479243,48.978499],[2.479256,48.978498]],[[2.479256,48.978498],[2.47927,48.978497]],[[2.47927,48.978497],[2.479283,48.978496]],[[2.479283,48.978496],[2.479297,48.978495]],[[2.479297,48.978495],[2.47931,48.978494]],[[2.47931,48.978494],[2.479324,48.978493]],[[2.479324,48.978493],[2.479338,48.978492]],[[2.479338,48.978492],[2.479351,48.978491]],[[2.479351,48.978491],[2.479365,48.97849]],[[2.479365,48.97849],[2.479378,48.978489]],[[2.479378,48.978489],[2.479392,48.978488]],[[2.479392,48.978488],[2.479406,48.978487]],[[2.479406,48.978487],[2.479419,48.978486]],[[2.479419,48.978486],[2.479433,48.978485]],[[2.479433,48.978485],[2.479446,48.978484]],[[2.479446,48.978484],[2.47946,48.978483]],[[2.47946,48.978483],[2.479473,48.978482]],[[2.479473,48.978482],[2.479487,48.978481]],[[2.479487,48.978481],[2.479501,48.97848]],[[2.479501,48.97848],[2.479514,48.978479]],[[2.479514,48.978479],[2.479528,48.978478]],[[2.479528,48.978478],[2.479541,48.978477]],[[2.479541,48.978477],[2.479555,48.978476]],[[2.479555,48.978476],[2.479569,48.978475]],[[2.479569,48.978475],[2.479582,48.978474]],[[2.479582,48.978474],[2.479596,48.978474]],[[2.479596,48.978474],[2.479609,48.978473]],[[2.479609,48.978473],[2.479623,48.978472]],[[2.479623,48.978472],[2.479636,48.978471]],[[2.479636,48.978471],[2.47965,48.97847]],[[2.47965,48.97847],[2.479664,48.978469]],[[2.479664,48.978469],[2.479677,48.978468]],[[2.479677,48.978468],[2.479691,48.978467]],[[2.479691,48.978467],[2.479704,48.978466]],[[2.479704,48.978466],[2.479718,48.978465]],[[2.479718,48.978465],[2.479732,48.978464]],[[2.479732,48.978464],[2.479745,48.978463]],[[2.479745,48.978463],[2.479759,48.978462]],[[2.479759,48.978462],[2.479772,48.978461]],[[2.479772,48.978461],[2.479786,48.97846]],[[2.479786,48.97846],[2.479799,48.978459]],[[2.479799,48.978459],[2.479813,48.978458]],[[2.479813,48.978458],[2.479827,48.978457]],[[2.479827,48.978457],[2.47984,48.978456]],[[2.47984,48.978456],[2.479854,48.978455]],[[2.479854,48.978455],[2.479867,48.978454]],[[2.479867,48.978454],[2.479881,48.978453]],[[2.479881,48.978453],[2.479894,48.978452]],[[2.479894,48.978452],[2.479908,48.978451]],[[2.479908,48.978451],[2.479922,48.97845]],[[2.479922,48.97845],[2.479935,48.978449]],[[2.479935,48.978449],[2.479949,48.978448]],[[2.479949,48.978448],[2.479962,48.978447]],[[2.479962,48.978447],[2.479976,48.978446]],[[2.479976,48.978446],[2.47999,48.978445]],[[2.47999,48.978445],[2.480003,48.978444]],[[2.480003,48.978444],[2.480017,48.978444]],[[2.480017,48.978444],[2.48003,48.978443]],[[2.48003,48.978443],[2.480044,48.978442]],[[2.480044,48.978442],[2.480057,48.978441]],[[2.480057,48.978441],[2.480071,48.97844]],[[2.480071,48.97844],[2.480085,48.978439]],[[2.480085,48.978439],[2.480098,48.978438]],[[2.480098,48.978438],[2.480112,48.978437]],[[2.480112,48.978437],[2.480125,48.978436]],[[2.480125,48.978436],[2.480139,48.978435]],[[2.480139,48.978435],[2.480153,48.978434]],[[2.480153,48.978434],[2.480166,48.978433]],[[2.480166,48.978433],[2.48018,48.978432]],[[2.48018,48.978432],[2.480193,48.978431]],[[2.480193,48.978431],[2.480207,48.97843]],[[2.480207,48.97843],[2.48022,48.978429]],[[2.48022,48.978429],[2.480234,48.978428]],[[2.480234,48.978428],[2.480248,48.978427]],[[2.480248,48.978427],[2.480261,48.978426]],[[2.480261,48.978426],[2.480275,48.978425]],[[2.480275,48.978425],[2.480288,48.978424]],[[2.480288,48.978424],[2.480302,48.978423]],[[2.480302,48.978423],[2.480316,48.978422]],[[2.480316,48.978422],[2.480329,48.978421]],[[2.480329,48.978421],[2.480343,48.97842]],[[2.480343,48.97842],[2.480356,48.978419]],[[2.480356,48.978419],[2.48037,48.978418]],[[2.48037,48.978418],[2.480383,48.978417]],[[2.480383,48.978417],[2.480397,48.978416]],[[2.480397,48.978416],[2.480411,48.978415]],[[2.480411,48.978415],[2.480424,48.978414]],[[2.480424,48.978414],[2.480438,48.978413]],[[2.480438,48.978413],[2.480451,48.978413]],[[2.480451,48.978413],[2.480465,48.978412]],[[2.480465,48.978412],[2.480478,48.978411]],[[2.480478,48.978411],[2.480492,48.97841]],[[2.480492,48.97841],[2.480506,48.978409]],[[2.480506,48.978409],[2.480519,48.978408]],[[2.480519,48.978408],[2.480533,48.978407]],[[2.480533,48.978407],[2.480546,48.978406]],[[2.480546,48.978406],[2.48056,48.978405]],[[2.48056,48.978405],[2.480574,48.978404]],[[2.480574,48.978404],[2.480587,48.978403]],[[2.480587,48.978403],[2.480601,48.978402]],[[2.480601,48.978402],[2.480614,48.978401]],[[2.480614,48.978401],[2.480628,48.9784]],[[2.480628,48.9784],[2.480641,48.978399]],[[2.480641,48.978399],[2.480655,48.978398]],[[2.480655,48.978398],[2.480669,48.978397]],[[2.480669,48.978397],[2.480682,48.978396]],[[2.480682,48.978396],[2.480696,48.978395]],[[2.480696,48.978395],[2.480709,48.978394]],[[2.480709,48.978394],[2.480723,48.978393]],[[2.480723,48.978393],[2.480737,48.978392]],[[2.480737,48.978392],[2.48075,48.978391]],[[2.48075,48.978391],[2.480764,48.97839]],[[2.480764,48.97839],[2.480777,48.978389]],[[2.480777,48.978389],[2.480791,48.978388]],[[2.480791,48.978388],[2.480804,48.978387]],[[2.480804,48.978387],[2.480818,48.978386]],[[2.480818,48.978386],[2.480832,48.978385]],[[2.480832,48.978385],[2.480845,48.978384]],[[2.480845,48.978384],[2.480859,48.978383]],[[2.480859,48.978383],[2.480872,48.978383]],[[2.480872,48.978383],[2.480886,48.978382]],[[2.480886,48.978382],[2.4809,48.978381]],[[2.4809,48.978381],[2.480913,48.97838]],[[2.480913,48.97838],[2.480927,48.978379]],[[2.480927,48.978379],[2.48094,48.978378]],[[2.48094,48.978378],[2.480954,48.978377]],[[2.480954,48.978377],[2.480967,48.978376]],[[2.480967,48.978376],[2.480981,48.978375]],[[2.480981,48.978375],[2.480995,48.978374]],[[2.480995,48.978374],[2.481008,48.978373]],[[2.481008,48.978373],[2.481022,48.978372]],[[2.481022,48.978372],[2.481035,48.978371]],[[2.481035,48.978371],[2.481049,48.97837]],[[2.481049,48.97837],[2.481062,48.978369]],[[2.481062,48.978369],[2.481076,48.978368]],[[2.481076,48.978368],[2.48109,48.978367]],[[2.48109,48.978367],[2.481103,48.978366]],[[2.481103,48.978366],[2.481117,48.978365]],[[2.481117,48.978365],[2.48113,48.978364]],[[2.48113,48.978364],[2.481144,48.978363]],[[2.481144,48.978363],[2.481158,48.978362]],[[2.481158,48.978362],[2.481171,48.978361]],[[2.481171,48.978361],[2.481185,48.97836]],[[2.481185,48.97836],[2.481198,48.978359]],[[2.481198,48.978359],[2.481212,48.978358]],[[2.481212,48.978358],[2.481225,48.978357]],[[2.481225,48.978357],[2.481239,48.978356]],[[2.481239,48.978356],[2.481253,48.978355]],[[2.481253,48.978355],[2.481266,48.978354]],[[2.481266,48.978354],[2.48128,48.978353]],[[2.48128,48.978353],[2.481293,48.978352]],[[2.481293,48.978352],[2.481307,48.978352]],[[2.481307,48.978352],[2.481321,48.978351]],[[2.481321,48.978351],[2.481334,48.97835]],[[2.481334,48.97835],[2.481348,48.978349]],[[2.481348,48.978349],[2.481361,48.978348]],[[2.481361,48.978348],[2.481375,48.978347]],[[2.481375,48.978347],[2.481388,48.978346]],[[2.481388,48.978346],[2.481402,48.978345]],[[2.481402,48.978345],[2.481416,48.978344]],[[2.481416,48.978344],[2.481429,48.978343]],[[2.481429,48.978343],[2.481443,48.978342]],[[2.481443,48.978342],[2.481456,48.978341]],[[2.481456,48.978341],[2.48147,48.97834]],[[2.48147,48.97834],[2.481483,48.978339]],[[2.481483,48.978339],[2.481497,48.978338]],[[2.481497,48.978338],[2.481511,48.978337]],[[2.481511,48.978337],[2.481524,48.978336]],[[2.481524,48.978336],[2.481538,48.978335]],[[2.481538,48.978335],[2.481551,48.978334]],[[2.481551,48.978334],[2.481565,48.978333]],[[2.481565,48.978333],[2.481579,48.978332]],[[2.481579,48.978332],[2.481592,48.978331]],[[2.481592,48.978331],[2.481606,48.97833]],[[2.481606,48.97833],[2.481619,48.978329]],[[2.481619,48.978329],[2.481633,48.978328]],[[2.481633,48.978328],[2.481646,48.978327]],[[2.481646,48.978327],[2.48166,48.978326]],[[2.48166,48.978326],[2.481674,48.978325]],[[2.481674,48.978325],[2.481687,48.978324]],[[2.481687,48.978324],[2.481701,48.978323]],[[2.481701,48.978323],[2.481714,48.978322]],[[2.481714,48.978322],[2.481728,48.978321]],[[2.481728,48.978321],[2.481742,48.978321]],[[2.481742,48.978321],[2.481755,48.97832]],[[2.481755,48.97832],[2.481769,48.978319]],[[2.481769,48.978319],[2.481782,48.978318]],[[2.481782,48.978318],[2.481796,48.978317]],[[2.481796,48.978317],[2.481809,48.978316]],[[2.481809,48.978316],[2.481823,48.978315]],[[2.481823,48.978315],[2.481837,48.978314]],[[2.481837,48.978314],[2.48185,48.978313]],[[2.48185,48.978313],[2.481864,48.978312]],[[2.481864,48.978312],[2.481877,48.978311]],[[2.481877,48.978311],[2.481891,48.97831]],[[2.481891,48.97831],[2.481905,48.978309]],[[2.481905,48.978309],[2.481918,48.978308]],[[2.481918,48.978308],[2.481932,48.978307]],[[2.481932,48.978307],[2.481945,48.978306]],[[2.481945,48.978306],[2.481959,48.978305]],[[2.481959,48.978305],[2.481972,48.978304]],[[2.481972,48.978304],[2.481986,48.978303]],[[2.481986,48.978303],[2.482,48.978302]],[[2.482,48.978302],[2.482013,48.978301]],[[2.482013,48.978301],[2.482027,48.9783]],[[2.482027,48.9783],[2.48204,48.978299]],[[2.48204,48.978299],[2.482054,48.978298]],[[2.482054,48.978298],[2.482067,48.978297]],[[2.482067,48.978297],[2.482081,48.978296]],[[2.482081,48.978296],[2.482095,48.978295]],[[2.482095,48.978295],[2.482108,48.978294]],[[2.482108,48.978294],[2.482122,48.978293]],[[2.482122,48.978293],[2.482135,48.978292]],[[2.482135,48.978292],[2.482149,48.978291]],[[2.482149,48.978291],[2.482163,48.978291]],[[2.482163,48.978291],[2.482176,48.97829]],[[2.482176,48.97829],[2.48219,48.978289]],[[2.48219,48.978289],[2.482203,48.978288]],[[2.482203,48.978288],[2.482217,48.978287]],[[2.482217,48.978287],[2.48223,48.978286]],[[2.48223,48.978286],[2.482244,48.978285]],[[2.482244,48.978285],[2.482258,48.978284]],[[2.482258,48.978284],[2.482271,48.978283]],[[2.482271,48.978283],[2.482285,48.978282]],[[2.482285,48.978282],[2.482298,48.978281]],[[2.482298,48.978281],[2.482312,48.97828]],[[2.482312,48.97828],[2.482326,48.978279]],[[2.482326,48.978279],[2.482339,48.978278]],[[2.482339,48.978278],[2.482353,48.978277]],[[2.482353,48.978277],[2.482366,48.978276]],[[2.482366,48.978276],[2.48238,48.978275]],[[2.48238,48.978275],[2.482393,48.978274]],[[2.482393,48.978274],[2.482407,48.978273]],[[2.482407,48.978273],[2.482421,48.978272]],[[2.482421,48.978272],[2.482434,48.978271]],[[2.482434,48.978271],[2.482448,48.97827]],[[2.482448,48.97827],[2.482461,48.978269]],[[2.482461,48.978269],[2.482475,48.978268]],[[2.482475,48.978268],[2.482489,48.978267]],[[2.482489,48.978267],[2.482502,48.978266]],[[2.482502,48.978266],[2.482516,48.978265]],[[2.482516,48.978265],[2.482529,48.978264]],[[2.482529,48.978264],[2.482543,48.978263]],[[2.482543,48.978263],[2.482556,48.978262]],[[2.482556,48.978262],[2.48257,48.978261]],[[2.48257,48.978261],[2.482584,48.97826]],[[2.482584,48.97826],[2.482597,48.97826]],[[2.482597,48.97826],[2.482611,48.978259]],[[2.482611,48.978259],[2.482624,48.978258]],[[2.482624,48.978258],[2.482638,48.978257]],[[2.482638,48.978257],[2.482651,48.978256]],[[2.482651,48.978256],[2.482665,48.978255]],[[2.482665,48.978255],[2.482679,48.978254]],[[2.482679,48.978254],[2.482692,48.978253]],[[2.482692,48.978253],[2.482706,48.978252]],[[2.482706,48.978252],[2.482719,48.978251]],[[2.482719,48.978251],[2.482733,48.97825]],[[2.482733,48.97825],[2.482747,48.978249]],[[2.482747,48.978249],[2.48276,48.978248]],[[2.48276,48.978248],[2.482774,48.978247]],[[2.482774,48.978247],[2.482787,48.978246]],[[2.482787,48.978246],[2.482801,48.978245]],[[2.482801,48.978245],[2.482814,48.978244]],[[2.482814,48.978244],[2.482828,48.978243]],[[2.482828,48.978243],[2.482842,48.978242]],[[2.482842,48.978242],[2.482855,48.978241]],[[2.482855,48.978241],[2.482869,48.97824]],[[2.482869,48.97824],[2.482882,48.978239]],[[2.482882,48.978239],[2.482896,48.978238]],[[2.482896,48.978238],[2.48291,48.978237]],[[2.48291,48.978237],[2.482923,48.978236]],[[2.482923,48.978236],[2.482937,48.978235]],[[2.482937,48.978235],[2.48295,48.978234]],[[2.48295,48.978234],[2.482964,48.978233]],[[2.482964,48.978233],[2.482977,48.978232]],[[2.482977,48.978232],[2.482991,48.978231]],[[2.482991,48.978231],[2.483005,48.97823]],[[2.483005,48.97823],[2.483018,48.978229]],[[2.483018,48.978229],[2.483032,48.978229]],[[2.483032,48.978229],[2.483045,48.978228]],[[2.483045,48.978228],[2.483059,48.978227]],[[2.483059,48.978227],[2.483073,48.978226]],[[2.483073,48.978226],[2.483086,48.978225]],[[2.483086,48.978225],[2.4831,48.978224]],[[2.4831,48.978224],[2.483113,48.978223]],[[2.483113,48.978223],[2.483127,48.978222]],[[2.483127,48.978222],[2.48314,48.978221]],[[2.48314,48.978221],[2.483154,48.97822]],[[2.483154,48.97822],[2.483168,48.978219]],[[2.483168,48.978219],[2.483181,48.978218]],[[2.483181,48.978218],[2.483195,48.978217]],[[2.483195,48.978217],[2.483208,48.978216]],[[2.483208,48.978216],[2.483222,48.978215]],[[2.483222,48.978215],[2.483235,48.978214]],[[2.483235,48.978214],[2.483249,48.978213]],[[2.483249,48.978213],[2.483263,48.978212]],[[2.483263,48.978212],[2.483276,48.978211]],[[2.483276,48.978211],[2.48329,48.97821]],[[2.48329,48.97821],[2.483303,48.978209]],[[2.483303,48.978209],[2.483317,48.978208]],[[2.483317,48.978208],[2.483331,48.978207]],[[2.483331,48.978207],[2.483344,48.978206]],[[2.483344,48.978206],[2.483358,48.978205]],[[2.483358,48.978205],[2.483371,48.978204]],[[2.483371,48.978204],[2.483385,48.978203]],[[2.483385,48.978203],[2.483398,48.978202]],[[2.483398,48.978202],[2.483412,48.978201]],[[2.483412,48.978201],[2.483426,48.9782]],[[2.483426,48.9782],[2.483439,48.978199]],[[2.483439,48.978199],[2.483453,48.978198]],[[2.483453,48.978198],[2.483466,48.978197]],[[2.483466,48.978197],[2.48348,48.978196]],[[2.48348,48.978196],[2.483493,48.978195]],[[2.483493,48.978195],[2.483507,48.978194]],[[2.483507,48.978194],[2.48352,48.978192]],[[2.48352,48.978192],[2.483534,48.978191]],[[2.483534,48.978191],[2.483548,48.97819]],[[2.483548,48.97819],[2.483561,48.978189]],[[2.483561,48.978189],[2.483575,48.978188]],[[2.483575,48.978188],[2.483588,48.978187]],[[2.483588,48.978187],[2.483602,48.978186]],[[2.483602,48.978186],[2.483615,48.978185]],[[2.483615,48.978185],[2.483629,48.978184]],[[2.483629,48.978184],[2.483643,48.978183]],[[2.483643,48.978183],[2.483656,48.978182]],[[2.483656,48.978182],[2.48367,48.97818]],[[2.48367,48.97818],[2.483683,48.978179]],[[2.483683,48.978179],[2.483697,48.978178]],[[2.483697,48.978178],[2.48371,48.978177]],[[2.48371,48.978177],[2.483724,48.978176]],[[2.483724,48.978176],[2.483737,48.978175]],[[2.483737,48.978175],[2.483751,48.978174]],[[2.483751,48.978174],[2.483764,48.978172]],[[2.483764,48.978172],[2.483778,48.978171]],[[2.483778,48.978171],[2.483792,48.97817]],[[2.483792,48.97817],[2.483805,48.978169]],[[2.483805,48.978169],[2.483819,48.978168]],[[2.483819,48.978168],[2.483832,48.978166]],[[2.483832,48.978166],[2.483846,48.978165]],[[2.483846,48.978165],[2.483859,48.978164]],[[2.483859,48.978164],[2.483873,48.978163]],[[2.483873,48.978163],[2.483886,48.978161]],[[2.483886,48.978161],[2.4839,48.97816]],[[2.4839,48.97816],[2.483913,48.978159]],[[2.483913,48.978159],[2.483927,48.978158]],[[2.483927,48.978158],[2.48394,48.978156]],[[2.48394,48.978156],[2.483954,48.978155]],[[2.483954,48.978155],[2.483967,48.978154]],[[2.483967,48.978154],[2.483981,48.978153]],[[2.483981,48.978153],[2.483994,48.978151]],[[2.483994,48.978151],[2.484008,48.97815]],[[2.484008,48.97815],[2.484021,48.978149]],[[2.484021,48.978149],[2.484035,48.978147]],[[2.484035,48.978147],[2.484049,48.978146]],[[2.484049,48.978146],[2.484062,48.978144]],[[2.484062,48.978144],[2.484076,48.978143]],[[2.484076,48.978143],[2.484089,48.978142]],[[2.484089,48.978142],[2.484102,48.97814]],[[2.484102,48.97814],[2.484116,48.978139]],[[2.484116,48.978139],[2.484129,48.978137]],[[2.484129,48.978137],[2.484143,48.978136]],[[2.484143,48.978136],[2.484156,48.978135]],[[2.484156,48.978135],[2.48417,48.978133]],[[2.48417,48.978133],[2.484183,48.978132]],[[2.484183,48.978132],[2.484197,48.97813]],[[2.484197,48.97813],[2.48421,48.978129]],[[2.48421,48.978129],[2.484224,48.978127]],[[2.484224,48.978127],[2.484237,48.978126]],[[2.484237,48.978126],[2.484251,48.978124]],[[2.484251,48.978124],[2.484264,48.978123]],[[2.484264,48.978123],[2.484278,48.978121]],[[2.484278,48.978121],[2.484291,48.97812]],[[2.484291,48.97812],[2.484305,48.978118]],[[2.484305,48.978118],[2.484318,48.978116]],[[2.484318,48.978116],[2.484331,48.978115]],[[2.484331,48.978115],[2.484345,48.978113]],[[2.484345,48.978113],[2.484358,48.978112]],[[2.484358,48.978112],[2.484372,48.97811]],[[2.484372,48.97811],[2.484385,48.978108]],[[2.484385,48.978108],[2.484399,48.978107]],[[2.484399,48.978107],[2.484412,48.978105]],[[2.484412,48.978105],[2.484425,48.978103]],[[2.484425,48.978103],[2.484439,48.978101]],[[2.484439,48.978101],[2.484452,48.9781]],[[2.484452,48.9781],[2.484466,48.978098]],[[2.484466,48.978098],[2.484479,48.978096]],[[2.484479,48.978096],[2.484492,48.978095]],[[2.484492,48.978095],[2.484506,48.978093]],[[2.484506,48.978093],[2.484519,48.978091]],[[2.484519,48.978091],[2.484533,48.978089]],[[2.484533,48.978089],[2.484546,48.978087]],[[2.484546,48.978087],[2.484559,48.978085]],[[2.484559,48.978085],[2.484573,48.978083]],[[2.484573,48.978083],[2.484586,48.978081]],[[2.484586,48.978081],[2.484599,48.978079]],[[2.484599,48.978079],[2.484613,48.978078]],[[2.484613,48.978078],[2.484626,48.978076]],[[2.484626,48.978076],[2.484639,48.978074]],[[2.484639,48.978074],[2.484653,48.978072]],[[2.484653,48.978072],[2.484666,48.97807]],[[2.484666,48.97807],[2.484679,48.978068]],[[2.484679,48.978068],[2.484693,48.978066]],[[2.484693,48.978066],[2.484706,48.978064]],[[2.484706,48.978064],[2.484719,48.978062]],[[2.484719,48.978062],[2.484733,48.97806]],[[2.484733,48.97806],[2.484746,48.978058]],[[2.484746,48.978058],[2.484759,48.978056]],[[2.484759,48.978056],[2.484773,48.978054]],[[2.484773,48.978054],[2.484786,48.978052]],[[2.484786,48.978052],[2.484799,48.978049]],[[2.484799,48.978049],[2.484812,48.978047]],[[2.484812,48.978047],[2.484826,48.978045]],[[2.484826,48.978045],[2.484839,48.978043]],[[2.484839,48.978043],[2.484852,48.978041]],[[2.484852,48.978041],[2.484865,48.978039]],[[2.484865,48.978039],[2.484879,48.978037]],[[2.484879,48.978037],[2.484892,48.978035]],[[2.484892,48.978035],[2.484905,48.978032]]]}}]}