{"type":"FeatureCollection","features":[{"type":"Feature","properties":{"tsmid":"D060272000001","codeligne":"272000","categorie":"1","tampon":"300","ancients":"2006;2020","tmjatv":"328"},"geometry":{"type":"MultiLineString","coordinates":[[[2.52564,49.101061],[2.525996,49.104934]],[[2.525685,49.101062],[2.526025,49.10483]],[[2.526259,49.101013],[2.526391,49.102908],[2.526282,49.103849],[2.526034,49.104804],[2.526048,49.104938]],[[2.526341,49.101002],[2.526486,49.102293],[2.526511,49.102913],[2.526386,49.104853]]]}},{"type":"Feature","properties":{"tsmid":"D060272000001","codeligne":"VS","categorie":"1","tampon":"300","ancients":"2006;2020","tmjatv":"328"},"geometry":{"type":"MultiLineString","coordinates":[[[2.524856,49.095377],[2.524716,49.096559],[2.524906,49.098616]],[[2.525201,49.097761],[2.525286,49.098678]],[[2.525424,49.098808],[2.525303,49.098186],[2.525334,49.098619]],[[2.525476,49.096535],[2.525785,49.099909],[2.525791,49.09921],[2.525619,49.097345],[2.525476,49.096535]],[[2.525499,49.096383],[2.525831,49.097331],[2.526004,49.099196],[2.525995,49.099739],[2.525897,49.100477]],[[2.525846,49.100446],[2.52594,49.099739],[2.525931,49.099199],[2.525767,49.097336],[2.525628,49.096857],[2.525881,49.099443],[2.525796,49.100442]],[[2.525785,49.099909],[2.525723,49.100178]],[[2.525724,49.100216],[2.525736,49.100817]]]}},{"type":"Feature","properties":{"tsmid":"D060325000002","codeligne":"325000","categorie":"7","tampon":"0","ancients":"D060","tmjatv":"50"},"geometry":{"type":"MultiLineString","coordinates":[[[2.216281,49.18592],[2.218957,49.184204],[2.220108,49.183243],[2.22049,49.182859],[2.221082,49.182146],[2.222769,49.179669],[2.22357,49.178687],[2.22422,49.178053],[2.229898,49.173113],[2.231204,49.171902],[2.232315,49.170672],[2.236057,49.165939],[2.236816,49.165221],[2.237868,49.164556],[2.238855,49.164102],[2.243267,49.162372],[2.245987,49.161326],[2.247162,49.160962],[2.248396,49.160751],[2.249721,49.160701],[2.251095,49.160808],[2.256068,49.161345],[2.257319,49.16133],[2.258312,49.161213],[2.258994,49.161068],[2.259894,49.160802],[2.267327,49.158256],[2.27013,49.157398],[2.268867,49.157723],[2.267427,49.158186],[2.25987,49.160773],[2.258955,49.161042],[2.258299,49.161181],[2.257347,49.161295],[2.256073,49.161312],[2.251082,49.160773],[2.249681,49.160667],[2.24839,49.160718],[2.247177,49.160924],[2.246046,49.161267],[2.243395,49.162284],[2.238829,49.164073],[2.23784,49.164528],[2.236778,49.165199],[2.236012,49.165923],[2.232275,49.170651],[2.231144,49.171901],[2.229853,49.173097],[2.22418,49.178032],[2.22351,49.178687],[2.222721,49.179658],[2.221036,49.182131],[2.220447,49.182842],[2.220063,49.183227],[2.218883,49.184207],[2.216225,49.185909]],[[2.271046,49.157258],[2.269405,49.157607]],[[2.270945,49.157243],[2.27013,49.157398]]]}},{"type":"Feature","properties":{"tsmid":"D060325000002","codeligne":"VS","categorie":"7","tampon":"0","ancients":"D060","tmjatv":"50"},"geometry":{"type":"MultiLineString","coordinates":[[[2.262057,49.160061],[2.261236,49.160388]],[[2.26891,49.157748],[2.26795,49.15811]]]}},{"type":"Feature","properties":{"tsmid":"D060329000001","codeligne":"329000","categorie":"4","tampon":"30","ancients":"2205;2206","tmjatv":"38"},"geometry":{"type":"MultiLineString","coordinates":[[[2.350425,49.157334],[2.352517,49.157985],[2.353881,49.158555],[2.354973,49.159083],[2.356045,49.159699],[2.357016,49.160344],[2.357846,49.160997],[2.358625,49.161695],[2.359281,49.16238],[2.36021,49.163607],[2.364644,49.170225],[2.36525,49.171247],[2.36581,49.172363],[2.366265,49.17358],[2.36662,49.174926],[2.366803,49.176093],[2.366877,49.177741],[2.365431,49.194193],[2.365469,49.195182],[2.365623,49.196004],[2.365805,49.19659],[2.36633,49.197738],[2.367158,49.198912],[2.368218,49.199952],[2.36943,49.200866],[2.370784,49.201653],[2.372535,49.202403],[2.373233,49.202642],[2.37462,49.203008],[2.376483,49.203346],[2.395923,49.206075],[2.397246,49.206329],[2.398774,49.206717],[2.399981,49.207104],[2.401755,49.207776],[2.422315,49.215875],[2.423531,49.216507],[2.425064,49.217494],[2.425903,49.218165],[2.427024,49.219276],[2.427819,49.2203],[2.43258,49.227365],[2.434012,49.229228],[2.434845,49.230137]],[[2.350483,49.157386],[2.352487,49.158012],[2.353856,49.158584],[2.354942,49.159109],[2.356015,49.159726],[2.356978,49.160366],[2.357803,49.161015],[2.358583,49.161714],[2.359243,49.162404],[2.360191,49.163661],[2.364597,49.170238],[2.365198,49.17125],[2.365764,49.172379],[2.366208,49.173562],[2.366569,49.174928],[2.366752,49.176093],[2.366826,49.177756],[2.365379,49.194207],[2.36542,49.195204],[2.365573,49.196009],[2.365735,49.196536],[2.366281,49.197748],[2.367111,49.198926],[2.368152,49.19995],[2.368603,49.200331],[2.36939,49.200887],[2.370716,49.201662],[2.37251,49.202432],[2.373228,49.202677],[2.37456,49.20303],[2.376532,49.203387],[2.395941,49.206112],[2.397208,49.206356],[2.398844,49.206774],[2.399975,49.20714],[2.401686,49.207788],[2.422286,49.215902],[2.423498,49.216532],[2.42502,49.217512],[2.425853,49.218176],[2.426969,49.21928],[2.427755,49.220288],[2.43251,49.227346],[2.433965,49.229241],[2.434863,49.230219]],[[2.429746,49.223575],[2.430888,49.225884],[2.431152,49.226573],[2.434217,49.230824]],[[2.434897,49.230256],[2.434896,49.230256]]]}},{"type":"Feature","properties":{"tsmid":"D060329000001","codeligne":"VS","categorie":"4","tampon":"30","ancients":"2205;2206","tmjatv":"38"},"geometry":{"type":"MultiLineString","coordinates":[[[2.428629,49.221188],[2.429418,49.222473],[2.432998,49.22775],[2.43357,49.228395],[2.432773,49.227322],[2.42896,49.22169]],[[2.429067,49.221833],[2.429552,49.222442],[2.432833,49.227302],[2.433391,49.227985]],[[2.429179,49.222608],[2.429746,49.223575],[2.430702,49.225043],[2.431004,49.225679],[2.431165,49.226417],[2.431267,49.226634],[2.435457,49.232414],[2.435859,49.232808],[2.435514,49.232397],[2.43145,49.226783],[2.431269,49.226507],[2.431117,49.226102]],[[2.430538,49.22476],[2.43113,49.225637],[2.43145,49.226371],[2.431761,49.2269],[2.435051,49.231465],[2.435702,49.232346],[2.435933,49.232565],[2.432099,49.22728],[2.431315,49.226032]],[[2.430943,49.225545],[2.431422,49.226488],[2.431688,49.226914],[2.435785,49.232591],[2.435581,49.232382],[2.431521,49.226771],[2.431279,49.22635],[2.431049,49.225811]],[[2.431049,49.225508],[2.432233,49.227254],[2.436124,49.232653]],[[2.431204,49.225772],[2.432168,49.227266],[2.436105,49.232733]],[[2.433131,49.227707],[2.433561,49.228271],[2.433732,49.228549],[2.43357,49.228395],[2.433924,49.228847],[2.433732,49.228549],[2.434005,49.22883],[2.433561,49.228271]],[[2.433924,49.228847],[2.434542,49.229566],[2.435023,49.230328]],[[2.434005,49.22883],[2.434514,49.229177],[2.435633,49.229652]],[[2.434345,49.229314],[2.435058,49.230123]]]}},{"type":"Feature","properties":{"tsmid":"D060330000001","codeligne":"330000","categorie":"3","tampon":"100","ancients":"3603","tmjatv":"26"},"geometry":{"type":"MultiLineString","coordinates":[[[1.931696,49.175021],[1.930791,49.177641],[1.930331,49.17875],[1.929726,49.179756],[1.928991,49.18066],[1.928131,49.181472],[1.927435,49.182004],[1.926205,49.182786],[1.923157,49.184529],[1.922084,49.185327],[1.921509,49.185871],[1.920897,49.1866],[1.92039,49.187429],[1.920159,49.187965],[1.918682,49.193069],[1.918565,49.193984],[1.918565,49.194712],[1.918751,49.195775],[1.920997,49.20406],[1.921027,49.204876],[1.920963,49.205393],[1.920788,49.206034],[1.920453,49.206756],[1.919953,49.207512],[1.919526,49.208007],[1.918951,49.208544],[1.918107,49.20916],[1.917464,49.209526],[1.912398,49.212034],[1.911481,49.212554],[1.910719,49.213054],[1.90976,49.213794],[1.908938,49.214547],[1.908184,49.215393],[1.907465,49.216413],[1.90712,49.217016],[1.906134,49.219153],[1.901327,49.229887],[1.900903,49.23101],[1.900591,49.232334],[1.900505,49.233168],[1.900337,49.24014],[1.900217,49.240747],[1.899899,49.241493],[1.899511,49.242076],[1.899162,49.242476],[1.898701,49.242913],[1.898247,49.243257],[1.897754,49.243584],[1.897005,49.243981],[1.894658,49.24497],[1.893797,49.245425],[1.892931,49.246074],[1.892181,49.246879],[1.892006,49.247103],[1.891615,49.247841],[1.891326,49.248792],[1.891274,49.249431],[1.891407,49.250917],[1.891405,49.251324],[1.891251,49.252227],[1.890987,49.252915],[1.890528,49.253705],[1.890141,49.254189],[1.886643,49.258184],[1.886135,49.258697],[1.885653,49.259099],[1.884412,49.259837],[1.88352,49.260208],[1.882111,49.260618],[1.881093,49.26079],[1.879893,49.260881],[1.876832,49.260955],[1.871327,49.261289],[1.868217,49.261797],[1.867009,49.261919],[1.866117,49.261943],[1.862441,49.261821],[1.85635,49.262155],[1.854872,49.262354],[1.853478,49.262707],[1.85229,49.263192],[1.851561,49.263588],[1.850785,49.264146],[1.849871,49.265089],[1.849363,49.265969],[1.849165,49.266483],[1.848576,49.269533],[1.848255,49.270397],[1.847824,49.271077],[1.84746,49.2715],[1.846814,49.272093],[1.84593,49.272695],[1.845292,49.273033],[1.844395,49.273404],[1.843196,49.273762],[1.842405,49.273913],[1.841047,49.274045],[1.836254,49.274127],[1.834714,49.27425],[1.833466,49.274429],[1.832206,49.274682],[1.829461,49.275462],[1.828593,49.275786],[1.827735,49.27618],[1.826727,49.276672],[1.826113,49.277038],[1.821344,49.280434],[1.817641,49.282945],[1.816901,49.283343],[1.816014,49.283736],[1.815194,49.284029],[1.814005,49.284362],[1.812632,49.284618],[1.811699,49.284719],[1.810509,49.284774],[1.808775,49.284703],[1.807264,49.284487],[1.806292,49.284274],[1.805341,49.283987],[1.797973,49.281351],[1.796885,49.281076],[1.795523,49.280877],[1.794151,49.280849],[1.793435,49.280899],[1.792602,49.280995],[1.791472,49.281224],[1.789955,49.281733],[1.789183,49.282108],[1.78843,49.282594]],[[1.931743,49.175041],[1.930843,49.177645],[1.930387,49.178747],[1.929772,49.179772],[1.929034,49.180679],[1.92788,49.181736],[1.927023,49.182335],[1.923685,49.184258],[1.922865,49.184777],[1.922126,49.185344],[1.921555,49.185883],[1.920944,49.186615],[1.920462,49.187398],[1.920216,49.187969],[1.918736,49.193065],[1.918618,49.193978],[1.918617,49.194706],[1.9188,49.19576],[1.921045,49.204063],[1.921086,49.204601],[1.921014,49.2054],[1.920839,49.206041],[1.920451,49.206861],[1.920001,49.207526],[1.919576,49.208019],[1.918992,49.208565],[1.918142,49.209185],[1.9175,49.209551],[1.912421,49.212066],[1.910839,49.213019],[1.909811,49.213807],[1.908995,49.214552],[1.908227,49.215413],[1.90753,49.2164],[1.907167,49.217025],[1.905874,49.219854],[1.901377,49.229897],[1.900963,49.230987],[1.900714,49.231938],[1.90055,49.23321],[1.900413,49.240146],[1.900275,49.240754],[1.899949,49.241503],[1.899651,49.241967],[1.899217,49.242483],[1.898742,49.242934],[1.89828,49.243284],[1.897788,49.24361],[1.89704,49.244007],[1.895117,49.244805],[1.893833,49.245449],[1.893337,49.245786],[1.892919,49.246143],[1.892219,49.246905],[1.891982,49.247239],[1.891669,49.247843],[1.891378,49.248796],[1.891326,49.249423],[1.891459,49.250913],[1.891457,49.251326],[1.891306,49.252219],[1.891037,49.252925],[1.890573,49.253723],[1.890197,49.254193],[1.886688,49.258201],[1.886179,49.258715],[1.885687,49.259125],[1.884435,49.259869],[1.88358,49.260225],[1.882141,49.260647],[1.881101,49.260824],[1.879918,49.260914],[1.876816,49.26099],[1.871332,49.261323],[1.868242,49.261829],[1.867034,49.261952],[1.866137,49.261978],[1.862453,49.261855],[1.856342,49.26219],[1.854897,49.262385],[1.853503,49.262737],[1.85232,49.26322],[1.851597,49.263613],[1.850859,49.264138],[1.849917,49.265105],[1.849413,49.265979],[1.849215,49.266493],[1.848627,49.26954],[1.848304,49.270409],[1.847863,49.271103],[1.84751,49.271513],[1.846847,49.272121],[1.845977,49.272714],[1.845328,49.273064],[1.844336,49.273463],[1.84322,49.273793],[1.842378,49.273953],[1.841033,49.27408],[1.836295,49.27416],[1.834687,49.274288],[1.83348,49.274462],[1.832194,49.274721],[1.829475,49.275496],[1.828627,49.275812],[1.827371,49.276394],[1.826081,49.277106],[1.82141,49.280438],[1.81766,49.28298],[1.816927,49.283373],[1.816062,49.283757],[1.815232,49.284055],[1.814023,49.284394],[1.81262,49.284654],[1.811718,49.284752],[1.81051,49.284808],[1.808793,49.284739],[1.80725,49.28452],[1.806286,49.284309],[1.805325,49.28402],[1.797934,49.281377],[1.79681,49.281097],[1.795517,49.280911],[1.794153,49.280883],[1.793488,49.280929],[1.792621,49.281023],[1.791488,49.281253],[1.789989,49.281754],[1.789209,49.282137],[1.788478,49.282612]]]}},{"type":"Feature","properties":{"tsmid":"D060330000001","codeligne":"VS","categorie":"3","tampon":"100","ancients":"3603","tmjatv":"26"},"geometry":{"type":"MultiLineString","coordinates":[[[1.93616,49.166755],[1.93555,49.168727],[1.935312,49.169182],[1.934708,49.169956],[1.933197,49.171494],[1.932821,49.172018],[1.932552,49.172515],[1.931992,49.174054],[1.931804,49.174397]]]}},{"type":"Feature","properties":{"tsmid":"D077226000001","codeligne":"226000","categorie":"2","tampon":"250","ancients":"2400;2401.1","tmjatv":"135"},"geometry":{"type":"MultiLineString","coordinates":[[[2.571118,49.060375],[2.575285,49.062223],[2.57821,49.063585],[2.595434,49.07196],[2.599118,49.07358],[2.602897,49.075086],[2.604685,49.075731],[2.607849,49.07678],[2.610645,49.077606],[2.633825,49.084035]],[[2.571155,49.060346],[2.577132,49.063027],[2.595457,49.07193],[2.599164,49.07356],[2.602908,49.075052],[2.604696,49.075697],[2.607835,49.076738],[2.610663,49.077575],[2.630192,49.082996]],[[2.63383,49.083994],[2.630205,49.083],[2.633807,49.08403]]]}},{"type":"Feature","properties":{"tsmid":"D077226310001","codeligne":"226310","categorie":"3","tampon":"100","ancients":"2430;2998.1","tmjatv":"51"},"geometry":{"type":"MultiLineString","coordinates":[[[2.584238,49.066715],[2.579397,49.064817],[2.576945,49.063686],[2.575372,49.06282],[2.573548,49.061654],[2.57187,49.060366],[2.571324,49.059893]],[[2.584213,49.066451],[2.578042,49.063346],[2.576525,49.062534],[2.574444,49.061246],[2.573467,49.060554],[2.572173,49.05953]]]}},{"type":"Feature","properties":{"tsmid":"D077226310002","codeligne":"226310","categorie":"3","tampon":"100","ancients":"2430;2998.1","tmjatv":"51"},"geometry":{"type":"MultiLineString","coordinates":[[[2.567306,49.032552],[2.568122,49.026028],[2.569139,49.019869],[2.56973,49.015152]],[[2.567357,49.032547],[2.568171,49.026039],[2.569193,49.019846],[2.569985,49.013492],[2.570075,49.012708],[2.569734,49.015125],[2.570083,49.012203],[2.570446,49.009437],[2.570076,49.012703]],[[2.570183,49.011877],[2.571745,48.999335],[2.571578,49.001151],[2.570877,49.006828],[2.570603,49.008503]],[[2.570446,49.009432],[2.570598,49.007661],[2.570595,49.006029],[2.570725,49.004809],[2.571098,49.00197],[2.571538,49.00017],[2.571292,49.001715],[2.570598,49.007657]],[[2.570551,49.008505],[2.571688,48.999322],[2.571538,49.00017]],[[2.570763,49.007663],[2.571143,49.006055],[2.571604,49.002489],[2.571659,49.00179],[2.571675,49.000175]],[[2.571689,48.999311],[2.571741,48.998976]],[[2.571749,48.99931],[2.571995,48.997538],[2.571744,48.998958],[2.571936,48.997525]],[[2.571995,48.997537],[2.571996,48.997528]]]}},{"type":"Feature","properties":{"tsmid":"D078334000001","codeligne":"334000","categorie":"1","tampon":"300","ancients":"3256.1;3257","tmjatv":"240"},"geometry":{"type":"MultiLineString","coordinates":[[[2.121962,48.998728],[2.117003,48.999541],[2.114927,48.999725],[2.113239,48.999774],[2.111224,48.999714],[2.109246,48.999521],[2.106916,48.999123],[2.104913,48.998623]],[[2.105059,48.998711],[2.10544,48.99881],[2.10505,48.998702]],[[2.105453,48.998814],[2.105453,48.998814]],[[2.12205,48.998748],[2.117052,48.999569],[2.115185,48.999742],[2.11332,48.999808],[2.111219,48.999747],[2.109281,48.99956],[2.107566,48.999291],[2.105466,48.998817]]]}},{"type":"Feature","properties":{"tsmid":"D078334000001","codeligne":"VS","categorie":"1","tampon":"300","ancients":"3256.1;3257","tmjatv":"240"},"geometry":{"type":"MultiLineString","coordinates":[[[2.105159,48.998638],[2.099842,48.997152],[2.099016,48.996961]],[[2.103111,48.998263],[2.100161,48.997635]],[[2.103709,48.998467],[2.102328,48.99812]],[[2.10436,48.998579],[2.103248,48.998298]]]}},{"type":"Feature","properties":{"tsmid":"D078336000001","codeligne":"336000","categorie":"1","tampon":"300","ancients":"3532.0","tmjatv":"104"},"geometry":{"type":"MultiLineString","coordinates":[[[2.095015,48.995836],[2.094236,48.995645],[2.093165,48.995469],[2.092352,48.995458],[2.091529,48.995571],[2.09064,48.995846],[2.089904,48.996219],[2.089329,48.996682],[2.088939,48.997228],[2.088673,48.997994],[2.085543,49.01244],[2.085488,49.01287],[2.085537,49.013435],[2.085669,49.013838],[2.085926,49.014304]],[[2.095166,48.995915],[2.093887,48.995616],[2.093211,48.995507],[2.092475,48.995486],[2.091591,48.995595],[2.090791,48.995825],[2.089947,48.996238],[2.089361,48.996709],[2.088956,48.997307],[2.088728,48.997981],[2.085604,49.012384],[2.085543,49.012832],[2.085569,49.013335],[2.085735,49.013864],[2.085985,49.014309]]]}},{"type":"Feature","properties":{"tsmid":"D078336000001","codeligne":"VS","categorie":"1","tampon":"300","ancients":"3532.0","tmjatv":"104"},"geometry":{"type":"MultiLineString","coordinates":[[[2.095823,48.996158],[2.094784,48.995932]],[[2.096107,48.996459],[2.097067,48.996747],[2.096049,48.996315],[2.094831,48.995978]],[[2.096946,48.996652],[2.097668,48.996975],[2.099413,48.997485],[2.100161,48.997635],[2.097618,48.996914],[2.096946,48.996652],[2.096356,48.996348]],[[2.097393,48.996879],[2.097067,48.996747]]]}},{"type":"Feature","properties":{"tsmid":"D078338000001","codeligne":"338000","categorie":"3","tampon":"100","ancients":"3568;3569","tmjatv":"560"},"geometry":{"type":"MultiLineString","coordinates":[[[2.084662,49.014074],[2.085355,49.014454]],[[2.084691,49.014133],[2.085382,49.014514]]]}},{"type":"Feature","properties":{"tsmid":"D078338000002","codeligne":"338000","categorie":"3","tampon":"100","ancients":"3568;3569","tmjatv":"560"},"geometry":{"type":"MultiLineString","coordinates":[[[2.07322,49.000443],[2.073356,48.998622],[2.073151,49.00046],[2.073179,49.001188],[2.07322,49.000443],[2.073229,49.001054],[2.07331,49.001753]],[[2.07358,48.991848],[2.073311,48.993816],[2.073257,48.994573],[2.073451,48.997249],[2.073356,48.998622]],[[2.073179,49.001188],[2.073267,49.001806]],[[2.073673,48.991821],[2.073321,48.99416],[2.073331,48.995213],[2.07348,48.996611],[2.073507,48.997447],[2.073459,48.998291],[2.073318,48.999374]]]}},{"type":"Feature","properties":{"tsmid":"D078340000001","codeligne":"340000","categorie":"2","tampon":"250","ancients":"3005.0","tmjatv":"313"},"geometry":{"type":"MultiLineString","coordinates":[[[2.181104,48.922512],[2.185867,48.920135],[2.191453,48.917425],[2.185816,48.920045],[2.182556,48.921764],[2.181078,48.92248]],[[2.181363,48.922395],[2.181114,48.922521]],[[2.188186,48.91901],[2.190212,48.918083],[2.184516,48.920856],[2.181153,48.922547]],[[2.190223,48.918078],[2.200425,48.913102]],[[2.191464,48.91742],[2.191464,48.91742]],[[2.191497,48.917404],[2.191497,48.917404]],[[2.200394,48.913075],[2.191508,48.917399]]]}},{"type":"Feature","properties":{"tsmid":"D078990000001","codeligne":"990000","categorie":"2","tampon":"250","ancients":"3536.0","tmjatv":"993"},"geometry":{"type":"MultiLineString","coordinates":[[[2.164122,48.933104],[2.166409,48.932773],[2.167758,48.93267],[2.169023,48.93272],[2.170337,48.932948],[2.20567,48.943174]],[[2.164717,48.933234],[2.166027,48.932878],[2.167581,48.932707],[2.169016,48.932753],[2.17032,48.932979],[2.206149,48.943348]]]}},{"type":"Feature","properties":{"tsmid":"D078990000001","codeligne":"VS","categorie":"2","tampon":"250","ancients":"3536.0","tmjatv":"993"},"geometry":{"type":"MultiLineString","coordinates":[[[2.163343,48.933732],[2.160108,48.935825]],[[2.163583,48.933635],[2.162941,48.933993]]]}},{"type":"Feature","properties":{"tsmid":"D092334000001","codeligne":"334000","categorie":"1","tampon":"300","ancients":"3254;3255","tmjatv":"388"},"geometry":{"type":"MultiLineString","coordinates":[[[2.262219,48.93503],[2.262707,48.936302],[2.262882,48.937012],[2.26294,48.938072],[2.26279,48.939191],[2.262514,48.94008],[2.262079,48.940989],[2.26156,48.941781],[2.260471,48.943212]],[[2.26241,48.934955],[2.262992,48.936564],[2.26318,48.937392],[2.263216,48.938281],[2.263105,48.939015],[2.262798,48.939958],[2.262462,48.940614],[2.262067,48.941197],[2.260546,48.943189]]]}},{"type":"Feature","properties":{"tsmid":"D092334000001","codeligne":"334900","categorie":"1","tampon":"300","ancients":"3254;3255","tmjatv":"388"},"geometry":{"type":"MultiLineString","coordinates":[[[2.262234,48.934866],[2.262822,48.936409],[2.263003,48.937164],[2.263077,48.938116],[2.262937,48.939308],[2.262722,48.940287],[2.262472,48.940823],[2.260627,48.943277]],[[2.26228,48.934851],[2.262736,48.936003],[2.262998,48.936882],[2.263127,48.937804],[2.263089,48.938801],[2.262844,48.940051],[2.262638,48.940662],[2.26227,48.941236],[2.260687,48.943278]],[[2.26216,48.934881],[2.26218,48.934934]]]}},{"type":"Feature","properties":{"tsmid":"D092340000001","codeligne":"340000","categorie":"2","tampon":"250","ancients":"3005.0","tmjatv":"313"},"geometry":{"type":"MultiLineString","coordinates":[[[2.205467,48.910654],[2.206711,48.910039],[2.205438,48.910629]],[[2.206744,48.909982],[2.206072,48.910316]],[[2.206717,48.910036],[2.206711,48.910039]]]}},{"type":"Feature","properties":{"tsmid":"D093076000001","codeligne":"076000","categorie":"2","tampon":"250","ancients":"2319.1;2320","tmjatv":"299"},"geometry":{"type":"MultiLineString","coordinates":[[[2.50934,48.932355],[2.513338,48.932575],[2.514669,48.932725],[2.515614,48.932901],[2.516975,48.933293],[2.517946,48.933761],[2.519101,48.934488],[2.520647,48.935857],[2.521658,48.937063],[2.523915,48.94092],[2.524839,48.943422],[2.524978,48.943925],[2.524993,48.944493],[2.524939,48.945292],[2.524685,48.947534],[2.524144,48.949658],[2.523714,48.95043],[2.523016,48.951234],[2.515586,48.958692],[2.514472,48.959887],[2.513826,48.960794],[2.511653,48.964256],[2.511192,48.965083],[2.510905,48.965861],[2.510821,48.96628],[2.510764,48.966971],[2.510802,48.967537],[2.51096,48.968234],[2.511264,48.968976],[2.511591,48.96952],[2.516814,48.976955],[2.516015,48.975723],[2.513228,48.971758],[2.512619,48.97098]],[[2.509578,48.932222],[2.513538,48.932554],[2.514585,48.93268],[2.515631,48.932878],[2.517008,48.933268],[2.517979,48.933736],[2.51914,48.934466],[2.52069,48.935839],[2.521705,48.937051],[2.523959,48.940902],[2.524883,48.943401],[2.525028,48.943922],[2.525043,48.944498],[2.52499,48.945289],[2.524735,48.94754],[2.524193,48.949666],[2.523752,48.950456],[2.523067,48.951243],[2.516466,48.957862],[2.514531,48.959886],[2.513874,48.960805],[2.511898,48.963945],[2.511325,48.964916],[2.511146,48.965307],[2.510904,48.966116],[2.510814,48.966984],[2.510855,48.967551],[2.511007,48.968218],[2.511291,48.968922],[2.511634,48.969502],[2.513222,48.97175]],[[2.512436,48.970639],[2.513165,48.971399],[2.513764,48.972116],[2.514517,48.973303],[2.516978,48.976932],[2.516015,48.975723]],[[2.516814,48.976955],[2.516814,48.976955]],[[2.516824,48.97697],[2.520256,48.981889],[2.520779,48.982931],[2.521103,48.983997],[2.521227,48.985034],[2.521165,48.986051],[2.520961,48.987012],[2.520228,48.989548],[2.519948,48.990354],[2.519625,48.991041]],[[2.516978,48.976932],[2.517625,48.977874],[2.518121,48.978722],[2.520331,48.981924],[2.520841,48.982957],[2.521087,48.983704],[2.521218,48.984327],[2.521277,48.985028],[2.521265,48.985724],[2.521012,48.987013],[2.520179,48.989865],[2.519687,48.991025]],[[2.534252,49.006175],[2.535561,49.006109]],[[2.534305,49.006139],[2.535613,49.006073]],[[2.53837,49.006031],[2.541177,49.006175]],[[2.538423,49.005999],[2.54123,49.006145]],[[2.548823,49.006633],[2.549356,49.006712]],[[2.548875,49.006606],[2.549408,49.006686]],[[2.554841,49.00854],[2.556299,49.009127],[2.556937,49.009325],[2.558125,49.009567],[2.560355,49.009753],[2.5586,49.009489],[2.557537,49.009431]],[[2.554889,49.00852],[2.556334,49.009103],[2.556959,49.009261],[2.558573,49.009486],[2.559396,49.009528],[2.558192,49.009339],[2.557562,49.009355]],[[2.558125,49.009567],[2.559371,49.009597]],[[2.558192,49.009339],[2.560404,49.009516],[2.559396,49.009528]],[[2.559384,49.009599],[2.565588,49.010107],[2.564441,49.00995],[2.559409,49.009529]],[[2.560355,49.009753],[2.565646,49.010212],[2.56644,49.010155],[2.565588,49.010107]],[[2.560404,49.009516],[2.565698,49.009945],[2.566439,49.0101],[2.56443,49.010008]],[[2.564441,49.00995],[2.565598,49.01005]],[[2.566439,49.0101],[2.567067,49.010097],[2.568344,49.009832],[2.569119,49.009452],[2.569572,49.009123],[2.569882,49.008795],[2.570055,49.008432],[2.57014,49.008066],[2.570389,49.005728],[2.570428,49.006471],[2.570115,49.008437],[2.569923,49.008814],[2.569612,49.009144],[2.569152,49.00948],[2.568353,49.00986],[2.567084,49.010133],[2.56644,49.010155]],[[2.570214,49.007343],[2.57041,49.006642]],[[2.570389,49.005728],[2.570766,49.002438],[2.570875,49.000968],[2.570909,49.001774],[2.570766,49.002432]],[[2.570428,49.00648],[2.570936,49.002443],[2.570909,49.001774],[2.571066,49.000967],[2.570936,49.002443]],[[2.570876,49.000964],[2.571092,48.997623]],[[2.57088,49.000916],[2.571049,48.999825],[2.571206,48.997623]],[[2.571066,49.000967],[2.571049,48.999822]],[[2.57107,49.000919],[2.57132,48.997627]]]}},{"type":"Feature","properties":{"tsmid":"D093076000001","codeligne":"VS","categorie":"2","tampon":"250","ancients":"2319.1;2320","tmjatv":"299"},"geometry":{"type":"MultiLineString","coordinates":[[[2.50196,48.932061],[2.503743,48.932106],[2.505944,48.932056],[2.509096,48.932075]]]}},{"type":"Feature","properties":{"tsmid":"D093272000001","codeligne":"272000","categorie":"1","tampon":"300","ancients":"2004;2005","tmjatv":"534"},"geometry":{"type":"MultiLineString","coordinates":[[[2.374823,48.96581],[2.382525,48.971224]],[[2.374893,48.965808],[2.382594,48.971224]],[[2.375047,48.965782],[2.377747,48.967728],[2.377036,48.967155],[2.375085,48.965759]],[[2.375123,48.965889],[2.378171,48.968087],[2.378905,48.968593],[2.377747,48.967728]],[[2.377052,48.967167],[2.378223,48.96799]],[[2.377905,48.96784],[2.378948,48.968569],[2.37827,48.968023],[2.382785,48.97119]],[[2.378905,48.968593],[2.382755,48.971283]],[[2.378948,48.968569],[2.382792,48.971262]]]}},{"type":"Feature","properties":{"tsmid":"D093990000001","codeligne":"960000","categorie":"2","tampon":"250","ancients":"2351.0;2351.1","tmjatv":"323"},"geometry":{"type":"MultiLineString","coordinates":[[[2.301454,48.95398],[2.302437,48.954618],[2.304123,48.956088],[2.302414,48.954666],[2.301615,48.954111]],[[2.303872,48.955915],[2.304325,48.956291],[2.304123,48.956088],[2.304375,48.956265],[2.303924,48.955883]],[[2.304326,48.956291],[2.305252,48.957024],[2.305953,48.957464],[2.306524,48.957725],[2.307706,48.958033],[2.314798,48.958637],[2.31698,48.95876],[2.319059,48.958943]],[[2.304375,48.956265],[2.305279,48.956979],[2.305987,48.957419],[2.306821,48.957765],[2.307728,48.957988],[2.314837,48.958598],[2.317005,48.958722],[2.319125,48.958907]]]}},{"type":"Feature","properties":{"tsmid":"D093990000001","codeligne":"990000","categorie":"2","tampon":"250","ancients":"2351.0;2351.1","tmjatv":"323"},"geometry":{"type":"MultiLineString","coordinates":[[[2.291686,48.952452],[2.293522,48.952614],[2.296518,48.952784],[2.294027,48.95268],[2.291724,48.952489]],[[2.295374,48.952755],[2.298658,48.952981],[2.299639,48.953174],[2.300648,48.953496],[2.301622,48.953955],[2.302391,48.954458],[2.304674,48.956387],[2.305608,48.957074],[2.306491,48.957531],[2.307395,48.957826],[2.308571,48.958021],[2.314822,48.958551],[2.316924,48.958662],[2.319171,48.958857]],[[2.296518,48.952784],[2.297945,48.95287],[2.298928,48.95299],[2.299932,48.953216],[2.301113,48.953654],[2.301885,48.954063],[2.302435,48.954441],[2.304072,48.95584],[2.305273,48.956798],[2.306328,48.957367],[2.307448,48.957737],[2.30854,48.957935],[2.310563,48.958145],[2.314828,48.958518],[2.316815,48.958619],[2.319252,48.95883]]]}},{"type":"Feature","properties":{"tsmid":"D093990000002","codeligne":"960000","categorie":"2","tampon":"250","ancients":"2351.0;2351.1","tmjatv":"323"},"geometry":{"type":"MultiLineString","coordinates":[[[2.326435,48.958849],[2.327293,48.958889],[2.328536,48.959031]],[[2.326501,48.958793],[2.327882,48.958899],[2.328589,48.959002]]]}},{"type":"Feature","properties":{"tsmid":"D093990000002","codeligne":"990000","categorie":"2","tampon":"250","ancients":"2351.0;2351.1","tmjatv":"323"},"geometry":{"type":"MultiLineString","coordinates":[[[2.326265,48.958753],[2.327151,48.958769],[2.328641,48.958945]],[[2.326345,48.958716],[2.327152,48.958735],[2.328657,48.958914]]]}},{"type":"Feature","properties":{"tsmid":"D093990000003","codeligne":"960000","categorie":"2","tampon":"250","ancients":"2351.0;2351.1","tmjatv":"323"},"geometry":{"type":"MultiLineString","coordinates":[[[2.337955,48.959912],[2.34684,48.96016],[2.353887,48.96064],[2.355087,48.960681],[2.356669,48.96063],[2.362026,48.960297],[2.366433,48.9602]],[[2.338011,48.959867],[2.346771,48.960112],[2.35382,48.960592],[2.35502,48.960633],[2.356575,48.960583],[2.361972,48.960248],[2.366489,48.960142]],[[2.366605,48.96014],[2.366619,48.96014]],[[2.366686,48.960198],[2.3667,48.960197]]]}},{"type":"Feature","properties":{"tsmid":"D093990000003","codeligne":"990000","categorie":"2","tampon":"250","ancients":"2351.0;2351.1","tmjatv":"323"},"geometry":{"type":"MultiLineString","coordinates":[[[2.337847,48.959796],[2.346756,48.960045],[2.353788,48.960524],[2.355047,48.960566],[2.356778,48.960503],[2.361917,48.960182],[2.366174,48.960074]],[[2.337863,48.959763],[2.346745,48.960011],[2.353795,48.960491],[2.354995,48.960532],[2.356645,48.960477],[2.361933,48.960148],[2.36619,48.96004]]]}},{"type":"Feature","properties":{"tsmid":"D093990000003","codeligne":"VS","categorie":"2","tampon":"250","ancients":"2351.0;2351.1","tmjatv":"323"},"geometry":{"type":"MultiLineString","coordinates":[[[2.369685,48.959903],[2.371126,48.959884]]]}},{"type":"Feature","properties":{"tsmid":"D095000000001","codeligne":"076000","categorie":"7","tampon":"0","ancients":"aucun","tmjatv":null},"geometry":{"type":"MultiLineString","coordinates":[[[1.576586,48.956016],[1.566876,48.952682]],[[1.576624,48.955988],[1.56691,48.952659]],[[1.609915,49.015299],[1.602125,49.02459],[1.600267,49.026904],[1.593319,49.035197],[1.592689,49.035892]],[[1.609979,49.01533],[1.605592,49.020619],[1.602161,49.024653],[1.600372,49.026889],[1.594118,49.034335],[1.592728,49.035915]],[[1.913914,49.006189],[1.91138,49.006284],[1.909423,49.006443],[1.907523,49.006444]],[[1.913922,49.006223],[1.911384,49.006317],[1.909431,49.006476],[1.907531,49.006477]],[[1.936148,49.167098],[1.935941,49.167805]],[[1.936195,49.167119],[1.935988,49.167825]],[[2.034669,49.070647],[2.033524,49.071873]],[[2.034689,49.070686],[2.033575,49.071925]],[[2.062929,49.04699],[2.064039,49.046892],[2.066688,49.046287],[2.067828,49.045884],[2.069167,49.045154],[2.069722,49.044757],[2.07061,49.043882],[2.072779,49.04144],[2.080061,49.036162],[2.083693,49.03388],[2.082413,49.034569],[2.080766,49.03557],[2.079385,49.036493],[2.072696,49.041408],[2.069907,49.044487],[2.069179,49.045057],[2.067918,49.045769],[2.066578,49.046271],[2.063904,49.046871],[2.062494,49.046991]],[[2.083693,49.03388],[2.085809,49.032845],[2.083776,49.033922],[2.082072,49.034918]],[[2.087486,49.031897],[2.083797,49.033823]],[[2.087904,49.031729],[2.085809,49.032845]],[[2.29586,48.884266],[2.297215,48.884992]],[[2.296358,48.884489],[2.297248,48.884964]],[[2.305506,48.89307],[2.304058,48.893946]],[[2.305544,48.893088],[2.304099,48.893965]],[[2.307259,48.89145],[2.311097,48.893148]],[[2.30729,48.891424],[2.311147,48.893128]],[[2.313739,48.893836],[2.314351,48.893963],[2.315023,48.894226],[2.315579,48.89507],[2.316368,48.895954],[2.318907,48.898141]],[[2.313793,48.893812],[2.314365,48.893931],[2.315063,48.894203],[2.315624,48.895055],[2.31641,48.895936],[2.318951,48.898124]],[[2.319358,48.883772],[2.318692,48.884462]],[[2.338216,48.896868],[2.331342,48.895959]],[[2.338227,48.896835],[2.331353,48.895927]],[[2.356145,48.897873],[2.356621,48.898044]],[[2.364515,48.886915],[2.365643,48.888282],[2.36599,48.888789]],[[2.365109,48.887846],[2.365757,48.888943]],[[2.365567,48.888463],[2.365799,48.888876]],[[2.366504,48.892224],[2.367901,48.893511]],[[2.366609,48.892256],[2.368005,48.893544]],[[2.366629,48.892217],[2.368028,48.893502]],[[2.366648,48.892168],[2.368039,48.893458]],[[2.367332,48.892066],[2.367626,48.892509],[2.368064,48.89301],[2.368007,48.892869],[2.367351,48.892015]],[[2.367412,48.892001],[2.367963,48.89274],[2.367895,48.892511],[2.36755,48.891969]],[[2.36748,48.892005],[2.368015,48.892756],[2.367893,48.892508],[2.367745,48.891968]],[[2.367769,48.891915],[2.36797,48.892614],[2.368619,48.893382]],[[2.367827,48.891884],[2.368053,48.892269],[2.367884,48.891928]],[[2.367921,48.89185],[2.368135,48.892257],[2.367935,48.891916]],[[2.367963,48.89274],[2.368087,48.892958],[2.367963,48.89274]],[[2.368006,48.891827],[2.368499,48.892752],[2.36888,48.893299]],[[2.368015,48.892756],[2.368392,48.893216],[2.368015,48.892756]],[[2.368053,48.892269],[2.368768,48.893348]],[[2.368513,48.893397],[2.368087,48.892958],[2.368173,48.893129],[2.368081,48.893051],[2.368356,48.89349]],[[2.368135,48.892257],[2.368824,48.893314]],[[2.368473,48.893456],[2.368173,48.893129],[2.368375,48.893439]],[[2.368392,48.893216],[2.36857,48.893397]],[[2.388175,48.870599],[2.387257,48.874127],[2.386593,48.877633],[2.386274,48.879935],[2.3861,48.880627]],[[2.388236,48.87057],[2.387305,48.874141],[2.386652,48.877585],[2.386324,48.879941],[2.386158,48.880597]],[[2.390811,48.867559],[2.389568,48.868572]],[[2.390905,48.867541],[2.389657,48.868552]],[[2.402006,48.860106],[2.396223,48.864271],[2.394131,48.8656],[2.390885,48.867506]],[[2.402099,48.860088],[2.396269,48.864288],[2.394165,48.865625],[2.390979,48.867488]],[[2.391923,48.89801],[2.392491,48.89793],[2.392308,48.897927]],[[2.391949,48.898046],[2.392701,48.897932],[2.392308,48.897905]],[[2.392101,48.897753],[2.39339,48.89778],[2.392113,48.897788]],[[2.392107,48.898187],[2.394176,48.898011]],[[2.392124,48.898219],[2.394194,48.898047]],[[2.39213,48.897828],[2.393021,48.897845],[2.392144,48.897867]],[[2.392144,48.897702],[2.393636,48.897737],[2.39339,48.89778],[2.393553,48.897792],[2.392651,48.897904],[2.393968,48.8979],[2.392701,48.897932],[2.39431,48.897947]],[[2.392159,48.897673],[2.39379,48.897711],[2.393636,48.897737],[2.393889,48.897736],[2.393594,48.897785],[2.394139,48.897797]],[[2.394155,48.897875],[2.393215,48.897849],[2.393434,48.897811],[2.39417,48.89783]],[[2.393542,48.897783],[2.394136,48.897783]],[[2.39423,48.897743],[2.39379,48.897711],[2.394203,48.897652]],[[2.393968,48.8979],[2.394241,48.897908]],[[2.394155,48.897715],[2.394019,48.897713],[2.394153,48.897696]],[[2.447555,48.896242],[2.449041,48.896331],[2.448749,48.896362],[2.447819,48.89631]],[[2.447567,48.896325],[2.448602,48.896388],[2.448118,48.896478]],[[2.447933,48.896418],[2.448454,48.89645],[2.448094,48.896512]],[[2.448015,48.896491],[2.448057,48.896478]],[[2.448028,48.896393],[2.449663,48.89652]],[[2.448042,48.896242],[2.449235,48.896312],[2.448734,48.896364],[2.448572,48.896426],[2.449496,48.896484]],[[2.448105,48.896678],[2.449877,48.896668]],[[2.448119,48.896482],[2.449731,48.896582]],[[2.449369,48.896433],[2.448731,48.896396],[2.449247,48.896392]],[[2.449287,48.896346],[2.449219,48.896342],[2.449287,48.896336]],[[2.550744,49.007011],[2.551491,49.007232],[2.554841,49.00854]],[[2.550793,49.006989],[2.551495,49.007195],[2.554889,49.00852]]]}},{"type":"Feature","properties":{"tsmid":"D095000000001","codeligne":"226000","categorie":"7","tampon":"0","ancients":"aucun","tmjatv":null},"geometry":{"type":"MultiLineString","coordinates":[[[1.576586,48.956016],[1.566876,48.952682]],[[1.576624,48.955988],[1.56691,48.952659]],[[1.609915,49.015299],[1.602125,49.02459],[1.600267,49.026904],[1.593319,49.035197],[1.592689,49.035892]],[[1.609979,49.01533],[1.605592,49.020619],[1.602161,49.024653],[1.600372,49.026889],[1.594118,49.034335],[1.592728,49.035915]],[[1.913914,49.006189],[1.91138,49.006284],[1.909423,49.006443],[1.907523,49.006444]],[[1.913922,49.006223],[1.911384,49.006317],[1.909431,49.006476],[1.907531,49.006477]],[[1.936148,49.167098],[1.935941,49.167805]],[[1.936195,49.167119],[1.935988,49.167825]],[[2.034669,49.070647],[2.033524,49.071873]],[[2.034689,49.070686],[2.033575,49.071925]],[[2.062929,49.04699],[2.064039,49.046892],[2.066688,49.046287],[2.067828,49.045884],[2.069167,49.045154],[2.069722,49.044757],[2.07061,49.043882],[2.072779,49.04144],[2.080061,49.036162],[2.083693,49.03388],[2.082413,49.034569],[2.080766,49.03557],[2.079385,49.036493],[2.072696,49.041408],[2.069907,49.044487],[2.069179,49.045057],[2.067918,49.045769],[2.066578,49.046271],[2.063904,49.046871],[2.062494,49.046991]],[[2.083693,49.03388],[2.085809,49.032845],[2.083776,49.033922],[2.082072,49.034918]],[[2.087486,49.031897],[2.083797,49.033823]],[[2.087904,49.031729],[2.085809,49.032845]],[[2.29586,48.884266],[2.297215,48.884992]],[[2.296358,48.884489],[2.297248,48.884964]],[[2.305506,48.89307],[2.304058,48.893946]],[[2.305544,48.893088],[2.304099,48.893965]],[[2.307259,48.89145],[2.311097,48.893148]],[[2.30729,48.891424],[2.311147,48.893128]],[[2.313739,48.893836],[2.314351,48.893963],[2.315023,48.894226],[2.315579,48.89507],[2.316368,48.895954],[2.318907,48.898141]],[[2.313793,48.893812],[2.314365,48.893931],[2.315063,48.894203],[2.315624,48.895055],[2.31641,48.895936],[2.318951,48.898124]],[[2.319358,48.883772],[2.318692,48.884462]],[[2.338216,48.896868],[2.331342,48.895959]],[[2.338227,48.896835],[2.331353,48.895927]],[[2.356145,48.897873],[2.356621,48.898044]],[[2.364515,48.886915],[2.365643,48.888282],[2.36599,48.888789]],[[2.365109,48.887846],[2.365757,48.888943]],[[2.365567,48.888463],[2.365799,48.888876]],[[2.366504,48.892224],[2.367901,48.893511]],[[2.366609,48.892256],[2.368005,48.893544]],[[2.366629,48.892217],[2.368028,48.893502]],[[2.366648,48.892168],[2.368039,48.893458]],[[2.367332,48.892066],[2.367626,48.892509],[2.368064,48.89301],[2.368007,48.892869],[2.367351,48.892015]],[[2.367412,48.892001],[2.367963,48.89274],[2.367895,48.892511],[2.36755,48.891969]],[[2.36748,48.892005],[2.368015,48.892756],[2.367893,48.892508],[2.367745,48.891968]],[[2.367769,48.891915],[2.36797,48.892614],[2.368619,48.893382]],[[2.367827,48.891884],[2.368053,48.892269],[2.367884,48.891928]],[[2.367921,48.89185],[2.368135,48.892257],[2.367935,48.891916]],[[2.367963,48.89274],[2.368087,48.892958],[2.367963,48.89274]],[[2.368006,48.891827],[2.368499,48.892752],[2.36888,48.893299]],[[2.368015,48.892756],[2.368392,48.893216],[2.368015,48.892756]],[[2.368053,48.892269],[2.368768,48.893348]],[[2.368513,48.893397],[2.368087,48.892958],[2.368173,48.893129],[2.368081,48.893051],[2.368356,48.89349]],[[2.368135,48.892257],[2.368824,48.893314]],[[2.368473,48.893456],[2.368173,48.893129],[2.368375,48.893439]],[[2.368392,48.893216],[2.36857,48.893397]],[[2.388175,48.870599],[2.387257,48.874127],[2.386593,48.877633],[2.386274,48.879935],[2.3861,48.880627]],[[2.388236,48.87057],[2.387305,48.874141],[2.386652,48.877585],[2.386324,48.879941],[2.386158,48.880597]],[[2.390811,48.867559],[2.389568,48.868572]],[[2.390905,48.867541],[2.389657,48.868552]],[[2.402006,48.860106],[2.396223,48.864271],[2.394131,48.8656],[2.390885,48.867506]],[[2.402099,48.860088],[2.396269,48.864288],[2.394165,48.865625],[2.390979,48.867488]],[[2.391923,48.89801],[2.392491,48.89793],[2.392308,48.897927]],[[2.391949,48.898046],[2.392701,48.897932],[2.392308,48.897905]],[[2.392101,48.897753],[2.39339,48.89778],[2.392113,48.897788]],[[2.392107,48.898187],[2.394176,48.898011]],[[2.392124,48.898219],[2.394194,48.898047]],[[2.39213,48.897828],[2.393021,48.897845],[2.392144,48.897867]],[[2.392144,48.897702],[2.393636,48.897737],[2.39339,48.89778],[2.393553,48.897792],[2.392651,48.897904],[2.393968,48.8979],[2.392701,48.897932],[2.39431,48.897947]],[[2.392159,48.897673],[2.39379,48.897711],[2.393636,48.897737],[2.393889,48.897736],[2.393594,48.897785],[2.394139,48.897797]],[[2.394155,48.897875],[2.393215,48.897849],[2.393434,48.897811],[2.39417,48.89783]],[[2.393542,48.897783],[2.394136,48.897783]],[[2.39423,48.897743],[2.39379,48.897711],[2.394203,48.897652]],[[2.393968,48.8979],[2.394241,48.897908]],[[2.394155,48.897715],[2.394019,48.897713],[2.394153,48.897696]],[[2.447555,48.896242],[2.449041,48.896331],[2.448749,48.896362],[2.447819,48.89631]],[[2.447567,48.896325],[2.448602,48.896388],[2.448118,48.896478]],[[2.447933,48.896418],[2.448454,48.89645],[2.448094,48.896512]],[[2.448015,48.896491],[2.448057,48.896478]],[[2.448028,48.896393],[2.449663,48.89652]],[[2.448042,48.896242],[2.449235,48.896312],[2.448734,48.896364],[2.448572,48.896426],[2.449496,48.896484]],[[2.448105,48.896678],[2.449877,48.896668]],[[2.448119,48.896482],[2.449731,48.896582]],[[2.449369,48.896433],[2.448731,48.896396],[2.449247,48.896392]],[[2.449287,48.896346],[2.449219,48.896342],[2.449287,48.896336]],[[2.550744,49.007011],[2.551491,49.007232],[2.554841,49.00854]],[[2.550793,49.006989],[2.551495,49.007195],[2.554889,49.00852]]]}},{"type":"Feature","properties":{"tsmid":"D095000000001","codeligne":"226301","categorie":"7","tampon":"0","ancients":"aucun","tmjatv":null},"geometry":{"type":"MultiLineString","coordinates":[[[1.576586,48.956016],[1.566876,48.952682]],[[1.576624,48.955988],[1.56691,48.952659]],[[1.609915,49.015299],[1.602125,49.02459],[1.600267,49.026904],[1.593319,49.035197],[1.592689,49.035892]],[[1.609979,49.01533],[1.605592,49.020619],[1.602161,49.024653],[1.600372,49.026889],[1.594118,49.034335],[1.592728,49.035915]],[[1.913914,49.006189],[1.91138,49.006284],[1.909423,49.006443],[1.907523,49.006444]],[[1.913922,49.006223],[1.911384,49.006317],[1.909431,49.006476],[1.907531,49.006477]],[[1.936148,49.167098],[1.935941,49.167805]],[[1.936195,49.167119],[1.935988,49.167825]],[[2.034669,49.070647],[2.033524,49.071873]],[[2.034689,49.070686],[2.033575,49.071925]],[[2.062929,49.04699],[2.064039,49.046892],[2.066688,49.046287],[2.067828,49.045884],[2.069167,49.045154],[2.069722,49.044757],[2.07061,49.043882],[2.072779,49.04144],[2.080061,49.036162],[2.083693,49.03388],[2.082413,49.034569],[2.080766,49.03557],[2.079385,49.036493],[2.072696,49.041408],[2.069907,49.044487],[2.069179,49.045057],[2.067918,49.045769],[2.066578,49.046271],[2.063904,49.046871],[2.062494,49.046991]],[[2.083693,49.03388],[2.085809,49.032845],[2.083776,49.033922],[2.082072,49.034918]],[[2.087486,49.031897],[2.083797,49.033823]],[[2.087904,49.031729],[2.085809,49.032845]],[[2.29586,48.884266],[2.297215,48.884992]],[[2.296358,48.884489],[2.297248,48.884964]],[[2.305506,48.89307],[2.304058,48.893946]],[[2.305544,48.893088],[2.304099,48.893965]],[[2.307259,48.89145],[2.311097,48.893148]],[[2.30729,48.891424],[2.311147,48.893128]],[[2.313739,48.893836],[2.314351,48.893963],[2.315023,48.894226],[2.315579,48.89507],[2.316368,48.895954],[2.318907,48.898141]],[[2.313793,48.893812],[2.314365,48.893931],[2.315063,48.894203],[2.315624,48.895055],[2.31641,48.895936],[2.318951,48.898124]],[[2.319358,48.883772],[2.318692,48.884462]],[[2.338216,48.896868],[2.331342,48.895959]],[[2.338227,48.896835],[2.331353,48.895927]],[[2.356145,48.897873],[2.356621,48.898044]],[[2.364515,48.886915],[2.365643,48.888282],[2.36599,48.888789]],[[2.365109,48.887846],[2.365757,48.888943]],[[2.365567,48.888463],[2.365799,48.888876]],[[2.366504,48.892224],[2.367901,48.893511]],[[2.366609,48.892256],[2.368005,48.893544]],[[2.366629,48.892217],[2.368028,48.893502]],[[2.366648,48.892168],[2.368039,48.893458]],[[2.367332,48.892066],[2.367626,48.892509],[2.368064,48.89301],[2.368007,48.892869],[2.367351,48.892015]],[[2.367412,48.892001],[2.367963,48.89274],[2.367895,48.892511],[2.36755,48.891969]],[[2.36748,48.892005],[2.368015,48.892756],[2.367893,48.892508],[2.367745,48.891968]],[[2.367769,48.891915],[2.36797,48.892614],[2.368619,48.893382]],[[2.367827,48.891884],[2.368053,48.892269],[2.367884,48.891928]],[[2.367921,48.89185],[2.368135,48.892257],[2.367935,48.891916]],[[2.367963,48.89274],[2.368087,48.892958],[2.367963,48.89274]],[[2.368006,48.891827],[2.368499,48.892752],[2.36888,48.893299]],[[2.368015,48.892756],[2.368392,48.893216],[2.368015,48.892756]],[[2.368053,48.892269],[2.368768,48.893348]],[[2.368513,48.893397],[2.368087,48.892958],[2.368173,48.893129],[2.368081,48.893051],[2.368356,48.89349]],[[2.368135,48.892257],[2.368824,48.893314]],[[2.368473,48.893456],[2.368173,48.893129],[2.368375,48.893439]],[[2.368392,48.893216],[2.36857,48.893397]],[[2.388175,48.870599],[2.387257,48.874127],[2.386593,48.877633],[2.386274,48.879935],[2.3861,48.880627]],[[2.388236,48.87057],[2.387305,48.874141],[2.386652,48.877585],[2.386324,48.879941],[2.386158,48.880597]],[[2.390811,48.867559],[2.389568,48.868572]],[[2.390905,48.867541],[2.389657,48.868552]],[[2.402006,48.860106],[2.396223,48.864271],[2.394131,48.8656],[2.390885,48.867506]],[[2.402099,48.860088],[2.396269,48.864288],[2.394165,48.865625],[2.390979,48.867488]],[[2.391923,48.89801],[2.392491,48.89793],[2.392308,48.897927]],[[2.391949,48.898046],[2.392701,48.897932],[2.392308,48.897905]],[[2.392101,48.897753],[2.39339,48.89778],[2.392113,48.897788]],[[2.392107,48.898187],[2.394176,48.898011]],[[2.392124,48.898219],[2.394194,48.898047]],[[2.39213,48.897828],[2.393021,48.897845],[2.392144,48.897867]],[[2.392144,48.897702],[2.393636,48.897737],[2.39339,48.89778],[2.393553,48.897792],[2.392651,48.897904],[2.393968,48.8979],[2.392701,48.897932],[2.39431,48.897947]],[[2.392159,48.897673],[2.39379,48.897711],[2.393636,48.897737],[2.393889,48.897736],[2.393594,48.897785],[2.394139,48.897797]],[[2.394155,48.897875],[2.393215,48.897849],[2.393434,48.897811],[2.39417,48.89783]],[[2.393542,48.897783],[2.394136,48.897783]],[[2.39423,48.897743],[2.39379,48.897711],[2.394203,48.897652]],[[2.393968,48.8979],[2.394241,48.897908]],[[2.394155,48.897715],[2.394019,48.897713],[2.394153,48.897696]],[[2.447555,48.896242],[2.449041,48.896331],[2.448749,48.896362],[2.447819,48.89631]],[[2.447567,48.896325],[2.448602,48.896388],[2.448118,48.896478]],[[2.447933,48.896418],[2.448454,48.89645],[2.448094,48.896512]],[[2.448015,48.896491],[2.448057,48.896478]],[[2.448028,48.896393],[2.449663,48.89652]],[[2.448042,48.896242],[2.449235,48.896312],[2.448734,48.896364],[2.448572,48.896426],[2.449496,48.896484]],[[2.448105,48.896678],[2.449877,48.896668]],[[2.448119,48.896482],[2.449731,48.896582]],[[2.449369,48.896433],[2.448731,48.896396],[2.449247,48.896392]],[[2.449287,48.896346],[2.449219,48.896342],[2.449287,48.896336]],[[2.550744,49.007011],[2.551491,49.007232],[2.554841,49.00854]],[[2.550793,49.006989],[2.551495,49.007195],[2.554889,49.00852]]]}},{"type":"Feature","properties":{"tsmid":"D095000000001","codeligne":"226310","categorie":"7","tampon":"0","ancients":"aucun","tmjatv":null},"geometry":{"type":"MultiLineString","coordinates":[[[1.576586,48.956016],[1.566876,48.952682]],[[1.576624,48.955988],[1.56691,48.952659]],[[1.609915,49.015299],[1.602125,49.02459],[1.600267,49.026904],[1.593319,49.035197],[1.592689,49.035892]],[[1.609979,49.01533],[1.605592,49.020619],[1.602161,49.024653],[1.600372,49.026889],[1.594118,49.034335],[1.592728,49.035915]],[[1.913914,49.006189],[1.91138,49.006284],[1.909423,49.006443],[1.907523,49.006444]],[[1.913922,49.006223],[1.911384,49.006317],[1.909431,49.006476],[1.907531,49.006477]],[[1.936148,49.167098],[1.935941,49.167805]],[[1.936195,49.167119],[1.935988,49.167825]],[[2.034669,49.070647],[2.033524,49.071873]],[[2.034689,49.070686],[2.033575,49.071925]],[[2.062929,49.04699],[2.064039,49.046892],[2.066688,49.046287],[2.067828,49.045884],[2.069167,49.045154],[2.069722,49.044757],[2.07061,49.043882],[2.072779,49.04144],[2.080061,49.036162],[2.083693,49.03388],[2.082413,49.034569],[2.080766,49.03557],[2.079385,49.036493],[2.072696,49.041408],[2.069907,49.044487],[2.069179,49.045057],[2.067918,49.045769],[2.066578,49.046271],[2.063904,49.046871],[2.062494,49.046991]],[[2.083693,49.03388],[2.085809,49.032845],[2.083776,49.033922],[2.082072,49.034918]],[[2.087486,49.031897],[2.083797,49.033823]],[[2.087904,49.031729],[2.085809,49.032845]],[[2.29586,48.884266],[2.297215,48.884992]],[[2.296358,48.884489],[2.297248,48.884964]],[[2.305506,48.89307],[2.304058,48.893946]],[[2.305544,48.893088],[2.304099,48.893965]],[[2.307259,48.89145],[2.311097,48.893148]],[[2.30729,48.891424],[2.311147,48.893128]],[[2.313739,48.893836],[2.314351,48.893963],[2.315023,48.894226],[2.315579,48.89507],[2.316368,48.895954],[2.318907,48.898141]],[[2.313793,48.893812],[2.314365,48.893931],[2.315063,48.894203],[2.315624,48.895055],[2.31641,48.895936],[2.318951,48.898124]],[[2.319358,48.883772],[2.318692,48.884462]],[[2.338216,48.896868],[2.331342,48.895959]],[[2.338227,48.896835],[2.331353,48.895927]],[[2.356145,48.897873],[2.356621,48.898044]],[[2.364515,48.886915],[2.365643,48.888282],[2.36599,48.888789]],[[2.365109,48.887846],[2.365757,48.888943]],[[2.365567,48.888463],[2.365799,48.888876]],[[2.366504,48.892224],[2.367901,48.893511]],[[2.366609,48.892256],[2.368005,48.893544]],[[2.366629,48.892217],[2.368028,48.893502]],[[2.366648,48.892168],[2.368039,48.893458]],[[2.367332,48.892066],[2.367626,48.892509],[2.368064,48.89301],[2.368007,48.892869],[2.367351,48.892015]],[[2.367412,48.892001],[2.367963,48.89274],[2.367895,48.892511],[2.36755,48.891969]],[[2.36748,48.892005],[2.368015,48.892756],[2.367893,48.892508],[2.367745,48.891968]],[[2.367769,48.891915],[2.36797,48.892614],[2.368619,48.893382]],[[2.367827,48.891884],[2.368053,48.892269],[2.367884,48.891928]],[[2.367921,48.89185],[2.368135,48.892257],[2.367935,48.891916]],[[2.367963,48.89274],[2.368087,48.892958],[2.367963,48.89274]],[[2.368006,48.891827],[2.368499,48.892752],[2.36888,48.893299]],[[2.368015,48.892756],[2.368392,48.893216],[2.368015,48.892756]],[[2.368053,48.892269],[2.368768,48.893348]],[[2.368513,48.893397],[2.368087,48.892958],[2.368173,48.893129],[2.368081,48.893051],[2.368356,48.89349]],[[2.368135,48.892257],[2.368824,48.893314]],[[2.368473,48.893456],[2.368173,48.893129],[2.368375,48.893439]],[[2.368392,48.893216],[2.36857,48.893397]],[[2.388175,48.870599],[2.387257,48.874127],[2.386593,48.877633],[2.386274,48.879935],[2.3861,48.880627]],[[2.388236,48.87057],[2.387305,48.874141],[2.386652,48.877585],[2.386324,48.879941],[2.386158,48.880597]],[[2.390811,48.867559],[2.389568,48.868572]],[[2.390905,48.867541],[2.389657,48.868552]],[[2.402006,48.860106],[2.396223,48.864271],[2.394131,48.8656],[2.390885,48.867506]],[[2.402099,48.860088],[2.396269,48.864288],[2.394165,48.865625],[2.390979,48.867488]],[[2.391923,48.89801],[2.392491,48.89793],[2.392308,48.897927]],[[2.391949,48.898046],[2.392701,48.897932],[2.392308,48.897905]],[[2.392101,48.897753],[2.39339,48.89778],[2.392113,48.897788]],[[2.392107,48.898187],[2.394176,48.898011]],[[2.392124,48.898219],[2.394194,48.898047]],[[2.39213,48.897828],[2.393021,48.897845],[2.392144,48.897867]],[[2.392144,48.897702],[2.393636,48.897737],[2.39339,48.89778],[2.393553,48.897792],[2.392651,48.897904],[2.393968,48.8979],[2.392701,48.897932],[2.39431,48.897947]],[[2.392159,48.897673],[2.39379,48.897711],[2.393636,48.897737],[2.393889,48.897736],[2.393594,48.897785],[2.394139,48.897797]],[[2.394155,48.897875],[2.393215,48.897849],[2.393434,48.897811],[2.39417,48.89783]],[[2.393542,48.897783],[2.394136,48.897783]],[[2.39423,48.897743],[2.39379,48.897711],[2.394203,48.897652]],[[2.393968,48.8979],[2.394241,48.897908]],[[2.394155,48.897715],[2.394019,48.897713],[2.394153,48.897696]],[[2.447555,48.896242],[2.449041,48.896331],[2.448749,48.896362],[2.447819,48.89631]],[[2.447567,48.896325],[2.448602,48.896388],[2.448118,48.896478]],[[2.447933,48.896418],[2.448454,48.89645],[2.448094,48.896512]],[[2.448015,48.896491],[2.448057,48.896478]],[[2.448028,48.896393],[2.449663,48.89652]],[[2.448042,48.896242],[2.449235,48.896312],[2.448734,48.896364],[2.448572,48.896426],[2.449496,48.896484]],[[2.448105,48.896678],[2.449877,48.896668]],[[2.448119,48.896482],[2.449731,48.896582]],[[2.449369,48.896433],[2.448731,48.896396],[2.449247,48.896392]],[[2.449287,48.896346],[2.449219,48.896342],[2.449287,48.896336]],[[2.550744,49.007011],[2.551491,49.007232],[2.554841,49.00854]],[[2.550793,49.006989],[2.551495,49.007195],[2.554889,49.00852]]]}},{"type":"Feature","properties":{"tsmid":"D095000000001","codeligne":"272000","categorie":"7","tampon":"0","ancients":"aucun","tmjatv":null},"geometry":{"type":"MultiLineString","coordinates":[[[1.576586,48.956016],[1.566876,48.952682]],[[1.576624,48.955988],[1.56691,48.952659]],[[1.609915,49.015299],[1.602125,49.02459],[1.600267,49.026904],[1.593319,49.035197],[1.592689,49.035892]],[[1.609979,49.01533],[1.605592,49.020619],[1.602161,49.024653],[1.600372,49.026889],[1.594118,49.034335],[1.592728,49.035915]],[[1.913914,49.006189],[1.91138,49.006284],[1.909423,49.006443],[1.907523,49.006444]],[[1.913922,49.006223],[1.911384,49.006317],[1.909431,49.006476],[1.907531,49.006477]],[[1.936148,49.167098],[1.935941,49.167805]],[[1.936195,49.167119],[1.935988,49.167825]],[[2.034669,49.070647],[2.033524,49.071873]],[[2.034689,49.070686],[2.033575,49.071925]],[[2.062929,49.04699],[2.064039,49.046892],[2.066688,49.046287],[2.067828,49.045884],[2.069167,49.045154],[2.069722,49.044757],[2.07061,49.043882],[2.072779,49.04144],[2.080061,49.036162],[2.083693,49.03388],[2.082413,49.034569],[2.080766,49.03557],[2.079385,49.036493],[2.072696,49.041408],[2.069907,49.044487],[2.069179,49.045057],[2.067918,49.045769],[2.066578,49.046271],[2.063904,49.046871],[2.062494,49.046991]],[[2.083693,49.03388],[2.085809,49.032845],[2.083776,49.033922],[2.082072,49.034918]],[[2.087486,49.031897],[2.083797,49.033823]],[[2.087904,49.031729],[2.085809,49.032845]],[[2.29586,48.884266],[2.297215,48.884992]],[[2.296358,48.884489],[2.297248,48.884964]],[[2.305506,48.89307],[2.304058,48.893946]],[[2.305544,48.893088],[2.304099,48.893965]],[[2.307259,48.89145],[2.311097,48.893148]],[[2.30729,48.891424],[2.311147,48.893128]],[[2.313739,48.893836],[2.314351,48.893963],[2.315023,48.894226],[2.315579,48.89507],[2.316368,48.895954],[2.318907,48.898141]],[[2.313793,48.893812],[2.314365,48.893931],[2.315063,48.894203],[2.315624,48.895055],[2.31641,48.895936],[2.318951,48.898124]],[[2.319358,48.883772],[2.318692,48.884462]],[[2.338216,48.896868],[2.331342,48.895959]],[[2.338227,48.896835],[2.331353,48.895927]],[[2.356145,48.897873],[2.356621,48.898044]],[[2.364515,48.886915],[2.365643,48.888282],[2.36599,48.888789]],[[2.365109,48.887846],[2.365757,48.888943]],[[2.365567,48.888463],[2.365799,48.888876]],[[2.366504,48.892224],[2.367901,48.893511]],[[2.366609,48.892256],[2.368005,48.893544]],[[2.366629,48.892217],[2.368028,48.893502]],[[2.366648,48.892168],[2.368039,48.893458]],[[2.367332,48.892066],[2.367626,48.892509],[2.368064,48.89301],[2.368007,48.892869],[2.367351,48.892015]],[[2.367412,48.892001],[2.367963,48.89274],[2.367895,48.892511],[2.36755,48.891969]],[[2.36748,48.892005],[2.368015,48.892756],[2.367893,48.892508],[2.367745,48.891968]],[[2.367769,48.891915],[2.36797,48.892614],[2.368619,48.893382]],[[2.367827,48.891884],[2.368053,48.892269],[2.367884,48.891928]],[[2.367921,48.89185],[2.368135,48.892257],[2.367935,48.891916]],[[2.367963,48.89274],[2.368087,48.892958],[2.367963,48.89274]],[[2.368006,48.891827],[2.368499,48.892752],[2.36888,48.893299]],[[2.368015,48.892756],[2.368392,48.893216],[2.368015,48.892756]],[[2.368053,48.892269],[2.368768,48.893348]],[[2.368513,48.893397],[2.368087,48.892958],[2.368173,48.893129],[2.368081,48.893051],[2.368356,48.89349]],[[2.368135,48.892257],[2.368824,48.893314]],[[2.368473,48.893456],[2.368173,48.893129],[2.368375,48.893439]],[[2.368392,48.893216],[2.36857,48.893397]],[[2.388175,48.870599],[2.387257,48.874127],[2.386593,48.877633],[2.386274,48.879935],[2.3861,48.880627]],[[2.388236,48.87057],[2.387305,48.874141],[2.386652,48.877585],[2.386324,48.879941],[2.386158,48.880597]],[[2.390811,48.867559],[2.389568,48.868572]],[[2.390905,48.867541],[2.389657,48.868552]],[[2.402006,48.860106],[2.396223,48.864271],[2.394131,48.8656],[2.390885,48.867506]],[[2.402099,48.860088],[2.396269,48.864288],[2.394165,48.865625],[2.390979,48.867488]],[[2.391923,48.89801],[2.392491,48.89793],[2.392308,48.897927]],[[2.391949,48.898046],[2.392701,48.897932],[2.392308,48.897905]],[[2.392101,48.897753],[2.39339,48.89778],[2.392113,48.897788]],[[2.392107,48.898187],[2.394176,48.898011]],[[2.392124,48.898219],[2.394194,48.898047]],[[2.39213,48.897828],[2.393021,48.897845],[2.392144,48.897867]],[[2.392144,48.897702],[2.393636,48.897737],[2.39339,48.89778],[2.393553,48.897792],[2.392651,48.897904],[2.393968,48.8979],[2.392701,48.897932],[2.39431,48.897947]],[[2.392159,48.897673],[2.39379,48.897711],[2.393636,48.897737],[2.393889,48.897736],[2.393594,48.897785],[2.394139,48.897797]],[[2.394155,48.897875],[2.393215,48.897849],[2.393434,48.897811],[2.39417,48.89783]],[[2.393542,48.897783],[2.394136,48.897783]],[[2.39423,48.897743],[2.39379,48.897711],[2.394203,48.897652]],[[2.393968,48.8979],[2.394241,48.897908]],[[2.394155,48.897715],[2.394019,48.897713],[2.394153,48.897696]],[[2.447555,48.896242],[2.449041,48.896331],[2.448749,48.896362],[2.447819,48.89631]],[[2.447567,48.896325],[2.448602,48.896388],[2.448118,48.896478]],[[2.447933,48.896418],[2.448454,48.89645],[2.448094,48.896512]],[[2.448015,48.896491],[2.448057,48.896478]],[[2.448028,48.896393],[2.449663,48.89652]],[[2.448042,48.896242],[2.449235,48.896312],[2.448734,48.896364],[2.448572,48.896426],[2.449496,48.896484]],[[2.448105,48.896678],[2.449877,48.896668]],[[2.448119,48.896482],[2.449731,48.896582]],[[2.449369,48.896433],[2.448731,48.896396],[2.449247,48.896392]],[[2.449287,48.896346],[2.449219,48.896342],[2.449287,48.896336]],[[2.550744,49.007011],[2.551491,49.007232],[2.554841,49.00854]],[[2.550793,49.006989],[2.551495,49.007195],[2.554889,49.00852]]]}},{"type":"Feature","properties":{"tsmid":"D095000000001","codeligne":"315000","categorie":"7","tampon":"0","ancients":"aucun","tmjatv":null},"geometry":{"type":"MultiLineString","coordinates":[[[1.576586,48.956016],[1.566876,48.952682]],[[1.576624,48.955988],[1.56691,48.952659]],[[1.609915,49.015299],[1.602125,49.02459],[1.600267,49.026904],[1.593319,49.035197],[1.592689,49.035892]],[[1.609979,49.01533],[1.605592,49.020619],[1.602161,49.024653],[1.600372,49.026889],[1.594118,49.034335],[1.592728,49.035915]],[[1.913914,49.006189],[1.91138,49.006284],[1.909423,49.006443],[1.907523,49.006444]],[[1.913922,49.006223],[1.911384,49.006317],[1.909431,49.006476],[1.907531,49.006477]],[[1.936148,49.167098],[1.935941,49.167805]],[[1.936195,49.167119],[1.935988,49.167825]],[[2.034669,49.070647],[2.033524,49.071873]],[[2.034689,49.070686],[2.033575,49.071925]],[[2.062929,49.04699],[2.064039,49.046892],[2.066688,49.046287],[2.067828,49.045884],[2.069167,49.045154],[2.069722,49.044757],[2.07061,49.043882],[2.072779,49.04144],[2.080061,49.036162],[2.083693,49.03388],[2.082413,49.034569],[2.080766,49.03557],[2.079385,49.036493],[2.072696,49.041408],[2.069907,49.044487],[2.069179,49.045057],[2.067918,49.045769],[2.066578,49.046271],[2.063904,49.046871],[2.062494,49.046991]],[[2.083693,49.03388],[2.085809,49.032845],[2.083776,49.033922],[2.082072,49.034918]],[[2.087486,49.031897],[2.083797,49.033823]],[[2.087904,49.031729],[2.085809,49.032845]],[[2.29586,48.884266],[2.297215,48.884992]],[[2.296358,48.884489],[2.297248,48.884964]],[[2.305506,48.89307],[2.304058,48.893946]],[[2.305544,48.893088],[2.304099,48.893965]],[[2.307259,48.89145],[2.311097,48.893148]],[[2.30729,48.891424],[2.311147,48.893128]],[[2.313739,48.893836],[2.314351,48.893963],[2.315023,48.894226],[2.315579,48.89507],[2.316368,48.895954],[2.318907,48.898141]],[[2.313793,48.893812],[2.314365,48.893931],[2.315063,48.894203],[2.315624,48.895055],[2.31641,48.895936],[2.318951,48.898124]],[[2.319358,48.883772],[2.318692,48.884462]],[[2.338216,48.896868],[2.331342,48.895959]],[[2.338227,48.896835],[2.331353,48.895927]],[[2.356145,48.897873],[2.356621,48.898044]],[[2.364515,48.886915],[2.365643,48.888282],[2.36599,48.888789]],[[2.365109,48.887846],[2.365757,48.888943]],[[2.365567,48.888463],[2.365799,48.888876]],[[2.366504,48.892224],[2.367901,48.893511]],[[2.366609,48.892256],[2.368005,48.893544]],[[2.366629,48.892217],[2.368028,48.893502]],[[2.366648,48.892168],[2.368039,48.893458]],[[2.367332,48.892066],[2.367626,48.892509],[2.368064,48.89301],[2.368007,48.892869],[2.367351,48.892015]],[[2.367412,48.892001],[2.367963,48.89274],[2.367895,48.892511],[2.36755,48.891969]],[[2.36748,48.892005],[2.368015,48.892756],[2.367893,48.892508],[2.367745,48.891968]],[[2.367769,48.891915],[2.36797,48.892614],[2.368619,48.893382]],[[2.367827,48.891884],[2.368053,48.892269],[2.367884,48.891928]],[[2.367921,48.89185],[2.368135,48.892257],[2.367935,48.891916]],[[2.367963,48.89274],[2.368087,48.892958],[2.367963,48.89274]],[[2.368006,48.891827],[2.368499,48.892752],[2.36888,48.893299]],[[2.368015,48.892756],[2.368392,48.893216],[2.368015,48.892756]],[[2.368053,48.892269],[2.368768,48.893348]],[[2.368513,48.893397],[2.368087,48.892958],[2.368173,48.893129],[2.368081,48.893051],[2.368356,48.89349]],[[2.368135,48.892257],[2.368824,48.893314]],[[2.368473,48.893456],[2.368173,48.893129],[2.368375,48.893439]],[[2.368392,48.893216],[2.36857,48.893397]],[[2.388175,48.870599],[2.387257,48.874127],[2.386593,48.877633],[2.386274,48.879935],[2.3861,48.880627]],[[2.388236,48.87057],[2.387305,48.874141],[2.386652,48.877585],[2.386324,48.879941],[2.386158,48.880597]],[[2.390811,48.867559],[2.389568,48.868572]],[[2.390905,48.867541],[2.389657,48.868552]],[[2.402006,48.860106],[2.396223,48.864271],[2.394131,48.8656],[2.390885,48.867506]],[[2.402099,48.860088],[2.396269,48.864288],[2.394165,48.865625],[2.390979,48.867488]],[[2.391923,48.89801],[2.392491,48.89793],[2.392308,48.897927]],[[2.391949,48.898046],[2.392701,48.897932],[2.392308,48.897905]],[[2.392101,48.897753],[2.39339,48.89778],[2.392113,48.897788]],[[2.392107,48.898187],[2.394176,48.898011]],[[2.392124,48.898219],[2.394194,48.898047]],[[2.39213,48.897828],[2.393021,48.897845],[2.392144,48.897867]],[[2.392144,48.897702],[2.393636,48.897737],[2.39339,48.89778],[2.393553,48.897792],[2.392651,48.897904],[2.393968,48.8979],[2.392701,48.897932],[2.39431,48.897947]],[[2.392159,48.897673],[2.39379,48.897711],[2.393636,48.897737],[2.393889,48.897736],[2.393594,48.897785],[2.394139,48.897797]],[[2.394155,48.897875],[2.393215,48.897849],[2.393434,48.897811],[2.39417,48.89783]],[[2.393542,48.897783],[2.394136,48.897783]],[[2.39423,48.897743],[2.39379,48.897711],[2.394203,48.897652]],[[2.393968,48.8979],[2.394241,48.897908]],[[2.394155,48.897715],[2.394019,48.897713],[2.394153,48.897696]],[[2.447555,48.896242],[2.449041,48.896331],[2.448749,48.896362],[2.447819,48.89631]],[[2.447567,48.896325],[2.448602,48.896388],[2.448118,48.896478]],[[2.447933,48.896418],[2.448454,48.89645],[2.448094,48.896512]],[[2.448015,48.896491],[2.448057,48.896478]],[[2.448028,48.896393],[2.449663,48.89652]],[[2.448042,48.896242],[2.449235,48.896312],[2.448734,48.896364],[2.448572,48.896426],[2.449496,48.896484]],[[2.448105,48.896678],[2.449877,48.896668]],[[2.448119,48.896482],[2.449731,48.896582]],[[2.449369,48.896433],[2.448731,48.896396],[2.449247,48.896392]],[[2.449287,48.896346],[2.449219,48.896342],[2.449287,48.896336]],[[2.550744,49.007011],[2.551491,49.007232],[2.554841,49.00854]],[[2.550793,49.006989],[2.551495,49.007195],[2.554889,49.00852]]]}},{"type":"Feature","properties":{"tsmid":"D095000000001","codeligne":"325000","categorie":"7","tampon":"0","ancients":"aucun","tmjatv":null},"geometry":{"type":"MultiLineString","coordinates":[[[1.576586,48.956016],[1.566876,48.952682]],[[1.576624,48.955988],[1.56691,48.952659]],[[1.609915,49.015299],[1.602125,49.02459],[1.600267,49.026904],[1.593319,49.035197],[1.592689,49.035892]],[[1.609979,49.01533],[1.605592,49.020619],[1.602161,49.024653],[1.600372,49.026889],[1.594118,49.034335],[1.592728,49.035915]],[[1.913914,49.006189],[1.91138,49.006284],[1.909423,49.006443],[1.907523,49.006444]],[[1.913922,49.006223],[1.911384,49.006317],[1.909431,49.006476],[1.907531,49.006477]],[[1.936148,49.167098],[1.935941,49.167805]],[[1.936195,49.167119],[1.935988,49.167825]],[[2.034669,49.070647],[2.033524,49.071873]],[[2.034689,49.070686],[2.033575,49.071925]],[[2.062929,49.04699],[2.064039,49.046892],[2.066688,49.046287],[2.067828,49.045884],[2.069167,49.045154],[2.069722,49.044757],[2.07061,49.043882],[2.072779,49.04144],[2.080061,49.036162],[2.083693,49.03388],[2.082413,49.034569],[2.080766,49.03557],[2.079385,49.036493],[2.072696,49.041408],[2.069907,49.044487],[2.069179,49.045057],[2.067918,49.045769],[2.066578,49.046271],[2.063904,49.046871],[2.062494,49.046991]],[[2.083693,49.03388],[2.085809,49.032845],[2.083776,49.033922],[2.082072,49.034918]],[[2.087486,49.031897],[2.083797,49.033823]],[[2.087904,49.031729],[2.085809,49.032845]],[[2.29586,48.884266],[2.297215,48.884992]],[[2.296358,48.884489],[2.297248,48.884964]],[[2.305506,48.89307],[2.304058,48.893946]],[[2.305544,48.893088],[2.304099,48.893965]],[[2.307259,48.89145],[2.311097,48.893148]],[[2.30729,48.891424],[2.311147,48.893128]],[[2.313739,48.893836],[2.314351,48.893963],[2.315023,48.894226],[2.315579,48.89507],[2.316368,48.895954],[2.318907,48.898141]],[[2.313793,48.893812],[2.314365,48.893931],[2.315063,48.894203],[2.315624,48.895055],[2.31641,48.895936],[2.318951,48.898124]],[[2.319358,48.883772],[2.318692,48.884462]],[[2.338216,48.896868],[2.331342,48.895959]],[[2.338227,48.896835],[2.331353,48.895927]],[[2.356145,48.897873],[2.356621,48.898044]],[[2.364515,48.886915],[2.365643,48.888282],[2.36599,48.888789]],[[2.365109,48.887846],[2.365757,48.888943]],[[2.365567,48.888463],[2.365799,48.888876]],[[2.366504,48.892224],[2.367901,48.893511]],[[2.366609,48.892256],[2.368005,48.893544]],[[2.366629,48.892217],[2.368028,48.893502]],[[2.366648,48.892168],[2.368039,48.893458]],[[2.367332,48.892066],[2.367626,48.892509],[2.368064,48.89301],[2.368007,48.892869],[2.367351,48.892015]],[[2.367412,48.892001],[2.367963,48.89274],[2.367895,48.892511],[2.36755,48.891969]],[[2.36748,48.892005],[2.368015,48.892756],[2.367893,48.892508],[2.367745,48.891968]],[[2.367769,48.891915],[2.36797,48.892614],[2.368619,48.893382]],[[2.367827,48.891884],[2.368053,48.892269],[2.367884,48.891928]],[[2.367921,48.89185],[2.368135,48.892257],[2.367935,48.891916]],[[2.367963,48.89274],[2.368087,48.892958],[2.367963,48.89274]],[[2.368006,48.891827],[2.368499,48.892752],[2.36888,48.893299]],[[2.368015,48.892756],[2.368392,48.893216],[2.368015,48.892756]],[[2.368053,48.892269],[2.368768,48.893348]],[[2.368513,48.893397],[2.368087,48.892958],[2.368173,48.893129],[2.368081,48.893051],[2.368356,48.89349]],[[2.368135,48.892257],[2.368824,48.893314]],[[2.368473,48.893456],[2.368173,48.893129],[2.368375,48.893439]],[[2.368392,48.893216],[2.36857,48.893397]],[[2.388175,48.870599],[2.387257,48.874127],[2.386593,48.877633],[2.386274,48.879935],[2.3861,48.880627]],[[2.388236,48.87057],[2.387305,48.874141],[2.386652,48.877585],[2.386324,48.879941],[2.386158,48.880597]],[[2.390811,48.867559],[2.389568,48.868572]],[[2.390905,48.867541],[2.389657,48.868552]],[[2.402006,48.860106],[2.396223,48.864271],[2.394131,48.8656],[2.390885,48.867506]],[[2.402099,48.860088],[2.396269,48.864288],[2.394165,48.865625],[2.390979,48.867488]],[[2.391923,48.89801],[2.392491,48.89793],[2.392308,48.897927]],[[2.391949,48.898046],[2.392701,48.897932],[2.392308,48.897905]],[[2.392101,48.897753],[2.39339,48.89778],[2.392113,48.897788]],[[2.392107,48.898187],[2.394176,48.898011]],[[2.392124,48.898219],[2.394194,48.898047]],[[2.39213,48.897828],[2.393021,48.897845],[2.392144,48.897867]],[[2.392144,48.897702],[2.393636,48.897737],[2.39339,48.89778],[2.393553,48.897792],[2.392651,48.897904],[2.393968,48.8979],[2.392701,48.897932],[2.39431,48.897947]],[[2.392159,48.897673],[2.39379,48.897711],[2.393636,48.897737],[2.393889,48.897736],[2.393594,48.897785],[2.394139,48.897797]],[[2.394155,48.897875],[2.393215,48.897849],[2.393434,48.897811],[2.39417,48.89783]],[[2.393542,48.897783],[2.394136,48.897783]],[[2.39423,48.897743],[2.39379,48.897711],[2.394203,48.897652]],[[2.393968,48.8979],[2.394241,48.897908]],[[2.394155,48.897715],[2.394019,48.897713],[2.394153,48.897696]],[[2.447555,48.896242],[2.449041,48.896331],[2.448749,48.896362],[2.447819,48.89631]],[[2.447567,48.896325],[2.448602,48.896388],[2.448118,48.896478]],[[2.447933,48.896418],[2.448454,48.89645],[2.448094,48.896512]],[[2.448015,48.896491],[2.448057,48.896478]],[[2.448028,48.896393],[2.449663,48.89652]],[[2.448042,48.896242],[2.449235,48.896312],[2.448734,48.896364],[2.448572,48.896426],[2.449496,48.896484]],[[2.448105,48.896678],[2.449877,48.896668]],[[2.448119,48.896482],[2.449731,48.896582]],[[2.449369,48.896433],[2.448731,48.896396],[2.449247,48.896392]],[[2.449287,48.896346],[2.449219,48.896342],[2.449287,48.896336]],[[2.550744,49.007011],[2.551491,49.007232],[2.554841,49.00854]],[[2.550793,49.006989],[2.551495,49.007195],[2.554889,49.00852]]]}},{"type":"Feature","properties":{"tsmid":"D095000000001","codeligne":"326000","categorie":"7","tampon":"0","ancients":"aucun","tmjatv":null},"geometry":{"type":"MultiLineString","coordinates":[[[1.576586,48.956016],[1.566876,48.952682]],[[1.576624,48.955988],[1.56691,48.952659]],[[1.609915,49.015299],[1.602125,49.02459],[1.600267,49.026904],[1.593319,49.035197],[1.592689,49.035892]],[[1.609979,49.01533],[1.605592,49.020619],[1.602161,49.024653],[1.600372,49.026889],[1.594118,49.034335],[1.592728,49.035915]],[[1.913914,49.006189],[1.91138,49.006284],[1.909423,49.006443],[1.907523,49.006444]],[[1.913922,49.006223],[1.911384,49.006317],[1.909431,49.006476],[1.907531,49.006477]],[[1.936148,49.167098],[1.935941,49.167805]],[[1.936195,49.167119],[1.935988,49.167825]],[[2.034669,49.070647],[2.033524,49.071873]],[[2.034689,49.070686],[2.033575,49.071925]],[[2.062929,49.04699],[2.064039,49.046892],[2.066688,49.046287],[2.067828,49.045884],[2.069167,49.045154],[2.069722,49.044757],[2.07061,49.043882],[2.072779,49.04144],[2.080061,49.036162],[2.083693,49.03388],[2.082413,49.034569],[2.080766,49.03557],[2.079385,49.036493],[2.072696,49.041408],[2.069907,49.044487],[2.069179,49.045057],[2.067918,49.045769],[2.066578,49.046271],[2.063904,49.046871],[2.062494,49.046991]],[[2.083693,49.03388],[2.085809,49.032845],[2.083776,49.033922],[2.082072,49.034918]],[[2.087486,49.031897],[2.083797,49.033823]],[[2.087904,49.031729],[2.085809,49.032845]],[[2.29586,48.884266],[2.297215,48.884992]],[[2.296358,48.884489],[2.297248,48.884964]],[[2.305506,48.89307],[2.304058,48.893946]],[[2.305544,48.893088],[2.304099,48.893965]],[[2.307259,48.89145],[2.311097,48.893148]],[[2.30729,48.891424],[2.311147,48.893128]],[[2.313739,48.893836],[2.314351,48.893963],[2.315023,48.894226],[2.315579,48.89507],[2.316368,48.895954],[2.318907,48.898141]],[[2.313793,48.893812],[2.314365,48.893931],[2.315063,48.894203],[2.315624,48.895055],[2.31641,48.895936],[2.318951,48.898124]],[[2.319358,48.883772],[2.318692,48.884462]],[[2.338216,48.896868],[2.331342,48.895959]],[[2.338227,48.896835],[2.331353,48.895927]],[[2.356145,48.897873],[2.356621,48.898044]],[[2.364515,48.886915],[2.365643,48.888282],[2.36599,48.888789]],[[2.365109,48.887846],[2.365757,48.888943]],[[2.365567,48.888463],[2.365799,48.888876]],[[2.366504,48.892224],[2.367901,48.893511]],[[2.366609,48.892256],[2.368005,48.893544]],[[2.366629,48.892217],[2.368028,48.893502]],[[2.366648,48.892168],[2.368039,48.893458]],[[2.367332,48.892066],[2.367626,48.892509],[2.368064,48.89301],[2.368007,48.892869],[2.367351,48.892015]],[[2.367412,48.892001],[2.367963,48.89274],[2.367895,48.892511],[2.36755,48.891969]],[[2.36748,48.892005],[2.368015,48.892756],[2.367893,48.892508],[2.367745,48.891968]],[[2.367769,48.891915],[2.36797,48.892614],[2.368619,48.893382]],[[2.367827,48.891884],[2.368053,48.892269],[2.367884,48.891928]],[[2.367921,48.89185],[2.368135,48.892257],[2.367935,48.891916]],[[2.367963,48.89274],[2.368087,48.892958],[2.367963,48.89274]],[[2.368006,48.891827],[2.368499,48.892752],[2.36888,48.893299]],[[2.368015,48.892756],[2.368392,48.893216],[2.368015,48.892756]],[[2.368053,48.892269],[2.368768,48.893348]],[[2.368513,48.893397],[2.368087,48.892958],[2.368173,48.893129],[2.368081,48.893051],[2.368356,48.89349]],[[2.368135,48.892257],[2.368824,48.893314]],[[2.368473,48.893456],[2.368173,48.893129],[2.368375,48.893439]],[[2.368392,48.893216],[2.36857,48.893397]],[[2.388175,48.870599],[2.387257,48.874127],[2.386593,48.877633],[2.386274,48.879935],[2.3861,48.880627]],[[2.388236,48.87057],[2.387305,48.874141],[2.386652,48.877585],[2.386324,48.879941],[2.386158,48.880597]],[[2.390811,48.867559],[2.389568,48.868572]],[[2.390905,48.867541],[2.389657,48.868552]],[[2.402006,48.860106],[2.396223,48.864271],[2.394131,48.8656],[2.390885,48.867506]],[[2.402099,48.860088],[2.396269,48.864288],[2.394165,48.865625],[2.390979,48.867488]],[[2.391923,48.89801],[2.392491,48.89793],[2.392308,48.897927]],[[2.391949,48.898046],[2.392701,48.897932],[2.392308,48.897905]],[[2.392101,48.897753],[2.39339,48.89778],[2.392113,48.897788]],[[2.392107,48.898187],[2.394176,48.898011]],[[2.392124,48.898219],[2.394194,48.898047]],[[2.39213,48.897828],[2.393021,48.897845],[2.392144,48.897867]],[[2.392144,48.897702],[2.393636,48.897737],[2.39339,48.89778],[2.393553,48.897792],[2.392651,48.897904],[2.393968,48.8979],[2.392701,48.897932],[2.39431,48.897947]],[[2.392159,48.897673],[2.39379,48.897711],[2.393636,48.897737],[2.393889,48.897736],[2.393594,48.897785],[2.394139,48.897797]],[[2.394155,48.897875],[2.393215,48.897849],[2.393434,48.897811],[2.39417,48.89783]],[[2.393542,48.897783],[2.394136,48.897783]],[[2.39423,48.897743],[2.39379,48.897711],[2.394203,48.897652]],[[2.393968,48.8979],[2.394241,48.897908]],[[2.394155,48.897715],[2.394019,48.897713],[2.394153,48.897696]],[[2.447555,48.896242],[2.449041,48.896331],[2.448749,48.896362],[2.447819,48.89631]],[[2.447567,48.896325],[2.448602,48.896388],[2.448118,48.896478]],[[2.447933,48.896418],[2.448454,48.89645],[2.448094,48.896512]],[[2.448015,48.896491],[2.448057,48.896478]],[[2.448028,48.896393],[2.449663,48.89652]],[[2.448042,48.896242],[2.449235,48.896312],[2.448734,48.896364],[2.448572,48.896426],[2.449496,48.896484]],[[2.448105,48.896678],[2.449877,48.896668]],[[2.448119,48.896482],[2.449731,48.896582]],[[2.449369,48.896433],[2.448731,48.896396],[2.449247,48.896392]],[[2.449287,48.896346],[2.449219,48.896342],[2.449287,48.896336]],[[2.550744,49.007011],[2.551491,49.007232],[2.554841,49.00854]],[[2.550793,49.006989],[2.551495,49.007195],[2.554889,49.00852]]]}},{"type":"Feature","properties":{"tsmid":"D095000000001","codeligne":"328000","categorie":"7","tampon":"0","ancients":"aucun","tmjatv":null},"geometry":{"type":"MultiLineString","coordinates":[[[1.576586,48.956016],[1.566876,48.952682]],[[1.576624,48.955988],[1.56691,48.952659]],[[1.609915,49.015299],[1.602125,49.02459],[1.600267,49.026904],[1.593319,49.035197],[1.592689,49.035892]],[[1.609979,49.01533],[1.605592,49.020619],[1.602161,49.024653],[1.600372,49.026889],[1.594118,49.034335],[1.592728,49.035915]],[[1.913914,49.006189],[1.91138,49.006284],[1.909423,49.006443],[1.907523,49.006444]],[[1.913922,49.006223],[1.911384,49.006317],[1.909431,49.006476],[1.907531,49.006477]],[[1.936148,49.167098],[1.935941,49.167805]],[[1.936195,49.167119],[1.935988,49.167825]],[[2.034669,49.070647],[2.033524,49.071873]],[[2.034689,49.070686],[2.033575,49.071925]],[[2.062929,49.04699],[2.064039,49.046892],[2.066688,49.046287],[2.067828,49.045884],[2.069167,49.045154],[2.069722,49.044757],[2.07061,49.043882],[2.072779,49.04144],[2.080061,49.036162],[2.083693,49.03388],[2.082413,49.034569],[2.080766,49.03557],[2.079385,49.036493],[2.072696,49.041408],[2.069907,49.044487],[2.069179,49.045057],[2.067918,49.045769],[2.066578,49.046271],[2.063904,49.046871],[2.062494,49.046991]],[[2.083693,49.03388],[2.085809,49.032845],[2.083776,49.033922],[2.082072,49.034918]],[[2.087486,49.031897],[2.083797,49.033823]],[[2.087904,49.031729],[2.085809,49.032845]],[[2.29586,48.884266],[2.297215,48.884992]],[[2.296358,48.884489],[2.297248,48.884964]],[[2.305506,48.89307],[2.304058,48.893946]],[[2.305544,48.893088],[2.304099,48.893965]],[[2.307259,48.89145],[2.311097,48.893148]],[[2.30729,48.891424],[2.311147,48.893128]],[[2.313739,48.893836],[2.314351,48.893963],[2.315023,48.894226],[2.315579,48.89507],[2.316368,48.895954],[2.318907,48.898141]],[[2.313793,48.893812],[2.314365,48.893931],[2.315063,48.894203],[2.315624,48.895055],[2.31641,48.895936],[2.318951,48.898124]],[[2.319358,48.883772],[2.318692,48.884462]],[[2.338216,48.896868],[2.331342,48.895959]],[[2.338227,48.896835],[2.331353,48.895927]],[[2.356145,48.897873],[2.356621,48.898044]],[[2.364515,48.886915],[2.365643,48.888282],[2.36599,48.888789]],[[2.365109,48.887846],[2.365757,48.888943]],[[2.365567,48.888463],[2.365799,48.888876]],[[2.366504,48.892224],[2.367901,48.893511]],[[2.366609,48.892256],[2.368005,48.893544]],[[2.366629,48.892217],[2.368028,48.893502]],[[2.366648,48.892168],[2.368039,48.893458]],[[2.367332,48.892066],[2.367626,48.892509],[2.368064,48.89301],[2.368007,48.892869],[2.367351,48.892015]],[[2.367412,48.892001],[2.367963,48.89274],[2.367895,48.892511],[2.36755,48.891969]],[[2.36748,48.892005],[2.368015,48.892756],[2.367893,48.892508],[2.367745,48.891968]],[[2.367769,48.891915],[2.36797,48.892614],[2.368619,48.893382]],[[2.367827,48.891884],[2.368053,48.892269],[2.367884,48.891928]],[[2.367921,48.89185],[2.368135,48.892257],[2.367935,48.891916]],[[2.367963,48.89274],[2.368087,48.892958],[2.367963,48.89274]],[[2.368006,48.891827],[2.368499,48.892752],[2.36888,48.893299]],[[2.368015,48.892756],[2.368392,48.893216],[2.368015,48.892756]],[[2.368053,48.892269],[2.368768,48.893348]],[[2.368513,48.893397],[2.368087,48.892958],[2.368173,48.893129],[2.368081,48.893051],[2.368356,48.89349]],[[2.368135,48.892257],[2.368824,48.893314]],[[2.368473,48.893456],[2.368173,48.893129],[2.368375,48.893439]],[[2.368392,48.893216],[2.36857,48.893397]],[[2.388175,48.870599],[2.387257,48.874127],[2.386593,48.877633],[2.386274,48.879935],[2.3861,48.880627]],[[2.388236,48.87057],[2.387305,48.874141],[2.386652,48.877585],[2.386324,48.879941],[2.386158,48.880597]],[[2.390811,48.867559],[2.389568,48.868572]],[[2.390905,48.867541],[2.389657,48.868552]],[[2.402006,48.860106],[2.396223,48.864271],[2.394131,48.8656],[2.390885,48.867506]],[[2.402099,48.860088],[2.396269,48.864288],[2.394165,48.865625],[2.390979,48.867488]],[[2.391923,48.89801],[2.392491,48.89793],[2.392308,48.897927]],[[2.391949,48.898046],[2.392701,48.897932],[2.392308,48.897905]],[[2.392101,48.897753],[2.39339,48.89778],[2.392113,48.897788]],[[2.392107,48.898187],[2.394176,48.898011]],[[2.392124,48.898219],[2.394194,48.898047]],[[2.39213,48.897828],[2.393021,48.897845],[2.392144,48.897867]],[[2.392144,48.897702],[2.393636,48.897737],[2.39339,48.89778],[2.393553,48.897792],[2.392651,48.897904],[2.393968,48.8979],[2.392701,48.897932],[2.39431,48.897947]],[[2.392159,48.897673],[2.39379,48.897711],[2.393636,48.897737],[2.393889,48.897736],[2.393594,48.897785],[2.394139,48.897797]],[[2.394155,48.897875],[2.393215,48.897849],[2.393434,48.897811],[2.39417,48.89783]],[[2.393542,48.897783],[2.394136,48.897783]],[[2.39423,48.897743],[2.39379,48.897711],[2.394203,48.897652]],[[2.393968,48.8979],[2.394241,48.897908]],[[2.394155,48.897715],[2.394019,48.897713],[2.394153,48.897696]],[[2.447555,48.896242],[2.449041,48.896331],[2.448749,48.896362],[2.447819,48.89631]],[[2.447567,48.896325],[2.448602,48.896388],[2.448118,48.896478]],[[2.447933,48.896418],[2.448454,48.89645],[2.448094,48.896512]],[[2.448015,48.896491],[2.448057,48.896478]],[[2.448028,48.896393],[2.449663,48.89652]],[[2.448042,48.896242],[2.449235,48.896312],[2.448734,48.896364],[2.448572,48.896426],[2.449496,48.896484]],[[2.448105,48.896678],[2.449877,48.896668]],[[2.448119,48.896482],[2.449731,48.896582]],[[2.449369,48.896433],[2.448731,48.896396],[2.449247,48.896392]],[[2.449287,48.896346],[2.449219,48.896342],[2.449287,48.896336]],[[2.550744,49.007011],[2.551491,49.007232],[2.554841,49.00854]],[[2.550793,49.006989],[2.551495,49.007195],[2.554889,49.00852]]]}},{"type":"Feature","properties":{"tsmid":"D095000000001","codeligne":"329000","categorie":"7","tampon":"0","ancients":"aucun","tmjatv":null},"geometry":{"type":"MultiLineString","coordinates":[[[1.576586,48.956016],[1.566876,48.952682]],[[1.576624,48.955988],[1.56691,48.952659]],[[1.609915,49.015299],[1.602125,49.02459],[1.600267,49.026904],[1.593319,49.035197],[1.592689,49.035892]],[[1.609979,49.01533],[1.605592,49.020619],[1.602161,49.024653],[1.600372,49.026889],[1.594118,49.034335],[1.592728,49.035915]],[[1.913914,49.006189],[1.91138,49.006284],[1.909423,49.006443],[1.907523,49.006444]],[[1.913922,49.006223],[1.911384,49.006317],[1.909431,49.006476],[1.907531,49.006477]],[[1.936148,49.167098],[1.935941,49.167805]],[[1.936195,49.167119],[1.935988,49.167825]],[[2.034669,49.070647],[2.033524,49.071873]],[[2.034689,49.070686],[2.033575,49.071925]],[[2.062929,49.04699],[2.064039,49.046892],[2.066688,49.046287],[2.067828,49.045884],[2.069167,49.045154],[2.069722,49.044757],[2.07061,49.043882],[2.072779,49.04144],[2.080061,49.036162],[2.083693,49.03388],[2.082413,49.034569],[2.080766,49.03557],[2.079385,49.036493],[2.072696,49.041408],[2.069907,49.044487],[2.069179,49.045057],[2.067918,49.045769],[2.066578,49.046271],[2.063904,49.046871],[2.062494,49.046991]],[[2.083693,49.03388],[2.085809,49.032845],[2.083776,49.033922],[2.082072,49.034918]],[[2.087486,49.031897],[2.083797,49.033823]],[[2.087904,49.031729],[2.085809,49.032845]],[[2.29586,48.884266],[2.297215,48.884992]],[[2.296358,48.884489],[2.297248,48.884964]],[[2.305506,48.89307],[2.304058,48.893946]],[[2.305544,48.893088],[2.304099,48.893965]],[[2.307259,48.89145],[2.311097,48.893148]],[[2.30729,48.891424],[2.311147,48.893128]],[[2.313739,48.893836],[2.314351,48.893963],[2.315023,48.894226],[2.315579,48.89507],[2.316368,48.895954],[2.318907,48.898141]],[[2.313793,48.893812],[2.314365,48.893931],[2.315063,48.894203],[2.315624,48.895055],[2.31641,48.895936],[2.318951,48.898124]],[[2.319358,48.883772],[2.318692,48.884462]],[[2.338216,48.896868],[2.331342,48.895959]],[[2.338227,48.896835],[2.331353,48.895927]],[[2.356145,48.897873],[2.356621,48.898044]],[[2.364515,48.886915],[2.365643,48.888282],[2.36599,48.888789]],[[2.365109,48.887846],[2.365757,48.888943]],[[2.365567,48.888463],[2.365799,48.888876]],[[2.366504,48.892224],[2.367901,48.893511]],[[2.366609,48.892256],[2.368005,48.893544]],[[2.366629,48.892217],[2.368028,48.893502]],[[2.366648,48.892168],[2.368039,48.893458]],[[2.367332,48.892066],[2.367626,48.892509],[2.368064,48.89301],[2.368007,48.892869],[2.367351,48.892015]],[[2.367412,48.892001],[2.367963,48.89274],[2.367895,48.892511],[2.36755,48.891969]],[[2.36748,48.892005],[2.368015,48.892756],[2.367893,48.892508],[2.367745,48.891968]],[[2.367769,48.891915],[2.36797,48.892614],[2.368619,48.893382]],[[2.367827,48.891884],[2.368053,48.892269],[2.367884,48.891928]],[[2.367921,48.89185],[2.368135,48.892257],[2.367935,48.891916]],[[2.367963,48.89274],[2.368087,48.892958],[2.367963,48.89274]],[[2.368006,48.891827],[2.368499,48.892752],[2.36888,48.893299]],[[2.368015,48.892756],[2.368392,48.893216],[2.368015,48.892756]],[[2.368053,48.892269],[2.368768,48.893348]],[[2.368513,48.893397],[2.368087,48.892958],[2.368173,48.893129],[2.368081,48.893051],[2.368356,48.89349]],[[2.368135,48.892257],[2.368824,48.893314]],[[2.368473,48.893456],[2.368173,48.893129],[2.368375,48.893439]],[[2.368392,48.893216],[2.36857,48.893397]],[[2.388175,48.870599],[2.387257,48.874127],[2.386593,48.877633],[2.386274,48.879935],[2.3861,48.880627]],[[2.388236,48.87057],[2.387305,48.874141],[2.386652,48.877585],[2.386324,48.879941],[2.386158,48.880597]],[[2.390811,48.867559],[2.389568,48.868572]],[[2.390905,48.867541],[2.389657,48.868552]],[[2.402006,48.860106],[2.396223,48.864271],[2.394131,48.8656],[2.390885,48.867506]],[[2.402099,48.860088],[2.396269,48.864288],[2.394165,48.865625],[2.390979,48.867488]],[[2.391923,48.89801],[2.392491,48.89793],[2.392308,48.897927]],[[2.391949,48.898046],[2.392701,48.897932],[2.392308,48.897905]],[[2.392101,48.897753],[2.39339,48.89778],[2.392113,48.897788]],[[2.392107,48.898187],[2.394176,48.898011]],[[2.392124,48.898219],[2.394194,48.898047]],[[2.39213,48.897828],[2.393021,48.897845],[2.392144,48.897867]],[[2.392144,48.897702],[2.393636,48.897737],[2.39339,48.89778],[2.393553,48.897792],[2.392651,48.897904],[2.393968,48.8979],[2.392701,48.897932],[2.39431,48.897947]],[[2.392159,48.897673],[2.39379,48.897711],[2.393636,48.897737],[2.393889,48.897736],[2.393594,48.897785],[2.394139,48.897797]],[[2.394155,48.897875],[2.393215,48.897849],[2.393434,48.897811],[2.39417,48.89783]],[[2.393542,48.897783],[2.394136,48.897783]],[[2.39423,48.897743],[2.39379,48.897711],[2.394203,48.897652]],[[2.393968,48.8979],[2.394241,48.897908]],[[2.394155,48.897715],[2.394019,48.897713],[2.394153,48.897696]],[[2.447555,48.896242],[2.449041,48.896331],[2.448749,48.896362],[2.447819,48.89631]],[[2.447567,48.896325],[2.448602,48.896388],[2.448118,48.896478]],[[2.447933,48.896418],[2.448454,48.89645],[2.448094,48.896512]],[[2.448015,48.896491],[2.448057,48.896478]],[[2.448028,48.896393],[2.449663,48.89652]],[[2.448042,48.896242],[2.449235,48.896312],[2.448734,48.896364],[2.448572,48.896426],[2.449496,48.896484]],[[2.448105,48.896678],[2.449877,48.896668]],[[2.448119,48.896482],[2.449731,48.896582]],[[2.449369,48.896433],[2.448731,48.896396],[2.449247,48.896392]],[[2.449287,48.896346],[2.449219,48.896342],[2.449287,48.896336]],[[2.550744,49.007011],[2.551491,49.007232],[2.554841,49.00854]],[[2.550793,49.006989],[2.551495,49.007195],[2.554889,49.00852]]]}},{"type":"Feature","properties":{"tsmid":"D095000000001","codeligne":"330000","categorie":"7","tampon":"0","ancients":"aucun","tmjatv":null},"geometry":{"type":"MultiLineString","coordinates":[[[1.576586,48.956016],[1.566876,48.952682]],[[1.576624,48.955988],[1.56691,48.952659]],[[1.609915,49.015299],[1.602125,49.02459],[1.600267,49.026904],[1.593319,49.035197],[1.592689,49.035892]],[[1.609979,49.01533],[1.605592,49.020619],[1.602161,49.024653],[1.600372,49.026889],[1.594118,49.034335],[1.592728,49.035915]],[[1.913914,49.006189],[1.91138,49.006284],[1.909423,49.006443],[1.907523,49.006444]],[[1.913922,49.006223],[1.911384,49.006317],[1.909431,49.006476],[1.907531,49.006477]],[[1.936148,49.167098],[1.935941,49.167805]],[[1.936195,49.167119],[1.935988,49.167825]],[[2.034669,49.070647],[2.033524,49.071873]],[[2.034689,49.070686],[2.033575,49.071925]],[[2.062929,49.04699],[2.064039,49.046892],[2.066688,49.046287],[2.067828,49.045884],[2.069167,49.045154],[2.069722,49.044757],[2.07061,49.043882],[2.072779,49.04144],[2.080061,49.036162],[2.083693,49.03388],[2.082413,49.034569],[2.080766,49.03557],[2.079385,49.036493],[2.072696,49.041408],[2.069907,49.044487],[2.069179,49.045057],[2.067918,49.045769],[2.066578,49.046271],[2.063904,49.046871],[2.062494,49.046991]],[[2.083693,49.03388],[2.085809,49.032845],[2.083776,49.033922],[2.082072,49.034918]],[[2.087486,49.031897],[2.083797,49.033823]],[[2.087904,49.031729],[2.085809,49.032845]],[[2.29586,48.884266],[2.297215,48.884992]],[[2.296358,48.884489],[2.297248,48.884964]],[[2.305506,48.89307],[2.304058,48.893946]],[[2.305544,48.893088],[2.304099,48.893965]],[[2.307259,48.89145],[2.311097,48.893148]],[[2.30729,48.891424],[2.311147,48.893128]],[[2.313739,48.893836],[2.314351,48.893963],[2.315023,48.894226],[2.315579,48.89507],[2.316368,48.895954],[2.318907,48.898141]],[[2.313793,48.893812],[2.314365,48.893931],[2.315063,48.894203],[2.315624,48.895055],[2.31641,48.895936],[2.318951,48.898124]],[[2.319358,48.883772],[2.318692,48.884462]],[[2.338216,48.896868],[2.331342,48.895959]],[[2.338227,48.896835],[2.331353,48.895927]],[[2.356145,48.897873],[2.356621,48.898044]],[[2.364515,48.886915],[2.365643,48.888282],[2.36599,48.888789]],[[2.365109,48.887846],[2.365757,48.888943]],[[2.365567,48.888463],[2.365799,48.888876]],[[2.366504,48.892224],[2.367901,48.893511]],[[2.366609,48.892256],[2.368005,48.893544]],[[2.366629,48.892217],[2.368028,48.893502]],[[2.366648,48.892168],[2.368039,48.893458]],[[2.367332,48.892066],[2.367626,48.892509],[2.368064,48.89301],[2.368007,48.892869],[2.367351,48.892015]],[[2.367412,48.892001],[2.367963,48.89274],[2.367895,48.892511],[2.36755,48.891969]],[[2.36748,48.892005],[2.368015,48.892756],[2.367893,48.892508],[2.367745,48.891968]],[[2.367769,48.891915],[2.36797,48.892614],[2.368619,48.893382]],[[2.367827,48.891884],[2.368053,48.892269],[2.367884,48.891928]],[[2.367921,48.89185],[2.368135,48.892257],[2.367935,48.891916]],[[2.367963,48.89274],[2.368087,48.892958],[2.367963,48.89274]],[[2.368006,48.891827],[2.368499,48.892752],[2.36888,48.893299]],[[2.368015,48.892756],[2.368392,48.893216],[2.368015,48.892756]],[[2.368053,48.892269],[2.368768,48.893348]],[[2.368513,48.893397],[2.368087,48.892958],[2.368173,48.893129],[2.368081,48.893051],[2.368356,48.89349]],[[2.368135,48.892257],[2.368824,48.893314]],[[2.368473,48.893456],[2.368173,48.893129],[2.368375,48.893439]],[[2.368392,48.893216],[2.36857,48.893397]],[[2.388175,48.870599],[2.387257,48.874127],[2.386593,48.877633],[2.386274,48.879935],[2.3861,48.880627]],[[2.388236,48.87057],[2.387305,48.874141],[2.386652,48.877585],[2.386324,48.879941],[2.386158,48.880597]],[[2.390811,48.867559],[2.389568,48.868572]],[[2.390905,48.867541],[2.389657,48.868552]],[[2.402006,48.860106],[2.396223,48.864271],[2.394131,48.8656],[2.390885,48.867506]],[[2.402099,48.860088],[2.396269,48.864288],[2.394165,48.865625],[2.390979,48.867488]],[[2.391923,48.89801],[2.392491,48.89793],[2.392308,48.897927]],[[2.391949,48.898046],[2.392701,48.897932],[2.392308,48.897905]],[[2.392101,48.897753],[2.39339,48.89778],[2.392113,48.897788]],[[2.392107,48.898187],[2.394176,48.898011]],[[2.392124,48.898219],[2.394194,48.898047]],[[2.39213,48.897828],[2.393021,48.897845],[2.392144,48.897867]],[[2.392144,48.897702],[2.393636,48.897737],[2.39339,48.89778],[2.393553,48.897792],[2.392651,48.897904],[2.393968,48.8979],[2.392701,48.897932],[2.39431,48.897947]],[[2.392159,48.897673],[2.39379,48.897711],[2.393636,48.897737],[2.393889,48.897736],[2.393594,48.897785],[2.394139,48.897797]],[[2.394155,48.897875],[2.393215,48.897849],[2.393434,48.897811],[2.39417,48.89783]],[[2.393542,48.897783],[2.394136,48.897783]],[[2.39423,48.897743],[2.39379,48.897711],[2.394203,48.897652]],[[2.393968,48.8979],[2.394241,48.897908]],[[2.394155,48.897715],[2.394019,48.897713],[2.394153,48.897696]],[[2.447555,48.896242],[2.449041,48.896331],[2.448749,48.896362],[2.447819,48.89631]],[[2.447567,48.896325],[2.448602,48.896388],[2.448118,48.896478]],[[2.447933,48.896418],[2.448454,48.89645],[2.448094,48.896512]],[[2.448015,48.896491],[2.448057,48.896478]],[[2.448028,48.896393],[2.449663,48.89652]],[[2.448042,48.896242],[2.449235,48.896312],[2.448734,48.896364],[2.448572,48.896426],[2.449496,48.896484]],[[2.448105,48.896678],[2.449877,48.896668]],[[2.448119,48.896482],[2.449731,48.896582]],[[2.449369,48.896433],[2.448731,48.896396],[2.449247,48.896392]],[[2.449287,48.896346],[2.449219,48.896342],[2.449287,48.896336]],[[2.550744,49.007011],[2.551491,49.007232],[2.554841,49.00854]],[[2.550793,49.006989],[2.551495,49.007195],[2.554889,49.00852]]]}},{"type":"Feature","properties":{"tsmid":"D095000000001","codeligne":"331300","categorie":"7","tampon":"0","ancients":"aucun","tmjatv":null},"geometry":{"type":"MultiLineString","coordinates":[[[1.576586,48.956016],[1.566876,48.952682]],[[1.576624,48.955988],[1.56691,48.952659]],[[1.609915,49.015299],[1.602125,49.02459],[1.600267,49.026904],[1.593319,49.035197],[1.592689,49.035892]],[[1.609979,49.01533],[1.605592,49.020619],[1.602161,49.024653],[1.600372,49.026889],[1.594118,49.034335],[1.592728,49.035915]],[[1.913914,49.006189],[1.91138,49.006284],[1.909423,49.006443],[1.907523,49.006444]],[[1.913922,49.006223],[1.911384,49.006317],[1.909431,49.006476],[1.907531,49.006477]],[[1.936148,49.167098],[1.935941,49.167805]],[[1.936195,49.167119],[1.935988,49.167825]],[[2.034669,49.070647],[2.033524,49.071873]],[[2.034689,49.070686],[2.033575,49.071925]],[[2.062929,49.04699],[2.064039,49.046892],[2.066688,49.046287],[2.067828,49.045884],[2.069167,49.045154],[2.069722,49.044757],[2.07061,49.043882],[2.072779,49.04144],[2.080061,49.036162],[2.083693,49.03388],[2.082413,49.034569],[2.080766,49.03557],[2.079385,49.036493],[2.072696,49.041408],[2.069907,49.044487],[2.069179,49.045057],[2.067918,49.045769],[2.066578,49.046271],[2.063904,49.046871],[2.062494,49.046991]],[[2.083693,49.03388],[2.085809,49.032845],[2.083776,49.033922],[2.082072,49.034918]],[[2.087486,49.031897],[2.083797,49.033823]],[[2.087904,49.031729],[2.085809,49.032845]],[[2.29586,48.884266],[2.297215,48.884992]],[[2.296358,48.884489],[2.297248,48.884964]],[[2.305506,48.89307],[2.304058,48.893946]],[[2.305544,48.893088],[2.304099,48.893965]],[[2.307259,48.89145],[2.311097,48.893148]],[[2.30729,48.891424],[2.311147,48.893128]],[[2.313739,48.893836],[2.314351,48.893963],[2.315023,48.894226],[2.315579,48.89507],[2.316368,48.895954],[2.318907,48.898141]],[[2.313793,48.893812],[2.314365,48.893931],[2.315063,48.894203],[2.315624,48.895055],[2.31641,48.895936],[2.318951,48.898124]],[[2.319358,48.883772],[2.318692,48.884462]],[[2.338216,48.896868],[2.331342,48.895959]],[[2.338227,48.896835],[2.331353,48.895927]],[[2.356145,48.897873],[2.356621,48.898044]],[[2.364515,48.886915],[2.365643,48.888282],[2.36599,48.888789]],[[2.365109,48.887846],[2.365757,48.888943]],[[2.365567,48.888463],[2.365799,48.888876]],[[2.366504,48.892224],[2.367901,48.893511]],[[2.366609,48.892256],[2.368005,48.893544]],[[2.366629,48.892217],[2.368028,48.893502]],[[2.366648,48.892168],[2.368039,48.893458]],[[2.367332,48.892066],[2.367626,48.892509],[2.368064,48.89301],[2.368007,48.892869],[2.367351,48.892015]],[[2.367412,48.892001],[2.367963,48.89274],[2.367895,48.892511],[2.36755,48.891969]],[[2.36748,48.892005],[2.368015,48.892756],[2.367893,48.892508],[2.367745,48.891968]],[[2.367769,48.891915],[2.36797,48.892614],[2.368619,48.893382]],[[2.367827,48.891884],[2.368053,48.892269],[2.367884,48.891928]],[[2.367921,48.89185],[2.368135,48.892257],[2.367935,48.891916]],[[2.367963,48.89274],[2.368087,48.892958],[2.367963,48.89274]],[[2.368006,48.891827],[2.368499,48.892752],[2.36888,48.893299]],[[2.368015,48.892756],[2.368392,48.893216],[2.368015,48.892756]],[[2.368053,48.892269],[2.368768,48.893348]],[[2.368513,48.893397],[2.368087,48.892958],[2.368173,48.893129],[2.368081,48.893051],[2.368356,48.89349]],[[2.368135,48.892257],[2.368824,48.893314]],[[2.368473,48.893456],[2.368173,48.893129],[2.368375,48.893439]],[[2.368392,48.893216],[2.36857,48.893397]],[[2.388175,48.870599],[2.387257,48.874127],[2.386593,48.877633],[2.386274,48.879935],[2.3861,48.880627]],[[2.388236,48.87057],[2.387305,48.874141],[2.386652,48.877585],[2.386324,48.879941],[2.386158,48.880597]],[[2.390811,48.867559],[2.389568,48.868572]],[[2.390905,48.867541],[2.389657,48.868552]],[[2.402006,48.860106],[2.396223,48.864271],[2.394131,48.8656],[2.390885,48.867506]],[[2.402099,48.860088],[2.396269,48.864288],[2.394165,48.865625],[2.390979,48.867488]],[[2.391923,48.89801],[2.392491,48.89793],[2.392308,48.897927]],[[2.391949,48.898046],[2.392701,48.897932],[2.392308,48.897905]],[[2.392101,48.897753],[2.39339,48.89778],[2.392113,48.897788]],[[2.392107,48.898187],[2.394176,48.898011]],[[2.392124,48.898219],[2.394194,48.898047]],[[2.39213,48.897828],[2.393021,48.897845],[2.392144,48.897867]],[[2.392144,48.897702],[2.393636,48.897737],[2.39339,48.89778],[2.393553,48.897792],[2.392651,48.897904],[2.393968,48.8979],[2.392701,48.897932],[2.39431,48.897947]],[[2.392159,48.897673],[2.39379,48.897711],[2.393636,48.897737],[2.393889,48.897736],[2.393594,48.897785],[2.394139,48.897797]],[[2.394155,48.897875],[2.393215,48.897849],[2.393434,48.897811],[2.39417,48.89783]],[[2.393542,48.897783],[2.394136,48.897783]],[[2.39423,48.897743],[2.39379,48.897711],[2.394203,48.897652]],[[2.393968,48.8979],[2.394241,48.897908]],[[2.394155,48.897715],[2.394019,48.897713],[2.394153,48.897696]],[[2.447555,48.896242],[2.449041,48.896331],[2.448749,48.896362],[2.447819,48.89631]],[[2.447567,48.896325],[2.448602,48.896388],[2.448118,48.896478]],[[2.447933,48.896418],[2.448454,48.89645],[2.448094,48.896512]],[[2.448015,48.896491],[2.448057,48.896478]],[[2.448028,48.896393],[2.449663,48.89652]],[[2.448042,48.896242],[2.449235,48.896312],[2.448734,48.896364],[2.448572,48.896426],[2.449496,48.896484]],[[2.448105,48.896678],[2.449877,48.896668]],[[2.448119,48.896482],[2.449731,48.896582]],[[2.449369,48.896433],[2.448731,48.896396],[2.449247,48.896392]],[[2.449287,48.896346],[2.449219,48.896342],[2.449287,48.896336]],[[2.550744,49.007011],[2.551491,49.007232],[2.554841,49.00854]],[[2.550793,49.006989],[2.551495,49.007195],[2.554889,49.00852]]]}},{"type":"Feature","properties":{"tsmid":"D095000000001","codeligne":"334000","categorie":"7","tampon":"0","ancients":"aucun","tmjatv":null},"geometry":{"type":"MultiLineString","coordinates":[[[1.576586,48.956016],[1.566876,48.952682]],[[1.576624,48.955988],[1.56691,48.952659]],[[1.609915,49.015299],[1.602125,49.02459],[1.600267,49.026904],[1.593319,49.035197],[1.592689,49.035892]],[[1.609979,49.01533],[1.605592,49.020619],[1.602161,49.024653],[1.600372,49.026889],[1.594118,49.034335],[1.592728,49.035915]],[[1.913914,49.006189],[1.91138,49.006284],[1.909423,49.006443],[1.907523,49.006444]],[[1.913922,49.006223],[1.911384,49.006317],[1.909431,49.006476],[1.907531,49.006477]],[[1.936148,49.167098],[1.935941,49.167805]],[[1.936195,49.167119],[1.935988,49.167825]],[[2.034669,49.070647],[2.033524,49.071873]],[[2.034689,49.070686],[2.033575,49.071925]],[[2.062929,49.04699],[2.064039,49.046892],[2.066688,49.046287],[2.067828,49.045884],[2.069167,49.045154],[2.069722,49.044757],[2.07061,49.043882],[2.072779,49.04144],[2.080061,49.036162],[2.083693,49.03388],[2.082413,49.034569],[2.080766,49.03557],[2.079385,49.036493],[2.072696,49.041408],[2.069907,49.044487],[2.069179,49.045057],[2.067918,49.045769],[2.066578,49.046271],[2.063904,49.046871],[2.062494,49.046991]],[[2.083693,49.03388],[2.085809,49.032845],[2.083776,49.033922],[2.082072,49.034918]],[[2.087486,49.031897],[2.083797,49.033823]],[[2.087904,49.031729],[2.085809,49.032845]],[[2.29586,48.884266],[2.297215,48.884992]],[[2.296358,48.884489],[2.297248,48.884964]],[[2.305506,48.89307],[2.304058,48.893946]],[[2.305544,48.893088],[2.304099,48.893965]],[[2.307259,48.89145],[2.311097,48.893148]],[[2.30729,48.891424],[2.311147,48.893128]],[[2.313739,48.893836],[2.314351,48.893963],[2.315023,48.894226],[2.315579,48.89507],[2.316368,48.895954],[2.318907,48.898141]],[[2.313793,48.893812],[2.314365,48.893931],[2.315063,48.894203],[2.315624,48.895055],[2.31641,48.895936],[2.318951,48.898124]],[[2.319358,48.883772],[2.318692,48.884462]],[[2.338216,48.896868],[2.331342,48.895959]],[[2.338227,48.896835],[2.331353,48.895927]],[[2.356145,48.897873],[2.356621,48.898044]],[[2.364515,48.886915],[2.365643,48.888282],[2.36599,48.888789]],[[2.365109,48.887846],[2.365757,48.888943]],[[2.365567,48.888463],[2.365799,48.888876]],[[2.366504,48.892224],[2.367901,48.893511]],[[2.366609,48.892256],[2.368005,48.893544]],[[2.366629,48.892217],[2.368028,48.893502]],[[2.366648,48.892168],[2.368039,48.893458]],[[2.367332,48.892066],[2.367626,48.892509],[2.368064,48.89301],[2.368007,48.892869],[2.367351,48.892015]],[[2.367412,48.892001],[2.367963,48.89274],[2.367895,48.892511],[2.36755,48.891969]],[[2.36748,48.892005],[2.368015,48.892756],[2.367893,48.892508],[2.367745,48.891968]],[[2.367769,48.891915],[2.36797,48.892614],[2.368619,48.893382]],[[2.367827,48.891884],[2.368053,48.892269],[2.367884,48.891928]],[[2.367921,48.89185],[2.368135,48.892257],[2.367935,48.891916]],[[2.367963,48.89274],[2.368087,48.892958],[2.367963,48.89274]],[[2.368006,48.891827],[2.368499,48.892752],[2.36888,48.893299]],[[2.368015,48.892756],[2.368392,48.893216],[2.368015,48.892756]],[[2.368053,48.892269],[2.368768,48.893348]],[[2.368513,48.893397],[2.368087,48.892958],[2.368173,48.893129],[2.368081,48.893051],[2.368356,48.89349]],[[2.368135,48.892257],[2.368824,48.893314]],[[2.368473,48.893456],[2.368173,48.893129],[2.368375,48.893439]],[[2.368392,48.893216],[2.36857,48.893397]],[[2.388175,48.870599],[2.387257,48.874127],[2.386593,48.877633],[2.386274,48.879935],[2.3861,48.880627]],[[2.388236,48.87057],[2.387305,48.874141],[2.386652,48.877585],[2.386324,48.879941],[2.386158,48.880597]],[[2.390811,48.867559],[2.389568,48.868572]],[[2.390905,48.867541],[2.389657,48.868552]],[[2.402006,48.860106],[2.396223,48.864271],[2.394131,48.8656],[2.390885,48.867506]],[[2.402099,48.860088],[2.396269,48.864288],[2.394165,48.865625],[2.390979,48.867488]],[[2.391923,48.89801],[2.392491,48.89793],[2.392308,48.897927]],[[2.391949,48.898046],[2.392701,48.897932],[2.392308,48.897905]],[[2.392101,48.897753],[2.39339,48.89778],[2.392113,48.897788]],[[2.392107,48.898187],[2.394176,48.898011]],[[2.392124,48.898219],[2.394194,48.898047]],[[2.39213,48.897828],[2.393021,48.897845],[2.392144,48.897867]],[[2.392144,48.897702],[2.393636,48.897737],[2.39339,48.89778],[2.393553,48.897792],[2.392651,48.897904],[2.393968,48.8979],[2.392701,48.897932],[2.39431,48.897947]],[[2.392159,48.897673],[2.39379,48.897711],[2.393636,48.897737],[2.393889,48.897736],[2.393594,48.897785],[2.394139,48.897797]],[[2.394155,48.897875],[2.393215,48.897849],[2.393434,48.897811],[2.39417,48.89783]],[[2.393542,48.897783],[2.394136,48.897783]],[[2.39423,48.897743],[2.39379,48.897711],[2.394203,48.897652]],[[2.393968,48.8979],[2.394241,48.897908]],[[2.394155,48.897715],[2.394019,48.897713],[2.394153,48.897696]],[[2.447555,48.896242],[2.449041,48.896331],[2.448749,48.896362],[2.447819,48.89631]],[[2.447567,48.896325],[2.448602,48.896388],[2.448118,48.896478]],[[2.447933,48.896418],[2.448454,48.89645],[2.448094,48.896512]],[[2.448015,48.896491],[2.448057,48.896478]],[[2.448028,48.896393],[2.449663,48.89652]],[[2.448042,48.896242],[2.449235,48.896312],[2.448734,48.896364],[2.448572,48.896426],[2.449496,48.896484]],[[2.448105,48.896678],[2.449877,48.896668]],[[2.448119,48.896482],[2.449731,48.896582]],[[2.449369,48.896433],[2.448731,48.896396],[2.449247,48.896392]],[[2.449287,48.896346],[2.449219,48.896342],[2.449287,48.896336]],[[2.550744,49.007011],[2.551491,49.007232],[2.554841,49.00854]],[[2.550793,49.006989],[2.551495,49.007195],[2.554889,49.00852]]]}},{"type":"Feature","properties":{"tsmid":"D095000000001","codeligne":"334301","categorie":"7","tampon":"0","ancients":"aucun","tmjatv":null},"geometry":{"type":"MultiLineString","coordinates":[[[1.576586,48.956016],[1.566876,48.952682]],[[1.576624,48.955988],[1.56691,48.952659]],[[1.609915,49.015299],[1.602125,49.02459],[1.600267,49.026904],[1.593319,49.035197],[1.592689,49.035892]],[[1.609979,49.01533],[1.605592,49.020619],[1.602161,49.024653],[1.600372,49.026889],[1.594118,49.034335],[1.592728,49.035915]],[[1.913914,49.006189],[1.91138,49.006284],[1.909423,49.006443],[1.907523,49.006444]],[[1.913922,49.006223],[1.911384,49.006317],[1.909431,49.006476],[1.907531,49.006477]],[[1.936148,49.167098],[1.935941,49.167805]],[[1.936195,49.167119],[1.935988,49.167825]],[[2.034669,49.070647],[2.033524,49.071873]],[[2.034689,49.070686],[2.033575,49.071925]],[[2.062929,49.04699],[2.064039,49.046892],[2.066688,49.046287],[2.067828,49.045884],[2.069167,49.045154],[2.069722,49.044757],[2.07061,49.043882],[2.072779,49.04144],[2.080061,49.036162],[2.083693,49.03388],[2.082413,49.034569],[2.080766,49.03557],[2.079385,49.036493],[2.072696,49.041408],[2.069907,49.044487],[2.069179,49.045057],[2.067918,49.045769],[2.066578,49.046271],[2.063904,49.046871],[2.062494,49.046991]],[[2.083693,49.03388],[2.085809,49.032845],[2.083776,49.033922],[2.082072,49.034918]],[[2.087486,49.031897],[2.083797,49.033823]],[[2.087904,49.031729],[2.085809,49.032845]],[[2.29586,48.884266],[2.297215,48.884992]],[[2.296358,48.884489],[2.297248,48.884964]],[[2.305506,48.89307],[2.304058,48.893946]],[[2.305544,48.893088],[2.304099,48.893965]],[[2.307259,48.89145],[2.311097,48.893148]],[[2.30729,48.891424],[2.311147,48.893128]],[[2.313739,48.893836],[2.314351,48.893963],[2.315023,48.894226],[2.315579,48.89507],[2.316368,48.895954],[2.318907,48.898141]],[[2.313793,48.893812],[2.314365,48.893931],[2.315063,48.894203],[2.315624,48.895055],[2.31641,48.895936],[2.318951,48.898124]],[[2.319358,48.883772],[2.318692,48.884462]],[[2.338216,48.896868],[2.331342,48.895959]],[[2.338227,48.896835],[2.331353,48.895927]],[[2.356145,48.897873],[2.356621,48.898044]],[[2.364515,48.886915],[2.365643,48.888282],[2.36599,48.888789]],[[2.365109,48.887846],[2.365757,48.888943]],[[2.365567,48.888463],[2.365799,48.888876]],[[2.366504,48.892224],[2.367901,48.893511]],[[2.366609,48.892256],[2.368005,48.893544]],[[2.366629,48.892217],[2.368028,48.893502]],[[2.366648,48.892168],[2.368039,48.893458]],[[2.367332,48.892066],[2.367626,48.892509],[2.368064,48.89301],[2.368007,48.892869],[2.367351,48.892015]],[[2.367412,48.892001],[2.367963,48.89274],[2.367895,48.892511],[2.36755,48.891969]],[[2.36748,48.892005],[2.368015,48.892756],[2.367893,48.892508],[2.367745,48.891968]],[[2.367769,48.891915],[2.36797,48.892614],[2.368619,48.893382]],[[2.367827,48.891884],[2.368053,48.892269],[2.367884,48.891928]],[[2.367921,48.89185],[2.368135,48.892257],[2.367935,48.891916]],[[2.367963,48.89274],[2.368087,48.892958],[2.367963,48.89274]],[[2.368006,48.891827],[2.368499,48.892752],[2.36888,48.893299]],[[2.368015,48.892756],[2.368392,48.893216],[2.368015,48.892756]],[[2.368053,48.892269],[2.368768,48.893348]],[[2.368513,48.893397],[2.368087,48.892958],[2.368173,48.893129],[2.368081,48.893051],[2.368356,48.89349]],[[2.368135,48.892257],[2.368824,48.893314]],[[2.368473,48.893456],[2.368173,48.893129],[2.368375,48.893439]],[[2.368392,48.893216],[2.36857,48.893397]],[[2.388175,48.870599],[2.387257,48.874127],[2.386593,48.877633],[2.386274,48.879935],[2.3861,48.880627]],[[2.388236,48.87057],[2.387305,48.874141],[2.386652,48.877585],[2.386324,48.879941],[2.386158,48.880597]],[[2.390811,48.867559],[2.389568,48.868572]],[[2.390905,48.867541],[2.389657,48.868552]],[[2.402006,48.860106],[2.396223,48.864271],[2.394131,48.8656],[2.390885,48.867506]],[[2.402099,48.860088],[2.396269,48.864288],[2.394165,48.865625],[2.390979,48.867488]],[[2.391923,48.89801],[2.392491,48.89793],[2.392308,48.897927]],[[2.391949,48.898046],[2.392701,48.897932],[2.392308,48.897905]],[[2.392101,48.897753],[2.39339,48.89778],[2.392113,48.897788]],[[2.392107,48.898187],[2.394176,48.898011]],[[2.392124,48.898219],[2.394194,48.898047]],[[2.39213,48.897828],[2.393021,48.897845],[2.392144,48.897867]],[[2.392144,48.897702],[2.393636,48.897737],[2.39339,48.89778],[2.393553,48.897792],[2.392651,48.897904],[2.393968,48.8979],[2.392701,48.897932],[2.39431,48.897947]],[[2.392159,48.897673],[2.39379,48.897711],[2.393636,48.897737],[2.393889,48.897736],[2.393594,48.897785],[2.394139,48.897797]],[[2.394155,48.897875],[2.393215,48.897849],[2.393434,48.897811],[2.39417,48.89783]],[[2.393542,48.897783],[2.394136,48.897783]],[[2.39423,48.897743],[2.39379,48.897711],[2.394203,48.897652]],[[2.393968,48.8979],[2.394241,48.897908]],[[2.394155,48.897715],[2.394019,48.897713],[2.394153,48.897696]],[[2.447555,48.896242],[2.449041,48.896331],[2.448749,48.896362],[2.447819,48.89631]],[[2.447567,48.896325],[2.448602,48.896388],[2.448118,48.896478]],[[2.447933,48.896418],[2.448454,48.89645],[2.448094,48.896512]],[[2.448015,48.896491],[2.448057,48.896478]],[[2.448028,48.896393],[2.449663,48.89652]],[[2.448042,48.896242],[2.449235,48.896312],[2.448734,48.896364],[2.448572,48.896426],[2.449496,48.896484]],[[2.448105,48.896678],[2.449877,48.896668]],[[2.448119,48.896482],[2.449731,48.896582]],[[2.449369,48.896433],[2.448731,48.896396],[2.449247,48.896392]],[[2.449287,48.896346],[2.449219,48.896342],[2.449287,48.896336]],[[2.550744,49.007011],[2.551491,49.007232],[2.554841,49.00854]],[[2.550793,49.006989],[2.551495,49.007195],[2.554889,49.00852]]]}},{"type":"Feature","properties":{"tsmid":"D095000000001","codeligne":"334302","categorie":"7","tampon":"0","ancients":"aucun","tmjatv":null},"geometry":{"type":"MultiLineString","coordinates":[[[1.576586,48.956016],[1.566876,48.952682]],[[1.576624,48.955988],[1.56691,48.952659]],[[1.609915,49.015299],[1.602125,49.02459],[1.600267,49.026904],[1.593319,49.035197],[1.592689,49.035892]],[[1.609979,49.01533],[1.605592,49.020619],[1.602161,49.024653],[1.600372,49.026889],[1.594118,49.034335],[1.592728,49.035915]],[[1.913914,49.006189],[1.91138,49.006284],[1.909423,49.006443],[1.907523,49.006444]],[[1.913922,49.006223],[1.911384,49.006317],[1.909431,49.006476],[1.907531,49.006477]],[[1.936148,49.167098],[1.935941,49.167805]],[[1.936195,49.167119],[1.935988,49.167825]],[[2.034669,49.070647],[2.033524,49.071873]],[[2.034689,49.070686],[2.033575,49.071925]],[[2.062929,49.04699],[2.064039,49.046892],[2.066688,49.046287],[2.067828,49.045884],[2.069167,49.045154],[2.069722,49.044757],[2.07061,49.043882],[2.072779,49.04144],[2.080061,49.036162],[2.083693,49.03388],[2.082413,49.034569],[2.080766,49.03557],[2.079385,49.036493],[2.072696,49.041408],[2.069907,49.044487],[2.069179,49.045057],[2.067918,49.045769],[2.066578,49.046271],[2.063904,49.046871],[2.062494,49.046991]],[[2.083693,49.03388],[2.085809,49.032845],[2.083776,49.033922],[2.082072,49.034918]],[[2.087486,49.031897],[2.083797,49.033823]],[[2.087904,49.031729],[2.085809,49.032845]],[[2.29586,48.884266],[2.297215,48.884992]],[[2.296358,48.884489],[2.297248,48.884964]],[[2.305506,48.89307],[2.304058,48.893946]],[[2.305544,48.893088],[2.304099,48.893965]],[[2.307259,48.89145],[2.311097,48.893148]],[[2.30729,48.891424],[2.311147,48.893128]],[[2.313739,48.893836],[2.314351,48.893963],[2.315023,48.894226],[2.315579,48.89507],[2.316368,48.895954],[2.318907,48.898141]],[[2.313793,48.893812],[2.314365,48.893931],[2.315063,48.894203],[2.315624,48.895055],[2.31641,48.895936],[2.318951,48.898124]],[[2.319358,48.883772],[2.318692,48.884462]],[[2.338216,48.896868],[2.331342,48.895959]],[[2.338227,48.896835],[2.331353,48.895927]],[[2.356145,48.897873],[2.356621,48.898044]],[[2.364515,48.886915],[2.365643,48.888282],[2.36599,48.888789]],[[2.365109,48.887846],[2.365757,48.888943]],[[2.365567,48.888463],[2.365799,48.888876]],[[2.366504,48.892224],[2.367901,48.893511]],[[2.366609,48.892256],[2.368005,48.893544]],[[2.366629,48.892217],[2.368028,48.893502]],[[2.366648,48.892168],[2.368039,48.893458]],[[2.367332,48.892066],[2.367626,48.892509],[2.368064,48.89301],[2.368007,48.892869],[2.367351,48.892015]],[[2.367412,48.892001],[2.367963,48.89274],[2.367895,48.892511],[2.36755,48.891969]],[[2.36748,48.892005],[2.368015,48.892756],[2.367893,48.892508],[2.367745,48.891968]],[[2.367769,48.891915],[2.36797,48.892614],[2.368619,48.893382]],[[2.367827,48.891884],[2.368053,48.892269],[2.367884,48.891928]],[[2.367921,48.89185],[2.368135,48.892257],[2.367935,48.891916]],[[2.367963,48.89274],[2.368087,48.892958],[2.367963,48.89274]],[[2.368006,48.891827],[2.368499,48.892752],[2.36888,48.893299]],[[2.368015,48.892756],[2.368392,48.893216],[2.368015,48.892756]],[[2.368053,48.892269],[2.368768,48.893348]],[[2.368513,48.893397],[2.368087,48.892958],[2.368173,48.893129],[2.368081,48.893051],[2.368356,48.89349]],[[2.368135,48.892257],[2.368824,48.893314]],[[2.368473,48.893456],[2.368173,48.893129],[2.368375,48.893439]],[[2.368392,48.893216],[2.36857,48.893397]],[[2.388175,48.870599],[2.387257,48.874127],[2.386593,48.877633],[2.386274,48.879935],[2.3861,48.880627]],[[2.388236,48.87057],[2.387305,48.874141],[2.386652,48.877585],[2.386324,48.879941],[2.386158,48.880597]],[[2.390811,48.867559],[2.389568,48.868572]],[[2.390905,48.867541],[2.389657,48.868552]],[[2.402006,48.860106],[2.396223,48.864271],[2.394131,48.8656],[2.390885,48.867506]],[[2.402099,48.860088],[2.396269,48.864288],[2.394165,48.865625],[2.390979,48.867488]],[[2.391923,48.89801],[2.392491,48.89793],[2.392308,48.897927]],[[2.391949,48.898046],[2.392701,48.897932],[2.392308,48.897905]],[[2.392101,48.897753],[2.39339,48.89778],[2.392113,48.897788]],[[2.392107,48.898187],[2.394176,48.898011]],[[2.392124,48.898219],[2.394194,48.898047]],[[2.39213,48.897828],[2.393021,48.897845],[2.392144,48.897867]],[[2.392144,48.897702],[2.393636,48.897737],[2.39339,48.89778],[2.393553,48.897792],[2.392651,48.897904],[2.393968,48.8979],[2.392701,48.897932],[2.39431,48.897947]],[[2.392159,48.897673],[2.39379,48.897711],[2.393636,48.897737],[2.393889,48.897736],[2.393594,48.897785],[2.394139,48.897797]],[[2.394155,48.897875],[2.393215,48.897849],[2.393434,48.897811],[2.39417,48.89783]],[[2.393542,48.897783],[2.394136,48.897783]],[[2.39423,48.897743],[2.39379,48.897711],[2.394203,48.897652]],[[2.393968,48.8979],[2.394241,48.897908]],[[2.394155,48.897715],[2.394019,48.897713],[2.394153,48.897696]],[[2.447555,48.896242],[2.449041,48.896331],[2.448749,48.896362],[2.447819,48.89631]],[[2.447567,48.896325],[2.448602,48.896388],[2.448118,48.896478]],[[2.447933,48.896418],[2.448454,48.89645],[2.448094,48.896512]],[[2.448015,48.896491],[2.448057,48.896478]],[[2.448028,48.896393],[2.449663,48.89652]],[[2.448042,48.896242],[2.449235,48.896312],[2.448734,48.896364],[2.448572,48.896426],[2.449496,48.896484]],[[2.448105,48.896678],[2.449877,48.896668]],[[2.448119,48.896482],[2.449731,48.896582]],[[2.449369,48.896433],[2.448731,48.896396],[2.449247,48.896392]],[[2.449287,48.896346],[2.449219,48.896342],[2.449287,48.896336]],[[2.550744,49.007011],[2.551491,49.007232],[2.554841,49.00854]],[[2.550793,49.006989],[2.551495,49.007195],[2.554889,49.00852]]]}},{"type":"Feature","properties":{"tsmid":"D095000000001","codeligne":"334900","categorie":"7","tampon":"0","ancients":"aucun","tmjatv":null},"geometry":{"type":"MultiLineString","coordinates":[[[1.576586,48.956016],[1.566876,48.952682]],[[1.576624,48.955988],[1.56691,48.952659]],[[1.609915,49.015299],[1.602125,49.02459],[1.600267,49.026904],[1.593319,49.035197],[1.592689,49.035892]],[[1.609979,49.01533],[1.605592,49.020619],[1.602161,49.024653],[1.600372,49.026889],[1.594118,49.034335],[1.592728,49.035915]],[[1.913914,49.006189],[1.91138,49.006284],[1.909423,49.006443],[1.907523,49.006444]],[[1.913922,49.006223],[1.911384,49.006317],[1.909431,49.006476],[1.907531,49.006477]],[[1.936148,49.167098],[1.935941,49.167805]],[[1.936195,49.167119],[1.935988,49.167825]],[[2.034669,49.070647],[2.033524,49.071873]],[[2.034689,49.070686],[2.033575,49.071925]],[[2.062929,49.04699],[2.064039,49.046892],[2.066688,49.046287],[2.067828,49.045884],[2.069167,49.045154],[2.069722,49.044757],[2.07061,49.043882],[2.072779,49.04144],[2.080061,49.036162],[2.083693,49.03388],[2.082413,49.034569],[2.080766,49.03557],[2.079385,49.036493],[2.072696,49.041408],[2.069907,49.044487],[2.069179,49.045057],[2.067918,49.045769],[2.066578,49.046271],[2.063904,49.046871],[2.062494,49.046991]],[[2.083693,49.03388],[2.085809,49.032845],[2.083776,49.033922],[2.082072,49.034918]],[[2.087486,49.031897],[2.083797,49.033823]],[[2.087904,49.031729],[2.085809,49.032845]],[[2.29586,48.884266],[2.297215,48.884992]],[[2.296358,48.884489],[2.297248,48.884964]],[[2.305506,48.89307],[2.304058,48.893946]],[[2.305544,48.893088],[2.304099,48.893965]],[[2.307259,48.89145],[2.311097,48.893148]],[[2.30729,48.891424],[2.311147,48.893128]],[[2.313739,48.893836],[2.314351,48.893963],[2.315023,48.894226],[2.315579,48.89507],[2.316368,48.895954],[2.318907,48.898141]],[[2.313793,48.893812],[2.314365,48.893931],[2.315063,48.894203],[2.315624,48.895055],[2.31641,48.895936],[2.318951,48.898124]],[[2.319358,48.883772],[2.318692,48.884462]],[[2.338216,48.896868],[2.331342,48.895959]],[[2.338227,48.896835],[2.331353,48.895927]],[[2.356145,48.897873],[2.356621,48.898044]],[[2.364515,48.886915],[2.365643,48.888282],[2.36599,48.888789]],[[2.365109,48.887846],[2.365757,48.888943]],[[2.365567,48.888463],[2.365799,48.888876]],[[2.366504,48.892224],[2.367901,48.893511]],[[2.366609,48.892256],[2.368005,48.893544]],[[2.366629,48.892217],[2.368028,48.893502]],[[2.366648,48.892168],[2.368039,48.893458]],[[2.367332,48.892066],[2.367626,48.892509],[2.368064,48.89301],[2.368007,48.892869],[2.367351,48.892015]],[[2.367412,48.892001],[2.367963,48.89274],[2.367895,48.892511],[2.36755,48.891969]],[[2.36748,48.892005],[2.368015,48.892756],[2.367893,48.892508],[2.367745,48.891968]],[[2.367769,48.891915],[2.36797,48.892614],[2.368619,48.893382]],[[2.367827,48.891884],[2.368053,48.892269],[2.367884,48.891928]],[[2.367921,48.89185],[2.368135,48.892257],[2.367935,48.891916]],[[2.367963,48.89274],[2.368087,48.892958],[2.367963,48.89274]],[[2.368006,48.891827],[2.368499,48.892752],[2.36888,48.893299]],[[2.368015,48.892756],[2.368392,48.893216],[2.368015,48.892756]],[[2.368053,48.892269],[2.368768,48.893348]],[[2.368513,48.893397],[2.368087,48.892958],[2.368173,48.893129],[2.368081,48.893051],[2.368356,48.89349]],[[2.368135,48.892257],[2.368824,48.893314]],[[2.368473,48.893456],[2.368173,48.893129],[2.368375,48.893439]],[[2.368392,48.893216],[2.36857,48.893397]],[[2.388175,48.870599],[2.387257,48.874127],[2.386593,48.877633],[2.386274,48.879935],[2.3861,48.880627]],[[2.388236,48.87057],[2.387305,48.874141],[2.386652,48.877585],[2.386324,48.879941],[2.386158,48.880597]],[[2.390811,48.867559],[2.389568,48.868572]],[[2.390905,48.867541],[2.389657,48.868552]],[[2.402006,48.860106],[2.396223,48.864271],[2.394131,48.8656],[2.390885,48.867506]],[[2.402099,48.860088],[2.396269,48.864288],[2.394165,48.865625],[2.390979,48.867488]],[[2.391923,48.89801],[2.392491,48.89793],[2.392308,48.897927]],[[2.391949,48.898046],[2.392701,48.897932],[2.392308,48.897905]],[[2.392101,48.897753],[2.39339,48.89778],[2.392113,48.897788]],[[2.392107,48.898187],[2.394176,48.898011]],[[2.392124,48.898219],[2.394194,48.898047]],[[2.39213,48.897828],[2.393021,48.897845],[2.392144,48.897867]],[[2.392144,48.897702],[2.393636,48.897737],[2.39339,48.89778],[2.393553,48.897792],[2.392651,48.897904],[2.393968,48.8979],[2.392701,48.897932],[2.39431,48.897947]],[[2.392159,48.897673],[2.39379,48.897711],[2.393636,48.897737],[2.393889,48.897736],[2.393594,48.897785],[2.394139,48.897797]],[[2.394155,48.897875],[2.393215,48.897849],[2.393434,48.897811],[2.39417,48.89783]],[[2.393542,48.897783],[2.394136,48.897783]],[[2.39423,48.897743],[2.39379,48.897711],[2.394203,48.897652]],[[2.393968,48.8979],[2.394241,48.897908]],[[2.394155,48.897715],[2.394019,48.897713],[2.394153,48.897696]],[[2.447555,48.896242],[2.449041,48.896331],[2.448749,48.896362],[2.447819,48.89631]],[[2.447567,48.896325],[2.448602,48.896388],[2.448118,48.896478]],[[2.447933,48.896418],[2.448454,48.89645],[2.448094,48.896512]],[[2.448015,48.896491],[2.448057,48.896478]],[[2.448028,48.896393],[2.449663,48.89652]],[[2.448042,48.896242],[2.449235,48.896312],[2.448734,48.896364],[2.448572,48.896426],[2.449496,48.896484]],[[2.448105,48.896678],[2.449877,48.896668]],[[2.448119,48.896482],[2.449731,48.896582]],[[2.449369,48.896433],[2.448731,48.896396],[2.449247,48.896392]],[[2.449287,48.896346],[2.449219,48.896342],[2.449287,48.896336]],[[2.550744,49.007011],[2.551491,49.007232],[2.554841,49.00854]],[[2.550793,49.006989],[2.551495,49.007195],[2.554889,49.00852]]]}},{"type":"Feature","properties":{"tsmid":"D095000000001","codeligne":"336000","categorie":"7","tampon":"0","ancients":"aucun","tmjatv":null},"geometry":{"type":"MultiLineString","coordinates":[[[1.576586,48.956016],[1.566876,48.952682]],[[1.576624,48.955988],[1.56691,48.952659]],[[1.609915,49.015299],[1.602125,49.02459],[1.600267,49.026904],[1.593319,49.035197],[1.592689,49.035892]],[[1.609979,49.01533],[1.605592,49.020619],[1.602161,49.024653],[1.600372,49.026889],[1.594118,49.034335],[1.592728,49.035915]],[[1.913914,49.006189],[1.91138,49.006284],[1.909423,49.006443],[1.907523,49.006444]],[[1.913922,49.006223],[1.911384,49.006317],[1.909431,49.006476],[1.907531,49.006477]],[[1.936148,49.167098],[1.935941,49.167805]],[[1.936195,49.167119],[1.935988,49.167825]],[[2.034669,49.070647],[2.033524,49.071873]],[[2.034689,49.070686],[2.033575,49.071925]],[[2.062929,49.04699],[2.064039,49.046892],[2.066688,49.046287],[2.067828,49.045884],[2.069167,49.045154],[2.069722,49.044757],[2.07061,49.043882],[2.072779,49.04144],[2.080061,49.036162],[2.083693,49.03388],[2.082413,49.034569],[2.080766,49.03557],[2.079385,49.036493],[2.072696,49.041408],[2.069907,49.044487],[2.069179,49.045057],[2.067918,49.045769],[2.066578,49.046271],[2.063904,49.046871],[2.062494,49.046991]],[[2.083693,49.03388],[2.085809,49.032845],[2.083776,49.033922],[2.082072,49.034918]],[[2.087486,49.031897],[2.083797,49.033823]],[[2.087904,49.031729],[2.085809,49.032845]],[[2.29586,48.884266],[2.297215,48.884992]],[[2.296358,48.884489],[2.297248,48.884964]],[[2.305506,48.89307],[2.304058,48.893946]],[[2.305544,48.893088],[2.304099,48.893965]],[[2.307259,48.89145],[2.311097,48.893148]],[[2.30729,48.891424],[2.311147,48.893128]],[[2.313739,48.893836],[2.314351,48.893963],[2.315023,48.894226],[2.315579,48.89507],[2.316368,48.895954],[2.318907,48.898141]],[[2.313793,48.893812],[2.314365,48.893931],[2.315063,48.894203],[2.315624,48.895055],[2.31641,48.895936],[2.318951,48.898124]],[[2.319358,48.883772],[2.318692,48.884462]],[[2.338216,48.896868],[2.331342,48.895959]],[[2.338227,48.896835],[2.331353,48.895927]],[[2.356145,48.897873],[2.356621,48.898044]],[[2.364515,48.886915],[2.365643,48.888282],[2.36599,48.888789]],[[2.365109,48.887846],[2.365757,48.888943]],[[2.365567,48.888463],[2.365799,48.888876]],[[2.366504,48.892224],[2.367901,48.893511]],[[2.366609,48.892256],[2.368005,48.893544]],[[2.366629,48.892217],[2.368028,48.893502]],[[2.366648,48.892168],[2.368039,48.893458]],[[2.367332,48.892066],[2.367626,48.892509],[2.368064,48.89301],[2.368007,48.892869],[2.367351,48.892015]],[[2.367412,48.892001],[2.367963,48.89274],[2.367895,48.892511],[2.36755,48.891969]],[[2.36748,48.892005],[2.368015,48.892756],[2.367893,48.892508],[2.367745,48.891968]],[[2.367769,48.891915],[2.36797,48.892614],[2.368619,48.893382]],[[2.367827,48.891884],[2.368053,48.892269],[2.367884,48.891928]],[[2.367921,48.89185],[2.368135,48.892257],[2.367935,48.891916]],[[2.367963,48.89274],[2.368087,48.892958],[2.367963,48.89274]],[[2.368006,48.891827],[2.368499,48.892752],[2.36888,48.893299]],[[2.368015,48.892756],[2.368392,48.893216],[2.368015,48.892756]],[[2.368053,48.892269],[2.368768,48.893348]],[[2.368513,48.893397],[2.368087,48.892958],[2.368173,48.893129],[2.368081,48.893051],[2.368356,48.89349]],[[2.368135,48.892257],[2.368824,48.893314]],[[2.368473,48.893456],[2.368173,48.893129],[2.368375,48.893439]],[[2.368392,48.893216],[2.36857,48.893397]],[[2.388175,48.870599],[2.387257,48.874127],[2.386593,48.877633],[2.386274,48.879935],[2.3861,48.880627]],[[2.388236,48.87057],[2.387305,48.874141],[2.386652,48.877585],[2.386324,48.879941],[2.386158,48.880597]],[[2.390811,48.867559],[2.389568,48.868572]],[[2.390905,48.867541],[2.389657,48.868552]],[[2.402006,48.860106],[2.396223,48.864271],[2.394131,48.8656],[2.390885,48.867506]],[[2.402099,48.860088],[2.396269,48.864288],[2.394165,48.865625],[2.390979,48.867488]],[[2.391923,48.89801],[2.392491,48.89793],[2.392308,48.897927]],[[2.391949,48.898046],[2.392701,48.897932],[2.392308,48.897905]],[[2.392101,48.897753],[2.39339,48.89778],[2.392113,48.897788]],[[2.392107,48.898187],[2.394176,48.898011]],[[2.392124,48.898219],[2.394194,48.898047]],[[2.39213,48.897828],[2.393021,48.897845],[2.392144,48.897867]],[[2.392144,48.897702],[2.393636,48.897737],[2.39339,48.89778],[2.393553,48.897792],[2.392651,48.897904],[2.393968,48.8979],[2.392701,48.897932],[2.39431,48.897947]],[[2.392159,48.897673],[2.39379,48.897711],[2.393636,48.897737],[2.393889,48.897736],[2.393594,48.897785],[2.394139,48.897797]],[[2.394155,48.897875],[2.393215,48.897849],[2.393434,48.897811],[2.39417,48.89783]],[[2.393542,48.897783],[2.394136,48.897783]],[[2.39423,48.897743],[2.39379,48.897711],[2.394203,48.897652]],[[2.393968,48.8979],[2.394241,48.897908]],[[2.394155,48.897715],[2.394019,48.897713],[2.394153,48.897696]],[[2.447555,48.896242],[2.449041,48.896331],[2.448749,48.896362],[2.447819,48.89631]],[[2.447567,48.896325],[2.448602,48.896388],[2.448118,48.896478]],[[2.447933,48.896418],[2.448454,48.89645],[2.448094,48.896512]],[[2.448015,48.896491],[2.448057,48.896478]],[[2.448028,48.896393],[2.449663,48.89652]],[[2.448042,48.896242],[2.449235,48.896312],[2.448734,48.896364],[2.448572,48.896426],[2.449496,48.896484]],[[2.448105,48.896678],[2.449877,48.896668]],[[2.448119,48.896482],[2.449731,48.896582]],[[2.449369,48.896433],[2.448731,48.896396],[2.449247,48.896392]],[[2.449287,48.896346],[2.449219,48.896342],[2.449287,48.896336]],[[2.550744,49.007011],[2.551491,49.007232],[2.554841,49.00854]],[[2.550793,49.006989],[2.551495,49.007195],[2.554889,49.00852]]]}},{"type":"Feature","properties":{"tsmid":"D095000000001","codeligne":"337300","categorie":"7","tampon":"0","ancients":"aucun","tmjatv":null},"geometry":{"type":"MultiLineString","coordinates":[[[1.576586,48.956016],[1.566876,48.952682]],[[1.576624,48.955988],[1.56691,48.952659]],[[1.609915,49.015299],[1.602125,49.02459],[1.600267,49.026904],[1.593319,49.035197],[1.592689,49.035892]],[[1.609979,49.01533],[1.605592,49.020619],[1.602161,49.024653],[1.600372,49.026889],[1.594118,49.034335],[1.592728,49.035915]],[[1.913914,49.006189],[1.91138,49.006284],[1.909423,49.006443],[1.907523,49.006444]],[[1.913922,49.006223],[1.911384,49.006317],[1.909431,49.006476],[1.907531,49.006477]],[[1.936148,49.167098],[1.935941,49.167805]],[[1.936195,49.167119],[1.935988,49.167825]],[[2.034669,49.070647],[2.033524,49.071873]],[[2.034689,49.070686],[2.033575,49.071925]],[[2.062929,49.04699],[2.064039,49.046892],[2.066688,49.046287],[2.067828,49.045884],[2.069167,49.045154],[2.069722,49.044757],[2.07061,49.043882],[2.072779,49.04144],[2.080061,49.036162],[2.083693,49.03388],[2.082413,49.034569],[2.080766,49.03557],[2.079385,49.036493],[2.072696,49.041408],[2.069907,49.044487],[2.069179,49.045057],[2.067918,49.045769],[2.066578,49.046271],[2.063904,49.046871],[2.062494,49.046991]],[[2.083693,49.03388],[2.085809,49.032845],[2.083776,49.033922],[2.082072,49.034918]],[[2.087486,49.031897],[2.083797,49.033823]],[[2.087904,49.031729],[2.085809,49.032845]],[[2.29586,48.884266],[2.297215,48.884992]],[[2.296358,48.884489],[2.297248,48.884964]],[[2.305506,48.89307],[2.304058,48.893946]],[[2.305544,48.893088],[2.304099,48.893965]],[[2.307259,48.89145],[2.311097,48.893148]],[[2.30729,48.891424],[2.311147,48.893128]],[[2.313739,48.893836],[2.314351,48.893963],[2.315023,48.894226],[2.315579,48.89507],[2.316368,48.895954],[2.318907,48.898141]],[[2.313793,48.893812],[2.314365,48.893931],[2.315063,48.894203],[2.315624,48.895055],[2.31641,48.895936],[2.318951,48.898124]],[[2.319358,48.883772],[2.318692,48.884462]],[[2.338216,48.896868],[2.331342,48.895959]],[[2.338227,48.896835],[2.331353,48.895927]],[[2.356145,48.897873],[2.356621,48.898044]],[[2.364515,48.886915],[2.365643,48.888282],[2.36599,48.888789]],[[2.365109,48.887846],[2.365757,48.888943]],[[2.365567,48.888463],[2.365799,48.888876]],[[2.366504,48.892224],[2.367901,48.893511]],[[2.366609,48.892256],[2.368005,48.893544]],[[2.366629,48.892217],[2.368028,48.893502]],[[2.366648,48.892168],[2.368039,48.893458]],[[2.367332,48.892066],[2.367626,48.892509],[2.368064,48.89301],[2.368007,48.892869],[2.367351,48.892015]],[[2.367412,48.892001],[2.367963,48.89274],[2.367895,48.892511],[2.36755,48.891969]],[[2.36748,48.892005],[2.368015,48.892756],[2.367893,48.892508],[2.367745,48.891968]],[[2.367769,48.891915],[2.36797,48.892614],[2.368619,48.893382]],[[2.367827,48.891884],[2.368053,48.892269],[2.367884,48.891928]],[[2.367921,48.89185],[2.368135,48.892257],[2.367935,48.891916]],[[2.367963,48.89274],[2.368087,48.892958],[2.367963,48.89274]],[[2.368006,48.891827],[2.368499,48.892752],[2.36888,48.893299]],[[2.368015,48.892756],[2.368392,48.893216],[2.368015,48.892756]],[[2.368053,48.892269],[2.368768,48.893348]],[[2.368513,48.893397],[2.368087,48.892958],[2.368173,48.893129],[2.368081,48.893051],[2.368356,48.89349]],[[2.368135,48.892257],[2.368824,48.893314]],[[2.368473,48.893456],[2.368173,48.893129],[2.368375,48.893439]],[[2.368392,48.893216],[2.36857,48.893397]],[[2.388175,48.870599],[2.387257,48.874127],[2.386593,48.877633],[2.386274,48.879935],[2.3861,48.880627]],[[2.388236,48.87057],[2.387305,48.874141],[2.386652,48.877585],[2.386324,48.879941],[2.386158,48.880597]],[[2.390811,48.867559],[2.389568,48.868572]],[[2.390905,48.867541],[2.389657,48.868552]],[[2.402006,48.860106],[2.396223,48.864271],[2.394131,48.8656],[2.390885,48.867506]],[[2.402099,48.860088],[2.396269,48.864288],[2.394165,48.865625],[2.390979,48.867488]],[[2.391923,48.89801],[2.392491,48.89793],[2.392308,48.897927]],[[2.391949,48.898046],[2.392701,48.897932],[2.392308,48.897905]],[[2.392101,48.897753],[2.39339,48.89778],[2.392113,48.897788]],[[2.392107,48.898187],[2.394176,48.898011]],[[2.392124,48.898219],[2.394194,48.898047]],[[2.39213,48.897828],[2.393021,48.897845],[2.392144,48.897867]],[[2.392144,48.897702],[2.393636,48.897737],[2.39339,48.89778],[2.393553,48.897792],[2.392651,48.897904],[2.393968,48.8979],[2.392701,48.897932],[2.39431,48.897947]],[[2.392159,48.897673],[2.39379,48.897711],[2.393636,48.897737],[2.393889,48.897736],[2.393594,48.897785],[2.394139,48.897797]],[[2.394155,48.897875],[2.393215,48.897849],[2.393434,48.897811],[2.39417,48.89783]],[[2.393542,48.897783],[2.394136,48.897783]],[[2.39423,48.897743],[2.39379,48.897711],[2.394203,48.897652]],[[2.393968,48.8979],[2.394241,48.897908]],[[2.394155,48.897715],[2.394019,48.897713],[2.394153,48.897696]],[[2.447555,48.896242],[2.449041,48.896331],[2.448749,48.896362],[2.447819,48.89631]],[[2.447567,48.896325],[2.448602,48.896388],[2.448118,48.896478]],[[2.447933,48.896418],[2.448454,48.89645],[2.448094,48.896512]],[[2.448015,48.896491],[2.448057,48.896478]],[[2.448028,48.896393],[2.449663,48.89652]],[[2.448042,48.896242],[2.449235,48.896312],[2.448734,48.896364],[2.448572,48.896426],[2.449496,48.896484]],[[2.448105,48.896678],[2.449877,48.896668]],[[2.448119,48.896482],[2.449731,48.896582]],[[2.449369,48.896433],[2.448731,48.896396],[2.449247,48.896392]],[[2.449287,48.896346],[2.449219,48.896342],[2.449287,48.896336]],[[2.550744,49.007011],[2.551491,49.007232],[2.554841,49.00854]],[[2.550793,49.006989],[2.551495,49.007195],[2.554889,49.00852]]]}},{"type":"Feature","properties":{"tsmid":"D095000000001","codeligne":"338000","categorie":"7","tampon":"0","ancients":"aucun","tmjatv":null},"geometry":{"type":"MultiLineString","coordinates":[[[1.576586,48.956016],[1.566876,48.952682]],[[1.576624,48.955988],[1.56691,48.952659]],[[1.609915,49.015299],[1.602125,49.02459],[1.600267,49.026904],[1.593319,49.035197],[1.592689,49.035892]],[[1.609979,49.01533],[1.605592,49.020619],[1.602161,49.024653],[1.600372,49.026889],[1.594118,49.034335],[1.592728,49.035915]],[[1.913914,49.006189],[1.91138,49.006284],[1.909423,49.006443],[1.907523,49.006444]],[[1.913922,49.006223],[1.911384,49.006317],[1.909431,49.006476],[1.907531,49.006477]],[[1.936148,49.167098],[1.935941,49.167805]],[[1.936195,49.167119],[1.935988,49.167825]],[[2.034669,49.070647],[2.033524,49.071873]],[[2.034689,49.070686],[2.033575,49.071925]],[[2.062929,49.04699],[2.064039,49.046892],[2.066688,49.046287],[2.067828,49.045884],[2.069167,49.045154],[2.069722,49.044757],[2.07061,49.043882],[2.072779,49.04144],[2.080061,49.036162],[2.083693,49.03388],[2.082413,49.034569],[2.080766,49.03557],[2.079385,49.036493],[2.072696,49.041408],[2.069907,49.044487],[2.069179,49.045057],[2.067918,49.045769],[2.066578,49.046271],[2.063904,49.046871],[2.062494,49.046991]],[[2.083693,49.03388],[2.085809,49.032845],[2.083776,49.033922],[2.082072,49.034918]],[[2.087486,49.031897],[2.083797,49.033823]],[[2.087904,49.031729],[2.085809,49.032845]],[[2.29586,48.884266],[2.297215,48.884992]],[[2.296358,48.884489],[2.297248,48.884964]],[[2.305506,48.89307],[2.304058,48.893946]],[[2.305544,48.893088],[2.304099,48.893965]],[[2.307259,48.89145],[2.311097,48.893148]],[[2.30729,48.891424],[2.311147,48.893128]],[[2.313739,48.893836],[2.314351,48.893963],[2.315023,48.894226],[2.315579,48.89507],[2.316368,48.895954],[2.318907,48.898141]],[[2.313793,48.893812],[2.314365,48.893931],[2.315063,48.894203],[2.315624,48.895055],[2.31641,48.895936],[2.318951,48.898124]],[[2.319358,48.883772],[2.318692,48.884462]],[[2.338216,48.896868],[2.331342,48.895959]],[[2.338227,48.896835],[2.331353,48.895927]],[[2.356145,48.897873],[2.356621,48.898044]],[[2.364515,48.886915],[2.365643,48.888282],[2.36599,48.888789]],[[2.365109,48.887846],[2.365757,48.888943]],[[2.365567,48.888463],[2.365799,48.888876]],[[2.366504,48.892224],[2.367901,48.893511]],[[2.366609,48.892256],[2.368005,48.893544]],[[2.366629,48.892217],[2.368028,48.893502]],[[2.366648,48.892168],[2.368039,48.893458]],[[2.367332,48.892066],[2.367626,48.892509],[2.368064,48.89301],[2.368007,48.892869],[2.367351,48.892015]],[[2.367412,48.892001],[2.367963,48.89274],[2.367895,48.892511],[2.36755,48.891969]],[[2.36748,48.892005],[2.368015,48.892756],[2.367893,48.892508],[2.367745,48.891968]],[[2.367769,48.891915],[2.36797,48.892614],[2.368619,48.893382]],[[2.367827,48.891884],[2.368053,48.892269],[2.367884,48.891928]],[[2.367921,48.89185],[2.368135,48.892257],[2.367935,48.891916]],[[2.367963,48.89274],[2.368087,48.892958],[2.367963,48.89274]],[[2.368006,48.891827],[2.368499,48.892752],[2.36888,48.893299]],[[2.368015,48.892756],[2.368392,48.893216],[2.368015,48.892756]],[[2.368053,48.892269],[2.368768,48.893348]],[[2.368513,48.893397],[2.368087,48.892958],[2.368173,48.893129],[2.368081,48.893051],[2.368356,48.89349]],[[2.368135,48.892257],[2.368824,48.893314]],[[2.368473,48.893456],[2.368173,48.893129],[2.368375,48.893439]],[[2.368392,48.893216],[2.36857,48.893397]],[[2.388175,48.870599],[2.387257,48.874127],[2.386593,48.877633],[2.386274,48.879935],[2.3861,48.880627]],[[2.388236,48.87057],[2.387305,48.874141],[2.386652,48.877585],[2.386324,48.879941],[2.386158,48.880597]],[[2.390811,48.867559],[2.389568,48.868572]],[[2.390905,48.867541],[2.389657,48.868552]],[[2.402006,48.860106],[2.396223,48.864271],[2.394131,48.8656],[2.390885,48.867506]],[[2.402099,48.860088],[2.396269,48.864288],[2.394165,48.865625],[2.390979,48.867488]],[[2.391923,48.89801],[2.392491,48.89793],[2.392308,48.897927]],[[2.391949,48.898046],[2.392701,48.897932],[2.392308,48.897905]],[[2.392101,48.897753],[2.39339,48.89778],[2.392113,48.897788]],[[2.392107,48.898187],[2.394176,48.898011]],[[2.392124,48.898219],[2.394194,48.898047]],[[2.39213,48.897828],[2.393021,48.897845],[2.392144,48.897867]],[[2.392144,48.897702],[2.393636,48.897737],[2.39339,48.89778],[2.393553,48.897792],[2.392651,48.897904],[2.393968,48.8979],[2.392701,48.897932],[2.39431,48.897947]],[[2.392159,48.897673],[2.39379,48.897711],[2.393636,48.897737],[2.393889,48.897736],[2.393594,48.897785],[2.394139,48.897797]],[[2.394155,48.897875],[2.393215,48.897849],[2.393434,48.897811],[2.39417,48.89783]],[[2.393542,48.897783],[2.394136,48.897783]],[[2.39423,48.897743],[2.39379,48.897711],[2.394203,48.897652]],[[2.393968,48.8979],[2.394241,48.897908]],[[2.394155,48.897715],[2.394019,48.897713],[2.394153,48.897696]],[[2.447555,48.896242],[2.449041,48.896331],[2.448749,48.896362],[2.447819,48.89631]],[[2.447567,48.896325],[2.448602,48.896388],[2.448118,48.896478]],[[2.447933,48.896418],[2.448454,48.89645],[2.448094,48.896512]],[[2.448015,48.896491],[2.448057,48.896478]],[[2.448028,48.896393],[2.449663,48.89652]],[[2.448042,48.896242],[2.449235,48.896312],[2.448734,48.896364],[2.448572,48.896426],[2.449496,48.896484]],[[2.448105,48.896678],[2.449877,48.896668]],[[2.448119,48.896482],[2.449731,48.896582]],[[2.449369,48.896433],[2.448731,48.896396],[2.449247,48.896392]],[[2.449287,48.896346],[2.449219,48.896342],[2.449287,48.896336]],[[2.550744,49.007011],[2.551491,49.007232],[2.554841,49.00854]],[[2.550793,49.006989],[2.551495,49.007195],[2.554889,49.00852]]]}},{"type":"Feature","properties":{"tsmid":"D095000000001","codeligne":"340000","categorie":"7","tampon":"0","ancients":"aucun","tmjatv":null},"geometry":{"type":"MultiLineString","coordinates":[[[1.576586,48.956016],[1.566876,48.952682]],[[1.576624,48.955988],[1.56691,48.952659]],[[1.609915,49.015299],[1.602125,49.02459],[1.600267,49.026904],[1.593319,49.035197],[1.592689,49.035892]],[[1.609979,49.01533],[1.605592,49.020619],[1.602161,49.024653],[1.600372,49.026889],[1.594118,49.034335],[1.592728,49.035915]],[[1.913914,49.006189],[1.91138,49.006284],[1.909423,49.006443],[1.907523,49.006444]],[[1.913922,49.006223],[1.911384,49.006317],[1.909431,49.006476],[1.907531,49.006477]],[[1.936148,49.167098],[1.935941,49.167805]],[[1.936195,49.167119],[1.935988,49.167825]],[[2.034669,49.070647],[2.033524,49.071873]],[[2.034689,49.070686],[2.033575,49.071925]],[[2.062929,49.04699],[2.064039,49.046892],[2.066688,49.046287],[2.067828,49.045884],[2.069167,49.045154],[2.069722,49.044757],[2.07061,49.043882],[2.072779,49.04144],[2.080061,49.036162],[2.083693,49.03388],[2.082413,49.034569],[2.080766,49.03557],[2.079385,49.036493],[2.072696,49.041408],[2.069907,49.044487],[2.069179,49.045057],[2.067918,49.045769],[2.066578,49.046271],[2.063904,49.046871],[2.062494,49.046991]],[[2.083693,49.03388],[2.085809,49.032845],[2.083776,49.033922],[2.082072,49.034918]],[[2.087486,49.031897],[2.083797,49.033823]],[[2.087904,49.031729],[2.085809,49.032845]],[[2.29586,48.884266],[2.297215,48.884992]],[[2.296358,48.884489],[2.297248,48.884964]],[[2.305506,48.89307],[2.304058,48.893946]],[[2.305544,48.893088],[2.304099,48.893965]],[[2.307259,48.89145],[2.311097,48.893148]],[[2.30729,48.891424],[2.311147,48.893128]],[[2.313739,48.893836],[2.314351,48.893963],[2.315023,48.894226],[2.315579,48.89507],[2.316368,48.895954],[2.318907,48.898141]],[[2.313793,48.893812],[2.314365,48.893931],[2.315063,48.894203],[2.315624,48.895055],[2.31641,48.895936],[2.318951,48.898124]],[[2.319358,48.883772],[2.318692,48.884462]],[[2.338216,48.896868],[2.331342,48.895959]],[[2.338227,48.896835],[2.331353,48.895927]],[[2.356145,48.897873],[2.356621,48.898044]],[[2.364515,48.886915],[2.365643,48.888282],[2.36599,48.888789]],[[2.365109,48.887846],[2.365757,48.888943]],[[2.365567,48.888463],[2.365799,48.888876]],[[2.366504,48.892224],[2.367901,48.893511]],[[2.366609,48.892256],[2.368005,48.893544]],[[2.366629,48.892217],[2.368028,48.893502]],[[2.366648,48.892168],[2.368039,48.893458]],[[2.367332,48.892066],[2.367626,48.892509],[2.368064,48.89301],[2.368007,48.892869],[2.367351,48.892015]],[[2.367412,48.892001],[2.367963,48.89274],[2.367895,48.892511],[2.36755,48.891969]],[[2.36748,48.892005],[2.368015,48.892756],[2.367893,48.892508],[2.367745,48.891968]],[[2.367769,48.891915],[2.36797,48.892614],[2.368619,48.893382]],[[2.367827,48.891884],[2.368053,48.892269],[2.367884,48.891928]],[[2.367921,48.89185],[2.368135,48.892257],[2.367935,48.891916]],[[2.367963,48.89274],[2.368087,48.892958],[2.367963,48.89274]],[[2.368006,48.891827],[2.368499,48.892752],[2.36888,48.893299]],[[2.368015,48.892756],[2.368392,48.893216],[2.368015,48.892756]],[[2.368053,48.892269],[2.368768,48.893348]],[[2.368513,48.893397],[2.368087,48.892958],[2.368173,48.893129],[2.368081,48.893051],[2.368356,48.89349]],[[2.368135,48.892257],[2.368824,48.893314]],[[2.368473,48.893456],[2.368173,48.893129],[2.368375,48.893439]],[[2.368392,48.893216],[2.36857,48.893397]],[[2.388175,48.870599],[2.387257,48.874127],[2.386593,48.877633],[2.386274,48.879935],[2.3861,48.880627]],[[2.388236,48.87057],[2.387305,48.874141],[2.386652,48.877585],[2.386324,48.879941],[2.386158,48.880597]],[[2.390811,48.867559],[2.389568,48.868572]],[[2.390905,48.867541],[2.389657,48.868552]],[[2.402006,48.860106],[2.396223,48.864271],[2.394131,48.8656],[2.390885,48.867506]],[[2.402099,48.860088],[2.396269,48.864288],[2.394165,48.865625],[2.390979,48.867488]],[[2.391923,48.89801],[2.392491,48.89793],[2.392308,48.897927]],[[2.391949,48.898046],[2.392701,48.897932],[2.392308,48.897905]],[[2.392101,48.897753],[2.39339,48.89778],[2.392113,48.897788]],[[2.392107,48.898187],[2.394176,48.898011]],[[2.392124,48.898219],[2.394194,48.898047]],[[2.39213,48.897828],[2.393021,48.897845],[2.392144,48.897867]],[[2.392144,48.897702],[2.393636,48.897737],[2.39339,48.89778],[2.393553,48.897792],[2.392651,48.897904],[2.393968,48.8979],[2.392701,48.897932],[2.39431,48.897947]],[[2.392159,48.897673],[2.39379,48.897711],[2.393636,48.897737],[2.393889,48.897736],[2.393594,48.897785],[2.394139,48.897797]],[[2.394155,48.897875],[2.393215,48.897849],[2.393434,48.897811],[2.39417,48.89783]],[[2.393542,48.897783],[2.394136,48.897783]],[[2.39423,48.897743],[2.39379,48.897711],[2.394203,48.897652]],[[2.393968,48.8979],[2.394241,48.897908]],[[2.394155,48.897715],[2.394019,48.897713],[2.394153,48.897696]],[[2.447555,48.896242],[2.449041,48.896331],[2.448749,48.896362],[2.447819,48.89631]],[[2.447567,48.896325],[2.448602,48.896388],[2.448118,48.896478]],[[2.447933,48.896418],[2.448454,48.89645],[2.448094,48.896512]],[[2.448015,48.896491],[2.448057,48.896478]],[[2.448028,48.896393],[2.449663,48.89652]],[[2.448042,48.896242],[2.449235,48.896312],[2.448734,48.896364],[2.448572,48.896426],[2.449496,48.896484]],[[2.448105,48.896678],[2.449877,48.896668]],[[2.448119,48.896482],[2.449731,48.896582]],[[2.449369,48.896433],[2.448731,48.896396],[2.449247,48.896392]],[[2.449287,48.896346],[2.449219,48.896342],[2.449287,48.896336]],[[2.550744,49.007011],[2.551491,49.007232],[2.554841,49.00854]],[[2.550793,49.006989],[2.551495,49.007195],[2.554889,49.00852]]]}},{"type":"Feature","properties":{"tsmid":"D095000000001","codeligne":"960000","categorie":"7","tampon":"0","ancients":"aucun","tmjatv":null},"geometry":{"type":"MultiLineString","coordinates":[[[1.576586,48.956016],[1.566876,48.952682]],[[1.576624,48.955988],[1.56691,48.952659]],[[1.609915,49.015299],[1.602125,49.02459],[1.600267,49.026904],[1.593319,49.035197],[1.592689,49.035892]],[[1.609979,49.01533],[1.605592,49.020619],[1.602161,49.024653],[1.600372,49.026889],[1.594118,49.034335],[1.592728,49.035915]],[[1.913914,49.006189],[1.91138,49.006284],[1.909423,49.006443],[1.907523,49.006444]],[[1.913922,49.006223],[1.911384,49.006317],[1.909431,49.006476],[1.907531,49.006477]],[[1.936148,49.167098],[1.935941,49.167805]],[[1.936195,49.167119],[1.935988,49.167825]],[[2.034669,49.070647],[2.033524,49.071873]],[[2.034689,49.070686],[2.033575,49.071925]],[[2.062929,49.04699],[2.064039,49.046892],[2.066688,49.046287],[2.067828,49.045884],[2.069167,49.045154],[2.069722,49.044757],[2.07061,49.043882],[2.072779,49.04144],[2.080061,49.036162],[2.083693,49.03388],[2.082413,49.034569],[2.080766,49.03557],[2.079385,49.036493],[2.072696,49.041408],[2.069907,49.044487],[2.069179,49.045057],[2.067918,49.045769],[2.066578,49.046271],[2.063904,49.046871],[2.062494,49.046991]],[[2.083693,49.03388],[2.085809,49.032845],[2.083776,49.033922],[2.082072,49.034918]],[[2.087486,49.031897],[2.083797,49.033823]],[[2.087904,49.031729],[2.085809,49.032845]],[[2.29586,48.884266],[2.297215,48.884992]],[[2.296358,48.884489],[2.297248,48.884964]],[[2.305506,48.89307],[2.304058,48.893946]],[[2.305544,48.893088],[2.304099,48.893965]],[[2.307259,48.89145],[2.311097,48.893148]],[[2.30729,48.891424],[2.311147,48.893128]],[[2.313739,48.893836],[2.314351,48.893963],[2.315023,48.894226],[2.315579,48.89507],[2.316368,48.895954],[2.318907,48.898141]],[[2.313793,48.893812],[2.314365,48.893931],[2.315063,48.894203],[2.315624,48.895055],[2.31641,48.895936],[2.318951,48.898124]],[[2.319358,48.883772],[2.318692,48.884462]],[[2.338216,48.896868],[2.331342,48.895959]],[[2.338227,48.896835],[2.331353,48.895927]],[[2.356145,48.897873],[2.356621,48.898044]],[[2.364515,48.886915],[2.365643,48.888282],[2.36599,48.888789]],[[2.365109,48.887846],[2.365757,48.888943]],[[2.365567,48.888463],[2.365799,48.888876]],[[2.366504,48.892224],[2.367901,48.893511]],[[2.366609,48.892256],[2.368005,48.893544]],[[2.366629,48.892217],[2.368028,48.893502]],[[2.366648,48.892168],[2.368039,48.893458]],[[2.367332,48.892066],[2.367626,48.892509],[2.368064,48.89301],[2.368007,48.892869],[2.367351,48.892015]],[[2.367412,48.892001],[2.367963,48.89274],[2.367895,48.892511],[2.36755,48.891969]],[[2.36748,48.892005],[2.368015,48.892756],[2.367893,48.892508],[2.367745,48.891968]],[[2.367769,48.891915],[2.36797,48.892614],[2.368619,48.893382]],[[2.367827,48.891884],[2.368053,48.892269],[2.367884,48.891928]],[[2.367921,48.89185],[2.368135,48.892257],[2.367935,48.891916]],[[2.367963,48.89274],[2.368087,48.892958],[2.367963,48.89274]],[[2.368006,48.891827],[2.368499,48.892752],[2.36888,48.893299]],[[2.368015,48.892756],[2.368392,48.893216],[2.368015,48.892756]],[[2.368053,48.892269],[2.368768,48.893348]],[[2.368513,48.893397],[2.368087,48.892958],[2.368173,48.893129],[2.368081,48.893051],[2.368356,48.89349]],[[2.368135,48.892257],[2.368824,48.893314]],[[2.368473,48.893456],[2.368173,48.893129],[2.368375,48.893439]],[[2.368392,48.893216],[2.36857,48.893397]],[[2.388175,48.870599],[2.387257,48.874127],[2.386593,48.877633],[2.386274,48.879935],[2.3861,48.880627]],[[2.388236,48.87057],[2.387305,48.874141],[2.386652,48.877585],[2.386324,48.879941],[2.386158,48.880597]],[[2.390811,48.867559],[2.389568,48.868572]],[[2.390905,48.867541],[2.389657,48.868552]],[[2.402006,48.860106],[2.396223,48.864271],[2.394131,48.8656],[2.390885,48.867506]],[[2.402099,48.860088],[2.396269,48.864288],[2.394165,48.865625],[2.390979,48.867488]],[[2.391923,48.89801],[2.392491,48.89793],[2.392308,48.897927]],[[2.391949,48.898046],[2.392701,48.897932],[2.392308,48.897905]],[[2.392101,48.897753],[2.39339,48.89778],[2.392113,48.897788]],[[2.392107,48.898187],[2.394176,48.898011]],[[2.392124,48.898219],[2.394194,48.898047]],[[2.39213,48.897828],[2.393021,48.897845],[2.392144,48.897867]],[[2.392144,48.897702],[2.393636,48.897737],[2.39339,48.89778],[2.393553,48.897792],[2.392651,48.897904],[2.393968,48.8979],[2.392701,48.897932],[2.39431,48.897947]],[[2.392159,48.897673],[2.39379,48.897711],[2.393636,48.897737],[2.393889,48.897736],[2.393594,48.897785],[2.394139,48.897797]],[[2.394155,48.897875],[2.393215,48.897849],[2.393434,48.897811],[2.39417,48.89783]],[[2.393542,48.897783],[2.394136,48.897783]],[[2.39423,48.897743],[2.39379,48.897711],[2.394203,48.897652]],[[2.393968,48.8979],[2.394241,48.897908]],[[2.394155,48.897715],[2.394019,48.897713],[2.394153,48.897696]],[[2.447555,48.896242],[2.449041,48.896331],[2.448749,48.896362],[2.447819,48.89631]],[[2.447567,48.896325],[2.448602,48.896388],[2.448118,48.896478]],[[2.447933,48.896418],[2.448454,48.89645],[2.448094,48.896512]],[[2.448015,48.896491],[2.448057,48.896478]],[[2.448028,48.896393],[2.449663,48.89652]],[[2.448042,48.896242],[2.449235,48.896312],[2.448734,48.896364],[2.448572,48.896426],[2.449496,48.896484]],[[2.448105,48.896678],[2.449877,48.896668]],[[2.448119,48.896482],[2.449731,48.896582]],[[2.449369,48.896433],[2.448731,48.896396],[2.449247,48.896392]],[[2.449287,48.896346],[2.449219,48.896342],[2.449287,48.896336]],[[2.550744,49.007011],[2.551491,49.007232],[2.554841,49.00854]],[[2.550793,49.006989],[2.551495,49.007195],[2.554889,49.00852]]]}},{"type":"Feature","properties":{"tsmid":"D095000000001","codeligne":"962000","categorie":"7","tampon":"0","ancients":"aucun","tmjatv":null},"geometry":{"type":"MultiLineString","coordinates":[[[1.576586,48.956016],[1.566876,48.952682]],[[1.576624,48.955988],[1.56691,48.952659]],[[1.609915,49.015299],[1.602125,49.02459],[1.600267,49.026904],[1.593319,49.035197],[1.592689,49.035892]],[[1.609979,49.01533],[1.605592,49.020619],[1.602161,49.024653],[1.600372,49.026889],[1.594118,49.034335],[1.592728,49.035915]],[[1.913914,49.006189],[1.91138,49.006284],[1.909423,49.006443],[1.907523,49.006444]],[[1.913922,49.006223],[1.911384,49.006317],[1.909431,49.006476],[1.907531,49.006477]],[[1.936148,49.167098],[1.935941,49.167805]],[[1.936195,49.167119],[1.935988,49.167825]],[[2.034669,49.070647],[2.033524,49.071873]],[[2.034689,49.070686],[2.033575,49.071925]],[[2.062929,49.04699],[2.064039,49.046892],[2.066688,49.046287],[2.067828,49.045884],[2.069167,49.045154],[2.069722,49.044757],[2.07061,49.043882],[2.072779,49.04144],[2.080061,49.036162],[2.083693,49.03388],[2.082413,49.034569],[2.080766,49.03557],[2.079385,49.036493],[2.072696,49.041408],[2.069907,49.044487],[2.069179,49.045057],[2.067918,49.045769],[2.066578,49.046271],[2.063904,49.046871],[2.062494,49.046991]],[[2.083693,49.03388],[2.085809,49.032845],[2.083776,49.033922],[2.082072,49.034918]],[[2.087486,49.031897],[2.083797,49.033823]],[[2.087904,49.031729],[2.085809,49.032845]],[[2.29586,48.884266],[2.297215,48.884992]],[[2.296358,48.884489],[2.297248,48.884964]],[[2.305506,48.89307],[2.304058,48.893946]],[[2.305544,48.893088],[2.304099,48.893965]],[[2.307259,48.89145],[2.311097,48.893148]],[[2.30729,48.891424],[2.311147,48.893128]],[[2.313739,48.893836],[2.314351,48.893963],[2.315023,48.894226],[2.315579,48.89507],[2.316368,48.895954],[2.318907,48.898141]],[[2.313793,48.893812],[2.314365,48.893931],[2.315063,48.894203],[2.315624,48.895055],[2.31641,48.895936],[2.318951,48.898124]],[[2.319358,48.883772],[2.318692,48.884462]],[[2.338216,48.896868],[2.331342,48.895959]],[[2.338227,48.896835],[2.331353,48.895927]],[[2.356145,48.897873],[2.356621,48.898044]],[[2.364515,48.886915],[2.365643,48.888282],[2.36599,48.888789]],[[2.365109,48.887846],[2.365757,48.888943]],[[2.365567,48.888463],[2.365799,48.888876]],[[2.366504,48.892224],[2.367901,48.893511]],[[2.366609,48.892256],[2.368005,48.893544]],[[2.366629,48.892217],[2.368028,48.893502]],[[2.366648,48.892168],[2.368039,48.893458]],[[2.367332,48.892066],[2.367626,48.892509],[2.368064,48.89301],[2.368007,48.892869],[2.367351,48.892015]],[[2.367412,48.892001],[2.367963,48.89274],[2.367895,48.892511],[2.36755,48.891969]],[[2.36748,48.892005],[2.368015,48.892756],[2.367893,48.892508],[2.367745,48.891968]],[[2.367769,48.891915],[2.36797,48.892614],[2.368619,48.893382]],[[2.367827,48.891884],[2.368053,48.892269],[2.367884,48.891928]],[[2.367921,48.89185],[2.368135,48.892257],[2.367935,48.891916]],[[2.367963,48.89274],[2.368087,48.892958],[2.367963,48.89274]],[[2.368006,48.891827],[2.368499,48.892752],[2.36888,48.893299]],[[2.368015,48.892756],[2.368392,48.893216],[2.368015,48.892756]],[[2.368053,48.892269],[2.368768,48.893348]],[[2.368513,48.893397],[2.368087,48.892958],[2.368173,48.893129],[2.368081,48.893051],[2.368356,48.89349]],[[2.368135,48.892257],[2.368824,48.893314]],[[2.368473,48.893456],[2.368173,48.893129],[2.368375,48.893439]],[[2.368392,48.893216],[2.36857,48.893397]],[[2.388175,48.870599],[2.387257,48.874127],[2.386593,48.877633],[2.386274,48.879935],[2.3861,48.880627]],[[2.388236,48.87057],[2.387305,48.874141],[2.386652,48.877585],[2.386324,48.879941],[2.386158,48.880597]],[[2.390811,48.867559],[2.389568,48.868572]],[[2.390905,48.867541],[2.389657,48.868552]],[[2.402006,48.860106],[2.396223,48.864271],[2.394131,48.8656],[2.390885,48.867506]],[[2.402099,48.860088],[2.396269,48.864288],[2.394165,48.865625],[2.390979,48.867488]],[[2.391923,48.89801],[2.392491,48.89793],[2.392308,48.897927]],[[2.391949,48.898046],[2.392701,48.897932],[2.392308,48.897905]],[[2.392101,48.897753],[2.39339,48.89778],[2.392113,48.897788]],[[2.392107,48.898187],[2.394176,48.898011]],[[2.392124,48.898219],[2.394194,48.898047]],[[2.39213,48.897828],[2.393021,48.897845],[2.392144,48.897867]],[[2.392144,48.897702],[2.393636,48.897737],[2.39339,48.89778],[2.393553,48.897792],[2.392651,48.897904],[2.393968,48.8979],[2.392701,48.897932],[2.39431,48.897947]],[[2.392159,48.897673],[2.39379,48.897711],[2.393636,48.897737],[2.393889,48.897736],[2.393594,48.897785],[2.394139,48.897797]],[[2.394155,48.897875],[2.393215,48.897849],[2.393434,48.897811],[2.39417,48.89783]],[[2.393542,48.897783],[2.394136,48.897783]],[[2.39423,48.897743],[2.39379,48.897711],[2.394203,48.897652]],[[2.393968,48.8979],[2.394241,48.897908]],[[2.394155,48.897715],[2.394019,48.897713],[2.394153,48.897696]],[[2.447555,48.896242],[2.449041,48.896331],[2.448749,48.896362],[2.447819,48.89631]],[[2.447567,48.896325],[2.448602,48.896388],[2.448118,48.896478]],[[2.447933,48.896418],[2.448454,48.89645],[2.448094,48.896512]],[[2.448015,48.896491],[2.448057,48.896478]],[[2.448028,48.896393],[2.449663,48.89652]],[[2.448042,48.896242],[2.449235,48.896312],[2.448734,48.896364],[2.448572,48.896426],[2.449496,48.896484]],[[2.448105,48.896678],[2.449877,48.896668]],[[2.448119,48.896482],[2.449731,48.896582]],[[2.449369,48.896433],[2.448731,48.896396],[2.449247,48.896392]],[[2.449287,48.896346],[2.449219,48.896342],[2.449287,48.896336]],[[2.550744,49.007011],[2.551491,49.007232],[2.554841,49.00854]],[[2.550793,49.006989],[2.551495,49.007195],[2.554889,49.00852]]]}},{"type":"Feature","properties":{"tsmid":"D095000000001","codeligne":"990000","categorie":"7","tampon":"0","ancients":"aucun","tmjatv":null},"geometry":{"type":"MultiLineString","coordinates":[[[1.576586,48.956016],[1.566876,48.952682]],[[1.576624,48.955988],[1.56691,48.952659]],[[1.609915,49.015299],[1.602125,49.02459],[1.600267,49.026904],[1.593319,49.035197],[1.592689,49.035892]],[[1.609979,49.01533],[1.605592,49.020619],[1.602161,49.024653],[1.600372,49.026889],[1.594118,49.034335],[1.592728,49.035915]],[[1.913914,49.006189],[1.91138,49.006284],[1.909423,49.006443],[1.907523,49.006444]],[[1.913922,49.006223],[1.911384,49.006317],[1.909431,49.006476],[1.907531,49.006477]],[[1.936148,49.167098],[1.935941,49.167805]],[[1.936195,49.167119],[1.935988,49.167825]],[[2.034669,49.070647],[2.033524,49.071873]],[[2.034689,49.070686],[2.033575,49.071925]],[[2.062929,49.04699],[2.064039,49.046892],[2.066688,49.046287],[2.067828,49.045884],[2.069167,49.045154],[2.069722,49.044757],[2.07061,49.043882],[2.072779,49.04144],[2.080061,49.036162],[2.083693,49.03388],[2.082413,49.034569],[2.080766,49.03557],[2.079385,49.036493],[2.072696,49.041408],[2.069907,49.044487],[2.069179,49.045057],[2.067918,49.045769],[2.066578,49.046271],[2.063904,49.046871],[2.062494,49.046991]],[[2.083693,49.03388],[2.085809,49.032845],[2.083776,49.033922],[2.082072,49.034918]],[[2.087486,49.031897],[2.083797,49.033823]],[[2.087904,49.031729],[2.085809,49.032845]],[[2.29586,48.884266],[2.297215,48.884992]],[[2.296358,48.884489],[2.297248,48.884964]],[[2.305506,48.89307],[2.304058,48.893946]],[[2.305544,48.893088],[2.304099,48.893965]],[[2.307259,48.89145],[2.311097,48.893148]],[[2.30729,48.891424],[2.311147,48.893128]],[[2.313739,48.893836],[2.314351,48.893963],[2.315023,48.894226],[2.315579,48.89507],[2.316368,48.895954],[2.318907,48.898141]],[[2.313793,48.893812],[2.314365,48.893931],[2.315063,48.894203],[2.315624,48.895055],[2.31641,48.895936],[2.318951,48.898124]],[[2.319358,48.883772],[2.318692,48.884462]],[[2.338216,48.896868],[2.331342,48.895959]],[[2.338227,48.896835],[2.331353,48.895927]],[[2.356145,48.897873],[2.356621,48.898044]],[[2.364515,48.886915],[2.365643,48.888282],[2.36599,48.888789]],[[2.365109,48.887846],[2.365757,48.888943]],[[2.365567,48.888463],[2.365799,48.888876]],[[2.366504,48.892224],[2.367901,48.893511]],[[2.366609,48.892256],[2.368005,48.893544]],[[2.366629,48.892217],[2.368028,48.893502]],[[2.366648,48.892168],[2.368039,48.893458]],[[2.367332,48.892066],[2.367626,48.892509],[2.368064,48.89301],[2.368007,48.892869],[2.367351,48.892015]],[[2.367412,48.892001],[2.367963,48.89274],[2.367895,48.892511],[2.36755,48.891969]],[[2.36748,48.892005],[2.368015,48.892756],[2.367893,48.892508],[2.367745,48.891968]],[[2.367769,48.891915],[2.36797,48.892614],[2.368619,48.893382]],[[2.367827,48.891884],[2.368053,48.892269],[2.367884,48.891928]],[[2.367921,48.89185],[2.368135,48.892257],[2.367935,48.891916]],[[2.367963,48.89274],[2.368087,48.892958],[2.367963,48.89274]],[[2.368006,48.891827],[2.368499,48.892752],[2.36888,48.893299]],[[2.368015,48.892756],[2.368392,48.893216],[2.368015,48.892756]],[[2.368053,48.892269],[2.368768,48.893348]],[[2.368513,48.893397],[2.368087,48.892958],[2.368173,48.893129],[2.368081,48.893051],[2.368356,48.89349]],[[2.368135,48.892257],[2.368824,48.893314]],[[2.368473,48.893456],[2.368173,48.893129],[2.368375,48.893439]],[[2.368392,48.893216],[2.36857,48.893397]],[[2.388175,48.870599],[2.387257,48.874127],[2.386593,48.877633],[2.386274,48.879935],[2.3861,48.880627]],[[2.388236,48.87057],[2.387305,48.874141],[2.386652,48.877585],[2.386324,48.879941],[2.386158,48.880597]],[[2.390811,48.867559],[2.389568,48.868572]],[[2.390905,48.867541],[2.389657,48.868552]],[[2.402006,48.860106],[2.396223,48.864271],[2.394131,48.8656],[2.390885,48.867506]],[[2.402099,48.860088],[2.396269,48.864288],[2.394165,48.865625],[2.390979,48.867488]],[[2.391923,48.89801],[2.392491,48.89793],[2.392308,48.897927]],[[2.391949,48.898046],[2.392701,48.897932],[2.392308,48.897905]],[[2.392101,48.897753],[2.39339,48.89778],[2.392113,48.897788]],[[2.392107,48.898187],[2.394176,48.898011]],[[2.392124,48.898219],[2.394194,48.898047]],[[2.39213,48.897828],[2.393021,48.897845],[2.392144,48.897867]],[[2.392144,48.897702],[2.393636,48.897737],[2.39339,48.89778],[2.393553,48.897792],[2.392651,48.897904],[2.393968,48.8979],[2.392701,48.897932],[2.39431,48.897947]],[[2.392159,48.897673],[2.39379,48.897711],[2.393636,48.897737],[2.393889,48.897736],[2.393594,48.897785],[2.394139,48.897797]],[[2.394155,48.897875],[2.393215,48.897849],[2.393434,48.897811],[2.39417,48.89783]],[[2.393542,48.897783],[2.394136,48.897783]],[[2.39423,48.897743],[2.39379,48.897711],[2.394203,48.897652]],[[2.393968,48.8979],[2.394241,48.897908]],[[2.394155,48.897715],[2.394019,48.897713],[2.394153,48.897696]],[[2.447555,48.896242],[2.449041,48.896331],[2.448749,48.896362],[2.447819,48.89631]],[[2.447567,48.896325],[2.448602,48.896388],[2.448118,48.896478]],[[2.447933,48.896418],[2.448454,48.89645],[2.448094,48.896512]],[[2.448015,48.896491],[2.448057,48.896478]],[[2.448028,48.896393],[2.449663,48.89652]],[[2.448042,48.896242],[2.449235,48.896312],[2.448734,48.896364],[2.448572,48.896426],[2.449496,48.896484]],[[2.448105,48.896678],[2.449877,48.896668]],[[2.448119,48.896482],[2.449731,48.896582]],[[2.449369,48.896433],[2.448731,48.896396],[2.449247,48.896392]],[[2.449287,48.896346],[2.449219,48.896342],[2.449287,48.896336]],[[2.550744,49.007011],[2.551491,49.007232],[2.554841,49.00854]],[[2.550793,49.006989],[2.551495,49.007195],[2.554889,49.00852]]]}},{"type":"Feature","properties":{"tsmid":"D095000000001","codeligne":"VS","categorie":"7","tampon":"0","ancients":"aucun","tmjatv":null},"geometry":{"type":"MultiLineString","coordinates":[[[2.130831,49.065209],[2.131439,49.065455],[2.132066,49.065555],[2.133727,49.065516],[2.134493,49.065558],[2.135431,49.065858],[2.136029,49.066244]],[[2.13289,49.062541],[2.133288,49.062947],[2.133969,49.063396],[2.134518,49.063638],[2.135061,49.063763],[2.142016,49.063865],[2.142627,49.063965],[2.142877,49.064066]],[[2.207329,48.909674],[2.2082,48.909089],[2.207087,48.909709]],[[2.209478,48.908423],[2.2082,48.909089]],[[2.308969,48.891918],[2.307863,48.892317],[2.305609,48.893628],[2.305147,48.89385]],[[2.305392,48.893785],[2.306229,48.893438],[2.308258,48.892282],[2.308887,48.892042],[2.30837,48.892187],[2.305331,48.893806]],[[2.309236,48.891408],[2.308218,48.891925],[2.306938,48.892657]],[[2.307461,48.891276],[2.307067,48.89161],[2.307487,48.891285]],[[2.309287,48.891253],[2.307359,48.89237]],[[2.307633,48.891406],[2.30743,48.891552]],[[2.309394,48.89104],[2.308701,48.891537],[2.307624,48.892176]],[[2.311317,48.890259],[2.309086,48.891559],[2.308173,48.892029],[2.308953,48.891707],[2.31044,48.890915],[2.30906,48.891711],[2.308274,48.892086],[2.308607,48.891963]],[[2.514176,49.078317],[2.514146,49.07759],[2.514325,49.077211],[2.514439,49.077129],[2.514923,49.076918],[2.515144,49.076884],[2.515703,49.076883],[2.516123,49.076946]],[[2.514325,49.077211],[2.514707,49.077182]],[[2.515703,49.076883],[2.517076,49.076948],[2.51793,49.077063],[2.519291,49.077149],[2.520623,49.077169],[2.517662,49.077024]],[[2.517076,49.076948],[2.521089,49.077155],[2.520623,49.077169]],[[2.521089,49.077155],[2.521648,49.077211],[2.522341,49.077451],[2.522707,49.0777],[2.522967,49.077959],[2.523103,49.07826],[2.523752,49.084074],[2.523941,49.086238],[2.52451,49.090584],[2.52437,49.090075],[2.524253,49.089879],[2.523709,49.089348],[2.523272,49.089088],[2.523017,49.088992],[2.522673,49.088912],[2.522079,49.088862]],[[2.52451,49.090584],[2.524676,49.092207]],[[2.525003,49.093263],[2.525116,49.093834]]]}},{"type":"Feature","properties":{"tsmid":"D095076000001","codeligne":"076000","categorie":"2","tampon":"250","ancients":"2319.1;2320","tmjatv":"299"},"geometry":{"type":"MultiLineString","coordinates":[[[2.519629,48.991033],[2.518517,48.992913],[2.518213,48.993981],[2.518178,48.994579],[2.5183,48.995451],[2.518603,48.99624],[2.518863,48.996708],[2.519478,48.997446],[2.523507,49.001167],[2.524074,49.00178],[2.525444,49.00347],[2.52585,49.003886],[2.526612,49.00451],[2.527234,49.004914],[2.528171,49.005377],[2.528827,49.005622],[2.529528,49.005839],[2.530543,49.006058],[2.532084,49.006218],[2.534266,49.006174]],[[2.519692,48.991016],[2.518563,48.992927],[2.518263,48.993984],[2.518229,48.994562],[2.518348,48.995439],[2.518652,48.996232],[2.51891,48.996696],[2.519529,48.997437],[2.523564,49.001164],[2.524131,49.001779],[2.525461,49.003422],[2.525895,49.00387],[2.52666,49.004496],[2.527269,49.00489],[2.528525,49.00548],[2.529546,49.005808],[2.53053,49.006021],[2.532189,49.006188],[2.534319,49.006138]],[[2.535547,49.00611],[2.537277,49.006021],[2.538384,49.006031]],[[2.5356,49.006073],[2.537303,49.005987],[2.538437,49.005999]],[[2.541164,49.006174],[2.547785,49.006521],[2.548836,49.006635]],[[2.541216,49.006144],[2.547756,49.006486],[2.548888,49.006608]],[[2.549343,49.00671],[2.550744,49.007011]],[[2.549395,49.006684],[2.550793,49.006989]]]}},{"type":"Feature","properties":{"tsmid":"D095226000001","codeligne":"226000","categorie":"2","tampon":"250","ancients":"2400;2401.1","tmjatv":"135"},"geometry":{"type":"MultiLineString","coordinates":[[[2.426495,49.000362],[2.4306,49.002975],[2.432764,49.004296],[2.434674,49.005386],[2.436336,49.006205],[2.440786,49.008116]],[[2.428472,49.001696],[2.433109,49.004548],[2.43459,49.005381],[2.435976,49.006089],[2.441388,49.008404],[2.443921,49.009458],[2.440832,49.008135],[2.445518,49.010082],[2.440763,49.008045],[2.438882,49.007163],[2.437446,49.00643],[2.430907,49.002842]],[[2.443921,49.009458],[2.450239,49.012032],[2.453061,49.012989],[2.454632,49.013454],[2.457872,49.014247],[2.480075,49.019007],[2.484589,49.020173],[2.487605,49.021089],[2.489407,49.021694],[2.491748,49.022552],[2.493975,49.023431],[2.497561,49.025041],[2.50092,49.026732],[2.511973,49.032629],[2.506487,49.029642],[2.499205,49.025797],[2.496785,49.024614],[2.494019,49.023396],[2.492701,49.022866],[2.489415,49.021646],[2.486783,49.020786],[2.484581,49.020126],[2.481274,49.019261],[2.478283,49.018576],[2.458739,49.014405],[2.456233,49.013835],[2.454672,49.013423],[2.453098,49.012967],[2.450276,49.012012],[2.445518,49.010082]],[[2.508913,49.030949],[2.516123,49.034797],[2.511973,49.032629]],[[2.513081,49.033225],[2.526949,49.040611],[2.530844,49.042546],[2.57113,49.06038]],[[2.516123,49.034797],[2.526929,49.040554],[2.53067,49.042414],[2.533719,49.0438],[2.571166,49.060351]]]}},{"type":"Feature","properties":{"tsmid":"D095226301001","codeligne":"226301","categorie":"7","tampon":"0","ancients":"aucun","tmjatv":null},"geometry":{"type":"MultiLineString","coordinates":[[[2.549242,49.05071],[2.551234,49.051699],[2.555431,49.054052],[2.555913,49.054262],[2.556818,49.054559],[2.557549,49.05472],[2.558324,49.054823],[2.559575,49.054852],[2.560898,49.054695],[2.561585,49.054528],[2.562362,49.05427],[2.563161,49.053874],[2.563765,49.053482],[2.564096,49.053207],[2.564413,49.052903],[2.564727,49.052511],[2.565141,49.051696],[2.565284,49.050956],[2.565272,49.04886],[2.565334,49.047305],[2.565494,49.046069],[2.565858,49.044258]],[[2.554875,49.053147],[2.557265,49.054076],[2.557794,49.054234],[2.558587,49.054389],[2.559465,49.054463],[2.560221,49.054451],[2.56103,49.054364],[2.561882,49.054189],[2.562626,49.053935],[2.563479,49.05351],[2.564148,49.053011],[2.564574,49.05256],[2.564966,49.051948],[2.565138,49.051458],[2.565222,49.050948],[2.565283,49.049966]]]}}]}