{"type":"FeatureCollection","features":[{"type":"Feature","properties":{"FID":"0"},"geometry":{"type":"MultiPolygon","coordinates":[[[[2.589174,49.022997],[2.589102,49.023036],[2.589043,49.023084],[2.588999,49.023138],[2.588972,49.023198],[2.588964,49.023259],[2.588973,49.02332],[2.589001,49.023379],[2.589046,49.023434],[2.589106,49.023481],[2.589179,49.02352],[2.58919,49.023525],[2.589201,49.02353],[2.589213,49.023535],[2.589224,49.02354],[2.589236,49.023545],[2.589247,49.02355],[2.589258,49.023555],[2.58927,49.02356],[2.589281,49.023564],[2.589293,49.023569],[2.589304,49.023574],[2.589316,49.023579],[2.589327,49.023584],[2.589338,49.023589],[2.58935,49.023594],[2.589361,49.023599],[2.589373,49.023604],[2.589384,49.023609],[2.589395,49.023614],[2.589407,49.023619],[2.589418,49.023624],[2.58943,49.023629],[2.589441,49.023634],[2.589452,49.023639],[2.589464,49.023644],[2.589475,49.023649],[2.589487,49.023654],[2.589498,49.023659],[2.589509,49.023664],[2.589521,49.023669],[2.589532,49.023673],[2.589555,49.023683],[2.589567,49.023688],[2.589578,49.023693],[2.589589,49.023698],[2.589601,49.023703],[2.589612,49.023708],[2.589624,49.023713],[2.589635,49.023718],[2.589646,49.023723],[2.589658,49.023728],[2.589669,49.023733],[2.589681,49.023738],[2.589692,49.023743],[2.589703,49.023748],[2.589715,49.023753],[2.589726,49.023758],[2.589738,49.023763],[2.589749,49.023768],[2.58976,49.023773],[2.589772,49.023778],[2.589783,49.023783],[2.589795,49.023787],[2.589806,49.023792],[2.589818,49.023797],[2.589829,49.023802],[2.58984,49.023807],[2.589852,49.023812],[2.589863,49.023817],[2.589875,49.023822],[2.589886,49.023827],[2.589897,49.023832],[2.589909,49.023837],[2.58992,49.023842],[2.589932,49.023847],[2.589943,49.023852],[2.589954,49.023857],[2.589966,49.023862],[2.589977,49.023867],[2.589989,49.023872],[2.59,49.023877],[2.590012,49.023882],[2.590023,49.023887],[2.590034,49.023892],[2.590046,49.023896],[2.590057,49.023901],[2.590069,49.023906],[2.59008,49.023911],[2.590091,49.023916],[2.590103,49.023921],[2.590114,49.023926],[2.590126,49.023931],[2.590137,49.023936],[2.590148,49.023941],[2.59016,49.023946],[2.590171,49.023951],[2.590183,49.023956],[2.590194,49.023961],[2.590205,49.023966],[2.590228,49.023976],[2.59024,49.023981],[2.590251,49.023986],[2.590263,49.023991],[2.590274,49.023996],[2.590285,49.024001],[2.590297,49.024005],[2.590308,49.02401],[2.59032,49.024015],[2.590331,49.02402],[2.590342,49.024025],[2.590354,49.02403],[2.590365,49.024035],[2.590377,49.02404],[2.590388,49.024045],[2.590399,49.02405],[2.590411,49.024055],[2.590422,49.02406],[2.590434,49.024065],[2.590445,49.02407],[2.590456,49.024075],[2.590468,49.02408],[2.590479,49.024085],[2.590491,49.02409],[2.590502,49.024095],[2.590514,49.0241],[2.590525,49.024105],[2.590536,49.02411],[2.590548,49.024114],[2.590559,49.024119],[2.590571,49.024124],[2.590582,49.024129],[2.590593,49.024134],[2.590605,49.024139],[2.590616,49.024144],[2.590628,49.024149],[2.590639,49.024154],[2.59065,49.024159],[2.590662,49.024164],[2.590673,49.024169],[2.590685,49.024174],[2.590696,49.024179],[2.590707,49.024184],[2.590719,49.024189],[2.59073,49.024194],[2.590742,49.024199],[2.590753,49.024204],[2.590765,49.024209],[2.590776,49.024214],[2.590787,49.024219],[2.590799,49.024223],[2.59081,49.024228],[2.590822,49.024233],[2.590833,49.024238],[2.590844,49.024243],[2.590856,49.024248],[2.590867,49.024253],[2.590879,49.024258],[2.59089,49.024263],[2.590901,49.024268],[2.590913,49.024273],[2.590924,49.024278],[2.590936,49.024283],[2.590947,49.024288],[2.590959,49.024293],[2.59097,49.024298],[2.590981,49.024303],[2.590993,49.024308],[2.591004,49.024313],[2.591016,49.024318],[2.591027,49.024323],[2.591038,49.024328],[2.59105,49.024332],[2.591061,49.024337],[2.591073,49.024342],[2.591084,49.024347],[2.591095,49.024352],[2.591107,49.024357],[2.591118,49.024362],[2.59113,49.024367],[2.591141,49.024372],[2.591152,49.024377],[2.591164,49.024382],[2.591175,49.024387],[2.591187,49.024392],[2.591198,49.024397],[2.59121,49.024402],[2.591221,49.024407],[2.591232,49.024412],[2.591244,49.024417],[2.591255,49.024422],[2.591267,49.024427],[2.591278,49.024432],[2.591289,49.024437],[2.591301,49.024441],[2.591312,49.024446],[2.591324,49.024451],[2.591335,49.024456],[2.591346,49.024461],[2.591358,49.024466],[2.591369,49.024471],[2.591381,49.024476],[2.591392,49.024481],[2.591403,49.024486],[2.591415,49.024491],[2.591426,49.024496],[2.591438,49.024501],[2.591449,49.024506],[2.591461,49.024511],[2.591472,49.024516],[2.591483,49.024521],[2.591495,49.024526],[2.591506,49.024531],[2.591518,49.024536],[2.591529,49.024541],[2.59154,49.024546],[2.591552,49.02455],[2.591563,49.024555],[2.591575,49.02456],[2.591586,49.024565],[2.591597,49.02457],[2.591609,49.024575],[2.59162,49.02458],[2.591632,49.024585],[2.591643,49.02459],[2.591655,49.024595],[2.591666,49.0246],[2.591677,49.024605],[2.591689,49.02461],[2.5917,49.024615],[2.591712,49.02462],[2.591723,49.024625],[2.591734,49.02463],[2.591746,49.024635],[2.591757,49.02464],[2.591769,49.024645],[2.59178,49.02465],[2.591791,49.024655],[2.591803,49.02466],[2.591814,49.024664],[2.591826,49.024669],[2.591837,49.024674],[2.591848,49.024679],[2.59186,49.024684],[2.591871,49.024689],[2.591883,49.024694],[2.591894,49.024699],[2.591906,49.024704],[2.591917,49.024709],[2.591928,49.024714],[2.59194,49.024719],[2.591951,49.024724],[2.591963,49.024729],[2.591974,49.024734],[2.591985,49.024739],[2.591997,49.024744],[2.592008,49.024749],[2.59202,49.024754],[2.592031,49.024759],[2.592042,49.024764],[2.592054,49.024769],[2.592065,49.024773],[2.592077,49.024778],[2.592088,49.024783],[2.5921,49.024788],[2.592111,49.024793],[2.592122,49.024798],[2.592134,49.024803],[2.592145,49.024808],[2.592157,49.024813],[2.592168,49.024818],[2.592179,49.024823],[2.592191,49.024828],[2.592202,49.024833],[2.592214,49.024838],[2.592225,49.024843],[2.592248,49.024853],[2.592259,49.024858],[2.592271,49.024863],[2.592282,49.024868],[2.592293,49.024873],[2.592305,49.024878],[2.592316,49.024882],[2.592328,49.024887],[2.592339,49.024892],[2.592351,49.024897],[2.592362,49.024902],[2.592373,49.024907],[2.592385,49.024912],[2.592396,49.024917],[2.592408,49.024922],[2.592419,49.024927],[2.59243,49.024932],[2.592442,49.024937],[2.592453,49.024942],[2.592465,49.024947],[2.592476,49.024952],[2.592487,49.024957],[2.592499,49.024962],[2.59251,49.024967],[2.592522,49.024972],[2.592533,49.024977],[2.592544,49.024982],[2.592556,49.024987],[2.592567,49.024991],[2.592579,49.024996],[2.59259,49.025001],[2.592602,49.025006],[2.592613,49.025011],[2.592624,49.025016],[2.592636,49.025021],[2.592647,49.025026],[2.592659,49.025031],[2.59267,49.025036],[2.592681,49.025041],[2.592693,49.025046],[2.592704,49.025051],[2.592716,49.025056],[2.592727,49.025061],[2.592738,49.025066],[2.59275,49.025071],[2.592761,49.025076],[2.592773,49.025081],[2.592784,49.025086],[2.592796,49.025091],[2.592807,49.025096],[2.592818,49.0251],[2.59283,49.025105],[2.592841,49.02511],[2.592853,49.025115],[2.592864,49.02512],[2.592875,49.025125],[2.592887,49.02513],[2.592898,49.025135],[2.59291,49.02514],[2.592921,49.025145],[2.592932,49.02515],[2.592944,49.025155],[2.592955,49.02516],[2.592967,49.025165],[2.592978,49.02517],[2.592989,49.025175],[2.593001,49.02518],[2.593012,49.025185],[2.593024,49.02519],[2.593035,49.025195],[2.593047,49.0252],[2.593058,49.025205],[2.593069,49.025209],[2.593081,49.025214],[2.593092,49.025219],[2.593104,49.025224],[2.593115,49.025229],[2.593124,49.025233],[2.593138,49.025239],[2.593149,49.025244],[2.593172,49.025254],[2.593183,49.025259],[2.593206,49.025269],[2.593218,49.025274],[2.593241,49.025284],[2.593252,49.025289],[2.593275,49.025299],[2.593286,49.025304],[2.593309,49.025314],[2.59332,49.025318],[2.593343,49.025328],[2.593355,49.025333],[2.593389,49.025348],[2.5934,49.025353],[2.593423,49.025363],[2.593434,49.025368],[2.593446,49.025373],[2.593457,49.025378],[2.593469,49.025383],[2.593492,49.025393],[2.593503,49.025398],[2.593526,49.025408],[2.593537,49.025413],[2.59356,49.025423],[2.593571,49.025427],[2.593594,49.025437],[2.593606,49.025442],[2.593617,49.025447],[2.593628,49.025452],[2.59364,49.025457],[2.593663,49.025467],[2.593674,49.025472],[2.593708,49.025487],[2.59372,49.025492],[2.593743,49.025502],[2.593754,49.025507],[2.593777,49.025517],[2.593788,49.025522],[2.5938,49.025527],[2.593811,49.025532],[2.593822,49.025536],[2.593845,49.025546],[2.593857,49.025551],[2.593879,49.025561],[2.593891,49.025566],[2.593914,49.025576],[2.593925,49.025581],[2.593948,49.025591],[2.593959,49.025596],[2.593971,49.025601],[2.593982,49.025606],[2.593994,49.025611],[2.594028,49.025626],[2.594039,49.025631],[2.594062,49.025641],[2.594073,49.025645],[2.594096,49.025655],[2.594108,49.02566],[2.594131,49.02567],[2.594142,49.025675],[2.594153,49.02568],[2.594165,49.025685],[2.594176,49.02569],[2.594199,49.0257],[2.59421,49.025705],[2.594233,49.025715],[2.594245,49.02572],[2.594267,49.02573],[2.594279,49.025735],[2.594302,49.025745],[2.594313,49.02575],[2.594324,49.025754],[2.594347,49.025764],[2.594359,49.025769],[2.594382,49.025779],[2.594393,49.025784],[2.594416,49.025794],[2.594427,49.025799],[2.59445,49.025809],[2.594461,49.025814],[2.594484,49.025824],[2.594496,49.025829],[2.594518,49.025839],[2.59453,49.025844],[2.594553,49.025854],[2.594564,49.025859],[2.594587,49.025868],[2.594598,49.025873],[2.594621,49.025883],[2.594633,49.025888],[2.594667,49.025903],[2.594678,49.025908],[2.594701,49.025918],[2.594712,49.025923],[2.594735,49.025933],[2.594747,49.025938],[2.59477,49.025948],[2.594781,49.025953],[2.594804,49.025963],[2.594815,49.025968],[2.594838,49.025977],[2.594849,49.025982],[2.594872,49.025992],[2.594884,49.025997],[2.594906,49.026007],[2.594918,49.026012],[2.594941,49.026022],[2.594952,49.026027],[2.594986,49.026042],[2.594998,49.026047],[2.595009,49.026052],[2.595021,49.026057],[2.595032,49.026062],[2.595055,49.026072],[2.595066,49.026076],[2.595089,49.026086],[2.5951,49.026091],[2.595123,49.026101],[2.595135,49.026106],[2.595157,49.026116],[2.595169,49.026121],[2.59518,49.026126],[2.595192,49.026131],[2.595203,49.026136],[2.595226,49.026146],[2.595237,49.026151],[2.59526,49.026161],[2.595272,49.026166],[2.595283,49.026171],[2.595289,49.026173],[2.595294,49.026176],[2.595306,49.026181],[2.595317,49.026185],[2.595329,49.02619],[2.59534,49.026195],[2.595351,49.0262],[2.595363,49.026205],[2.595374,49.02621],[2.595386,49.026215],[2.595397,49.02622],[2.595408,49.026225],[2.595431,49.026235],[2.595443,49.02624],[2.595454,49.026245],[2.595466,49.02625],[2.595488,49.02626],[2.5955,49.026265],[2.595511,49.02627],[2.595523,49.026275],[2.595534,49.02628],[2.595545,49.026285],[2.595568,49.026294],[2.59558,49.026299],[2.595591,49.026304],[2.595602,49.026309],[2.595625,49.026319],[2.595637,49.026324],[2.595648,49.026329],[2.59566,49.026334],[2.595671,49.026339],[2.595682,49.026344],[2.595705,49.026354],[2.595717,49.026359],[2.595728,49.026364],[2.595739,49.026369],[2.595762,49.026379],[2.595774,49.026384],[2.595785,49.026389],[2.595796,49.026394],[2.595808,49.026399],[2.595819,49.026403],[2.595842,49.026413],[2.595854,49.026418],[2.595865,49.026423],[2.595876,49.026428],[2.595899,49.026438],[2.595911,49.026443],[2.595922,49.026448],[2.595933,49.026453],[2.595945,49.026458],[2.595956,49.026463],[2.595979,49.026473],[2.59599,49.026478],[2.596002,49.026483],[2.596013,49.026488],[2.596015,49.026489],[2.596025,49.026493],[2.596036,49.026498],[2.596048,49.026503],[2.59607,49.026512],[2.596082,49.026517],[2.596105,49.026527],[2.596116,49.026532],[2.59615,49.026547],[2.596162,49.026552],[2.596184,49.026562],[2.596196,49.026567],[2.596219,49.026577],[2.59623,49.026582],[2.596253,49.026592],[2.596264,49.026597],[2.596299,49.026612],[2.59631,49.026617],[2.596321,49.026621],[2.596333,49.026626],[2.596344,49.026631],[2.596367,49.026641],[2.596378,49.026646],[2.596401,49.026656],[2.596413,49.026661],[2.596447,49.026676],[2.596458,49.026681],[2.596481,49.026691],[2.596493,49.026696],[2.596515,49.026706],[2.596527,49.026711],[2.596561,49.026726],[2.596572,49.02673],[2.596595,49.02674],[2.596607,49.026745],[2.596629,49.026755],[2.596641,49.02676],[2.596664,49.02677],[2.596675,49.026775],[2.596709,49.02679],[2.596721,49.026795],[2.596744,49.026805],[2.596755,49.02681],[2.596778,49.02682],[2.596789,49.026825],[2.596812,49.026834],[2.596823,49.026839],[2.596858,49.026854],[2.596869,49.026859],[2.596892,49.026869],[2.596903,49.026874],[2.596926,49.026884],[2.596938,49.026889],[2.59696,49.026899],[2.596972,49.026904],[2.597006,49.026919],[2.597017,49.026924],[2.597029,49.026929],[2.59704,49.026934],[2.597052,49.026939],[2.597074,49.026948],[2.597086,49.026953],[2.597109,49.026963],[2.59712,49.026968],[2.597154,49.026983],[2.597166,49.026988],[2.597189,49.026998],[2.5972,49.027003],[2.597223,49.027013],[2.597234,49.027018],[2.597268,49.027033],[2.59728,49.027038],[2.597303,49.027048],[2.597314,49.027052],[2.597337,49.027062],[2.597348,49.027067],[2.597371,49.027077],[2.597383,49.027082],[2.597417,49.027097],[2.597428,49.027102],[2.597451,49.027112],[2.597462,49.027117],[2.597485,49.027127],[2.597497,49.027132],[2.59752,49.027142],[2.597531,49.027147],[2.597565,49.027161],[2.597577,49.027166],[2.597599,49.027176],[2.597611,49.027181],[2.597634,49.027191],[2.597645,49.027196],[2.597668,49.027206],[2.597679,49.027211],[2.597713,49.027226],[2.597725,49.027231],[2.597736,49.027236],[2.597748,49.027241],[2.597759,49.027246],[2.597782,49.027256],[2.597793,49.027261],[2.597816,49.02727],[2.597828,49.027275],[2.597862,49.02729],[2.597873,49.027295],[2.597896,49.027305],[2.597907,49.02731],[2.59793,49.02732],[2.597942,49.027325],[2.597965,49.027335],[2.597976,49.02734],[2.59801,49.027355],[2.598022,49.02736],[2.598044,49.02737],[2.598056,49.027374],[2.598079,49.027384],[2.59809,49.027389],[2.598124,49.027404],[2.598136,49.027409],[2.598159,49.027419],[2.59817,49.027424],[2.598193,49.027434],[2.598276,49.027463],[2.598366,49.02748],[2.598459,49.027486],[2.598552,49.02748],[2.598642,49.027461],[2.598725,49.027432],[2.598797,49.027393],[2.598856,49.027345],[2.5989,49.02729],[2.598926,49.027231],[2.598935,49.02717],[2.598925,49.027108],[2.598898,49.027049],[2.598853,49.026995],[2.598793,49.026948],[2.59872,49.026909],[2.59872,49.026909],[2.598697,49.026899],[2.598686,49.026894],[2.598663,49.026884],[2.598652,49.026879],[2.598617,49.026864],[2.598606,49.026859],[2.598583,49.026849],[2.598572,49.026844],[2.598549,49.026834],[2.598538,49.026829],[2.598503,49.026815],[2.598492,49.02681],[2.598469,49.0268],[2.598458,49.026795],[2.598435,49.026785],[2.598423,49.02678],[2.598401,49.02677],[2.598389,49.026765],[2.598355,49.02675],[2.598344,49.026745],[2.598321,49.026735],[2.598309,49.02673],[2.598286,49.02672],[2.598275,49.026715],[2.598264,49.026711],[2.598252,49.026706],[2.598241,49.026701],[2.598207,49.026686],[2.598195,49.026681],[2.598172,49.026671],[2.598161,49.026666],[2.598138,49.026656],[2.598127,49.026651],[2.598104,49.026641],[2.598093,49.026636],[2.598058,49.026621],[2.598047,49.026616],[2.598024,49.026606],[2.598013,49.026602],[2.59799,49.026592],[2.597978,49.026587],[2.597956,49.026577],[2.597944,49.026572],[2.59791,49.026557],[2.597899,49.026552],[2.597876,49.026542],[2.597864,49.026537],[2.597841,49.026527],[2.59783,49.026522],[2.597807,49.026512],[2.597796,49.026507],[2.597762,49.026493],[2.59775,49.026488],[2.597727,49.026478],[2.597716,49.026473],[2.597693,49.026463],[2.597682,49.026458],[2.597647,49.026443],[2.597636,49.026438],[2.597613,49.026428],[2.597602,49.026423],[2.597579,49.026413],[2.597568,49.026408],[2.597556,49.026403],[2.597545,49.026398],[2.597533,49.026393],[2.597499,49.026379],[2.597488,49.026374],[2.597465,49.026364],[2.597453,49.026359],[2.597431,49.026349],[2.597419,49.026344],[2.597396,49.026334],[2.597385,49.026329],[2.597351,49.026314],[2.597339,49.026309],[2.597317,49.026299],[2.597305,49.026294],[2.597282,49.026284],[2.597271,49.02628],[2.597248,49.02627],[2.597237,49.026265],[2.597202,49.02625],[2.597191,49.026245],[2.597168,49.026235],[2.597157,49.02623],[2.597134,49.02622],[2.597123,49.026215],[2.5971,49.026205],[2.597088,49.0262],[2.597054,49.026185],[2.597043,49.02618],[2.59702,49.026171],[2.597008,49.026166],[2.596986,49.026156],[2.596974,49.026151],[2.59694,49.026136],[2.596929,49.026131],[2.596906,49.026121],[2.596894,49.026116],[2.596872,49.026106],[2.59686,49.026101],[2.596849,49.026096],[2.596837,49.026091],[2.596826,49.026086],[2.596792,49.026071],[2.59678,49.026066],[2.596757,49.026057],[2.596746,49.026052],[2.596723,49.026042],[2.596712,49.026037],[2.596689,49.026027],[2.596678,49.026022],[2.596643,49.026007],[2.596632,49.026002],[2.596609,49.025992],[2.596598,49.025987],[2.596575,49.025977],[2.596563,49.025972],[2.596552,49.025967],[2.596541,49.025962],[2.596529,49.025957],[2.596518,49.025953],[2.596506,49.025948],[2.596484,49.025938],[2.596472,49.025933],[2.596461,49.025928],[2.596449,49.025923],[2.596438,49.025918],[2.596427,49.025913],[2.596404,49.025903],[2.596392,49.025898],[2.596381,49.025893],[2.596369,49.025888],[2.596347,49.025878],[2.596335,49.025873],[2.596324,49.025868],[2.596312,49.025863],[2.596301,49.025858],[2.59629,49.025853],[2.596267,49.025844],[2.596255,49.025839],[2.596244,49.025834],[2.596233,49.025829],[2.59621,49.025819],[2.596198,49.025814],[2.596187,49.025809],[2.596175,49.025804],[2.596164,49.025799],[2.596153,49.025794],[2.59613,49.025784],[2.596118,49.025779],[2.596107,49.025774],[2.596096,49.025769],[2.596073,49.025759],[2.596061,49.025754],[2.59605,49.025749],[2.596039,49.025744],[2.596027,49.025739],[2.596016,49.025735],[2.595993,49.025725],[2.595982,49.02572],[2.59597,49.025715],[2.595959,49.02571],[2.595936,49.0257],[2.595924,49.025695],[2.595913,49.02569],[2.595902,49.025685],[2.59589,49.02568],[2.595879,49.025675],[2.595867,49.02567],[2.595856,49.025665],[2.595845,49.02566],[2.595833,49.025655],[2.595822,49.02565],[2.595816,49.025648],[2.59581,49.025645],[2.595799,49.02564],[2.595788,49.025635],[2.595765,49.025626],[2.595753,49.025621],[2.59573,49.025611],[2.595719,49.025606],[2.595708,49.025601],[2.595696,49.025596],[2.595685,49.025591],[2.595662,49.025581],[2.595651,49.025576],[2.595628,49.025566],[2.595616,49.025561],[2.595594,49.025551],[2.595582,49.025546],[2.595559,49.025536],[2.595548,49.025531],[2.595536,49.025526],[2.595525,49.025522],[2.595514,49.025517],[2.595479,49.025502],[2.595468,49.025497],[2.595445,49.025487],[2.595434,49.025482],[2.595411,49.025472],[2.5954,49.025467],[2.595377,49.025457],[2.595365,49.025452],[2.595343,49.025442],[2.595331,49.025437],[2.595308,49.025427],[2.595297,49.025422],[2.595274,49.025413],[2.595263,49.025408],[2.59524,49.025398],[2.595228,49.025393],[2.595206,49.025383],[2.595194,49.025378],[2.59516,49.025363],[2.595149,49.025358],[2.595126,49.025348],[2.595114,49.025343],[2.595091,49.025333],[2.59508,49.025328],[2.595057,49.025318],[2.595046,49.025313],[2.595023,49.025304],[2.595012,49.025299],[2.594989,49.025289],[2.594977,49.025284],[2.594955,49.025274],[2.594943,49.025269],[2.59492,49.025259],[2.594909,49.025254],[2.594886,49.025244],[2.594875,49.025239],[2.594852,49.025229],[2.59484,49.025224],[2.594829,49.025219],[2.594806,49.025209],[2.594795,49.025204],[2.594772,49.025195],[2.594761,49.02519],[2.594738,49.02518],[2.594726,49.025175],[2.594704,49.025165],[2.594692,49.02516],[2.594681,49.025155],[2.594669,49.02515],[2.594658,49.025145],[2.594635,49.025135],[2.594624,49.02513],[2.594601,49.02512],[2.594589,49.025115],[2.594567,49.025105],[2.594555,49.0251],[2.594521,49.025086],[2.59451,49.025081],[2.594498,49.025076],[2.594487,49.025071],[2.594475,49.025066],[2.594453,49.025056],[2.594441,49.025051],[2.594418,49.025041],[2.594407,49.025036],[2.594384,49.025026],[2.594373,49.025021],[2.59435,49.025011],[2.594338,49.025006],[2.594327,49.025001],[2.594316,49.024996],[2.594304,49.024991],[2.594281,49.024981],[2.59427,49.024977],[2.594247,49.024967],[2.594236,49.024962],[2.594201,49.024947],[2.59419,49.024942],[2.594167,49.024932],[2.594156,49.024927],[2.594144,49.024922],[2.594133,49.024917],[2.594122,49.024912],[2.594099,49.024902],[2.594087,49.024897],[2.594065,49.024887],[2.594053,49.024882],[2.59403,49.024872],[2.594019,49.024868],[2.593996,49.024858],[2.593985,49.024853],[2.593973,49.024848],[2.593962,49.024843],[2.59395,49.024838],[2.593928,49.024828],[2.593916,49.024823],[2.593882,49.024808],[2.593871,49.024803],[2.593848,49.024793],[2.593836,49.024788],[2.593814,49.024778],[2.593802,49.024773],[2.593779,49.024763],[2.593768,49.024759],[2.593745,49.024749],[2.593734,49.024744],[2.593711,49.024734],[2.593699,49.024729],[2.593677,49.024719],[2.593665,49.024714],[2.593654,49.024709],[2.593652,49.024708],[2.593642,49.024704],[2.593631,49.024699],[2.59362,49.024694],[2.593608,49.024689],[2.593597,49.024684],[2.593585,49.024679],[2.593574,49.024674],[2.593563,49.024669],[2.593551,49.024664],[2.59354,49.024659],[2.593528,49.024654],[2.593517,49.02465],[2.593505,49.024645],[2.593494,49.02464],[2.593483,49.024635],[2.593471,49.02463],[2.59346,49.024625],[2.593448,49.02462],[2.593437,49.024615],[2.593426,49.02461],[2.593414,49.024605],[2.593403,49.0246],[2.593391,49.024595],[2.59338,49.02459],[2.593369,49.024585],[2.593357,49.02458],[2.593346,49.024575],[2.593334,49.02457],[2.593323,49.024565],[2.593311,49.02456],[2.5933,49.024555],[2.593289,49.02455],[2.593277,49.024545],[2.593266,49.024541],[2.593254,49.024536],[2.593243,49.024531],[2.593232,49.024526],[2.59322,49.024521],[2.593209,49.024516],[2.593197,49.024511],[2.593186,49.024506],[2.593175,49.024501],[2.593163,49.024496],[2.593152,49.024491],[2.59314,49.024486],[2.593129,49.024481],[2.593118,49.024476],[2.593106,49.024471],[2.593095,49.024466],[2.593083,49.024461],[2.593072,49.024456],[2.59306,49.024451],[2.593049,49.024446],[2.593038,49.024441],[2.593026,49.024436],[2.593015,49.024432],[2.593003,49.024427],[2.592992,49.024422],[2.592981,49.024417],[2.592969,49.024412],[2.592958,49.024407],[2.592946,49.024402],[2.592935,49.024397],[2.592924,49.024392],[2.592912,49.024387],[2.592901,49.024382],[2.592889,49.024377],[2.592878,49.024372],[2.592866,49.024367],[2.592855,49.024362],[2.592844,49.024357],[2.592832,49.024352],[2.592821,49.024347],[2.592809,49.024342],[2.592798,49.024337],[2.592787,49.024332],[2.592775,49.024327],[2.592752,49.024318],[2.592741,49.024313],[2.59273,49.024308],[2.592718,49.024303],[2.592707,49.024298],[2.592695,49.024293],[2.592684,49.024288],[2.592673,49.024283],[2.592661,49.024278],[2.59265,49.024273],[2.592638,49.024268],[2.592627,49.024263],[2.592615,49.024258],[2.592604,49.024253],[2.592593,49.024248],[2.592581,49.024243],[2.59257,49.024238],[2.592558,49.024233],[2.592547,49.024228],[2.592536,49.024223],[2.592524,49.024218],[2.592513,49.024214],[2.592501,49.024209],[2.59249,49.024204],[2.592479,49.024199],[2.592467,49.024194],[2.592456,49.024189],[2.592444,49.024184],[2.592433,49.024179],[2.592422,49.024174],[2.59241,49.024169],[2.592399,49.024164],[2.592387,49.024159],[2.592376,49.024154],[2.592364,49.024149],[2.592353,49.024144],[2.592342,49.024139],[2.59233,49.024134],[2.592319,49.024129],[2.592307,49.024124],[2.592296,49.024119],[2.592285,49.024114],[2.592273,49.024109],[2.592262,49.024105],[2.59225,49.0241],[2.592239,49.024095],[2.592228,49.02409],[2.592216,49.024085],[2.592205,49.02408],[2.592193,49.024075],[2.592182,49.02407],[2.59217,49.024065],[2.592159,49.02406],[2.592148,49.024055],[2.592136,49.02405],[2.592125,49.024045],[2.592113,49.02404],[2.592102,49.024035],[2.592091,49.02403],[2.592079,49.024025],[2.592068,49.02402],[2.592056,49.024015],[2.592045,49.02401],[2.592034,49.024005],[2.592022,49.024],[2.592011,49.023996],[2.591999,49.023991],[2.591988,49.023986],[2.591977,49.023981],[2.591965,49.023976],[2.591954,49.023971],[2.591942,49.023966],[2.591931,49.023961],[2.591919,49.023956],[2.591908,49.023951],[2.591897,49.023946],[2.591885,49.023941],[2.591874,49.023936],[2.591862,49.023931],[2.591851,49.023926],[2.59184,49.023921],[2.591828,49.023916],[2.591817,49.023911],[2.591805,49.023906],[2.591794,49.023901],[2.591783,49.023896],[2.591771,49.023891],[2.59176,49.023887],[2.591748,49.023882],[2.591737,49.023877],[2.591726,49.023872],[2.591714,49.023867],[2.591703,49.023862],[2.591691,49.023857],[2.59168,49.023852],[2.591668,49.023847],[2.591657,49.023842],[2.591646,49.023837],[2.591634,49.023832],[2.591623,49.023827],[2.591611,49.023822],[2.5916,49.023817],[2.591589,49.023812],[2.591577,49.023807],[2.591566,49.023802],[2.591554,49.023797],[2.591543,49.023792],[2.591532,49.023787],[2.59152,49.023782],[2.591509,49.023778],[2.591497,49.023773],[2.591486,49.023768],[2.591474,49.023763],[2.591463,49.023758],[2.591452,49.023753],[2.59144,49.023748],[2.591429,49.023743],[2.591417,49.023738],[2.591406,49.023733],[2.591395,49.023728],[2.591383,49.023723],[2.591372,49.023718],[2.59136,49.023713],[2.591349,49.023708],[2.591338,49.023703],[2.591326,49.023698],[2.591315,49.023693],[2.591303,49.023688],[2.591292,49.023683],[2.591281,49.023678],[2.591269,49.023673],[2.591258,49.023669],[2.591246,49.023664],[2.591235,49.023659],[2.591223,49.023654],[2.591212,49.023649],[2.591201,49.023644],[2.591189,49.023639],[2.591178,49.023634],[2.591166,49.023629],[2.591155,49.023624],[2.591144,49.023619],[2.591132,49.023614],[2.591121,49.023609],[2.591109,49.023604],[2.591098,49.023599],[2.591087,49.023594],[2.591075,49.023589],[2.591064,49.023584],[2.591052,49.023579],[2.591041,49.023574],[2.59103,49.023569],[2.591018,49.023564],[2.591007,49.02356],[2.590995,49.023555],[2.590984,49.02355],[2.590972,49.023545],[2.590961,49.02354],[2.59095,49.023535],[2.590938,49.02353],[2.590927,49.023525],[2.590915,49.02352],[2.590904,49.023515],[2.590893,49.02351],[2.590881,49.023505],[2.59087,49.0235],[2.590858,49.023495],[2.590847,49.02349],[2.590836,49.023485],[2.590824,49.02348],[2.590813,49.023475],[2.590801,49.02347],[2.59079,49.023465],[2.590779,49.02346],[2.590767,49.023455],[2.590756,49.023451],[2.590733,49.023441],[2.590721,49.023436],[2.59071,49.023431],[2.590699,49.023426],[2.590687,49.023421],[2.590676,49.023416],[2.590664,49.023411],[2.590653,49.023406],[2.590642,49.023401],[2.59063,49.023396],[2.590619,49.023391],[2.590607,49.023386],[2.590596,49.023381],[2.590585,49.023376],[2.590573,49.023371],[2.590562,49.023366],[2.59055,49.023361],[2.590539,49.023356],[2.590527,49.023351],[2.590516,49.023346],[2.590505,49.023341],[2.590493,49.023337],[2.590482,49.023332],[2.59047,49.023327],[2.590459,49.023322],[2.590448,49.023317],[2.590436,49.023312],[2.590425,49.023307],[2.590413,49.023302],[2.590402,49.023297],[2.590391,49.023292],[2.590379,49.023287],[2.590368,49.023282],[2.590356,49.023277],[2.590345,49.023272],[2.590334,49.023267],[2.590322,49.023262],[2.590311,49.023257],[2.590299,49.023252],[2.590288,49.023247],[2.590276,49.023242],[2.590265,49.023237],[2.590254,49.023232],[2.590242,49.023228],[2.590231,49.023223],[2.590219,49.023218],[2.590208,49.023213],[2.590197,49.023208],[2.590185,49.023203],[2.590174,49.023198],[2.590162,49.023193],[2.590151,49.023188],[2.59014,49.023183],[2.590128,49.023178],[2.590117,49.023173],[2.590105,49.023168],[2.590094,49.023163],[2.590083,49.023158],[2.59006,49.023148],[2.590048,49.023143],[2.590037,49.023138],[2.590025,49.023133],[2.590014,49.023128],[2.590003,49.023123],[2.589991,49.023119],[2.58998,49.023114],[2.589968,49.023109],[2.589957,49.023104],[2.589946,49.023099],[2.589934,49.023094],[2.589923,49.023089],[2.589911,49.023084],[2.5899,49.023079],[2.589889,49.023074],[2.589877,49.023069],[2.589866,49.023064],[2.589854,49.023059],[2.589843,49.023054],[2.589832,49.023049],[2.58982,49.023044],[2.589809,49.023039],[2.589797,49.023034],[2.589786,49.023029],[2.589774,49.023024],[2.589763,49.023019],[2.589752,49.023014],[2.58974,49.02301],[2.589729,49.023005],[2.589717,49.023],[2.589706,49.022995],[2.589623,49.022966],[2.589533,49.022948],[2.58944,49.022943],[2.589346,49.022949],[2.589257,49.022967],[2.589174,49.022997]]],[[[2.484045,48.977272],[2.483836,48.977396],[2.483667,48.977544],[2.483545,48.977711],[2.483475,48.97789],[2.483459,48.978075],[2.483498,48.978258],[2.483591,48.978433],[2.483734,48.978592],[2.483922,48.97873],[2.484146,48.978841],[2.484146,48.978841],[2.4844,48.978921],[2.484672,48.978968],[2.484953,48.978978],[2.485231,48.978952],[2.485245,48.97895],[2.485258,48.978948],[2.485258,48.978948],[2.4853,48.978941],[2.485326,48.978936],[2.485352,48.978931],[2.485379,48.978926],[2.485392,48.978924],[2.485418,48.978919],[2.485444,48.978914],[2.485471,48.97891],[2.485484,48.978907],[2.485497,48.978905],[2.485523,48.9789],[2.485537,48.978898],[2.485563,48.978893],[2.485569,48.978892],[2.485615,48.978883],[2.485623,48.978881],[2.485701,48.978865],[2.485753,48.978854],[2.485779,48.978849],[2.485792,48.978846],[2.485831,48.978838],[2.485871,48.97883],[2.485881,48.978828],[2.485928,48.978818],[2.485943,48.978814],[2.485956,48.978811],[2.486007,48.9788],[2.486033,48.978794],[2.486046,48.978791],[2.486085,48.978782],[2.486097,48.978779],[2.486123,48.978773],[2.486149,48.978767],[2.486188,48.978758],[2.486191,48.978757],[2.486236,48.978746],[2.486259,48.97874],[2.486272,48.978737],[2.486284,48.978734],[2.48631,48.978727],[2.486323,48.978724],[2.486348,48.978718],[2.486374,48.978711],[2.486399,48.978705],[2.486412,48.978701],[2.486437,48.978695],[2.486463,48.978688],[2.486475,48.978685],[2.486496,48.97868],[2.486541,48.978668],[2.486546,48.978666],[2.486559,48.978663],[2.486659,48.978634],[2.486672,48.978631],[2.486684,48.978627],[2.486785,48.978599],[2.486797,48.978595],[2.486797,48.978595],[2.486842,48.978582],[2.486866,48.978575],[2.486916,48.978559],[2.486941,48.978552],[2.486965,48.978544],[2.486978,48.97854],[2.487052,48.978517],[2.487077,48.97851],[2.487089,48.978506],[2.487094,48.978504],[2.487138,48.97849],[2.487157,48.978484],[2.487169,48.97848],[2.487194,48.978471],[2.487206,48.978467],[2.48723,48.978459],[2.487242,48.978455],[2.487267,48.978447],[2.487279,48.978443],[2.487291,48.978439],[2.487315,48.97843],[2.487327,48.978426],[2.487352,48.978418],[2.487364,48.978414],[2.487386,48.978407],[2.487429,48.978391],[2.487443,48.978386],[2.487551,48.978347],[2.487575,48.978338],[2.487586,48.978334],[2.487622,48.978321],[2.48767,48.978303],[2.487673,48.978302],[2.487715,48.978286],[2.487724,48.978283],[2.487736,48.978278],[2.487759,48.978269],[2.487771,48.978264],[2.487783,48.97826],[2.487818,48.978246],[2.487829,48.978241],[2.487841,48.978236],[2.487865,48.978227],[2.487888,48.978218],[2.487935,48.978199],[2.487947,48.978195],[2.487954,48.978192],[2.487995,48.978175],[2.488011,48.978168],[2.488034,48.978158],[2.488057,48.978149],[2.48808,48.978139],[2.488103,48.978129],[2.488149,48.978109],[2.488172,48.9781],[2.488194,48.97809],[2.488206,48.978085],[2.488229,48.978075],[2.488229,48.978075],[2.48827,48.978057],[2.488292,48.978047],[2.488303,48.978042],[2.488337,48.978026],[2.488348,48.978021],[2.48837,48.978011],[2.488404,48.977996],[2.488415,48.97799],[2.488437,48.97798],[2.488482,48.97796],[2.488493,48.977954],[2.488498,48.977952],[2.488498,48.977952],[2.488538,48.977934],[2.488555,48.977925],[2.488566,48.97792],[2.488588,48.977909],[2.488599,48.977903],[2.488621,48.977893],[2.488642,48.977882],[2.488653,48.977876],[2.488675,48.977866],[2.488697,48.977855],[2.488708,48.97785],[2.48873,48.977839],[2.488741,48.977833],[2.488761,48.977824],[2.488799,48.977804],[2.488801,48.977803],[2.488812,48.977797],[2.488833,48.977786],[2.488844,48.97778],[2.488908,48.977747],[2.488918,48.977741],[2.48894,48.97773],[2.48895,48.977724],[2.488961,48.977718],[2.488982,48.977707],[2.488993,48.977701],[2.489014,48.97769],[2.489017,48.977689],[2.489054,48.977668],[2.489062,48.977664],[2.489103,48.97764],[2.489124,48.977629],[2.489207,48.977582],[2.489259,48.977552],[2.489265,48.977549],[2.489287,48.977536],[2.48929,48.977534],[2.489321,48.977516],[2.489323,48.977515],[2.489329,48.977511],[2.489347,48.9775],[2.489357,48.977494],[2.489365,48.97749],[2.489371,48.977486],[2.489373,48.977485],[2.489406,48.977465],[2.489412,48.977461],[2.489419,48.977457],[2.489448,48.97744],[2.489453,48.977436],[2.489455,48.977435],[2.489485,48.977417],[2.489488,48.977415],[2.489494,48.977411],[2.48951,48.977401],[2.48952,48.977395],[2.489529,48.977389],[2.489534,48.977386],[2.489541,48.977382],[2.489554,48.977373],[2.489569,48.977364],[2.489573,48.977361],[2.489589,48.977352],[2.489608,48.977339],[2.489613,48.977336],[2.489623,48.97733],[2.489642,48.977318],[2.489648,48.977314],[2.489652,48.977311],[2.489656,48.977309],[2.489687,48.977289],[2.489691,48.977286],[2.489699,48.977281],[2.489719,48.977268],[2.489725,48.977264],[2.489729,48.977261],[2.489742,48.977253],[2.489761,48.97724],[2.489763,48.977239],[2.489767,48.977236],[2.489775,48.977231],[2.489794,48.977219],[2.489801,48.977214],[2.489805,48.977212],[2.489817,48.977204],[2.489836,48.977191],[2.489839,48.977189],[2.489842,48.977187],[2.489858,48.977176],[2.489868,48.977169],[2.489876,48.977164],[2.489879,48.977162],[2.489881,48.977161],[2.48989,48.977155],[2.489909,48.977142],[2.489913,48.977139],[2.489916,48.977137],[2.489922,48.977133],[2.489941,48.97712],[2.48995,48.977114],[2.489952,48.977112],[2.489962,48.977106],[2.489986,48.97709],[2.489989,48.977088],[2.490003,48.977078],[2.490022,48.977065],[2.490025,48.977063],[2.490043,48.977051],[2.490052,48.977044],[2.490058,48.97704],[2.49006,48.977039],[2.490064,48.977036],[2.490092,48.977017],[2.490094,48.977016],[2.490095,48.977014],[2.490113,48.977002],[2.490129,48.976991],[2.490131,48.97699],[2.490143,48.976982],[2.490164,48.976967],[2.490165,48.976966],[2.490172,48.976961],[2.490199,48.976943],[2.4902,48.976942],[2.490211,48.976934],[2.490221,48.976927],[2.490233,48.976919],[2.490234,48.976918],[2.49024,48.976913],[2.490259,48.9769],[2.490268,48.976894],[2.490269,48.976893],[2.490298,48.976873],[2.490302,48.976871],[2.490308,48.976866],[2.490326,48.976853],[2.490335,48.976847],[2.490355,48.976833],[2.490369,48.976823],[2.490374,48.97682],[2.490403,48.976799],[2.490421,48.976787],[2.49043,48.97678],[2.490436,48.976776],[2.490439,48.976774],[2.490458,48.97676],[2.490467,48.976754],[2.490486,48.976741],[2.490495,48.976734],[2.490514,48.976721],[2.490523,48.976714],[2.490542,48.976701],[2.490551,48.976695],[2.49057,48.976682],[2.490579,48.976675],[2.490593,48.976665],[2.490598,48.976662],[2.490616,48.976649],[2.490626,48.976642],[2.490644,48.976629],[2.490654,48.976622],[2.490672,48.976609],[2.490682,48.976603],[2.4907,48.97659],[2.49071,48.976583],[2.490728,48.97657],[2.490738,48.976563],[2.490756,48.97655],[2.490766,48.976544],[2.490784,48.97653],[2.490794,48.976524],[2.490812,48.976511],[2.490822,48.976504],[2.49084,48.976491],[2.49085,48.976484],[2.490868,48.976471],[2.490878,48.976465],[2.490896,48.976452],[2.490906,48.976445],[2.490924,48.976432],[2.490934,48.976425],[2.490971,48.976399],[2.49098,48.976392],[2.490999,48.976379],[2.491008,48.976373],[2.491027,48.97636],[2.491036,48.976353],[2.491055,48.97634],[2.491064,48.976333],[2.491083,48.97632],[2.491092,48.976313],[2.491111,48.9763],[2.49112,48.976294],[2.491139,48.976281],[2.491148,48.976274],[2.491167,48.976261],[2.491176,48.976254],[2.491195,48.976241],[2.491204,48.976235],[2.491223,48.976221],[2.491232,48.976215],[2.491251,48.976202],[2.49126,48.976195],[2.491278,48.976182],[2.491288,48.976175],[2.491306,48.976162],[2.491316,48.976156],[2.491353,48.976129],[2.491362,48.976123],[2.491381,48.97611],[2.49139,48.976103],[2.491409,48.97609],[2.491418,48.976083],[2.491437,48.97607],[2.491446,48.976064],[2.491465,48.976051],[2.491474,48.976044],[2.491493,48.976031],[2.491502,48.976024],[2.491521,48.976011],[2.49153,48.976005],[2.491549,48.975991],[2.491558,48.975985],[2.491577,48.975972],[2.491586,48.975965],[2.491605,48.975952],[2.491614,48.975945],[2.491633,48.975932],[2.491642,48.975926],[2.491661,48.975913],[2.49167,48.975906],[2.491689,48.975893],[2.491698,48.975886],[2.491735,48.97586],[2.491745,48.975853],[2.491763,48.97584],[2.491773,48.975834],[2.491791,48.975821],[2.491801,48.975814],[2.491819,48.975801],[2.491829,48.975794],[2.491847,48.975781],[2.491857,48.975775],[2.491875,48.975761],[2.491884,48.975755],[2.491903,48.975742],[2.491912,48.975735],[2.491931,48.975722],[2.49194,48.975715],[2.491959,48.975702],[2.491968,48.975696],[2.491987,48.975683],[2.491996,48.975676],[2.492015,48.975663],[2.492024,48.975656],[2.492043,48.975643],[2.492052,48.975637],[2.49209,48.97561],[2.492099,48.975604],[2.492118,48.975591],[2.492127,48.975584],[2.492146,48.975571],[2.492155,48.975564],[2.492174,48.975551],[2.492183,48.975545],[2.492201,48.975531],[2.492211,48.975525],[2.492229,48.975512],[2.492239,48.975505],[2.492257,48.975492],[2.492267,48.975485],[2.492285,48.975472],[2.492295,48.975466],[2.492313,48.975453],[2.492323,48.975446],[2.492341,48.975433],[2.492351,48.975426],[2.492369,48.975413],[2.492379,48.975407],[2.492397,48.975393],[2.492407,48.975387],[2.492425,48.975374],[2.492435,48.975367],[2.492453,48.975354],[2.492467,48.975344],[2.492467,48.975344],[2.492467,48.975344],[2.492491,48.975328],[2.4925,48.975321],[2.492518,48.975308],[2.492528,48.975301],[2.492546,48.975288],[2.492556,48.975282],[2.492565,48.975275],[2.492584,48.975262],[2.492593,48.975255],[2.492612,48.975242],[2.492621,48.975236],[2.49264,48.975223],[2.492658,48.975209],[2.492686,48.97519],[2.492724,48.975163],[2.492752,48.975144],[2.492789,48.975117],[2.492817,48.975098],[2.492826,48.975091],[2.492845,48.975078],[2.492854,48.975071],[2.492873,48.975058],[2.492891,48.975045],[2.49291,48.975032],[2.492925,48.975021],[2.492938,48.975013],[2.492965,48.974993],[2.492987,48.974978],[2.493011,48.974961],[2.493028,48.974949],[2.493037,48.974942],[2.493048,48.974935],[2.493055,48.97493],[2.493068,48.974921],[2.493073,48.974918],[2.493088,48.974907],[2.49309,48.974905],[2.493108,48.974893],[2.493128,48.974879],[2.493143,48.974869],[2.493161,48.974856],[2.493178,48.974845],[2.493205,48.974827],[2.493226,48.974812],[2.493238,48.974804],[2.493265,48.974786],[2.493281,48.974775],[2.493303,48.97476],[2.493315,48.974752],[2.493341,48.974735],[2.493357,48.974724],[2.493374,48.974713],[2.49339,48.974702],[2.493416,48.974686],[2.493435,48.974674],[2.493457,48.97466],[2.493473,48.974649],[2.493481,48.974644],[2.493483,48.974643],[2.493502,48.974631],[2.493522,48.974619],[2.493542,48.974607],[2.493603,48.97457],[2.493623,48.974558],[2.493643,48.974546],[2.493652,48.97454],[2.493659,48.974537],[2.493669,48.974531],[2.49369,48.974519],[2.4937,48.974513],[2.493721,48.974501],[2.493731,48.974495],[2.493752,48.974484],[2.493762,48.974478],[2.493783,48.974466],[2.493793,48.97446],[2.493804,48.974454],[2.493817,48.974447],[2.49382,48.974445],[2.49382,48.974445],[2.493841,48.974434],[2.493852,48.974428],[2.493873,48.974417],[2.493894,48.974405],[2.493958,48.974371],[2.493979,48.97436],[2.49399,48.974355],[2.494007,48.974346],[2.494029,48.974335],[2.49404,48.97433],[2.494062,48.974319],[2.494073,48.974313],[2.494094,48.974302],[2.494105,48.974297],[2.494127,48.974286],[2.494138,48.974281],[2.49416,48.97427],[2.494165,48.974268],[2.494165,48.974268],[2.494348,48.974182],[2.494351,48.974181],[2.494374,48.974171],[2.494386,48.974166],[2.494408,48.974156],[2.494431,48.974146],[2.494443,48.974141],[2.494465,48.974131],[2.494477,48.974126],[2.494523,48.974107],[2.494528,48.974104],[2.494529,48.974104],[2.494564,48.97409],[2.494634,48.974062],[2.494669,48.974047],[2.494715,48.974029],[2.494723,48.974026],[2.494746,48.974017],[2.494794,48.973999],[2.494841,48.973982],[2.494889,48.973964],[2.494907,48.973957],[2.494908,48.973957],[2.494932,48.973948],[2.494992,48.973927],[2.495016,48.973919],[2.495041,48.973911],[2.495053,48.973906],[2.495105,48.973888],[2.495116,48.973884],[2.495145,48.973875],[2.495164,48.973869],[2.495196,48.973858],[2.495216,48.973852],[2.495226,48.973849],[2.495246,48.973842],[2.495268,48.973836],[2.49529,48.973829],[2.49531,48.973823],[2.495344,48.973812],[2.495359,48.973808],[2.495362,48.973807],[2.495385,48.9738],[2.495407,48.973793],[2.49544,48.973783],[2.49545,48.97378],[2.495473,48.973774],[2.495495,48.973767],[2.495514,48.973762],[2.495527,48.973758],[2.495562,48.973748],[2.495572,48.973745],[2.495593,48.973739],[2.495617,48.973732],[2.49564,48.973725],[2.495663,48.973719],[2.495698,48.973709],[2.495721,48.973703],[2.495755,48.973694],[2.495779,48.973687],[2.495797,48.973682],[2.495813,48.973678],[2.495849,48.973668],[2.495872,48.973662],[2.495908,48.973652],[2.495932,48.973646],[2.495944,48.973642],[2.495965,48.973637],[2.495992,48.97363],[2.496016,48.973623],[2.49604,48.973617],[2.496077,48.973607],[2.496101,48.973601],[2.496126,48.973594],[2.496151,48.973588],[2.496175,48.973581],[2.4962,48.973575],[2.496238,48.973565],[2.496263,48.973558],[2.496288,48.973552],[2.496313,48.973545],[2.496338,48.973539],[2.49636,48.973533],[2.496364,48.973532],[2.496389,48.973525],[2.496427,48.973516],[2.496478,48.973502],[2.496516,48.973492],[2.496541,48.973486],[2.496567,48.973479],[2.496605,48.973469],[2.49663,48.973463],[2.496656,48.973456],[2.496694,48.973446],[2.496719,48.973439],[2.496745,48.973433],[2.496783,48.973423],[2.496808,48.973416],[2.496846,48.973406],[2.496897,48.973393],[2.496935,48.973383],[2.496986,48.97337],[2.497024,48.97336],[2.497075,48.973347],[2.4971,48.97334],[2.497113,48.973337],[2.497164,48.973324],[2.497189,48.973317],[2.497202,48.973314],[2.497253,48.9733],[2.497291,48.97329],[2.497342,48.973277],[2.49738,48.973267],[2.497405,48.973261],[2.49743,48.973254],[2.497469,48.973244],[2.497494,48.973237],[2.497532,48.973228],[2.497557,48.973221],[2.497583,48.973214],[2.497621,48.973204],[2.497646,48.973198],[2.497672,48.973191],[2.49771,48.973181],[2.497761,48.973168],[2.497799,48.973158],[2.49785,48.973145],[2.497888,48.973135],[2.497938,48.973122],[2.497964,48.973115],[2.497977,48.973112],[2.498027,48.973098],[2.498053,48.973092],[2.498065,48.973088],[2.498116,48.973075],[2.498154,48.973065],[2.49818,48.973059],[2.498218,48.973049],[2.498243,48.973042],[2.498269,48.973035],[2.498307,48.973026],[2.498332,48.973019],[2.498358,48.973012],[2.498396,48.973002],[2.498421,48.972996],[2.498446,48.972989],[2.498485,48.972979],[2.49851,48.972973],[2.498535,48.972966],[2.498573,48.972956],[2.498624,48.972943],[2.498662,48.972933],[2.498713,48.97292],[2.498751,48.97291],[2.498802,48.972896],[2.498827,48.97289],[2.49884,48.972887],[2.498866,48.97288],[2.498904,48.97287],[2.498929,48.972863],[2.498954,48.972857],[2.498993,48.972847],[2.499018,48.97284],[2.499043,48.972834],[2.499081,48.972824],[2.499107,48.972817],[2.499132,48.97281],[2.49917,48.9728],[2.499196,48.972794],[2.499221,48.972787],[2.499259,48.972777],[2.499285,48.972771],[2.49931,48.972764],[2.499348,48.972754],[2.499374,48.972747],[2.499399,48.972741],[2.499437,48.972731],[2.499462,48.972724],[2.499488,48.972718],[2.499501,48.972714],[2.499551,48.972701],[2.499589,48.972691],[2.49964,48.972678],[2.499678,48.972668],[2.499729,48.972655],[2.499767,48.972645],[2.499793,48.972638],[2.499818,48.972632],[2.499856,48.972622],[2.499882,48.972615],[2.499907,48.972608],[2.499945,48.972598],[2.49997,48.972592],[2.499996,48.972585],[2.500034,48.972575],[2.500059,48.972569],[2.500085,48.972562],[2.500123,48.972552],[2.500148,48.972545],[2.500186,48.972536],[2.500237,48.972522],[2.500263,48.972516],[2.500275,48.972512],[2.500326,48.972499],[2.500351,48.972493],[2.500364,48.972489],[2.500415,48.972476],[2.500453,48.972466],[2.500504,48.972453],[2.500542,48.972443],[2.500593,48.97243],[2.500631,48.97242],[2.500656,48.972413],[2.500682,48.972406],[2.50072,48.972396],[2.500745,48.97239],[2.50077,48.972383],[2.500809,48.972373],[2.500834,48.972367],[2.500872,48.972357],[2.500897,48.97235],[2.500923,48.972344],[2.500961,48.972334],[2.501012,48.97232],[2.50105,48.97231],[2.501101,48.972297],[2.501139,48.972287],[2.50119,48.972274],[2.501215,48.972267],[2.501228,48.972264],[2.501278,48.972251],[2.501317,48.972241],[2.501367,48.972228],[2.501405,48.972218],[2.501431,48.972211],[2.501469,48.972201],[2.501494,48.972195],[2.50152,48.972188],[2.501558,48.972178],[2.501583,48.972171],[2.501609,48.972165],[2.501647,48.972155],[2.501672,48.972148],[2.501698,48.972142],[2.501736,48.972132],[2.501761,48.972125],[2.501786,48.972118],[2.501825,48.972108],[2.501875,48.972095],[2.501913,48.972085],[2.501964,48.972072],[2.502002,48.972062],[2.502053,48.972049],[2.502079,48.972042],[2.502091,48.972039],[2.502117,48.972032],[2.502155,48.972022],[2.50218,48.972016],[2.502206,48.972009],[2.502244,48.971999],[2.502269,48.971993],[2.502294,48.971986],[2.502333,48.971976],[2.502358,48.971969],[2.502383,48.971963],[2.502421,48.971953],[2.502447,48.971946],[2.502472,48.97194],[2.50251,48.97193],[2.502536,48.971923],[2.502561,48.971916],[2.502599,48.971906],[2.502625,48.9719],[2.50265,48.971893],[2.502688,48.971883],[2.502739,48.97187],[2.502749,48.971867],[2.502764,48.971863],[2.50279,48.971857],[2.50279,48.971857],[2.502803,48.971853],[2.502828,48.971847],[2.502832,48.971846],[2.502854,48.97184],[2.502873,48.971835],[2.502892,48.97183],[2.502914,48.971824],[2.502918,48.971823],[2.502944,48.971817],[2.502956,48.971813],[2.502983,48.971806],[2.502998,48.971802],[2.503022,48.971796],[2.503035,48.971793],[2.50304,48.971791],[2.503061,48.971786],[2.503082,48.97178],[2.503083,48.97178],[2.503088,48.971779],[2.503124,48.971769],[2.503126,48.971769],[2.503127,48.971768],[2.503167,48.971758],[2.503168,48.971757],[2.503193,48.971751],[2.503209,48.971746],[2.503211,48.971746],[2.50322,48.971744],[2.503252,48.971735],[2.503254,48.971734],[2.503272,48.97173],[2.503285,48.971726],[2.503295,48.971724],[2.503297,48.971723],[2.5033,48.971722],[2.503325,48.971715],[2.503338,48.971712],[2.50334,48.971711],[2.503366,48.971704],[2.503378,48.971701],[2.503381,48.9717],[2.503384,48.9717],[2.503406,48.971693],[2.503416,48.971691],[2.503419,48.97169],[2.503424,48.971688],[2.503427,48.971688],[2.503434,48.971686],[2.503459,48.971679],[2.503468,48.971676],[2.503471,48.971676],[2.503511,48.971664],[2.503514,48.971664],[2.503528,48.97166],[2.503541,48.971656],[2.503555,48.971652],[2.503558,48.971651],[2.503569,48.971648],[2.503594,48.971641],[2.503599,48.97164],[2.503602,48.971639],[2.50361,48.971637],[2.503643,48.971628],[2.503646,48.971627],[2.503652,48.971625],[2.503677,48.971618],[2.503687,48.971615],[2.503691,48.971614],[2.503706,48.97161],[2.503731,48.971603],[2.503735,48.971601],[2.50376,48.971594],[2.503775,48.97159],[2.503781,48.971588],[2.503802,48.971582],[2.503815,48.971578],[2.503827,48.971575],[2.503837,48.971572],[2.50384,48.971571],[2.503855,48.971566],[2.503864,48.971564],[2.503869,48.971563],[2.503872,48.971561],[2.503897,48.971554],[2.503909,48.971551],[2.503913,48.971549],[2.503914,48.971549],[2.503951,48.971538],[2.503953,48.971537],[2.503958,48.971536],[2.503981,48.971529],[2.503998,48.971524],[2.504003,48.971522],[2.504011,48.97152],[2.504036,48.971512],[2.504043,48.97151],[2.504048,48.971508],[2.504065,48.971503],[2.504088,48.971496],[2.50411,48.971489],[2.504124,48.971485],[2.504149,48.971477],[2.504173,48.971469],[2.50432,48.971422],[2.504333,48.971418],[2.504345,48.971414],[2.504382,48.971402],[2.5044,48.971396],[2.504438,48.971383],[2.504456,48.971377],[2.504529,48.971352],[2.504541,48.971348],[2.504638,48.971314],[2.504662,48.971306],[2.504674,48.971302],[2.504722,48.971285],[2.504724,48.971284],[2.504762,48.971271],[2.504795,48.971258],[2.504819,48.97125],[2.504843,48.971241],[2.504867,48.971232],[2.50489,48.971223],[2.504914,48.971214],[2.504926,48.97121],[2.50495,48.971201],[2.504974,48.971192],[2.504997,48.971183],[2.505021,48.971174],[2.505043,48.971166],[2.505064,48.971158],[2.505066,48.971158],[2.505089,48.971149],[2.505102,48.971144],[2.505107,48.971142],[2.505145,48.971127],[2.505149,48.971125],[2.505158,48.971122],[2.505181,48.971113],[2.505187,48.97111],[2.505192,48.971109],[2.505209,48.971102],[2.50523,48.971094],[2.505234,48.971092],[2.505248,48.971086],[2.505271,48.971077],[2.505276,48.971075],[2.505276,48.971075],[2.505311,48.971061],[2.505313,48.97106],[2.505317,48.971059],[2.505338,48.97105],[2.505355,48.971043],[2.505359,48.971042],[2.505365,48.971039],[2.505377,48.971034],[2.505388,48.97103],[2.505396,48.971027],[2.5054,48.971025],[2.505415,48.971019],[2.505424,48.971015],[2.505437,48.97101],[2.50544,48.971008],[2.505453,48.971003],[2.505478,48.970993],[2.505481,48.970991],[2.505491,48.970987],[2.505515,48.970977],[2.505518,48.970976],[2.505522,48.970975],[2.505541,48.970967],[2.505559,48.970959],[2.505562,48.970958],[2.505567,48.970956],[2.505599,48.970942],[2.505602,48.970941],[2.505604,48.97094],[2.505627,48.97093],[2.505639,48.970925],[2.505641,48.970924],[2.505653,48.970919],[2.505676,48.97091],[2.505678,48.970908],[2.505681,48.970907],[2.505701,48.970899],[2.505713,48.970894],[2.505718,48.970892],[2.50572,48.970891],[2.505738,48.970883],[2.505757,48.970875],[2.505759,48.970874],[2.505763,48.970872],[2.505786,48.970862],[2.505796,48.970858],[2.505798,48.970857],[2.505799,48.970857],[2.505822,48.970847],[2.505835,48.970841],[2.505837,48.97084],[2.505847,48.970836],[2.50587,48.970826],[2.505874,48.970824],[2.505875,48.970824],[2.505883,48.97082],[2.505912,48.970808],[2.505914,48.970807],[2.505918,48.970805],[2.505951,48.970791],[2.505952,48.97079],[2.505954,48.970789],[2.505977,48.970779],[2.505989,48.970774],[2.50599,48.970774],[2.506001,48.970769],[2.506024,48.970759],[2.506027,48.970758],[2.506047,48.970749],[2.506064,48.970741],[2.506082,48.970733],[2.506102,48.970725],[2.506106,48.970723],[2.506129,48.970713],[2.506139,48.970708],[2.506152,48.970703],[2.506177,48.970692],[2.506214,48.970675],[2.506232,48.970667],[2.50625,48.970659],[2.506266,48.970652],[2.506287,48.970643],[2.506289,48.970642],[2.506334,48.970622],[2.506357,48.970612],[2.50638,48.970602],[2.506391,48.970597],[2.506414,48.970587],[2.506436,48.970577],[2.506482,48.970557],[2.506504,48.970547],[2.506573,48.970517],[2.506595,48.970507],[2.506663,48.970477],[2.506686,48.970467],[2.506731,48.970447],[2.506754,48.970437],[2.506822,48.970407],[2.506833,48.970402],[2.506901,48.970372],[2.506924,48.970361],[2.506992,48.970331],[2.507015,48.970321],[2.50706,48.970301],[2.507083,48.970291],[2.507151,48.970261],[2.507174,48.970251],[2.507219,48.970231],[2.507242,48.970221],[2.507264,48.970211],[2.507276,48.970206],[2.507298,48.970196],[2.507321,48.970186],[2.507389,48.970156],[2.507412,48.970146],[2.50748,48.970116],[2.507503,48.970106],[2.507548,48.970086],[2.507571,48.970076],[2.507639,48.970046],[2.507661,48.970036],[2.507707,48.970016],[2.507729,48.970006],[2.507741,48.970001],[2.507809,48.969971],[2.507832,48.969961],[2.507877,48.969941],[2.5079,48.969931],[2.507968,48.969901],[2.50799,48.969891],[2.508036,48.969871],[2.508058,48.969861],[2.508126,48.96983],[2.508149,48.96982],[2.508172,48.96981],[2.508183,48.969805],[2.508206,48.969795],[2.508229,48.969785],[2.508297,48.969755],[2.508319,48.969745],[2.508365,48.969725],[2.508387,48.969715],[2.508455,48.969685],[2.508478,48.969675],[2.508523,48.969655],[2.508546,48.969645],[2.508592,48.969625],[2.508607,48.969618],[2.508614,48.969615],[2.508634,48.969606],[2.508636,48.969605],[2.508659,48.969595],[2.508687,48.969583],[2.508702,48.969576],[2.508724,48.969567],[2.508745,48.969558],[2.508766,48.969548],[2.508786,48.96954],[2.508806,48.969531],[2.508837,48.969518],[2.508856,48.96951],[2.508885,48.969497],[2.508908,48.969487],[2.508922,48.969482],[2.508951,48.96947],[2.508975,48.96946],[2.508987,48.969455],[2.508996,48.969451],[2.509023,48.969441],[2.50904,48.969434],[2.509056,48.969428],[2.50908,48.969419],[2.50909,48.969415],[2.509099,48.969411],[2.509113,48.969406],[2.509139,48.969397],[2.509153,48.969392],[2.509168,48.969387],[2.509184,48.969381],[2.5092,48.969376],[2.509211,48.969372],[2.509221,48.969369],[2.509227,48.969367],[2.50925,48.96936],[2.509257,48.969357],[2.509498,48.969263],[2.509707,48.969138],[2.509875,48.96899],[2.509996,48.968823],[2.510064,48.968643],[2.510066,48.968628],[2.510066,48.968628],[2.510068,48.968628],[2.510082,48.968628],[2.510123,48.96863],[2.510126,48.96863],[2.510134,48.96863],[2.510202,48.968634],[2.510215,48.968635],[2.510217,48.968635],[2.510226,48.968635],[2.510239,48.968636],[2.510253,48.968637],[2.51028,48.96864],[2.510293,48.968641],[2.510307,48.968642],[2.510317,48.968643],[2.510331,48.968644],[2.510344,48.968646],[2.510358,48.968647],[2.510371,48.968648],[2.510385,48.96865],[2.510397,48.968651],[2.510409,48.968652],[2.510463,48.968659],[2.510476,48.968661],[2.510483,48.968662],[2.510489,48.968663],[2.5105,48.968664],[2.510513,48.968666],[2.510527,48.968668],[2.51054,48.96867],[2.510553,48.968672],[2.510567,48.968674],[2.510571,48.968675],[2.510577,48.968676],[2.51059,48.968678],[2.510604,48.968681],[2.510617,48.968683],[2.51063,48.968685],[2.510643,48.968687],[2.510657,48.96869],[2.510657,48.96869],[2.510667,48.968692],[2.510693,48.968697],[2.510706,48.9687],[2.510719,48.968702],[2.510732,48.968705],[2.510743,48.968707],[2.510743,48.968707],[2.510769,48.968713],[2.510782,48.968715],[2.510826,48.968725],[2.510832,48.968727],[2.510844,48.96873],[2.510856,48.968733],[2.510869,48.968736],[2.510882,48.968739],[2.510895,48.968742],[2.510907,48.968746],[2.51091,48.968746],[2.510918,48.968748],[2.51093,48.968752],[2.510943,48.968755],[2.510955,48.968759],[2.510968,48.968762],[2.510981,48.968766],[2.510992,48.968769],[2.511003,48.968772],[2.511016,48.968776],[2.511028,48.968779],[2.51104,48.968783],[2.511053,48.968787],[2.511065,48.968791],[2.511072,48.968793],[2.511077,48.968794],[2.511087,48.968798],[2.5111,48.968802],[2.511112,48.968806],[2.511124,48.96881],[2.511136,48.968814],[2.511148,48.968818],[2.511153,48.968819],[2.511158,48.968821],[2.51117,48.968825],[2.511182,48.96883],[2.511206,48.968838],[2.511218,48.968843],[2.51123,48.968847],[2.511231,48.968847],[2.511239,48.968851],[2.511251,48.968855],[2.511263,48.96886],[2.511287,48.968869],[2.511298,48.968873],[2.511308,48.968877],[2.511319,48.968882],[2.511331,48.968887],[2.511342,48.968891],[2.511354,48.968896],[2.511365,48.968901],[2.511377,48.968906],[2.511382,48.968908],[2.511387,48.96891],[2.511397,48.968915],[2.511454,48.96894],[2.511457,48.968942],[2.511457,48.968942],[2.511463,48.968945],[2.511484,48.968955],[2.511495,48.968961],[2.511506,48.968966],[2.511517,48.968971],[2.511528,48.968976],[2.511537,48.968981],[2.511548,48.968987],[2.511558,48.968992],[2.51158,48.969003],[2.511591,48.969009],[2.511597,48.969012],[2.511601,48.969014],[2.51162,48.969025],[2.51163,48.969031],[2.511641,48.969037],[2.511651,48.969043],[2.511662,48.969048],[2.511666,48.969051],[2.51167,48.969053],[2.51168,48.969059],[2.51169,48.969065],[2.5117,48.969071],[2.51172,48.969083],[2.51173,48.969089],[2.511732,48.96909],[2.511738,48.969094],[2.511748,48.969101],[2.511758,48.969107],[2.511768,48.969113],[2.511777,48.969119],[2.511787,48.969126],[2.511796,48.969131],[2.511805,48.969137],[2.511814,48.969144],[2.511823,48.96915],[2.511833,48.969157],[2.511842,48.969163],[2.511852,48.96917],[2.511857,48.969173],[2.51186,48.969176],[2.511877,48.969188],[2.511887,48.969195],[2.511914,48.969215],[2.511917,48.969217],[2.511921,48.969221],[2.51193,48.969227],[2.511947,48.969241],[2.511956,48.969248],[2.511965,48.969255],[2.511974,48.969262],[2.511974,48.969262],[2.51198,48.969268],[2.511989,48.969275],[2.511997,48.969282],[2.512005,48.969289],[2.512014,48.969296],[2.512022,48.969303],[2.512027,48.969307],[2.51203,48.96931],[2.512037,48.969316],[2.512045,48.969323],[2.512053,48.969331],[2.512061,48.969338],[2.512069,48.969345],[2.512077,48.969352],[2.51208,48.969356],[2.512083,48.969359],[2.512098,48.969373],[2.512106,48.969381],[2.512114,48.969388],[2.512121,48.969396],[2.512129,48.969403],[2.51213,48.969404],[2.512135,48.969409],[2.512142,48.969417],[2.512149,48.969424],[2.512157,48.969432],[2.512171,48.969447],[2.512178,48.969454],[2.51219,48.969469],[2.512197,48.969477],[2.512221,48.969504],[2.512224,48.969507],[2.512249,48.969538],[2.512255,48.969546],[2.512262,48.969554],[2.512264,48.969557],[2.512267,48.96956],[2.512273,48.969568],[2.512279,48.969577],[2.512285,48.969585],[2.512291,48.969593],[2.512297,48.969601],[2.512303,48.969609],[2.512303,48.969609],[2.512307,48.969615],[2.512313,48.969624],[2.512318,48.969632],[2.512324,48.96964],[2.51233,48.969648],[2.512335,48.969656],[2.51234,48.969663],[2.51234,48.969663],[2.512355,48.969688],[2.51236,48.969696],[2.512374,48.969718],[2.512377,48.969723],[2.512382,48.969731],[2.512383,48.969734],[2.512385,48.969737],[2.512389,48.969745],[2.512393,48.969752],[2.512397,48.969759],[2.512402,48.969768],[2.512402,48.969769],[2.512405,48.969773],[2.512409,48.969782],[2.512412,48.969787],[2.512416,48.969796],[2.51242,48.969803],[2.512424,48.969811],[2.512428,48.969819],[2.51243,48.969823],[2.512431,48.969825],[2.512439,48.969841],[2.512442,48.969848],[2.512446,48.969857],[2.512447,48.969859],[2.512449,48.969863],[2.512453,48.969872],[2.512456,48.969878],[2.512463,48.969894],[2.512466,48.969902],[2.51247,48.96991],[2.512472,48.969915],[2.512476,48.969925],[2.512479,48.969933],[2.512483,48.969941],[2.512486,48.969949],[2.512488,48.969953],[2.512489,48.969956],[2.512492,48.969965],[2.512495,48.969973],[2.512498,48.969981],[2.512502,48.969989],[2.512503,48.969992],[2.512504,48.969996],[2.512508,48.970005],[2.51251,48.970011],[2.512514,48.970021],[2.512517,48.970029],[2.51252,48.970037],[2.512523,48.970046],[2.512525,48.970051],[2.512529,48.970062],[2.512531,48.97007],[2.512534,48.970078],[2.512537,48.970087],[2.512539,48.970091],[2.51254,48.970094],[2.512543,48.970103],[2.512546,48.970111],[2.512549,48.97012],[2.512551,48.970128],[2.512554,48.970136],[2.512557,48.970145],[2.512559,48.970151],[2.512563,48.970162],[2.512565,48.97017],[2.512568,48.970179],[2.512571,48.970187],[2.512573,48.970192],[2.512574,48.970196],[2.512576,48.970204],[2.512579,48.970213],[2.512582,48.970221],[2.512585,48.97023],[2.512586,48.970234],[2.512587,48.970239],[2.51259,48.970247],[2.512592,48.970255],[2.512593,48.970256],[2.512596,48.970265],[2.512598,48.970273],[2.512601,48.970282],[2.512604,48.970291],[2.512606,48.970297],[2.512609,48.970308],[2.512612,48.970317],[2.512615,48.970326],[2.512618,48.970335],[2.51262,48.970344],[2.512626,48.970361],[2.512629,48.97037],[2.512631,48.970379],[2.512634,48.970388],[2.512637,48.970396],[2.512642,48.970414],[2.512645,48.970423],[2.512648,48.970432],[2.512651,48.97044],[2.512653,48.970449],[2.512659,48.970467],[2.512662,48.970476],[2.512667,48.970493],[2.51267,48.970502],[2.512673,48.970511],[2.512678,48.970529],[2.512681,48.970537],[2.512686,48.970555],[2.512689,48.970564],[2.512695,48.970581],[2.512697,48.97059],[2.512703,48.970608],[2.512706,48.970617],[2.512708,48.970625],[2.512711,48.970634],[2.512714,48.970643],[2.512719,48.970661],[2.512722,48.970669],[2.512725,48.970678],[2.512728,48.970687],[2.51273,48.970696],[2.512736,48.970713],[2.512739,48.970722],[2.512744,48.97074],[2.512747,48.970749],[2.512752,48.970766],[2.512753,48.970767],[2.512755,48.970775],[2.512756,48.970777],[2.512758,48.970784],[2.512759,48.970787],[2.512761,48.970793],[2.512762,48.970797],[2.512764,48.970802],[2.512765,48.970807],[2.512766,48.970811],[2.512768,48.970817],[2.512772,48.970827],[2.512772,48.970829],[2.512775,48.970838],[2.512778,48.970847],[2.512778,48.970848],[2.512781,48.970856],[2.512781,48.970858],[2.512781,48.970858],[2.512784,48.970865],[2.512785,48.970868],[2.512785,48.970869],[2.512786,48.970874],[2.512788,48.970879],[2.512788,48.970879],[2.512789,48.970883],[2.512791,48.970889],[2.512791,48.970889],[2.512792,48.970892],[2.512795,48.970899],[2.512795,48.9709],[2.512798,48.97091],[2.512798,48.97091],[2.512799,48.970911],[2.512802,48.97092],[2.512802,48.97092],[2.512802,48.970921],[2.512805,48.970929],[2.512805,48.970931],[2.512805,48.970931],[2.512808,48.970939],[2.512809,48.970941],[2.512809,48.970942],[2.512811,48.970948],[2.512812,48.970952],[2.512813,48.970952],[2.512814,48.970957],[2.512816,48.970962],[2.512816,48.970963],[2.512818,48.970967],[2.51282,48.970973],[2.51282,48.970973],[2.512821,48.970976],[2.512823,48.970983],[2.512824,48.970984],[2.512824,48.970986],[2.512827,48.970994],[2.512827,48.970995],[2.512831,48.971004],[2.512831,48.971005],[2.512831,48.971006],[2.512834,48.971014],[2.512835,48.971015],[2.512835,48.971016],[2.512838,48.971023],[2.512839,48.971026],[2.512839,48.971027],[2.512842,48.971033],[2.512843,48.971037],[2.512843,48.971038],[2.512845,48.971043],[2.512847,48.971048],[2.512847,48.971049],[2.512849,48.971052],[2.512851,48.971059],[2.512852,48.97106],[2.512853,48.971062],[2.512856,48.971069],[2.512856,48.971071],[2.51286,48.97108],[2.51286,48.971081],[2.51286,48.971082],[2.512864,48.97109],[2.512864,48.971091],[2.512867,48.971097],[2.51287,48.971105],[2.512874,48.971114],[2.512878,48.971122],[2.512885,48.97114],[2.512889,48.971148],[2.512896,48.971166],[2.5129,48.971174],[2.512904,48.971183],[2.512907,48.97119],[2.512912,48.971201],[2.512913,48.971202],[2.512938,48.971254],[2.512942,48.971262],[2.512947,48.971271],[2.512951,48.971279],[2.512955,48.971288],[2.512957,48.971293],[2.512963,48.971303],[2.512965,48.971307],[2.512984,48.971341],[2.512988,48.971349],[2.512993,48.971358],[2.513002,48.971374],[2.513007,48.971383],[2.513012,48.971391],[2.513013,48.971394],[2.513017,48.9714],[2.51302,48.971406],[2.513022,48.971409],[2.513023,48.97141],[2.513026,48.971415],[2.513029,48.97142],[2.513029,48.971421],[2.513031,48.971424],[2.513035,48.97143],[2.513035,48.971431],[2.513041,48.971441],[2.513042,48.971442],[2.513047,48.971451],[2.513048,48.971452],[2.513053,48.971461],[2.513054,48.971461],[2.513054,48.971462],[2.513059,48.97147],[2.51306,48.971472],[2.513061,48.971473],[2.513065,48.971479],[2.513067,48.971482],[2.513067,48.971483],[2.513071,48.971488],[2.513073,48.971492],[2.513074,48.971493],[2.513076,48.971497],[2.51308,48.971502],[2.51308,48.971503],[2.513082,48.971506],[2.513086,48.971512],[2.513087,48.971513],[2.513093,48.971522],[2.513093,48.971523],[2.513094,48.971524],[2.513099,48.971532],[2.513099,48.971532],[2.513099,48.971533],[2.513105,48.971541],[2.513106,48.971542],[2.513106,48.971543],[2.513111,48.97155],[2.513112,48.971552],[2.513113,48.971553],[2.513116,48.971559],[2.513119,48.971562],[2.513119,48.971563],[2.513122,48.971568],[2.513125,48.971572],[2.513126,48.971572],[2.513128,48.971576],[2.513132,48.971582],[2.513132,48.971582],[2.513138,48.971591],[2.513139,48.971592],[2.513145,48.971601],[2.513145,48.971602],[2.513146,48.971602],[2.513151,48.97161],[2.513151,48.971611],[2.513152,48.971611],[2.513157,48.971619],[2.513158,48.97162],[2.513158,48.971621],[2.513163,48.971628],[2.513164,48.97163],[2.513169,48.971636],[2.513171,48.97164],[2.513174,48.971644],[2.513177,48.971649],[2.51318,48.971653],[2.513184,48.971659],[2.513186,48.971661],[2.51319,48.971668],[2.513197,48.971677],[2.513197,48.971678],[2.513203,48.971686],[2.513203,48.971687],[2.513209,48.971694],[2.51321,48.971696],[2.513214,48.971703],[2.513216,48.971705],[2.51322,48.971711],[2.513225,48.971719],[2.513231,48.971727],[2.513237,48.971735],[2.513242,48.971743],[2.513248,48.971752],[2.513254,48.97176],[2.513259,48.971768],[2.513265,48.971776],[2.513271,48.971784],[2.513276,48.971793],[2.513282,48.971801],[2.513288,48.971809],[2.513293,48.971817],[2.513299,48.971825],[2.513304,48.971834],[2.51331,48.971842],[2.513316,48.97185],[2.513321,48.971858],[2.513327,48.971866],[2.513333,48.971875],[2.513338,48.971883],[2.513344,48.971891],[2.51335,48.971899],[2.513355,48.971907],[2.513361,48.971915],[2.513367,48.971924],[2.513372,48.971932],[2.513378,48.97194],[2.513383,48.971948],[2.513389,48.971956],[2.513395,48.971965],[2.5134,48.971973],[2.513406,48.971981],[2.513412,48.971989],[2.513417,48.971997],[2.513423,48.972006],[2.513429,48.972014],[2.513434,48.972022],[2.51344,48.97203],[2.513446,48.972038],[2.513451,48.972046],[2.513457,48.972055],[2.513462,48.972063],[2.513468,48.972071],[2.513474,48.972079],[2.513479,48.972087],[2.513485,48.972096],[2.513491,48.972104],[2.513496,48.972112],[2.513502,48.97212],[2.513508,48.972128],[2.513519,48.972145],[2.513525,48.972153],[2.51353,48.972161],[2.513536,48.972169],[2.513541,48.972178],[2.513547,48.972186],[2.513553,48.972194],[2.513558,48.972202],[2.513564,48.97221],[2.51357,48.972218],[2.513575,48.972227],[2.513581,48.972235],[2.513587,48.972243],[2.513592,48.972251],[2.513598,48.972259],[2.513604,48.972268],[2.513609,48.972276],[2.513615,48.972284],[2.51362,48.972292],[2.513626,48.9723],[2.513632,48.972309],[2.513637,48.972317],[2.513643,48.972325],[2.513649,48.972333],[2.513654,48.972341],[2.51366,48.972349],[2.513666,48.972358],[2.513671,48.972366],[2.513677,48.972374],[2.513682,48.972382],[2.513688,48.97239],[2.513694,48.972399],[2.513699,48.972407],[2.513705,48.972415],[2.513711,48.972423],[2.513716,48.972431],[2.513722,48.97244],[2.513728,48.972448],[2.513733,48.972456],[2.513739,48.972464],[2.513745,48.972472],[2.51375,48.972481],[2.513756,48.972489],[2.513761,48.972497],[2.513767,48.972505],[2.513773,48.972513],[2.513778,48.972521],[2.513784,48.97253],[2.51379,48.972538],[2.513795,48.972546],[2.513801,48.972554],[2.513807,48.972562],[2.513812,48.972571],[2.513818,48.972579],[2.513824,48.972587],[2.513829,48.972595],[2.513835,48.972603],[2.51384,48.972612],[2.513846,48.97262],[2.513852,48.972628],[2.513857,48.972636],[2.513863,48.972644],[2.513869,48.972652],[2.513874,48.972661],[2.51388,48.972669],[2.513886,48.972677],[2.513891,48.972685],[2.513897,48.972693],[2.5139,48.972698],[2.513903,48.972702],[2.513904,48.972703],[2.513907,48.972708],[2.513911,48.972714],[2.513914,48.972718],[2.513915,48.972719],[2.513918,48.972724],[2.513922,48.97273],[2.513925,48.972735],[2.513926,48.972735],[2.513929,48.97274],[2.513933,48.972746],[2.513937,48.972751],[2.51394,48.972756],[2.513943,48.97276],[2.513944,48.972762],[2.513948,48.972767],[2.513952,48.972773],[2.513954,48.972776],[2.513955,48.972778],[2.513959,48.972784],[2.513963,48.972789],[2.513966,48.972793],[2.513967,48.972794],[2.513971,48.9728],[2.513975,48.972805],[2.513978,48.97281],[2.513978,48.972811],[2.513982,48.972816],[2.513984,48.972819],[2.513986,48.972822],[2.51399,48.972827],[2.51399,48.972827],[2.513994,48.972833],[2.513998,48.972839],[2.513998,48.972839],[2.514002,48.972844],[2.514002,48.972844],[2.514002,48.972845],[2.514006,48.97285],[2.514006,48.97285],[2.514009,48.972853],[2.51401,48.972855],[2.51401,48.972855],[2.514014,48.972861],[2.514014,48.972861],[2.514018,48.972866],[2.514021,48.972871],[2.514024,48.972874],[2.51403,48.972883],[2.514036,48.972891],[2.514042,48.972899],[2.514048,48.972907],[2.514054,48.972915],[2.51406,48.972923],[2.514066,48.972931],[2.514073,48.972939],[2.514079,48.972947],[2.514091,48.972963],[2.514097,48.972971],[2.514103,48.972979],[2.514109,48.972987],[2.514115,48.972995],[2.514117,48.972998],[2.514123,48.973006],[2.514128,48.973012],[2.514141,48.973028],[2.514147,48.973035],[2.514173,48.973067],[2.514179,48.973075],[2.514192,48.973091],[2.514198,48.973099],[2.514205,48.973107],[2.514211,48.973115],[2.514224,48.973131],[2.514225,48.973132],[2.514228,48.973136],[2.514233,48.973141],[2.514233,48.973141],[2.514234,48.973143],[2.514237,48.973147],[2.514238,48.973147],[2.514241,48.973151],[2.514242,48.973152],[2.514242,48.973152],[2.514246,48.973157],[2.514247,48.973158],[2.514251,48.973163],[2.514251,48.973163],[2.514255,48.973168],[2.514255,48.973168],[2.51426,48.973173],[2.514265,48.973179],[2.514269,48.973184],[2.514274,48.973189],[2.514277,48.973193],[2.514278,48.973195],[2.514283,48.9732],[2.514287,48.973205],[2.514291,48.973209],[2.514292,48.97321],[2.514296,48.973216],[2.514301,48.973221],[2.514305,48.973225],[2.514305,48.973226],[2.51431,48.973231],[2.514312,48.973233],[2.514314,48.973236],[2.514319,48.973241],[2.514319,48.973241],[2.514323,48.973247],[2.514326,48.973249],[2.514328,48.973252],[2.514332,48.973257],[2.514333,48.973257],[2.514337,48.973262],[2.514339,48.973265],[2.514341,48.973267],[2.514346,48.973272],[2.51435,48.973277],[2.514353,48.973281],[2.514355,48.973282],[2.514359,48.973287],[2.514363,48.973292],[2.514367,48.973296],[2.514368,48.973297],[2.514374,48.973304],[2.514381,48.973312],[2.514387,48.97332],[2.514394,48.973328],[2.514401,48.973335],[2.514408,48.973343],[2.514415,48.973351],[2.514421,48.973359],[2.514428,48.973367],[2.514435,48.973374],[2.514442,48.973382],[2.514449,48.97339],[2.514456,48.973398],[2.514462,48.973405],[2.514469,48.973413],[2.514476,48.973421],[2.514483,48.973429],[2.51449,48.973437],[2.514497,48.973444],[2.514503,48.973452],[2.514508,48.973457],[2.51451,48.97346],[2.514516,48.973467],[2.514517,48.973468],[2.514521,48.973472],[2.514524,48.973475],[2.514529,48.973482],[2.514534,48.973487],[2.514537,48.973491],[2.514542,48.973497],[2.514544,48.973499],[2.514547,48.973502],[2.514551,48.973506],[2.514555,48.973512],[2.514557,48.973514],[2.51456,48.973517],[2.514564,48.973521],[2.514568,48.973526],[2.51457,48.973529],[2.514577,48.973536],[2.514581,48.973541],[2.514584,48.973544],[2.514589,48.973551],[2.514593,48.973556],[2.514596,48.973559],[2.514602,48.973565],[2.514606,48.97357],[2.514609,48.973574],[2.514614,48.97358],[2.514616,48.973581],[2.514618,48.973584],[2.514622,48.973589],[2.514626,48.973594],[2.514634,48.973603],[2.514637,48.973606],[2.514638,48.973608],[2.514657,48.973631],[2.514663,48.973639],[2.514676,48.973655],[2.514683,48.973663],[2.514689,48.973671],[2.514702,48.973687],[2.514708,48.973695],[2.514721,48.973711],[2.514723,48.973712],[2.514728,48.973719],[2.514734,48.973727],[2.51474,48.973735],[2.514746,48.973743],[2.514752,48.973751],[2.514765,48.973767],[2.514771,48.973776],[2.514777,48.973784],[2.514783,48.973792],[2.514795,48.973808],[2.514801,48.973816],[2.514804,48.973819],[2.51481,48.973827],[2.514814,48.973832],[2.514816,48.973835],[2.514821,48.973842],[2.514824,48.973847],[2.514827,48.97385],[2.514832,48.973857],[2.514832,48.973858],[2.514835,48.973862],[2.514838,48.973866],[2.514842,48.973872],[2.514844,48.973874],[2.514846,48.973877],[2.514849,48.973881],[2.514853,48.973887],[2.514857,48.973892],[2.51486,48.973897],[2.514864,48.973902],[2.514868,48.973907],[2.514871,48.973913],[2.514871,48.973913],[2.514875,48.973918],[2.514877,48.973921],[2.514882,48.973928],[2.514883,48.973929],[2.514886,48.973933],[2.514888,48.973937],[2.514893,48.973944],[2.514897,48.973949],[2.5149,48.973953],[2.514904,48.973959],[2.514908,48.973964],[2.514911,48.973969],[2.514915,48.973975],[2.514917,48.973977],[2.514928,48.973994],[2.514934,48.974002],[2.514945,48.974018],[2.514951,48.974026],[2.514957,48.974035],[2.514968,48.974051],[2.514974,48.974059],[2.514991,48.974084],[2.514997,48.974092],[2.515014,48.974116],[2.515019,48.974123],[2.51502,48.974124],[2.515026,48.974133],[2.515031,48.974141],[2.515037,48.974149],[2.515043,48.974157],[2.515054,48.974173],[2.51506,48.974182],[2.515066,48.97419],[2.515071,48.974198],[2.515077,48.974206],[2.515083,48.974214],[2.515094,48.974231],[2.5151,48.974239],[2.515106,48.974247],[2.515111,48.974255],[2.515123,48.974271],[2.515129,48.97428],[2.515134,48.974288],[2.51514,48.974296],[2.515146,48.974304],[2.515152,48.974312],[2.515163,48.974329],[2.515169,48.974337],[2.515174,48.974345],[2.51518,48.974353],[2.515186,48.974361],[2.515192,48.974369],[2.515203,48.974386],[2.515209,48.974394],[2.515215,48.974402],[2.51522,48.97441],[2.515232,48.974427],[2.515237,48.974435],[2.515243,48.974443],[2.515249,48.974451],[2.515255,48.974459],[2.51526,48.974467],[2.515272,48.974484],[2.515278,48.974492],[2.515283,48.9745],[2.515289,48.974508],[2.515295,48.974516],[2.5153,48.974524],[2.515312,48.974541],[2.515318,48.974549],[2.515323,48.974557],[2.515328,48.974563],[2.515329,48.974565],[2.515335,48.974573],[2.515346,48.97459],[2.515352,48.974598],[2.515358,48.974606],[2.515363,48.974614],[2.515369,48.974622],[2.515375,48.974631],[2.515381,48.974639],[2.515386,48.974647],[2.515392,48.974655],[2.515398,48.974663],[2.515403,48.974671],[2.515409,48.97468],[2.515415,48.974688],[2.515421,48.974696],[2.515432,48.974712],[2.515438,48.97472],[2.515449,48.974737],[2.515455,48.974745],[2.515466,48.974761],[2.515472,48.974769],[2.515484,48.974786],[2.515489,48.974794],[2.515495,48.974802],[2.515501,48.97481],[2.515507,48.974818],[2.515512,48.974827],[2.515518,48.974835],[2.515524,48.974843],[2.515529,48.974851],[2.515535,48.974859],[2.515541,48.974867],[2.515547,48.974876],[2.515552,48.974884],[2.515558,48.974892],[2.51557,48.974908],[2.515575,48.974916],[2.515587,48.974933],[2.515592,48.974941],[2.515604,48.974957],[2.51561,48.974965],[2.515615,48.974974],[2.515621,48.974982],[2.515627,48.97499],[2.515633,48.974998],[2.515638,48.975006],[2.515644,48.975014],[2.51565,48.975022],[2.515655,48.975031],[2.515661,48.975039],[2.515667,48.975047],[2.515673,48.975055],[2.515678,48.975063],[2.515684,48.975071],[2.51569,48.97508],[2.515696,48.975088],[2.515707,48.975104],[2.515713,48.975112],[2.515724,48.975129],[2.51573,48.975137],[2.515741,48.975153],[2.515747,48.975161],[2.515753,48.975169],[2.515758,48.975178],[2.515764,48.975186],[2.51577,48.975194],[2.515776,48.975202],[2.515781,48.97521],[2.515787,48.975218],[2.515793,48.975227],[2.515799,48.975235],[2.515804,48.975243],[2.51581,48.975251],[2.515816,48.975259],[2.515821,48.975267],[2.515827,48.975276],[2.515833,48.975284],[2.515844,48.9753],[2.51585,48.975308],[2.515862,48.975325],[2.515867,48.975333],[2.515879,48.975349],[2.515884,48.975357],[2.51589,48.975365],[2.515896,48.975374],[2.515902,48.975382],[2.515907,48.97539],[2.515913,48.975398],[2.515919,48.975406],[2.515925,48.975414],[2.51593,48.975423],[2.515936,48.975431],[2.515942,48.975439],[2.515947,48.975447],[2.515953,48.975455],[2.515959,48.975463],[2.515965,48.975472],[2.51597,48.97548],[2.515982,48.975496],[2.515988,48.975504],[2.515999,48.975521],[2.516005,48.975529],[2.516016,48.975545],[2.516022,48.975553],[2.516028,48.975561],[2.516033,48.975569],[2.516039,48.975578],[2.516045,48.975586],[2.51605,48.975594],[2.516062,48.97561],[2.516068,48.975618],[2.516079,48.975635],[2.516085,48.975643],[2.516096,48.975659],[2.516102,48.975667],[2.516103,48.975669],[2.516108,48.975676],[2.516113,48.975684],[2.516117,48.975689],[2.516119,48.975692],[2.516125,48.9757],[2.516131,48.975708],[2.516131,48.975709],[2.516137,48.975717],[2.516142,48.975725],[2.516145,48.975729],[2.516145,48.975729],[2.516148,48.975733],[2.516154,48.975742],[2.516159,48.975749],[2.516159,48.975749],[2.516166,48.975758],[2.516172,48.975766],[2.516173,48.975769],[2.516174,48.975769],[2.516178,48.975775],[2.516184,48.975783],[2.516188,48.975789],[2.516188,48.97579],[2.516196,48.9758],[2.516201,48.975808],[2.516202,48.975809],[2.516203,48.97581],[2.516208,48.975817],[2.516214,48.975825],[2.516217,48.97583],[2.516218,48.975831],[2.51622,48.975834],[2.516226,48.975842],[2.516232,48.97585],[2.516232,48.975851],[2.516238,48.975859],[2.516244,48.975867],[2.516247,48.975871],[2.516247,48.975872],[2.516251,48.975876],[2.516257,48.975885],[2.516262,48.975891],[2.516263,48.975892],[2.516264,48.975894],[2.516276,48.97591],[2.516277,48.975912],[2.516278,48.975913],[2.516283,48.975919],[2.516289,48.975927],[2.516293,48.975932],[2.516294,48.975934],[2.516296,48.975936],[2.516302,48.975944],[2.516308,48.975953],[2.516308,48.975953],[2.51631,48.975955],[2.516315,48.975962],[2.516321,48.97597],[2.516324,48.975974],[2.516326,48.975975],[2.516329,48.975979],[2.516335,48.975987],[2.516341,48.975995],[2.516342,48.975996],[2.516342,48.975997],[2.516349,48.976005],[2.516355,48.976013],[2.516357,48.976016],[2.516358,48.976017],[2.516363,48.976023],[2.516369,48.97603],[2.516374,48.976037],[2.516375,48.976038],[2.516383,48.976048],[2.51639,48.976056],[2.516391,48.976057],[2.516392,48.976059],[2.516398,48.976066],[2.516404,48.976074],[2.516408,48.976078],[2.51641,48.97608],[2.516412,48.976083],[2.516419,48.976091],[2.516426,48.976099],[2.516426,48.976099],[2.516428,48.976101],[2.516434,48.976109],[2.516441,48.976117],[2.516444,48.97612],[2.516446,48.976122],[2.516449,48.976127],[2.516456,48.976135],[2.516462,48.976141],[2.516464,48.976143],[2.516472,48.976152],[2.516479,48.97616],[2.516481,48.976162],[2.516483,48.976164],[2.516488,48.97617],[2.516495,48.976178],[2.516499,48.976183],[2.516502,48.976186],[2.516504,48.976188],[2.516511,48.976196],[2.516518,48.976203],[2.516519,48.976204],[2.516521,48.976207],[2.516527,48.976213],[2.516534,48.976221],[2.516538,48.976225],[2.516541,48.976228],[2.516544,48.976231],[2.516551,48.976239],[2.516558,48.976246],[2.516561,48.976249],[2.516569,48.976256],[2.516576,48.976264],[2.516579,48.976267],[2.516581,48.976269],[2.516586,48.976274],[2.516594,48.976282],[2.5166,48.976288],[2.516602,48.97629],[2.516604,48.976292],[2.516612,48.976299],[2.516619,48.976307],[2.516621,48.976308],[2.516627,48.976314],[2.516633,48.97632],[2.516641,48.976327],[2.516657,48.976342],[2.516665,48.976349],[2.516681,48.976364],[2.516688,48.976371],[2.516697,48.976379],[2.516706,48.976387],[2.516715,48.976394],[2.516723,48.976401],[2.51674,48.976416],[2.516748,48.976423],[2.516756,48.97643],[2.516761,48.976434],[2.516771,48.976443],[2.516775,48.976446],[2.516783,48.976453],[2.516792,48.976459],[2.516801,48.976466],[2.516809,48.976473],[2.516818,48.97648],[2.516826,48.976487],[2.516835,48.976494],[2.516838,48.976496],[2.516848,48.976505],[2.516855,48.976509],[2.516864,48.976516],[2.516882,48.97653],[2.516891,48.976536],[2.516909,48.97655],[2.516918,48.976557],[2.516928,48.976565],[2.516929,48.976565],[2.516938,48.976571],[2.516947,48.976578],[2.516957,48.976584],[2.516966,48.976591],[2.516975,48.976598],[2.516985,48.976604],[2.516994,48.976611],[2.517,48.976615],[2.517012,48.976623],[2.517015,48.976625],[2.517034,48.976638],[2.517044,48.976644],[2.517053,48.97665],[2.517063,48.976657],[2.517073,48.976663],[2.517082,48.976669],[2.517086,48.976672],[2.517098,48.976679],[2.517104,48.976683],[2.517114,48.976689],[2.517134,48.976701],[2.517144,48.976707],[2.517154,48.976714],[2.517174,48.976726],[2.517175,48.976726],[2.517187,48.976734],[2.517197,48.976739],[2.517207,48.976745],[2.517217,48.976751],[2.517238,48.976763],[2.517248,48.976768],[2.517258,48.976774],[2.517267,48.976779],[2.517279,48.976786],[2.517292,48.976793],[2.517303,48.976798],[2.517313,48.976804],[2.517324,48.97681],[2.517334,48.976815],[2.517345,48.976821],[2.517356,48.976827],[2.517361,48.976829],[2.517374,48.976836],[2.517379,48.976839],[2.51739,48.976844],[2.517401,48.97685],[2.517423,48.976861],[2.517434,48.976866],[2.517445,48.976871],[2.517456,48.976877],[2.517457,48.976878],[2.517471,48.976884],[2.517471,48.976884],[2.51748,48.976888],[2.517525,48.976909],[2.517536,48.976914],[2.517547,48.976919],[2.517557,48.976924],[2.51757,48.97693],[2.517583,48.976935],[2.517606,48.976945],[2.517618,48.97695],[2.517652,48.976965],[2.517658,48.976968],[2.517672,48.976973],[2.517677,48.976975],[2.517689,48.97698],[2.517701,48.976985],[2.517712,48.976989],[2.517724,48.976994],[2.517736,48.976999],[2.517747,48.977003],[2.517759,48.977008],[2.517762,48.977009],[2.517776,48.977015],[2.517785,48.977018],[2.517797,48.977022],[2.517809,48.977027],[2.517821,48.977031],[2.517833,48.977035],[2.517857,48.977044],[2.517868,48.977048],[2.517882,48.977054],[2.517883,48.977054],[2.517944,48.977074],[2.517956,48.977078],[2.517968,48.977083],[2.517976,48.977085],[2.51799,48.97709],[2.517995,48.977091],[2.518007,48.977095],[2.51802,48.977099],[2.518044,48.977107],[2.518057,48.977111],[2.518081,48.977118],[2.518086,48.97712],[2.5181,48.977124],[2.518109,48.977126],[2.518121,48.97713],[2.518134,48.977133],[2.518146,48.977137],[2.518159,48.977141],[2.518196,48.977151],[2.518197,48.977151],[2.518212,48.977155],[2.518224,48.977159],[2.518237,48.977162],[2.518262,48.977168],[2.518275,48.977172],[2.518301,48.977178],[2.51831,48.977181],[2.518325,48.977184],[2.518342,48.977188],[2.518367,48.977194],[2.51838,48.977197],[2.518406,48.977203],[2.518419,48.977206],[2.518424,48.977207],[2.51844,48.977211],[2.518447,48.977212],[2.51846,48.977215],[2.518473,48.977218],[2.518487,48.97722],[2.5185,48.977223],[2.518513,48.977226],[2.518526,48.977229],[2.518539,48.977231],[2.51854,48.977232],[2.518556,48.977235],[2.518567,48.977237],[2.518607,48.977244],[2.51862,48.977246],[2.518646,48.977251],[2.518657,48.977253],[2.518673,48.977256],[2.518675,48.977256],[2.518689,48.977258],[2.518702,48.97726],[2.518715,48.977263],[2.518729,48.977265],[2.518742,48.977267],[2.518755,48.977269],[2.518768,48.977271],[2.518775,48.977272],[2.518791,48.977274],[2.518798,48.977275],[2.518811,48.977277],[2.518824,48.977279],[2.518838,48.977281],[2.518851,48.977282],[2.518865,48.977284],[2.518891,48.977288],[2.518894,48.977288],[2.51891,48.97729],[2.518921,48.977291],[2.518934,48.977293],[2.518948,48.977294],[2.518961,48.977296],[2.518975,48.977297],[2.518988,48.977299],[2.519002,48.9773],[2.519014,48.977302],[2.51903,48.977303],[2.519045,48.977305],[2.519058,48.977306],[2.519072,48.977307],[2.519086,48.977308],[2.519099,48.97731],[2.519113,48.977311],[2.519126,48.977312],[2.519134,48.977313],[2.51915,48.977314],[2.519156,48.977314],[2.51917,48.977315],[2.519183,48.977316],[2.519197,48.977317],[2.51921,48.977318],[2.519237,48.97732],[2.519251,48.97732],[2.519255,48.977321],[2.519266,48.977321],[2.519275,48.977322],[2.519289,48.977323],[2.519299,48.977323],[2.519304,48.977323],[2.519308,48.977323],[2.519335,48.977325],[2.519337,48.977325],[2.519341,48.977325],[2.519353,48.977325],[2.519367,48.977326],[2.519374,48.977326],[2.519379,48.977326],[2.519385,48.977327],[2.519399,48.977327],[2.519412,48.977327],[2.519417,48.977327],[2.519417,48.977327],[2.519431,48.977328],[2.519444,48.977328],[2.51945,48.977328],[2.519454,48.977328],[2.519462,48.977329],[2.519476,48.977329],[2.519487,48.977329],[2.519491,48.977329],[2.519494,48.977329],[2.519507,48.977329],[2.519521,48.977329],[2.519524,48.977329],[2.519528,48.97733],[2.519539,48.97733],[2.519552,48.97733],[2.519561,48.97733],[2.519565,48.97733],[2.51957,48.97733],[2.519583,48.97733],[2.519597,48.97733],[2.519598,48.97733],[2.519602,48.97733],[2.519614,48.97733],[2.519628,48.97733],[2.519635,48.97733],[2.519638,48.97733],[2.519645,48.97733],[2.519659,48.97733],[2.519671,48.97733],[2.519675,48.977329],[2.519689,48.977329],[2.519703,48.977329],[2.519708,48.977329],[2.519711,48.977329],[2.51972,48.977329],[2.519734,48.977329],[2.519744,48.977328],[2.519747,48.977328],[2.519764,48.977328],[2.519778,48.977328],[2.51978,48.977328],[2.519783,48.977328],[2.519794,48.977327],[2.519808,48.977327],[2.519816,48.977327],[2.519818,48.977327],[2.519824,48.977327],[2.519851,48.977326],[2.519851,48.977326],[2.519854,48.977326],[2.519867,48.977325],[2.519881,48.977325],[2.519887,48.977325],[2.519889,48.977325],[2.519897,48.977324],[2.519911,48.977324],[2.519922,48.977324],[2.519924,48.977323],[2.519926,48.977323],[2.519954,48.977322],[2.519957,48.977322],[2.519959,48.977322],[2.519969,48.977322],[2.519983,48.977321],[2.519992,48.977321],[2.519994,48.977321],[2.519998,48.977321],[2.520026,48.977319],[2.520027,48.977319],[2.520029,48.977319],[2.520041,48.977319],[2.520055,48.977318],[2.520062,48.977318],[2.520063,48.977318],[2.52007,48.977317],[2.520083,48.977317],[2.520096,48.977316],[2.520098,48.977316],[2.520112,48.977315],[2.520126,48.977315],[2.52013,48.977314],[2.520132,48.977314],[2.52014,48.977314],[2.520154,48.977313],[2.520165,48.977313],[2.520166,48.977313],[2.520182,48.977312],[2.520196,48.977311],[2.520199,48.977311],[2.520199,48.977311],[2.52021,48.97731],[2.520224,48.97731],[2.520232,48.977309],[2.520233,48.977309],[2.520238,48.977309],[2.520252,48.977308],[2.520265,48.977307],[2.520266,48.977307],[2.520266,48.977307],[2.520279,48.977307],[2.520293,48.977306],[2.520299,48.977305],[2.520307,48.977305],[2.520321,48.977304],[2.520333,48.977304],[2.520334,48.977304],[2.520348,48.977303],[2.520362,48.977302],[2.520366,48.977302],[2.520375,48.977301],[2.520389,48.977301],[2.520416,48.977299],[2.52043,48.977298],[2.520443,48.977297],[2.520457,48.977297],[2.520484,48.977295],[2.520498,48.977294],[2.520525,48.977293],[2.520539,48.977292],[2.520552,48.977291],[2.520566,48.977291],[2.520579,48.97729],[2.520607,48.977288],[2.52062,48.977288],[2.520648,48.977286],[2.520661,48.977285],[2.520675,48.977285],[2.520688,48.977284],[2.520702,48.977283],[2.520729,48.977282],[2.520743,48.977281],[2.52077,48.977279],[2.520784,48.977279],[2.520797,48.977278],[2.520811,48.977277],[2.520824,48.977276],[2.520852,48.977275],[2.520865,48.977274],[2.520893,48.977272],[2.520906,48.977272],[2.52092,48.977271],[2.520933,48.97727],[2.520947,48.977269],[2.520974,48.977268],[2.520988,48.977267],[2.521015,48.977266],[2.521029,48.977265],[2.521042,48.977264],[2.521056,48.977263],[2.521069,48.977263],[2.521097,48.977261],[2.52111,48.97726],[2.521138,48.977259],[2.521151,48.977258],[2.521165,48.977257],[2.521178,48.977257],[2.521192,48.977256],[2.521219,48.977254],[2.52123,48.977254],[2.52123,48.977254],[2.52124,48.977273],[2.521383,48.977432],[2.521571,48.97757],[2.521795,48.977681],[2.521795,48.977681],[2.522049,48.977762],[2.522321,48.977808],[2.522602,48.977818],[2.522615,48.977818],[2.522632,48.977818],[2.522651,48.977817],[2.522672,48.977817],[2.522687,48.977816],[2.52271,48.977816],[2.522723,48.977815],[2.522748,48.977815],[2.522772,48.977814],[2.522788,48.977814],[2.522808,48.977814],[2.522816,48.977814],[2.522822,48.977814],[2.522877,48.977813],[2.522918,48.977813],[2.523,48.977813],[2.523027,48.977813],[2.523068,48.977813],[2.523095,48.977813],[2.523123,48.977813],[2.523135,48.977813],[2.523139,48.977813],[2.523158,48.977813],[2.523185,48.977813],[2.523294,48.977815],[2.523308,48.977816],[2.523322,48.977816],[2.523349,48.977816],[2.523363,48.977817],[2.52339,48.977817],[2.523404,48.977817],[2.523445,48.977818],[2.523449,48.977818],[2.523466,48.977819],[2.52348,48.977819],[2.523507,48.97782],[2.523521,48.977821],[2.523548,48.977822],[2.523561,48.977823],[2.523616,48.977825],[2.52363,48.977825],[2.523657,48.977826],[2.523671,48.977827],[2.523698,48.977828],[2.523711,48.977829],[2.523739,48.97783],[2.523752,48.97783],[2.523756,48.97783],[2.52376,48.977831],[2.523787,48.977832],[2.523814,48.977834],[2.523842,48.977835],[2.523855,48.977836],[2.523882,48.977838],[2.52391,48.97784],[2.523937,48.977841],[2.523951,48.977842],[2.523978,48.977844],[2.523991,48.977845],[2.524005,48.977845],[2.524032,48.977847],[2.524046,48.977848],[2.524063,48.977849],[2.524067,48.977849],[2.524081,48.97785],[2.524121,48.977854],[2.524175,48.977858],[2.524216,48.977862],[2.52427,48.977866],[2.524311,48.97787],[2.524373,48.977875],[2.524376,48.977875],[2.524427,48.97788],[2.524454,48.977883],[2.524535,48.977892],[2.524562,48.977894],[2.524589,48.977897],[2.524643,48.977903],[2.52469,48.977908],[2.524709,48.97791],[2.524745,48.977914],[2.524769,48.977917],[2.524792,48.97792],[2.524816,48.977923],[2.524832,48.977925],[2.524838,48.977926],[2.524863,48.977929],[2.524899,48.977934],[2.524922,48.977937],[2.524973,48.977943],[2.524986,48.977945],[2.525032,48.977951],[2.525044,48.977953],[2.525064,48.977956],[2.525105,48.977962],[2.525129,48.977965],[2.525154,48.977969],[2.525191,48.977974],[2.525223,48.977979],[2.52524,48.977981],[2.525263,48.977984],[2.525277,48.977986],[2.525303,48.97799],[2.52534,48.977996],[2.525365,48.978],[2.525384,48.978002],[2.525403,48.978005],[2.525425,48.978009],[2.525427,48.978009],[2.525465,48.978015],[2.525504,48.978021],[2.52553,48.978025],[2.525548,48.978028],[2.525555,48.978029],[2.525581,48.978033],[2.525607,48.978037],[2.525632,48.978041],[2.525658,48.978045],[2.525672,48.978047],[2.525697,48.978051],[2.525723,48.978055],[2.525756,48.97806],[2.525775,48.978063],[2.525801,48.978067],[2.525841,48.978074],[2.525867,48.978078],[2.525883,48.97808],[2.525907,48.978084],[2.525926,48.978087],[2.525947,48.97809],[2.526398,48.978162],[2.526411,48.978164],[2.527075,48.97827],[2.527089,48.978272],[2.527673,48.978365],[2.5277,48.978369],[2.527726,48.978373],[2.527739,48.978375],[2.528403,48.97848],[2.528417,48.978483],[2.529054,48.978584],[2.529067,48.978586],[2.529625,48.978674],[2.529652,48.978679],[2.529731,48.978691],[2.529745,48.978693],[2.530409,48.978799],[2.530422,48.978801],[2.531059,48.978902],[2.531073,48.978904],[2.531498,48.978972],[2.531524,48.978976],[2.531737,48.97901],[2.53175,48.979012],[2.532388,48.979113],[2.532401,48.979115],[2.533065,48.97922],[2.533078,48.979222],[2.533397,48.979273],[2.533423,48.979277],[2.53345,48.979281],[2.533477,48.979286],[2.533716,48.979324],[2.533729,48.979326],[2.534101,48.979385],[2.534127,48.979389],[2.534154,48.979393],[2.534167,48.979395],[2.534188,48.979399],[2.534193,48.979399],[2.534231,48.979405],[2.534246,48.979408],[2.534272,48.979412],[2.534298,48.979416],[2.534315,48.979419],[2.534324,48.97942],[2.534337,48.979422],[2.534357,48.979425],[2.534376,48.979429],[2.534402,48.979433],[2.534414,48.979435],[2.53444,48.979439],[2.534466,48.979443],[2.534481,48.979446],[2.534491,48.979447],[2.534517,48.979451],[2.534555,48.979458],[2.534593,48.979464],[2.534618,48.979468],[2.534643,48.979472],[2.534668,48.979476],[2.534684,48.979479],[2.534692,48.97948],[2.534717,48.979485],[2.534743,48.979489],[2.534764,48.979493],[2.534779,48.979495],[2.534804,48.979499],[2.534829,48.979504],[2.534844,48.979506],[2.534852,48.979508],[2.534883,48.979513],[2.534901,48.979516],[2.534926,48.979521],[2.534949,48.979525],[2.534974,48.979529],[2.534998,48.979533],[2.535033,48.97954],[2.535057,48.979544],[2.535081,48.979549],[2.535114,48.979555],[2.535127,48.979557],[2.53514,48.97956],[2.535152,48.979562],[2.535162,48.979564],[2.535189,48.979569],[2.53521,48.979573],[2.535227,48.979576],[2.535244,48.97958],[2.535264,48.979584],[2.535265,48.979584],[2.535301,48.979591],[2.535325,48.979596],[2.535327,48.979596],[2.535338,48.979599],[2.535377,48.979607],[2.535416,48.979615],[2.535442,48.979621],[2.535481,48.979629],[2.53552,48.979638],[2.535546,48.979643],[2.535559,48.979646],[2.535598,48.979655],[2.535637,48.979663],[2.53564,48.979664],[2.535643,48.979664],[2.535682,48.979674],[2.535733,48.979686],[2.535746,48.979689],[2.535772,48.979695],[2.53581,48.979704],[2.535823,48.979707],[2.535861,48.979717],[2.535887,48.979723],[2.535913,48.979729],[2.535937,48.979735],[2.535941,48.979736],[2.536021,48.979757],[2.536046,48.979764],[2.53616,48.979794],[2.536184,48.9798],[2.536237,48.979814],[2.536254,48.979819],[2.536279,48.979827],[2.536304,48.979834],[2.536329,48.979841],[2.536354,48.979848],[2.536367,48.979852],[2.536392,48.979859],[2.536417,48.979867],[2.536442,48.979874],[2.536467,48.979881],[2.536492,48.979888],[2.536517,48.979896],[2.536523,48.979897],[2.536538,48.979902],[2.536547,48.979905],[2.536597,48.979921],[2.536621,48.979929],[2.536658,48.97994],[2.536683,48.979948],[2.536707,48.979956],[2.536732,48.979964],[2.536744,48.979968],[2.536794,48.979983],[2.536811,48.979989],[2.536814,48.97999],[2.536848,48.980002],[2.536884,48.980014],[2.536896,48.980019],[2.536945,48.980035],[2.536993,48.980052],[2.53709,48.980085],[2.537093,48.980086],[2.53712,48.980096],[2.537131,48.980101],[2.537155,48.98011],[2.537191,48.980123],[2.537226,48.980136],[2.53725,48.980145],[2.537262,48.98015],[2.537298,48.980163],[2.53731,48.980167],[2.537321,48.980172],[2.537357,48.980185],[2.537369,48.98019],[2.537378,48.980193],[2.537381,48.980194],[2.537402,48.980203],[2.537423,48.980211],[2.537435,48.980216],[2.537453,48.980223],[2.537474,48.980231],[2.537505,48.980243],[2.537515,48.980247],[2.537535,48.980256],[2.537557,48.980264],[2.537578,48.980273],[2.537598,48.980281],[2.53763,48.980294],[2.537651,48.980303],[2.537672,48.980312],[2.537681,48.980316],[2.537703,48.980325],[2.537724,48.980334],[2.537745,48.980343],[2.537766,48.980351],[2.537798,48.980365],[2.537819,48.980374],[2.53784,48.980383],[2.53785,48.980387],[2.537874,48.980398],[2.537894,48.980406],[2.537908,48.980412],[2.537925,48.98042],[2.537943,48.980427],[2.537958,48.980434],[2.537978,48.980442],[2.537978,48.980443],[2.538012,48.980458],[2.538022,48.980462],[2.538044,48.980471],[2.538066,48.980481],[2.538087,48.980491],[2.538098,48.980495],[2.538117,48.980504],[2.538131,48.98051],[2.538153,48.980519],[2.538175,48.980529],[2.538188,48.980535],[2.538208,48.980544],[2.53823,48.980554],[2.538252,48.980563],[2.538274,48.980573],[2.538296,48.980583],[2.538319,48.980593],[2.538331,48.980599],[2.538341,48.980603],[2.538367,48.980615],[2.538386,48.980623],[2.538408,48.980633],[2.53842,48.980638],[2.53844,48.980647],[2.538453,48.980653],[2.538465,48.980658],[2.538487,48.980668],[2.53851,48.980679],[2.538533,48.980689],[2.538544,48.980694],[2.538567,48.980704],[2.538578,48.980709],[2.538589,48.980714],[2.538612,48.980724],[2.538646,48.980739],[2.538691,48.980759],[2.538702,48.980764],[2.538747,48.980785],[2.53877,48.980795],[2.538781,48.9808],[2.538804,48.98081],[2.538827,48.98082],[2.538849,48.98083],[2.538861,48.980835],[2.538883,48.980845],[2.538894,48.98085],[2.538906,48.980855],[2.538928,48.980865],[2.538962,48.98088],[2.539007,48.980901],[2.539019,48.980906],[2.539064,48.980926],[2.539087,48.980936],[2.539098,48.980941],[2.539121,48.980951],[2.539143,48.980961],[2.539166,48.980971],[2.539177,48.980976],[2.5392,48.980986],[2.539211,48.980991],[2.539222,48.980997],[2.539245,48.981007],[2.539268,48.981017],[2.539279,48.981022],[2.539324,48.981042],[2.539335,48.981047],[2.539381,48.981067],[2.539403,48.981077],[2.539415,48.981082],[2.539437,48.981092],[2.53946,48.981103],[2.539482,48.981113],[2.539494,48.981118],[2.539516,48.981128],[2.539528,48.981133],[2.539539,48.981138],[2.539561,48.981148],[2.539584,48.981158],[2.539595,48.981163],[2.539641,48.981183],[2.539652,48.981188],[2.539697,48.981209],[2.539708,48.981214],[2.53972,48.981219],[2.539742,48.981229],[2.539776,48.981244],[2.539822,48.981264],[2.539844,48.981274],[2.539855,48.981279],[2.539878,48.981289],[2.539901,48.981299],[2.539912,48.981304],[2.539957,48.981325],[2.539969,48.98133],[2.539991,48.98134],[2.540014,48.98135],[2.540025,48.981355],[2.540036,48.98136],[2.540059,48.98137],[2.540093,48.981385],[2.540138,48.981405],[2.540161,48.981415],[2.540172,48.981421],[2.540195,48.981431],[2.540217,48.981441],[2.540229,48.981446],[2.540274,48.981466],[2.540285,48.981471],[2.540308,48.981481],[2.54033,48.981491],[2.540342,48.981496],[2.540353,48.981501],[2.540376,48.981511],[2.540409,48.981527],[2.540455,48.981547],[2.540466,48.981552],[2.540511,48.981572],[2.540534,48.981582],[2.540545,48.981587],[2.54059,48.981607],[2.540602,48.981612],[2.540624,48.981622],[2.540647,48.981633],[2.540658,48.981638],[2.540669,48.981643],[2.540692,48.981653],[2.540726,48.981668],[2.540771,48.981688],[2.540783,48.981693],[2.540828,48.981713],[2.54085,48.981723],[2.540862,48.981728],[2.540884,48.981739],[2.540907,48.981749],[2.540952,48.981769],[2.540975,48.981779],[2.540986,48.981784],[2.541031,48.981804],[2.541043,48.981809],[2.541088,48.981829],[2.541099,48.981834],[2.541144,48.981855],[2.541167,48.981865],[2.54119,48.981875],[2.541224,48.98189],[2.541269,48.98191],[2.541291,48.98192],[2.541303,48.981925],[2.541348,48.981945],[2.541359,48.981951],[2.541404,48.981971],[2.541416,48.981976],[2.541438,48.981986],[2.541461,48.981996],[2.541484,48.982006],[2.541506,48.982016],[2.54154,48.982031],[2.541585,48.982051],[2.541608,48.982062],[2.541619,48.982067],[2.541642,48.982077],[2.541664,48.982087],[2.541676,48.982092],[2.541721,48.982112],[2.541732,48.982117],[2.541755,48.982127],[2.541778,48.982137],[2.5418,48.982147],[2.541823,48.982157],[2.541857,48.982173],[2.541902,48.982193],[2.541925,48.982203],[2.541936,48.982208],[2.541958,48.982218],[2.541981,48.982228],[2.541992,48.982233],[2.542038,48.982253],[2.542049,48.982258],[2.542071,48.982269],[2.542094,48.982279],[2.542105,48.982284],[2.542117,48.982289],[2.542139,48.982299],[2.542173,48.982314],[2.542218,48.982334],[2.542241,48.982344],[2.542252,48.982349],[2.542275,48.982359],[2.542298,48.982369],[2.54232,48.98238],[2.542332,48.982385],[2.542354,48.982395],[2.542365,48.9824],[2.542373,48.982403],[2.542388,48.98241],[2.542411,48.98242],[2.542422,48.982425],[2.542445,48.982435],[2.542456,48.98244],[2.542659,48.982531],[2.542682,48.982541],[2.542693,48.982546],[2.542716,48.982556],[2.542727,48.982561],[2.54275,48.982571],[2.542761,48.982576],[2.542931,48.982652],[2.542942,48.982657],[2.542965,48.982667],[2.542976,48.982672],[2.54318,48.982763],[2.543202,48.982773],[2.543213,48.982778],[2.543461,48.982867],[2.543729,48.982922],[2.544009,48.982941],[2.544289,48.982924],[2.544558,48.982872],[2.544807,48.982786],[2.544807,48.982786],[2.545026,48.982669],[2.545206,48.982527],[2.54534,48.982364],[2.545424,48.982187],[2.545453,48.982003],[2.545427,48.981819],[2.545348,48.981642],[2.545217,48.981478],[2.54504,48.981334],[2.544824,48.981215],[2.544812,48.98121],[2.544801,48.981205],[2.544779,48.981195],[2.544767,48.98119],[2.544745,48.98118],[2.544733,48.981175],[2.544711,48.981165],[2.544699,48.98116],[2.544677,48.98115],[2.544665,48.981145],[2.544643,48.981135],[2.544632,48.98113],[2.544609,48.98112],[2.544598,48.981115],[2.544575,48.981104],[2.544564,48.981099],[2.544552,48.981094],[2.54453,48.981084],[2.544519,48.981079],[2.544496,48.981069],[2.544485,48.981064],[2.544462,48.981054],[2.544451,48.981049],[2.544428,48.981039],[2.544417,48.981034],[2.544394,48.981024],[2.544383,48.981019],[2.54436,48.981009],[2.544349,48.981003],[2.544326,48.980993],[2.544315,48.980988],[2.544292,48.980978],[2.544281,48.980973],[2.544258,48.980963],[2.544247,48.980958],[2.544225,48.980948],[2.544213,48.980943],[2.544191,48.980933],[2.544179,48.980928],[2.544157,48.980918],[2.544145,48.980913],[2.544123,48.980903],[2.544111,48.980897],[2.544089,48.980887],[2.544078,48.980882],[2.544055,48.980872],[2.544044,48.980867],[2.544021,48.980857],[2.54401,48.980852],[2.543987,48.980842],[2.543983,48.98084],[2.543964,48.980832],[2.543953,48.980827],[2.543919,48.980812],[2.543897,48.980802],[2.543874,48.980791],[2.543863,48.980786],[2.54384,48.980776],[2.543818,48.980766],[2.543795,48.980756],[2.543772,48.980746],[2.543738,48.980731],[2.543727,48.980726],[2.543704,48.980716],[2.543693,48.980711],[2.543671,48.980701],[2.543648,48.980691],[2.543637,48.980685],[2.543614,48.980675],[2.543603,48.98067],[2.54358,48.98066],[2.543557,48.98065],[2.543546,48.980645],[2.543524,48.980635],[2.543501,48.980625],[2.543478,48.980615],[2.543456,48.980605],[2.543422,48.98059],[2.543399,48.98058],[2.543354,48.980559],[2.543331,48.980549],[2.54332,48.980544],[2.543297,48.980534],[2.543286,48.980529],[2.543263,48.980519],[2.543241,48.980509],[2.54323,48.980504],[2.543207,48.980494],[2.543184,48.980484],[2.543162,48.980474],[2.543139,48.980463],[2.543105,48.980448],[2.543083,48.980438],[2.543037,48.980418],[2.543015,48.980408],[2.543003,48.980403],[2.542981,48.980393],[2.542958,48.980383],[2.542947,48.980378],[2.542924,48.980368],[2.542913,48.980362],[2.54289,48.980352],[2.542868,48.980342],[2.542845,48.980332],[2.542823,48.980322],[2.542789,48.980307],[2.542766,48.980297],[2.542721,48.980277],[2.542698,48.980267],[2.542687,48.980262],[2.542664,48.980251],[2.542642,48.980241],[2.54263,48.980236],[2.542608,48.980226],[2.542596,48.980221],[2.542574,48.980211],[2.542551,48.980201],[2.542529,48.980191],[2.542506,48.980181],[2.542483,48.980171],[2.542472,48.980166],[2.542449,48.980156],[2.542404,48.980135],[2.542382,48.980125],[2.54237,48.98012],[2.542348,48.98011],[2.542325,48.9801],[2.542291,48.980085],[2.54228,48.98008],[2.542257,48.98007],[2.542246,48.980065],[2.542223,48.980055],[2.542201,48.980044],[2.542189,48.980039],[2.542167,48.980029],[2.542155,48.980024],[2.542133,48.980014],[2.542088,48.979994],[2.542065,48.979984],[2.542054,48.979979],[2.542031,48.979969],[2.542008,48.979959],[2.541975,48.979944],[2.541963,48.979938],[2.541941,48.979928],[2.541929,48.979923],[2.541907,48.979913],[2.541884,48.979903],[2.541873,48.979898],[2.54185,48.979888],[2.541839,48.979883],[2.541816,48.979873],[2.541794,48.979863],[2.541782,48.979858],[2.54176,48.979848],[2.541737,48.979838],[2.541715,48.979827],[2.541692,48.979817],[2.541658,48.979802],[2.541647,48.979797],[2.541624,48.979787],[2.541613,48.979782],[2.54159,48.979772],[2.541568,48.979762],[2.541556,48.979757],[2.541534,48.979747],[2.541522,48.979742],[2.5415,48.979732],[2.541477,48.979721],[2.541466,48.979716],[2.541443,48.979706],[2.541421,48.979696],[2.541398,48.979686],[2.541375,48.979676],[2.541341,48.979661],[2.54133,48.979656],[2.541308,48.979646],[2.541296,48.979641],[2.541274,48.979631],[2.541251,48.979621],[2.54124,48.979615],[2.541217,48.979605],[2.541206,48.9796],[2.541183,48.97959],[2.541161,48.97958],[2.541149,48.979575],[2.541127,48.979565],[2.541115,48.97956],[2.541081,48.979545],[2.541059,48.979535],[2.541036,48.979525],[2.541025,48.97952],[2.541002,48.979509],[2.540957,48.979489],[2.540934,48.979479],[2.540923,48.979474],[2.540901,48.979464],[2.540889,48.979459],[2.540867,48.979449],[2.540844,48.979439],[2.540833,48.979434],[2.54081,48.979424],[2.540799,48.979419],[2.540765,48.979403],[2.540742,48.979393],[2.54072,48.979383],[2.540708,48.979378],[2.540686,48.979368],[2.54064,48.979348],[2.540618,48.979338],[2.540607,48.979333],[2.540584,48.979323],[2.540561,48.979313],[2.540527,48.979297],[2.540516,48.979292],[2.540494,48.979282],[2.540482,48.979277],[2.540448,48.979262],[2.540426,48.979252],[2.540403,48.979242],[2.540392,48.979237],[2.540369,48.979227],[2.540324,48.979207],[2.540301,48.979197],[2.54029,48.979191],[2.540267,48.979181],[2.540245,48.979171],[2.540211,48.979156],[2.5402,48.979151],[2.540177,48.979141],[2.540166,48.979136],[2.540132,48.979121],[2.540109,48.979111],[2.540086,48.979101],[2.540075,48.979096],[2.540053,48.979085],[2.54005,48.979084],[2.540041,48.97908],[2.540019,48.97907],[2.540014,48.979068],[2.540007,48.979065],[2.539985,48.979055],[2.539977,48.979052],[2.539973,48.97905],[2.539962,48.979045],[2.53994,48.979035],[2.539939,48.979035],[2.539916,48.979025],[2.539903,48.979019],[2.53987,48.979004],[2.539866,48.979002],[2.539858,48.978999],[2.539847,48.978994],[2.539829,48.978986],[2.539823,48.978983],[2.5398,48.978973],[2.539791,48.978969],[2.539788,48.978968],[2.539765,48.978958],[2.539754,48.978952],[2.539753,48.978952],[2.539741,48.978947],[2.539719,48.978937],[2.539716,48.978936],[2.539715,48.978935],[2.539706,48.978931],[2.539678,48.978919],[2.539676,48.978918],[2.539659,48.978911],[2.53964,48.978902],[2.539638,48.978901],[2.539635,48.9789],[2.539623,48.978895],[2.539601,48.978885],[2.5396,48.978885],[2.539599,48.978884],[2.539576,48.978874],[2.539563,48.978869],[2.539561,48.978868],[2.539551,48.978863],[2.539528,48.978853],[2.539524,48.978852],[2.539522,48.978851],[2.539515,48.978848],[2.539485,48.978835],[2.539483,48.978834],[2.539478,48.978832],[2.539455,48.978822],[2.539446,48.978818],[2.539443,48.978817],[2.539441,48.978816],[2.53943,48.978811],[2.539407,48.978801],[2.539406,48.978801],[2.539404,48.9788],[2.539393,48.978795],[2.539381,48.97879],[2.539367,48.978784],[2.539364,48.978783],[2.539344,48.978774],[2.539327,48.978767],[2.539324,48.978766],[2.539307,48.978758],[2.539287,48.97875],[2.539284,48.978749],[2.539281,48.978747],[2.539258,48.978738],[2.539247,48.978733],[2.539243,48.978732],[2.539243,48.978732],[2.539231,48.978727],[2.539208,48.978717],[2.539206,48.978716],[2.539203,48.978715],[2.53917,48.978701],[2.539165,48.978699],[2.539162,48.978698],[2.539143,48.97869],[2.539124,48.978682],[2.539121,48.978681],[2.539093,48.97867],[2.539083,48.978665],[2.539079,48.978664],[2.539066,48.978658],[2.539054,48.978654],[2.539042,48.978649],[2.539038,48.978647],[2.539027,48.978643],[2.539015,48.978638],[2.539,48.978632],[2.538996,48.97863],[2.538964,48.978617],[2.538958,48.978615],[2.538954,48.978613],[2.538925,48.978602],[2.538916,48.978598],[2.538911,48.978596],[2.538909,48.978595],[2.538885,48.978586],[2.538874,48.978581],[2.538869,48.97858],[2.538869,48.978579],[2.538857,48.978575],[2.538833,48.978566],[2.538831,48.978565],[2.538808,48.978556],[2.538798,48.978552],[2.538774,48.978543],[2.538763,48.978539],[2.538739,48.97853],[2.538715,48.978521],[2.538703,48.978517],[2.538679,48.978508],[2.538656,48.978499],[2.538632,48.97849],[2.53862,48.978486],[2.538596,48.978477],[2.538584,48.978472],[2.538561,48.978463],[2.538537,48.978455],[2.538525,48.97845],[2.538513,48.978446],[2.538489,48.978437],[2.538447,48.978422],[2.538423,48.978413],[2.538411,48.978409],[2.538387,48.978401],[2.538363,48.978392],[2.538338,48.978384],[2.538314,48.978376],[2.53829,48.978367],[2.538266,48.978359],[2.53823,48.978346],[2.538205,48.978338],[2.538193,48.978334],[2.538169,48.978326],[2.538145,48.978317],[2.538123,48.97831],[2.53808,48.978295],[2.538065,48.978291],[2.538053,48.978287],[2.538028,48.978279],[2.538004,48.978271],[2.537979,48.978263],[2.537967,48.978259],[2.537942,48.978252],[2.537893,48.978236],[2.537881,48.978232],[2.537832,48.978216],[2.537807,48.978209],[2.537782,48.978201],[2.53777,48.978197],[2.53775,48.978191],[2.537707,48.978177],[2.537689,48.978172],[2.537664,48.978165],[2.537639,48.978158],[2.537614,48.97815],[2.537564,48.978136],[2.537539,48.978129],[2.537527,48.978125],[2.537502,48.978118],[2.537477,48.97811],[2.537452,48.978103],[2.537427,48.978096],[2.537402,48.978089],[2.537377,48.978081],[2.537372,48.97808],[2.537328,48.978068],[2.537244,48.978045],[2.537105,48.978009],[2.536991,48.977978],[2.536988,48.977978],[2.536943,48.977966],[2.53692,48.977961],[2.536907,48.977958],[2.536882,48.977952],[2.536856,48.977945],[2.53683,48.977939],[2.536805,48.977933],[2.536779,48.977927],[2.536766,48.977924],[2.53674,48.977918],[2.536715,48.977912],[2.536702,48.977908],[2.536676,48.977902],[2.536651,48.977896],[2.536638,48.977893],[2.536599,48.977884],[2.536554,48.977873],[2.536541,48.977871],[2.536515,48.977865],[2.536502,48.977862],[2.536476,48.977857],[2.536463,48.977854],[2.536437,48.977848],[2.536424,48.977846],[2.536398,48.97784],[2.536385,48.977837],[2.536359,48.977832],[2.536346,48.977829],[2.53632,48.977823],[2.536294,48.977818],[2.536281,48.977815],[2.536255,48.977809],[2.536242,48.977806],[2.536216,48.977801],[2.536206,48.977799],[2.53618,48.977793],[2.536178,48.977793],[2.536138,48.977785],[2.536138,48.977785],[2.536132,48.977784],[2.53612,48.977781],[2.536107,48.977779],[2.53609,48.977775],[2.536085,48.977774],[2.536076,48.977772],[2.536049,48.977767],[2.536043,48.977766],[2.536038,48.977765],[2.536031,48.977764],[2.536005,48.977759],[2.535996,48.977757],[2.535991,48.977756],[2.535987,48.977755],[2.535974,48.977753],[2.535948,48.977748],[2.535944,48.977747],[2.535943,48.977747],[2.535901,48.977739],[2.535897,48.977738],[2.535886,48.977736],[2.535873,48.977734],[2.535855,48.97773],[2.53585,48.977729],[2.535842,48.977728],[2.535816,48.977723],[2.535808,48.977722],[2.535804,48.977721],[2.535799,48.97772],[2.535786,48.977718],[2.535761,48.977713],[2.535757,48.977712],[2.535742,48.97771],[2.535716,48.977705],[2.535715,48.977705],[2.535711,48.977704],[2.535686,48.9777],[2.535672,48.977697],[2.535668,48.977697],[2.535665,48.977696],[2.535629,48.97769],[2.535622,48.977688],[2.535619,48.977688],[2.535613,48.977687],[2.535599,48.977684],[2.535576,48.97768],[2.535573,48.97768],[2.53557,48.977679],[2.53553,48.977672],[2.535527,48.977672],[2.535527,48.977672],[2.535514,48.97767],[2.535487,48.977665],[2.535485,48.977665],[2.535482,48.977664],[2.535471,48.977662],[2.535458,48.97766],[2.535439,48.977657],[2.535436,48.977656],[2.535416,48.977653],[2.535394,48.977649],[2.535391,48.977649],[2.535387,48.977648],[2.535348,48.977642],[2.535346,48.977641],[2.535331,48.977639],[2.535305,48.977635],[2.535303,48.977634],[2.535301,48.977634],[2.535276,48.97763],[2.535258,48.977627],[2.535256,48.977627],[2.535234,48.977623],[2.535214,48.97762],[2.535212,48.977619],[2.535206,48.977618],[2.535193,48.977616],[2.535169,48.977612],[2.535167,48.977612],[2.535165,48.977612],[2.535138,48.977607],[2.535125,48.977605],[2.535125,48.977605],[2.535123,48.977605],[2.53511,48.977603],[2.535084,48.977598],[2.53508,48.977598],[2.535069,48.977596],[2.535042,48.977592],[2.535036,48.977591],[2.535028,48.97759],[2.535015,48.977587],[2.534992,48.977584],[2.534987,48.977583],[2.534949,48.977577],[2.534934,48.977574],[2.534907,48.97757],[2.534905,48.97757],[2.534893,48.977568],[2.53488,48.977566],[2.534862,48.977563],[2.534853,48.977562],[2.534826,48.977557],[2.534818,48.977556],[2.534775,48.977549],[2.53476,48.977547],[2.534414,48.977492],[2.534375,48.977486],[2.533764,48.977389],[2.533724,48.977382],[2.533086,48.977281],[2.533073,48.977279],[2.533047,48.977275],[2.532436,48.977178],[2.532396,48.977172],[2.531758,48.977071],[2.531719,48.977064],[2.531108,48.976967],[2.531094,48.976965],[2.531068,48.976961],[2.530431,48.97686],[2.530391,48.976853],[2.529753,48.976752],[2.529713,48.976746],[2.529103,48.976649],[2.529089,48.976647],[2.529063,48.976643],[2.528425,48.976541],[2.528385,48.976535],[2.527775,48.976438],[2.527735,48.976432],[2.527097,48.976331],[2.527084,48.976329],[2.527057,48.976324],[2.526606,48.976253],[2.526599,48.976251],[2.526593,48.97625],[2.526579,48.976248],[2.526566,48.976246],[2.526556,48.976245],[2.526553,48.976244],[2.526526,48.97624],[2.526513,48.976238],[2.526499,48.976236],[2.526473,48.976231],[2.52647,48.976231],[2.526446,48.976227],[2.526432,48.976225],[2.526426,48.976224],[2.526418,48.976223],[2.526405,48.976221],[2.526383,48.976217],[2.526351,48.976212],[2.526339,48.97621],[2.526337,48.97621],[2.52631,48.976206],[2.526295,48.976203],[2.526269,48.976199],[2.526251,48.976197],[2.526249,48.976196],[2.526227,48.976193],[2.526206,48.97619],[2.526205,48.976189],[2.526199,48.976189],[2.526186,48.976186],[2.526162,48.976183],[2.52616,48.976182],[2.526144,48.97618],[2.526118,48.976176],[2.526117,48.976176],[2.526115,48.976176],[2.526102,48.976174],[2.526089,48.976172],[2.526072,48.976169],[2.52607,48.976169],[2.52606,48.976167],[2.526034,48.976163],[2.526027,48.976162],[2.526025,48.976162],[2.526018,48.976161],[2.525991,48.976157],[2.525982,48.976155],[2.525979,48.976155],[2.525962,48.976152],[2.525936,48.976149],[2.525933,48.976148],[2.525933,48.976148],[2.525919,48.976146],[2.525893,48.976142],[2.52589,48.976142],[2.525888,48.976141],[2.525876,48.97614],[2.52585,48.976136],[2.525845,48.976135],[2.525841,48.976135],[2.525833,48.976133],[2.52582,48.976131],[2.525798,48.976128],[2.525795,48.976128],[2.525777,48.976125],[2.525752,48.976122],[2.525749,48.976121],[2.525747,48.976121],[2.52572,48.976117],[2.525707,48.976115],[2.525706,48.976115],[2.525702,48.976115],[2.525676,48.976111],[2.525659,48.976109],[2.525655,48.976108],[2.525646,48.976107],[2.525619,48.976103],[2.525612,48.976102],[2.525608,48.976102],[2.525588,48.976099],[2.525565,48.976096],[2.52556,48.976095],[2.525557,48.976095],[2.525544,48.976093],[2.52553,48.976091],[2.525517,48.976089],[2.525513,48.976089],[2.525513,48.976089],[2.525472,48.976083],[2.52547,48.976083],[2.525465,48.976082],[2.525441,48.976079],[2.525422,48.976077],[2.525417,48.976076],[2.525396,48.976074],[2.525374,48.976071],[2.525369,48.97607],[2.525364,48.97607],[2.525351,48.976068],[2.525326,48.976065],[2.52532,48.976064],[2.525319,48.976064],[2.525305,48.976062],[2.525292,48.976061],[2.525277,48.976059],[2.525272,48.976058],[2.52526,48.976057],[2.525246,48.976055],[2.525228,48.976053],[2.525223,48.976052],[2.525214,48.976051],[2.525201,48.97605],[2.52518,48.976047],[2.525154,48.976044],[2.525148,48.976044],[2.525107,48.976039],[2.52508,48.976037],[2.525026,48.976031],[2.524999,48.976028],[2.524972,48.976025],[2.524891,48.976017],[2.524864,48.976014],[2.524824,48.97601],[2.524801,48.976007],[2.524754,48.976003],[2.524737,48.976002],[2.524656,48.975995],[2.524642,48.975994],[2.524615,48.975991],[2.524561,48.975987],[2.524547,48.975986],[2.524466,48.975979],[2.524452,48.975978],[2.524425,48.975976],[2.5244,48.975974],[2.524354,48.97597],[2.524324,48.975968],[2.524284,48.975966],[2.52427,48.975965],[2.524243,48.975964],[2.524229,48.975963],[2.524188,48.97596],[2.524134,48.975957],[2.52412,48.975956],[2.524093,48.975954],[2.524039,48.975951],[2.523998,48.975949],[2.523951,48.975946],[2.523937,48.975946],[2.523815,48.975941],[2.523774,48.975939],[2.523747,48.975938],[2.523624,48.975933],[2.523597,48.975932],[2.523595,48.975932],[2.523548,48.975931],[2.523522,48.97593],[2.523495,48.97593],[2.523454,48.975929],[2.523427,48.975929],[2.523413,48.975928],[2.5234,48.975928],[2.523359,48.975927],[2.523277,48.975926],[2.523236,48.975925],[2.523222,48.975925],[2.523208,48.975925],[2.523191,48.975924],[2.523144,48.975924],[2.523121,48.975924],[2.523093,48.975924],[2.523039,48.975924],[2.523025,48.975925],[2.522998,48.975925],[2.52297,48.975925],[2.522888,48.975925],[2.522875,48.975925],[2.522793,48.975925],[2.522787,48.975925],[2.522761,48.975926],[2.522753,48.975926],[2.522725,48.975926],[2.522717,48.975926],[2.522711,48.975926],[2.522706,48.975927],[2.522679,48.975927],[2.522667,48.975927],[2.522661,48.975927],[2.52266,48.975927],[2.522646,48.975928],[2.522619,48.975928],[2.522617,48.975928],[2.522612,48.975928],[2.5226,48.975929],[2.522573,48.975929],[2.522568,48.975929],[2.522563,48.97593],[2.522554,48.97593],[2.522519,48.975931],[2.522514,48.975931],[2.522508,48.975931],[2.522481,48.975932],[2.522203,48.975958],[2.521937,48.976019],[2.521695,48.976113],[2.521485,48.976236],[2.521316,48.976384],[2.521194,48.976551],[2.521165,48.976626],[2.521165,48.976626],[2.521152,48.976626],[2.521139,48.976627],[2.521111,48.976629],[2.521098,48.976629],[2.521084,48.97663],[2.521071,48.976631],[2.521057,48.976632],[2.52103,48.976633],[2.521016,48.976634],[2.520989,48.976635],[2.520975,48.976636],[2.520962,48.976637],[2.520948,48.976638],[2.520934,48.976638],[2.520907,48.97664],[2.520894,48.976641],[2.520866,48.976642],[2.520853,48.976643],[2.520839,48.976644],[2.520826,48.976645],[2.520812,48.976645],[2.520785,48.976647],[2.520771,48.976648],[2.520744,48.976649],[2.52073,48.97665],[2.520717,48.976651],[2.520703,48.976651],[2.520689,48.976652],[2.520662,48.976654],[2.520649,48.976654],[2.520621,48.976656],[2.520608,48.976657],[2.520594,48.976657],[2.520581,48.976658],[2.520567,48.976659],[2.52054,48.97666],[2.520526,48.976661],[2.520499,48.976663],[2.520485,48.976663],[2.520472,48.976664],[2.520458,48.976665],[2.520444,48.976666],[2.520417,48.976667],[2.520404,48.976668],[2.520376,48.97667],[2.520363,48.97667],[2.520349,48.976671],[2.520336,48.976672],[2.520308,48.976673],[2.520295,48.976674],[2.520281,48.976675],[2.520268,48.976676],[2.520252,48.976676],[2.52024,48.976677],[2.520227,48.976678],[2.52022,48.976678],[2.520214,48.976679],[2.5202,48.976679],[2.520187,48.97668],[2.520173,48.976681],[2.52016,48.976682],[2.520155,48.976682],[2.520147,48.976682],[2.520133,48.976683],[2.52012,48.976684],[2.520093,48.976685],[2.520091,48.976685],[2.52008,48.976686],[2.520067,48.976686],[2.520059,48.976687],[2.520054,48.976687],[2.520027,48.976688],[2.520027,48.976688],[2.520015,48.976689],[2.520001,48.97669],[2.519995,48.97669],[2.519989,48.97669],[2.519975,48.976691],[2.519963,48.976691],[2.51995,48.976692],[2.519933,48.976693],[2.519924,48.976693],[2.519911,48.976693],[2.519898,48.976694],[2.519885,48.976694],[2.519871,48.976695],[2.51986,48.976695],[2.519847,48.976696],[2.51984,48.976696],[2.519835,48.976696],[2.519822,48.976697],[2.519809,48.976697],[2.519783,48.976698],[2.519779,48.976698],[2.519772,48.976698],[2.519759,48.976698],[2.519747,48.976699],[2.519734,48.976699],[2.51972,48.976699],[2.519718,48.976699],[2.51971,48.976699],[2.519697,48.9767],[2.519685,48.9767],[2.519672,48.9767],[2.519659,48.9767],[2.519648,48.9767],[2.519634,48.9767],[2.519629,48.9767],[2.519624,48.9767],[2.519611,48.9767],[2.519599,48.9767],[2.519587,48.9767],[2.519573,48.9767],[2.51957,48.9767],[2.519563,48.9767],[2.51955,48.9767],[2.519538,48.9767],[2.519526,48.9767],[2.519512,48.9767],[2.519503,48.9767],[2.519489,48.976699],[2.519483,48.976699],[2.51948,48.976699],[2.519466,48.976699],[2.519455,48.976699],[2.519444,48.976698],[2.51943,48.976698],[2.519426,48.976698],[2.519421,48.976697],[2.519408,48.976697],[2.519396,48.976697],[2.519385,48.976696],[2.51937,48.976695],[2.519363,48.976695],[2.519351,48.976694],[2.519342,48.976694],[2.519332,48.976693],[2.519305,48.976691],[2.519292,48.976691],[2.519278,48.97669],[2.519264,48.976689],[2.519254,48.976688],[2.51924,48.976687],[2.519226,48.976686],[2.519213,48.976684],[2.519199,48.976683],[2.519186,48.976682],[2.519172,48.976681],[2.519166,48.97668],[2.519161,48.97668],[2.519148,48.976678],[2.519135,48.976677],[2.519121,48.976675],[2.519108,48.976674],[2.519094,48.976672],[2.519082,48.976671],[2.519077,48.97667],[2.519057,48.976668],[2.519043,48.976666],[2.51903,48.976664],[2.519016,48.976662],[2.519003,48.97666],[2.518991,48.976659],[2.518979,48.976657],[2.518966,48.976655],[2.518952,48.976653],[2.518939,48.976651],[2.518926,48.976648],[2.518913,48.976646],[2.518905,48.976645],[2.518902,48.976645],[2.518876,48.97664],[2.518862,48.976637],[2.518824,48.97663],[2.518819,48.976629],[2.518812,48.976628],[2.518799,48.976625],[2.518786,48.976623],[2.518773,48.97662],[2.51876,48.976617],[2.518747,48.976615],[2.518735,48.976612],[2.518724,48.97661],[2.518698,48.976604],[2.518685,48.976601],[2.518659,48.976595],[2.518651,48.976593],[2.518649,48.976592],[2.518624,48.976586],[2.518611,48.976582],[2.518586,48.976576],[2.518573,48.976573],[2.518568,48.976571],[2.518538,48.976563],[2.518525,48.976559],[2.518513,48.976555],[2.5185,48.976552],[2.51849,48.976549],[2.518485,48.976548],[2.518465,48.976541],[2.518453,48.976538],[2.518428,48.97653],[2.518416,48.976526],[2.518406,48.976523],[2.518406,48.976523],[2.518394,48.976519],[2.518382,48.976515],[2.518333,48.976498],[2.518328,48.976496],[2.518323,48.976495],[2.518299,48.976486],[2.518288,48.976482],[2.518276,48.976477],[2.518264,48.976473],[2.518254,48.976469],[2.518249,48.976467],[2.518242,48.976465],[2.518231,48.97646],[2.518219,48.976456],[2.518207,48.976451],[2.518196,48.976446],[2.518184,48.976442],[2.518174,48.976438],[2.51814,48.976423],[2.518129,48.976418],[2.5181,48.976406],[2.518097,48.976404],[2.518086,48.976399],[2.518074,48.976394],[2.518031,48.976374],[2.518026,48.976372],[2.518026,48.976372],[2.518021,48.976369],[2.51801,48.976364],[2.517999,48.976358],[2.517977,48.976347],[2.517966,48.976342],[2.517956,48.976337],[2.517947,48.976332],[2.517936,48.976326],[2.517926,48.976321],[2.517915,48.976315],[2.517905,48.976309],[2.517894,48.976304],[2.517887,48.9763],[2.517885,48.976299],[2.517875,48.976293],[2.517865,48.976287],[2.517844,48.976275],[2.517834,48.97627],[2.517824,48.976264],[2.51782,48.976262],[2.517805,48.976253],[2.517795,48.976247],[2.517785,48.97624],[2.517765,48.976228],[2.517755,48.976222],[2.517755,48.976222],[2.517748,48.976217],[2.517738,48.976211],[2.517728,48.976204],[2.517719,48.976198],[2.517709,48.976192],[2.517699,48.976185],[2.517692,48.976181],[2.517692,48.97618],[2.517682,48.976174],[2.517673,48.976167],[2.517664,48.97616],[2.517654,48.976154],[2.517645,48.976147],[2.517635,48.976141],[2.517632,48.976138],[2.517628,48.976135],[2.51761,48.976122],[2.517601,48.976115],[2.517583,48.976102],[2.517576,48.976096],[2.517572,48.976093],[2.517567,48.976089],[2.517559,48.976082],[2.51755,48.976075],[2.517541,48.976068],[2.517533,48.976061],[2.517524,48.976054],[2.517517,48.976049],[2.517517,48.976049],[2.517509,48.976042],[2.5175,48.976035],[2.517484,48.97602],[2.517476,48.976013],[2.517463,48.976002],[2.517461,48.976],[2.517445,48.975985],[2.517437,48.975978],[2.517421,48.975963],[2.517414,48.975957],[2.517409,48.975952],[2.517404,48.975947],[2.517396,48.975939],[2.517392,48.975935],[2.517384,48.975927],[2.517381,48.975924],[2.517379,48.975922],[2.517372,48.975915],[2.517365,48.975908],[2.51736,48.975902],[2.517352,48.975895],[2.51735,48.975892],[2.517348,48.97589],[2.51734,48.975882],[2.517334,48.975876],[2.517328,48.975869],[2.51732,48.97586],[2.517316,48.975856],[2.51731,48.975849],[2.517304,48.975842],[2.517298,48.975835],[2.517291,48.975827],[2.517286,48.975822],[2.517279,48.975814],[2.517276,48.97581],[2.517274,48.975808],[2.517267,48.9758],[2.517261,48.975793],[2.517256,48.975787],[2.517249,48.975779],[2.517247,48.975776],[2.517244,48.975773],[2.517238,48.975765],[2.517232,48.975758],[2.517226,48.975751],[2.51722,48.975743],[2.517219,48.975742],[2.517215,48.975737],[2.517209,48.975729],[2.517203,48.975722],[2.517197,48.975714],[2.517191,48.975707],[2.517186,48.9757],[2.517179,48.975692],[2.517177,48.975689],[2.517174,48.975685],[2.517168,48.975677],[2.517163,48.97567],[2.517157,48.975663],[2.517149,48.975653],[2.517146,48.975648],[2.51714,48.97564],[2.517134,48.975632],[2.517128,48.975625],[2.517122,48.975616],[2.517117,48.97561],[2.517111,48.975602],[2.517108,48.975597],[2.517106,48.975595],[2.5171,48.975586],[2.517094,48.975579],[2.517089,48.975571],[2.517083,48.975563],[2.517081,48.97556],[2.517078,48.975556],[2.517072,48.975548],[2.517066,48.97554],[2.517055,48.975524],[2.517054,48.975522],[2.51705,48.975516],[2.517044,48.975508],[2.517038,48.9755],[2.517033,48.975492],[2.517027,48.975484],[2.517026,48.975484],[2.517021,48.975476],[2.517016,48.975468],[2.517013,48.975464],[2.51701,48.97546],[2.517004,48.975452],[2.516999,48.975444],[2.516993,48.975436],[2.516987,48.975428],[2.516985,48.975425],[2.516982,48.97542],[2.516976,48.975412],[2.51697,48.975404],[2.516964,48.975395],[2.516953,48.975379],[2.516947,48.975371],[2.516936,48.975355],[2.51693,48.975346],[2.516919,48.97533],[2.516913,48.975322],[2.516907,48.975314],[2.516901,48.975306],[2.516896,48.975297],[2.51689,48.975289],[2.516884,48.975281],[2.516873,48.975265],[2.516867,48.975257],[2.516856,48.97524],[2.51685,48.975232],[2.516838,48.975216],[2.516833,48.975208],[2.516827,48.9752],[2.516821,48.975191],[2.516816,48.975183],[2.51681,48.975175],[2.516804,48.975167],[2.516798,48.975159],[2.516793,48.975151],[2.516787,48.975142],[2.516781,48.975134],[2.516775,48.975126],[2.51677,48.975118],[2.516764,48.97511],[2.516758,48.975102],[2.516753,48.975093],[2.516747,48.975085],[2.516735,48.975069],[2.51673,48.975061],[2.516718,48.975044],[2.516713,48.975036],[2.516701,48.97502],[2.516695,48.975012],[2.51669,48.975004],[2.516684,48.974995],[2.516678,48.974987],[2.516672,48.974979],[2.516667,48.974971],[2.516661,48.974963],[2.516655,48.974955],[2.51665,48.974946],[2.516644,48.974938],[2.516638,48.97493],[2.516632,48.974922],[2.516627,48.974914],[2.516621,48.974906],[2.516615,48.974897],[2.516609,48.974889],[2.516598,48.974873],[2.516592,48.974865],[2.516581,48.974848],[2.516575,48.97484],[2.516564,48.974824],[2.516558,48.974816],[2.516552,48.974808],[2.516546,48.974799],[2.516541,48.974791],[2.516535,48.974783],[2.516529,48.974775],[2.516524,48.974767],[2.516518,48.974759],[2.516512,48.97475],[2.516506,48.974742],[2.516501,48.974734],[2.516495,48.974726],[2.516489,48.974718],[2.516483,48.97471],[2.516478,48.974701],[2.516472,48.974693],[2.516461,48.974677],[2.516455,48.974669],[2.516443,48.974653],[2.516438,48.974644],[2.516426,48.974628],[2.51642,48.97462],[2.516415,48.974612],[2.516409,48.974604],[2.516403,48.974595],[2.516398,48.974587],[2.516392,48.974579],[2.516386,48.974571],[2.51638,48.974563],[2.516375,48.974555],[2.516369,48.974546],[2.516363,48.974538],[2.516358,48.97453],[2.516352,48.974522],[2.51634,48.974506],[2.516335,48.974497],[2.516323,48.974481],[2.516317,48.974473],[2.516306,48.974457],[2.5163,48.974448],[2.516289,48.974432],[2.516283,48.974424],[2.516277,48.974416],[2.516272,48.974408],[2.516266,48.974399],[2.51626,48.974391],[2.516254,48.974383],[2.516249,48.974375],[2.516243,48.974367],[2.516237,48.974359],[2.516232,48.97435],[2.516226,48.974342],[2.51622,48.974334],[2.516214,48.974326],[2.516203,48.97431],[2.516196,48.9743],[2.516191,48.974293],[2.516186,48.974285],[2.51618,48.974277],[2.516169,48.974261],[2.516163,48.974252],[2.516157,48.974244],[2.516151,48.974236],[2.516146,48.974228],[2.51614,48.97422],[2.516128,48.974203],[2.516123,48.974195],[2.516117,48.974187],[2.516111,48.974179],[2.516106,48.974171],[2.5161,48.974163],[2.516088,48.974146],[2.516083,48.974138],[2.516077,48.97413],[2.516071,48.974122],[2.51606,48.974106],[2.516054,48.974097],[2.516048,48.974089],[2.516043,48.974081],[2.516037,48.974073],[2.516031,48.974065],[2.51602,48.974048],[2.516014,48.97404],[2.516008,48.974032],[2.516003,48.974024],[2.515997,48.974016],[2.515991,48.974008],[2.51598,48.973991],[2.515974,48.973983],[2.515968,48.973975],[2.515962,48.973967],[2.515951,48.97395],[2.515945,48.973942],[2.51594,48.973934],[2.515934,48.973926],[2.515928,48.973918],[2.515922,48.97391],[2.515911,48.973893],[2.515905,48.973885],[2.515899,48.973877],[2.515894,48.973869],[2.515887,48.973859],[2.515882,48.973852],[2.515865,48.973828],[2.515859,48.97382],[2.515842,48.973795],[2.515836,48.973787],[2.515825,48.973771],[2.515819,48.973763],[2.515814,48.973754],[2.515802,48.973738],[2.515796,48.97373],[2.515791,48.973722],[2.515783,48.973711],[2.515779,48.973706],[2.515779,48.973705],[2.515776,48.973701],[2.515773,48.973697],[2.515772,48.973695],[2.515768,48.97369],[2.515768,48.973689],[2.515765,48.973685],[2.515762,48.973681],[2.515761,48.973679],[2.515757,48.973674],[2.515756,48.973673],[2.515753,48.973669],[2.51575,48.973663],[2.515746,48.973658],[2.515744,48.973656],[2.515742,48.973653],[2.515738,48.973647],[2.515734,48.973642],[2.515733,48.973639],[2.515731,48.973636],[2.515727,48.973631],[2.515727,48.973631],[2.515723,48.973626],[2.515721,48.973622],[2.515719,48.97362],[2.515715,48.973615],[2.515715,48.973614],[2.515711,48.973609],[2.515707,48.973604],[2.515703,48.973598],[2.515702,48.973597],[2.515699,48.973593],[2.515696,48.973587],[2.515692,48.973582],[2.51569,48.97358],[2.515688,48.973576],[2.515684,48.973571],[2.515684,48.973571],[2.515683,48.97357],[2.51568,48.973565],[2.515679,48.973565],[2.515678,48.973563],[2.515676,48.97356],[2.515675,48.973559],[2.515671,48.973554],[2.515671,48.973554],[2.515667,48.973549],[2.515667,48.973548],[2.515663,48.973543],[2.51566,48.973539],[2.515656,48.973534],[2.51565,48.973526],[2.515638,48.97351],[2.515632,48.973501],[2.515626,48.973493],[2.51562,48.973485],[2.515607,48.973469],[2.515601,48.973461],[2.515595,48.973453],[2.515589,48.973445],[2.515577,48.973429],[2.515575,48.973426],[2.515569,48.973419],[2.515565,48.973414],[2.515552,48.973398],[2.515545,48.97339],[2.515532,48.973374],[2.515526,48.973366],[2.515519,48.973358],[2.515507,48.973342],[2.5155,48.973334],[2.515481,48.973311],[2.515478,48.973308],[2.515475,48.973304],[2.515471,48.973299],[2.515471,48.973299],[2.515471,48.973298],[2.515466,48.973293],[2.515466,48.973293],[2.515462,48.973288],[2.515462,48.973288],[2.515457,48.973283],[2.515457,48.973282],[2.515457,48.973282],[2.515453,48.973277],[2.515452,48.973277],[2.515448,48.973272],[2.515444,48.973267],[2.515443,48.973266],[2.515439,48.973261],[2.515436,48.973257],[2.515435,48.973256],[2.51543,48.973251],[2.515429,48.973249],[2.515425,48.973245],[2.515422,48.973241],[2.515421,48.97324],[2.515416,48.973235],[2.515415,48.973233],[2.515412,48.97323],[2.515408,48.973225],[2.515407,48.973224],[2.515403,48.973219],[2.515401,48.973217],[2.515398,48.973214],[2.515394,48.973209],[2.515394,48.973209],[2.515389,48.973204],[2.515385,48.973198],[2.51538,48.973193],[2.51538,48.973193],[2.515376,48.973188],[2.515371,48.973183],[2.515367,48.973178],[2.515366,48.973177],[2.515362,48.973173],[2.515359,48.973169],[2.515358,48.973168],[2.515354,48.973163],[2.515352,48.973161],[2.515349,48.973158],[2.515345,48.973153],[2.51534,48.973148],[2.515338,48.973145],[2.515336,48.973142],[2.515332,48.973138],[2.515325,48.97313],[2.515318,48.973122],[2.515311,48.973114],[2.515304,48.973107],[2.515297,48.973099],[2.515291,48.973091],[2.515284,48.973083],[2.515277,48.973075],[2.51527,48.973068],[2.515263,48.97306],[2.515257,48.973052],[2.51525,48.973044],[2.515243,48.973036],[2.515236,48.973029],[2.515229,48.973021],[2.515222,48.973013],[2.515216,48.973005],[2.515209,48.972997],[2.515202,48.97299],[2.515195,48.972982],[2.515192,48.972978],[2.515188,48.972974],[2.515187,48.972973],[2.515182,48.972966],[2.515179,48.972963],[2.515175,48.972959],[2.515174,48.972958],[2.515168,48.972951],[2.515165,48.972948],[2.515161,48.972943],[2.515157,48.972938],[2.515153,48.972933],[2.515148,48.972928],[2.515144,48.972923],[2.51514,48.972918],[2.515135,48.972913],[2.515131,48.972909],[2.515128,48.972905],[2.515127,48.972904],[2.515122,48.972898],[2.515119,48.972894],[2.515115,48.97289],[2.515114,48.972889],[2.515109,48.972883],[2.515106,48.97288],[2.515102,48.972875],[2.515102,48.972875],[2.515094,48.972865],[2.51509,48.97286],[2.515086,48.972856],[2.515083,48.972853],[2.515082,48.972851],[2.515077,48.972845],[2.515073,48.972841],[2.51507,48.972837],[2.515067,48.972833],[2.515055,48.972819],[2.515049,48.972811],[2.515042,48.972803],[2.515036,48.972795],[2.515023,48.972779],[2.515017,48.972771],[2.514991,48.97274],[2.514985,48.972732],[2.514973,48.972717],[2.51497,48.972713],[2.514966,48.972708],[2.51496,48.9727],[2.514954,48.972692],[2.514948,48.972684],[2.514936,48.972668],[2.514929,48.97266],[2.514923,48.972652],[2.514917,48.972644],[2.514911,48.972636],[2.514905,48.972627],[2.514899,48.972619],[2.514893,48.972611],[2.514887,48.972603],[2.514881,48.972595],[2.51488,48.972594],[2.514878,48.972592],[2.514878,48.972591],[2.514873,48.972584],[2.514871,48.972581],[2.514867,48.972576],[2.51486,48.972566],[2.514856,48.972561],[2.514853,48.972556],[2.514849,48.972551],[2.514845,48.972545],[2.514842,48.972541],[2.51484,48.972538],[2.514839,48.972536],[2.514834,48.97253],[2.514832,48.972526],[2.514829,48.972522],[2.514828,48.972521],[2.514823,48.972514],[2.514821,48.972511],[2.514818,48.972506],[2.514817,48.972505],[2.514812,48.972498],[2.51481,48.972495],[2.514807,48.97249],[2.514807,48.97249],[2.5148,48.97248],[2.514796,48.972474],[2.514792,48.972469],[2.51479,48.972466],[2.514789,48.972464],[2.514785,48.972458],[2.514782,48.972454],[2.514779,48.97245],[2.514778,48.972448],[2.514773,48.972442],[2.514771,48.972438],[2.514768,48.972433],[2.514762,48.972425],[2.514756,48.972417],[2.514751,48.972409],[2.514745,48.972401],[2.514739,48.972392],[2.514734,48.972384],[2.514728,48.972376],[2.514723,48.972368],[2.514717,48.97236],[2.514711,48.972352],[2.514706,48.972343],[2.5147,48.972335],[2.514694,48.972327],[2.514689,48.972319],[2.514683,48.972311],[2.514677,48.972302],[2.514672,48.972294],[2.514666,48.972286],[2.51466,48.972278],[2.514655,48.97227],[2.514649,48.972261],[2.514644,48.972253],[2.514638,48.972245],[2.514632,48.972237],[2.514627,48.972229],[2.514621,48.97222],[2.514615,48.972212],[2.51461,48.972204],[2.514604,48.972196],[2.514598,48.972188],[2.514593,48.97218],[2.514587,48.972171],[2.514581,48.972163],[2.514576,48.972155],[2.51457,48.972147],[2.514565,48.972139],[2.514559,48.97213],[2.514553,48.972122],[2.514548,48.972114],[2.514542,48.972106],[2.514536,48.972098],[2.514531,48.972089],[2.514525,48.972081],[2.514519,48.972073],[2.514514,48.972065],[2.514508,48.972057],[2.514502,48.972049],[2.514497,48.97204],[2.514491,48.972032],[2.514486,48.972024],[2.51448,48.972016],[2.514474,48.972008],[2.514469,48.971999],[2.514463,48.971991],[2.514457,48.971983],[2.514452,48.971975],[2.514446,48.971967],[2.51444,48.971958],[2.514435,48.97195],[2.514429,48.971942],[2.514423,48.971934],[2.514418,48.971926],[2.514412,48.971917],[2.514407,48.971909],[2.514401,48.971901],[2.514395,48.971893],[2.51439,48.971885],[2.514378,48.971868],[2.514373,48.97186],[2.514367,48.971852],[2.514361,48.971844],[2.514356,48.971836],[2.51435,48.971827],[2.514344,48.971819],[2.514339,48.971811],[2.514333,48.971803],[2.514328,48.971795],[2.514322,48.971786],[2.514316,48.971778],[2.514311,48.97177],[2.514305,48.971762],[2.514299,48.971754],[2.514294,48.971746],[2.514288,48.971737],[2.514282,48.971729],[2.514277,48.971721],[2.514271,48.971713],[2.514265,48.971705],[2.51426,48.971696],[2.514254,48.971688],[2.514249,48.97168],[2.514243,48.971672],[2.514237,48.971664],[2.514232,48.971655],[2.514226,48.971647],[2.51422,48.971639],[2.514215,48.971631],[2.514209,48.971623],[2.514203,48.971614],[2.514198,48.971606],[2.514192,48.971598],[2.514187,48.97159],[2.514181,48.971582],[2.514175,48.971574],[2.51417,48.971565],[2.514164,48.971557],[2.514158,48.971549],[2.514153,48.971541],[2.514147,48.971533],[2.514141,48.971524],[2.514136,48.971516],[2.51413,48.971508],[2.514124,48.9715],[2.514119,48.971492],[2.514113,48.971483],[2.514108,48.971475],[2.514102,48.971467],[2.514096,48.971459],[2.514091,48.971451],[2.514085,48.971443],[2.514079,48.971434],[2.514074,48.971426],[2.514068,48.971418],[2.514063,48.97141],[2.514062,48.971409],[2.514055,48.971399],[2.514052,48.971394],[2.514049,48.97139],[2.514046,48.971386],[2.514043,48.971381],[2.514041,48.971378],[2.514035,48.97137],[2.51403,48.971362],[2.514024,48.971354],[2.514019,48.971346],[2.514014,48.971338],[2.514013,48.971337],[2.514008,48.97133],[2.514007,48.971328],[2.514003,48.971323],[2.514001,48.971319],[2.513998,48.971315],[2.513995,48.97131],[2.513993,48.971307],[2.513988,48.971299],[2.513983,48.971292],[2.513978,48.971284],[2.513972,48.971275],[2.513967,48.971268],[2.513966,48.971267],[2.513963,48.971261],[2.513961,48.971258],[2.513958,48.971253],[2.513955,48.971249],[2.513953,48.971246],[2.51395,48.971241],[2.513948,48.971238],[2.513943,48.97123],[2.513939,48.971223],[2.513934,48.971215],[2.513929,48.971208],[2.513929,48.971207],[2.513925,48.9712],[2.513924,48.971198],[2.51392,48.971193],[2.513918,48.97119],[2.513916,48.971185],[2.513913,48.971181],[2.513912,48.971179],[2.513909,48.971174],[2.513905,48.971167],[2.513901,48.971159],[2.513891,48.971142],[2.513887,48.971133],[2.513882,48.971125],[2.513864,48.971093],[2.51386,48.971085],[2.513856,48.971076],[2.513852,48.971067],[2.513847,48.971059],[2.513826,48.971016],[2.513824,48.971012],[2.513823,48.97101],[2.513819,48.971001],[2.513816,48.970992],[2.513808,48.970975],[2.513804,48.970966],[2.513797,48.970949],[2.513793,48.970941],[2.513789,48.970932],[2.513787,48.970926],[2.513785,48.970921],[2.513782,48.970913],[2.513781,48.970912],[2.513778,48.970903],[2.513776,48.970898],[2.513774,48.970894],[2.513773,48.97089],[2.513771,48.970886],[2.51377,48.970882],[2.513767,48.970874],[2.513764,48.970866],[2.513761,48.970858],[2.513758,48.97085],[2.513758,48.97085],[2.513755,48.97084],[2.513751,48.970831],[2.513749,48.970826],[2.513748,48.970822],[2.513747,48.970818],[2.513745,48.970813],[2.513744,48.97081],[2.513741,48.970801],[2.513738,48.970793],[2.513735,48.970785],[2.513732,48.970776],[2.51373,48.970768],[2.513729,48.970766],[2.513727,48.97076],[2.513726,48.970757],[2.513724,48.970751],[2.513723,48.970747],[2.513722,48.970743],[2.51372,48.970738],[2.513719,48.970735],[2.513716,48.970726],[2.513713,48.970717],[2.513711,48.970709],[2.513711,48.970709],[2.513708,48.970699],[2.513705,48.970692],[2.513705,48.970689],[2.513703,48.970683],[2.513702,48.97068],[2.5137,48.970674],[2.513698,48.97067],[2.513697,48.970666],[2.513695,48.97066],[2.513694,48.970657],[2.513692,48.970648],[2.513689,48.970639],[2.513683,48.970622],[2.513681,48.970613],[2.513675,48.970595],[2.513672,48.970587],[2.513667,48.970569],[2.513664,48.97056],[2.513661,48.970551],[2.513659,48.970543],[2.513656,48.970534],[2.51365,48.970516],[2.513648,48.970507],[2.513645,48.970499],[2.513642,48.97049],[2.513639,48.970481],[2.513634,48.970463],[2.513631,48.970454],[2.513626,48.970437],[2.513623,48.970428],[2.513617,48.97041],[2.513615,48.970402],[2.513609,48.970384],[2.513606,48.970375],[2.513604,48.970366],[2.513598,48.970349],[2.513595,48.97034],[2.51359,48.970322],[2.513587,48.970314],[2.513584,48.970305],[2.513582,48.970296],[2.513579,48.970287],[2.513573,48.97027],[2.513571,48.970261],[2.513568,48.970252],[2.513565,48.970243],[2.513562,48.970234],[2.513557,48.970217],[2.513554,48.970208],[2.513551,48.970199],[2.513549,48.970191],[2.513548,48.97019],[2.513543,48.970173],[2.513542,48.97017],[2.51354,48.970164],[2.513537,48.970155],[2.513535,48.970148],[2.513535,48.970146],[2.513532,48.970137],[2.513529,48.970127],[2.513529,48.970127],[2.513526,48.970119],[2.513523,48.97011],[2.513522,48.970105],[2.513522,48.970105],[2.51352,48.970101],[2.513518,48.970092],[2.513515,48.970084],[2.513515,48.970083],[2.513515,48.970083],[2.513512,48.970074],[2.513509,48.970065],[2.513508,48.970062],[2.513508,48.970061],[2.513506,48.970056],[2.513503,48.970047],[2.513501,48.97004],[2.513501,48.970039],[2.5135,48.970038],[2.513494,48.97002],[2.513494,48.970018],[2.513493,48.970017],[2.513491,48.97001],[2.513488,48.970002],[2.513486,48.969996],[2.513486,48.969995],[2.513485,48.969992],[2.513482,48.969983],[2.513479,48.969974],[2.513479,48.969974],[2.513478,48.969972],[2.513476,48.969964],[2.513473,48.969956],[2.513471,48.969951],[2.513471,48.96995],[2.513469,48.969946],[2.513466,48.969937],[2.513463,48.969929],[2.513463,48.969928],[2.513463,48.969927],[2.513459,48.969918],[2.513456,48.969909],[2.513455,48.969906],[2.513455,48.969905],[2.513453,48.969899],[2.51345,48.969891],[2.513447,48.969884],[2.513447,48.969882],[2.513446,48.96988],[2.513443,48.969872],[2.513439,48.969863],[2.513439,48.969861],[2.513438,48.96986],[2.513435,48.969853],[2.513432,48.969844],[2.51343,48.969839],[2.513429,48.969837],[2.513428,48.969833],[2.513425,48.969825],[2.513421,48.969816],[2.513421,48.969814],[2.513417,48.969805],[2.513414,48.969797],[2.513412,48.969793],[2.513411,48.969791],[2.513409,48.969786],[2.513406,48.969778],[2.513403,48.96977],[2.513402,48.969768],[2.513402,48.969767],[2.513394,48.969749],[2.513393,48.969747],[2.513392,48.969745],[2.51339,48.969739],[2.513386,48.96973],[2.513383,48.969724],[2.513382,48.969722],[2.513381,48.969719],[2.513377,48.969711],[2.513373,48.969701],[2.513372,48.969699],[2.513369,48.969691],[2.513365,48.969682],[2.513363,48.969678],[2.513362,48.969675],[2.51336,48.969671],[2.513356,48.969663],[2.513352,48.969655],[2.513351,48.969652],[2.51335,48.969652],[2.513342,48.969635],[2.513341,48.969631],[2.513339,48.969629],[2.513337,48.969623],[2.513333,48.969615],[2.513329,48.969608],[2.513328,48.969605],[2.513327,48.969604],[2.513323,48.969595],[2.513318,48.969587],[2.513317,48.969585],[2.513316,48.969582],[2.513312,48.969575],[2.513308,48.969567],[2.513305,48.969561],[2.513303,48.969559],[2.513302,48.969555],[2.513297,48.969547],[2.513292,48.969538],[2.513291,48.969535],[2.513286,48.969527],[2.513281,48.969519],[2.513279,48.969515],[2.513277,48.969512],[2.513275,48.969507],[2.51327,48.969499],[2.513266,48.969491],[2.513262,48.969485],[2.513261,48.969484],[2.513246,48.969459],[2.513241,48.96945],[2.513225,48.969426],[2.513222,48.96942],[2.513215,48.96941],[2.513213,48.969407],[2.513208,48.969399],[2.513202,48.969391],[2.513197,48.969383],[2.513191,48.969374],[2.513185,48.969366],[2.51318,48.969358],[2.513174,48.96935],[2.513172,48.969347],[2.513165,48.969337],[2.513161,48.969332],[2.513155,48.969324],[2.513149,48.969316],[2.513143,48.969308],[2.513137,48.9693],[2.513131,48.969292],[2.513125,48.969284],[2.513119,48.969275],[2.513112,48.969265],[2.513105,48.969258],[2.513099,48.96925],[2.513093,48.969242],[2.513067,48.96921],[2.513062,48.969204],[2.513054,48.969195],[2.513052,48.969193],[2.513025,48.969162],[2.513018,48.969154],[2.513005,48.969138],[2.513001,48.969135],[2.512993,48.969125],[2.512989,48.969121],[2.512982,48.969114],[2.512967,48.969099],[2.51296,48.969091],[2.512953,48.969083],[2.512946,48.969076],[2.512938,48.969068],[2.512937,48.969066],[2.512928,48.969057],[2.512922,48.969052],[2.512914,48.969044],[2.512907,48.969037],[2.512899,48.969029],[2.512891,48.969022],[2.512876,48.969007],[2.512869,48.969],[2.51286,48.968991],[2.512859,48.96899],[2.512851,48.968983],[2.512843,48.968976],[2.512835,48.968969],[2.512827,48.968961],[2.512819,48.968954],[2.512811,48.968947],[2.512803,48.968939],[2.512798,48.968935],[2.512788,48.968926],[2.512785,48.968924],[2.512777,48.968917],[2.512768,48.968909],[2.51276,48.968902],[2.512752,48.968895],[2.512743,48.968888],[2.512735,48.968881],[2.512726,48.968874],[2.512723,48.968871],[2.512713,48.968863],[2.512707,48.968859],[2.512699,48.968852],[2.51269,48.968845],[2.512681,48.968838],[2.512664,48.968824],[2.512655,48.968817],[2.512646,48.96881],[2.512645,48.96881],[2.512635,48.968801],[2.512626,48.968795],[2.512599,48.968775],[2.51259,48.968769],[2.512572,48.968755],[2.512564,48.96875],[2.512553,48.968742],[2.512551,48.968741],[2.512542,48.968734],[2.512533,48.968728],[2.512523,48.968721],[2.512514,48.968715],[2.512504,48.968708],[2.512495,48.968702],[2.512485,48.968695],[2.51248,48.968692],[2.512469,48.968684],[2.512464,48.968681],[2.512454,48.968675],[2.512445,48.968669],[2.512435,48.968662],[2.512425,48.968656],[2.512415,48.96865],[2.512405,48.968643],[2.512393,48.968636],[2.512381,48.968628],[2.512374,48.968624],[2.512364,48.968618],[2.512343,48.968606],[2.512333,48.968599],[2.512323,48.968593],[2.512313,48.968587],[2.512303,48.968581],[2.512291,48.968574],[2.512291,48.968574],[2.51228,48.968568],[2.51227,48.968563],[2.512259,48.968557],[2.512249,48.968551],[2.512239,48.968545],[2.512218,48.968533],[2.51221,48.968529],[2.512198,48.968523],[2.512195,48.968521],[2.512184,48.968515],[2.512173,48.96851],[2.512152,48.968499],[2.512141,48.968493],[2.51213,48.968487],[2.51212,48.968482],[2.512115,48.968479],[2.512102,48.968473],[2.512096,48.96847],[2.512085,48.968464],[2.512074,48.968459],[2.512063,48.968454],[2.512052,48.968448],[2.51203,48.968438],[2.512019,48.968432],[2.512017,48.968432],[2.512017,48.968432],[2.512004,48.968425],[2.511994,48.968421],[2.511938,48.968396],[2.511926,48.968391],[2.511917,48.968386],[2.511903,48.96838],[2.511901,48.96838],[2.51189,48.968375],[2.511878,48.96837],[2.511867,48.968365],[2.511855,48.96836],[2.511844,48.968355],[2.511832,48.968351],[2.511821,48.968346],[2.511814,48.968343],[2.5118,48.968337],[2.511795,48.968335],[2.511783,48.968331],[2.511772,48.968326],[2.511748,48.968317],[2.511736,48.968313],[2.511725,48.968308],[2.511713,48.968304],[2.511709,48.968302],[2.511695,48.968297],[2.511687,48.968294],[2.511675,48.96829],[2.511663,48.968285],[2.511639,48.968277],[2.511627,48.968272],[2.511615,48.968268],[2.511603,48.968264],[2.511602,48.968264],[2.511588,48.968259],[2.511576,48.968255],[2.511564,48.968251],[2.511551,48.968247],[2.511539,48.968243],[2.511527,48.968239],[2.511515,48.968235],[2.511502,48.968231],[2.511493,48.968228],[2.511479,48.968223],[2.511475,48.968222],[2.511463,48.968218],[2.511451,48.968215],[2.511438,48.968211],[2.511426,48.968207],[2.511413,48.968203],[2.511401,48.9682],[2.511388,48.968196],[2.511383,48.968194],[2.511368,48.96819],[2.511361,48.968188],[2.511348,48.968185],[2.511336,48.968181],[2.511323,48.968178],[2.511311,48.968174],[2.511298,48.968171],[2.511285,48.968167],[2.511273,48.968164],[2.51127,48.968163],[2.511255,48.968159],[2.511245,48.968157],[2.511232,48.968153],[2.511219,48.96815],[2.511206,48.968147],[2.511194,48.968144],[2.511181,48.968141],[2.511168,48.968138],[2.511157,48.968135],[2.511141,48.968131],[2.51114,48.968131],[2.511088,48.968119],[2.511075,48.968116],[2.511049,48.968111],[2.511041,48.968109],[2.511026,48.968105],[2.511021,48.968105],[2.511008,48.968102],[2.510994,48.968099],[2.510981,48.968097],[2.510968,48.968094],[2.510929,48.968086],[2.510925,48.968086],[2.510909,48.968083],[2.5109,48.968081],[2.510887,48.968079],[2.510874,48.968076],[2.51086,48.968074],[2.510847,48.968072],[2.510834,48.96807],[2.510821,48.968067],[2.510807,48.968065],[2.510791,48.968062],[2.510778,48.96806],[2.510765,48.968058],[2.510752,48.968056],[2.510738,48.968054],[2.510725,48.968052],[2.510712,48.96805],[2.510698,48.968049],[2.510688,48.968047],[2.510672,48.968045],[2.510669,48.968044],[2.510656,48.968043],[2.510642,48.968041],[2.510589,48.968034],[2.510575,48.968033],[2.510568,48.968032],[2.510552,48.96803],[2.510545,48.968029],[2.510532,48.968028],[2.510518,48.968026],[2.510505,48.968025],[2.510491,48.968024],[2.510478,48.968022],[2.510464,48.968021],[2.510451,48.968019],[2.510446,48.968019],[2.510429,48.968017],[2.510421,48.968017],[2.510407,48.968016],[2.510394,48.968015],[2.510367,48.968013],[2.510353,48.968011],[2.510339,48.96801],[2.510326,48.968009],[2.510322,48.968009],[2.510305,48.968008],[2.510296,48.968007],[2.510282,48.968007],[2.510214,48.968003],[2.510198,48.968002],[2.510181,48.968001],[2.51017,48.968001],[2.510129,48.967999],[2.510115,48.967999],[2.510102,48.967999],[2.510088,48.967998],[2.510074,48.967998],[2.510057,48.967997],[2.510044,48.967997],[2.510003,48.967997],[2.509989,48.967997],[2.509962,48.967996],[2.509949,48.967996],[2.509932,48.967996],[2.509932,48.967996],[2.509918,48.967997],[2.509904,48.967997],[2.509891,48.967997],[2.509877,48.967997],[2.50985,48.967998],[2.50985,48.967998],[2.5098,48.967942],[2.509611,48.967805],[2.509386,48.967694],[2.509132,48.967615],[2.508859,48.967569],[2.508578,48.96756],[2.5083,48.967587],[2.508035,48.967649],[2.508023,48.967653],[2.508017,48.967655],[2.508004,48.967659],[2.507998,48.967661],[2.507974,48.967668],[2.507962,48.967672],[2.507961,48.967673],[2.507936,48.967681],[2.507932,48.967682],[2.50792,48.967686],[2.507912,48.967689],[2.5079,48.967693],[2.507891,48.967696],[2.507879,48.967699],[2.507864,48.967705],[2.50785,48.967709],[2.507839,48.967713],[2.507817,48.967721],[2.50781,48.967723],[2.507799,48.967727],[2.507794,48.967729],[2.50777,48.967737],[2.50776,48.967741],[2.507748,48.967745],[2.507731,48.967752],[2.507722,48.967755],[2.507703,48.967762],[2.507693,48.967766],[2.507684,48.967769],[2.507682,48.96777],[2.507658,48.967779],[2.507655,48.96778],[2.507646,48.967783],[2.507637,48.967787],[2.507618,48.967794],[2.50761,48.967797],[2.507594,48.967803],[2.507582,48.967808],[2.507581,48.967808],[2.507573,48.967811],[2.507545,48.967822],[2.507538,48.967825],[2.507532,48.967828],[2.507509,48.967836],[2.507503,48.967839],[2.507502,48.96784],[2.507478,48.967849],[2.507474,48.967851],[2.507468,48.967853],[2.50746,48.967856],[2.507449,48.967861],[2.50744,48.967865],[2.507434,48.967867],[2.50742,48.967873],[2.507406,48.967879],[2.507401,48.967881],[2.507391,48.967885],[2.50738,48.96789],[2.507373,48.967892],[2.507368,48.967895],[2.507363,48.967896],[2.50734,48.967906],[2.50734,48.967906],[2.507335,48.967908],[2.507324,48.967913],[2.507307,48.96792],[2.507303,48.967922],[2.507285,48.967929],[2.507275,48.967934],[2.507272,48.967935],[2.50727,48.967936],[2.507259,48.967941],[2.507244,48.967947],[2.507241,48.967949],[2.507221,48.967957],[2.507213,48.96796],[2.50721,48.967962],[2.507195,48.967968],[2.507183,48.967974],[2.50718,48.967975],[2.50717,48.967979],[2.507153,48.967987],[2.507151,48.967988],[2.507134,48.967995],[2.507123,48.968],[2.507121,48.968],[2.507098,48.968011],[2.507094,48.968013],[2.507093,48.968013],[2.507086,48.968016],[2.507065,48.968025],[2.507051,48.968032],[2.507037,48.968038],[2.507028,48.968042],[2.507009,48.96805],[2.507005,48.968052],[2.506959,48.968072],[2.506937,48.968082],[2.506869,48.968112],[2.506846,48.968122],[2.506801,48.968142],[2.506778,48.968152],[2.50671,48.968182],[2.506687,48.968192],[2.506642,48.968212],[2.506619,48.968222],[2.506597,48.968232],[2.506563,48.968247],[2.50654,48.968257],[2.506517,48.968267],[2.506472,48.968287],[2.506449,48.968297],[2.506381,48.968327],[2.506358,48.968337],[2.506313,48.968357],[2.50629,48.968367],[2.506222,48.968398],[2.5062,48.968408],[2.506154,48.968428],[2.506143,48.968433],[2.50612,48.968443],[2.506052,48.968473],[2.506029,48.968483],[2.505984,48.968503],[2.505961,48.968513],[2.505893,48.968543],[2.505871,48.968553],[2.505825,48.968573],[2.505803,48.968583],[2.505735,48.968613],[2.505712,48.968623],[2.505689,48.968633],[2.505655,48.968648],[2.505632,48.968658],[2.505564,48.968688],[2.505542,48.968698],[2.505496,48.968718],[2.505474,48.968728],[2.505406,48.968758],[2.505383,48.968768],[2.505315,48.968798],[2.505292,48.968808],[2.505247,48.968828],[2.505213,48.968843],[2.505167,48.968863],[2.505145,48.968873],[2.505077,48.968904],[2.505054,48.968914],[2.505009,48.968934],[2.504986,48.968944],[2.504918,48.968974],[2.504895,48.968984],[2.504827,48.969014],[2.504804,48.969024],[2.50477,48.969039],[2.504748,48.969049],[2.504725,48.969059],[2.504702,48.969069],[2.504691,48.969074],[2.504657,48.969089],[2.504623,48.969104],[2.50459,48.969119],[2.504544,48.969139],[2.504523,48.969148],[2.5045,48.969158],[2.504467,48.969173],[2.504445,48.969182],[2.504423,48.969192],[2.504401,48.969202],[2.504379,48.969211],[2.504357,48.969221],[2.504335,48.96923],[2.504302,48.969245],[2.504281,48.969254],[2.504259,48.969263],[2.504237,48.969273],[2.504226,48.969278],[2.504205,48.969287],[2.504184,48.969296],[2.504151,48.96931],[2.504129,48.969319],[2.504122,48.969322],[2.504109,48.969328],[2.504087,48.969337],[2.504066,48.969346],[2.504044,48.969355],[2.504024,48.969364],[2.503984,48.96938],[2.50396,48.96939],[2.503939,48.969399],[2.503918,48.969408],[2.503906,48.969413],[2.503876,48.969425],[2.503844,48.969438],[2.503823,48.969447],[2.503815,48.96945],[2.503803,48.969454],[2.503793,48.969459],[2.503772,48.969467],[2.50374,48.96948],[2.503718,48.969488],[2.503715,48.96949],[2.5037,48.969496],[2.503689,48.9695],[2.503668,48.969508],[2.503648,48.969516],[2.503631,48.969523],[2.503618,48.969528],[2.5036,48.969534],[2.503576,48.969543],[2.503553,48.969552],[2.503529,48.969561],[2.503505,48.969569],[2.503493,48.969574],[2.503469,48.969583],[2.503445,48.969592],[2.503422,48.9696],[2.503398,48.969609],[2.503374,48.969618],[2.503373,48.969618],[2.503368,48.96962],[2.503327,48.969634],[2.503315,48.969639],[2.503291,48.969647],[2.503218,48.969672],[2.503182,48.969685],[2.503137,48.9697],[2.503119,48.969706],[2.503111,48.969709],[2.503086,48.969717],[2.503061,48.969725],[2.503049,48.969729],[2.502926,48.969768],[2.502902,48.969776],[2.502877,48.969784],[2.50287,48.969787],[2.502856,48.969791],[2.502837,48.969797],[2.502835,48.969797],[2.502818,48.969802],[2.502796,48.969809],[2.502765,48.969819],[2.502753,48.969822],[2.502741,48.969826],[2.50273,48.969829],[2.502708,48.969836],[2.502694,48.96984],[2.502664,48.969848],[2.502641,48.969855],[2.502618,48.969862],[2.502597,48.969868],[2.502574,48.969875],[2.50255,48.969882],[2.502549,48.969882],[2.502528,48.969888],[2.502517,48.969891],[2.502482,48.969901],[2.502459,48.969907],[2.502436,48.969913],[2.502402,48.969923],[2.502378,48.96993],[2.502363,48.969934],[2.502344,48.969939],[2.50232,48.969946],[2.502296,48.969952],[2.502287,48.969955],[2.502273,48.969958],[2.502249,48.969965],[2.502225,48.969971],[2.50221,48.969975],[2.502189,48.969981],[2.502165,48.969987],[2.502141,48.969994],[2.502105,48.970004],[2.502056,48.970016],[2.50202,48.970026],[2.501976,48.970038],[2.501958,48.970042],[2.501933,48.970049],[2.501896,48.970059],[2.501896,48.970059],[2.501871,48.970065],[2.501847,48.970072],[2.501809,48.970081],[2.501784,48.970088],[2.501746,48.970098],[2.501721,48.970104],[2.501695,48.970111],[2.501693,48.970112],[2.50167,48.970118],[2.501619,48.970131],[2.501606,48.970134],[2.501581,48.970141],[2.50153,48.970154],[2.501518,48.970157],[2.501492,48.970164],[2.501441,48.970177],[2.501429,48.970181],[2.501403,48.970187],[2.501378,48.970194],[2.501353,48.9702],[2.50134,48.970204],[2.501314,48.97021],[2.501289,48.970217],[2.501264,48.970224],[2.501251,48.970227],[2.501226,48.970234],[2.5012,48.97024],[2.501175,48.970247],[2.501162,48.97025],[2.501111,48.970263],[2.501086,48.97027],[2.501073,48.970273],[2.501022,48.970287],[2.50101,48.97029],[2.500933,48.97031],[2.500921,48.970313],[2.500895,48.97032],[2.500845,48.970333],[2.500832,48.970336],[2.500806,48.970343],[2.500756,48.970356],[2.500743,48.970359],[2.500718,48.970366],[2.500667,48.970379],[2.500654,48.970383],[2.500629,48.970389],[2.500578,48.970402],[2.500565,48.970406],[2.50054,48.970412],[2.500514,48.970419],[2.500489,48.970426],[2.500476,48.970429],[2.500451,48.970436],[2.500425,48.970442],[2.5004,48.970449],[2.500387,48.970452],[2.500362,48.970459],[2.500337,48.970465],[2.500324,48.970469],[2.500273,48.970482],[2.500248,48.970488],[2.500235,48.970492],[2.500159,48.970512],[2.500146,48.970515],[2.50007,48.970535],[2.500057,48.970538],[2.500032,48.970545],[2.499981,48.970558],[2.499968,48.970561],[2.499943,48.970568],[2.499892,48.970581],[2.499879,48.970584],[2.499854,48.970591],[2.499803,48.970604],[2.499791,48.970608],[2.499765,48.970614],[2.49974,48.970621],[2.499727,48.970624],[2.499676,48.970637],[2.499651,48.970644],[2.499638,48.970647],[2.499587,48.970661],[2.499562,48.970667],[2.499549,48.970671],[2.499498,48.970684],[2.499473,48.97069],[2.49946,48.970694],[2.49941,48.970707],[2.499384,48.970714],[2.499371,48.970717],[2.499295,48.970737],[2.499283,48.97074],[2.499206,48.97076],[2.499194,48.970763],[2.499117,48.970783],[2.499105,48.970786],[2.499079,48.970793],[2.499054,48.9708],[2.499041,48.970803],[2.499016,48.97081],[2.49899,48.970816],[2.498965,48.970823],[2.498952,48.970826],[2.498927,48.970833],[2.498902,48.970839],[2.498876,48.970846],[2.498863,48.970849],[2.498838,48.970856],[2.498813,48.970863],[2.498787,48.970869],[2.498775,48.970873],[2.498724,48.970886],[2.498698,48.970892],[2.498686,48.970896],[2.498635,48.970909],[2.498609,48.970916],[2.498597,48.970919],[2.498546,48.970932],[2.498521,48.970939],[2.498508,48.970942],[2.498432,48.970962],[2.498419,48.970965],[2.498368,48.970978],[2.498356,48.970982],[2.49833,48.970988],[2.498279,48.971002],[2.498267,48.971005],[2.498241,48.971012],[2.498216,48.971018],[2.49819,48.971025],[2.498178,48.971028],[2.498152,48.971035],[2.498127,48.971041],[2.498102,48.971048],[2.498089,48.971051],[2.498063,48.971058],[2.498038,48.971065],[2.498013,48.971071],[2.498,48.971075],[2.497975,48.971081],[2.497949,48.971088],[2.497924,48.971094],[2.497911,48.971098],[2.49786,48.971111],[2.497835,48.971118],[2.497822,48.971121],[2.497771,48.971134],[2.497759,48.971137],[2.497682,48.971157],[2.49767,48.971161],[2.497644,48.971167],[2.497594,48.97118],[2.497581,48.971184],[2.497555,48.97119],[2.497505,48.971204],[2.497492,48.971207],[2.497467,48.971214],[2.497416,48.971227],[2.497403,48.97123],[2.497378,48.971237],[2.497352,48.971243],[2.497327,48.97125],[2.497314,48.971253],[2.497289,48.97126],[2.497263,48.971267],[2.497238,48.971273],[2.497225,48.971276],[2.4972,48.971283],[2.497174,48.97129],[2.497149,48.971296],[2.497136,48.9713],[2.497111,48.971306],[2.497086,48.971313],[2.497073,48.971316],[2.496997,48.971336],[2.496984,48.971339],[2.496908,48.971359],[2.496895,48.971363],[2.496819,48.971382],[2.496806,48.971386],[2.496781,48.971392],[2.49673,48.971406],[2.496717,48.971409],[2.496692,48.971416],[2.496641,48.971429],[2.496628,48.971432],[2.496603,48.971439],[2.496552,48.971452],[2.496539,48.971455],[2.496514,48.971462],[2.496463,48.971475],[2.496451,48.971478],[2.496425,48.971485],[2.4964,48.971492],[2.496387,48.971495],[2.496336,48.971508],[2.496311,48.971515],[2.496298,48.971518],[2.496247,48.971531],[2.496222,48.971538],[2.496209,48.971541],[2.496133,48.971561],[2.49612,48.971564],[2.496044,48.971584],[2.496032,48.971588],[2.495955,48.971608],[2.495943,48.971611],[2.495917,48.971617],[2.495866,48.971631],[2.495854,48.971634],[2.495828,48.971641],[2.495778,48.971654],[2.495765,48.971657],[2.495739,48.971664],[2.495714,48.97167],[2.495701,48.971674],[2.495676,48.97168],[2.495651,48.971687],[2.495625,48.971694],[2.495612,48.971697],[2.495562,48.97171],[2.495536,48.971717],[2.495524,48.97172],[2.495473,48.971733],[2.495447,48.97174],[2.495435,48.971743],[2.495384,48.971757],[2.495358,48.971763],[2.495346,48.971766],[2.49532,48.971773],[2.495304,48.971777],[2.495295,48.97178],[2.495269,48.971786],[2.495259,48.971789],[2.495257,48.97179],[2.495244,48.971793],[2.495218,48.9718],[2.495214,48.971801],[2.495193,48.971806],[2.495168,48.971813],[2.495128,48.971823],[2.495122,48.971825],[2.495102,48.97183],[2.495077,48.971837],[2.495076,48.971837],[2.49505,48.971844],[2.49503,48.971849],[2.495028,48.971849],[2.495023,48.971851],[2.494998,48.971858],[2.494985,48.971861],[2.494983,48.971861],[2.494982,48.971862],[2.494958,48.971868],[2.494937,48.971874],[2.494935,48.971874],[2.49493,48.971875],[2.494905,48.971882],[2.49489,48.971886],[2.494887,48.971887],[2.494878,48.971889],[2.494852,48.971896],[2.494843,48.971899],[2.49484,48.971899],[2.494837,48.9719],[2.494812,48.971907],[2.494799,48.97191],[2.494795,48.971911],[2.494792,48.971912],[2.494784,48.971915],[2.494771,48.971918],[2.494747,48.971924],[2.494744,48.971925],[2.494743,48.971926],[2.494717,48.971933],[2.494705,48.971936],[2.4947,48.971937],[2.494696,48.971938],[2.494689,48.97194],[2.494664,48.971947],[2.494652,48.971951],[2.494648,48.971951],[2.494635,48.971955],[2.494622,48.971959],[2.494603,48.971964],[2.4946,48.971965],[2.494568,48.971974],[2.494555,48.971977],[2.494551,48.971978],[2.494527,48.971985],[2.494506,48.971991],[2.494502,48.971992],[2.494472,48.972001],[2.494458,48.972005],[2.494453,48.972006],[2.494442,48.972009],[2.494417,48.972016],[2.494409,48.972019],[2.494404,48.97202],[2.494388,48.972025],[2.494363,48.972032],[2.494359,48.972033],[2.494354,48.972034],[2.494345,48.972037],[2.494333,48.972041],[2.49431,48.972047],[2.494305,48.972049],[2.49429,48.972053],[2.494265,48.972061],[2.494261,48.972062],[2.494255,48.972064],[2.494247,48.972066],[2.494211,48.972077],[2.494205,48.972078],[2.494179,48.972086],[2.494161,48.972092],[2.494155,48.972094],[2.494148,48.972096],[2.494124,48.972103],[2.494111,48.972107],[2.494105,48.972109],[2.494105,48.972109],[2.49408,48.972117],[2.494061,48.972122],[2.494055,48.972124],[2.494024,48.972134],[2.494011,48.972138],[2.494004,48.97214],[2.493993,48.972144],[2.493969,48.972152],[2.493961,48.972154],[2.493954,48.972156],[2.493925,48.972166],[2.49391,48.97217],[2.493903,48.972173],[2.493881,48.97218],[2.49386,48.972187],[2.493852,48.972189],[2.493812,48.972202],[2.493809,48.972203],[2.493785,48.972212],[2.493728,48.972232],[2.493703,48.97224],[2.493691,48.972244],[2.493667,48.972252],[2.493643,48.972261],[2.493607,48.972273],[2.493583,48.972282],[2.49357,48.972286],[2.493549,48.972294],[2.493508,48.972308],[2.493505,48.972309],[2.493482,48.972318],[2.493458,48.972327],[2.493434,48.972336],[2.49341,48.972345],[2.493387,48.972354],[2.493363,48.972363],[2.493339,48.972371],[2.493315,48.97238],[2.493292,48.972389],[2.493276,48.972395],[2.493236,48.972411],[2.493228,48.972414],[2.493158,48.972442],[2.493147,48.972447],[2.493077,48.972475],[2.493053,48.972484],[2.493042,48.972489],[2.493018,48.972499],[2.493009,48.972502],[2.49297,48.972519],[2.492967,48.97252],[2.492956,48.972525],[2.492933,48.972535],[2.49291,48.972545],[2.492888,48.972554],[2.492876,48.972559],[2.492865,48.972564],[2.492842,48.972574],[2.492819,48.972584],[2.492796,48.972594],[2.492785,48.972599],[2.492774,48.972604],[2.492751,48.972614],[2.492747,48.972615],[2.492709,48.972633],[2.492511,48.972724],[2.492491,48.972734],[2.492453,48.972752],[2.492451,48.972753],[2.49244,48.972758],[2.492419,48.972769],[2.492353,48.972802],[2.492321,48.972818],[2.492288,48.972834],[2.492244,48.972856],[2.492241,48.972858],[2.492204,48.972877],[2.492197,48.97288],[2.492176,48.972892],[2.492165,48.972897],[2.492144,48.972909],[2.492133,48.972914],[2.492112,48.972926],[2.492101,48.972931],[2.49208,48.972943],[2.492059,48.972954],[2.492038,48.972965],[2.492027,48.972971],[2.492006,48.972982],[2.491997,48.972987],[2.491961,48.973007],[2.491959,48.973008],[2.491939,48.973019],[2.491928,48.973025],[2.491897,48.973043],[2.491866,48.97306],[2.491835,48.973078],[2.491825,48.973084],[2.491804,48.973096],[2.491794,48.973102],[2.491773,48.973113],[2.491759,48.973121],[2.491725,48.973142],[2.491718,48.973146],[2.491708,48.973152],[2.491688,48.973164],[2.491668,48.973176],[2.491638,48.973195],[2.491618,48.973207],[2.491608,48.973213],[2.491588,48.973225],[2.491567,48.973237],[2.491547,48.973249],[2.491529,48.973261],[2.49151,48.973272],[2.491508,48.973273],[2.491489,48.973286],[2.491487,48.973286],[2.491484,48.973289],[2.491475,48.973294],[2.491462,48.973303],[2.491458,48.973305],[2.491452,48.973309],[2.491436,48.973319],[2.491432,48.973322],[2.491429,48.973324],[2.49141,48.973336],[2.491407,48.973338],[2.491396,48.973345],[2.491385,48.973352],[2.491382,48.973354],[2.491364,48.973366],[2.49136,48.973369],[2.491357,48.973371],[2.491341,48.973381],[2.491335,48.973385],[2.491332,48.973387],[2.491329,48.973389],[2.49131,48.973401],[2.491307,48.973403],[2.491297,48.97341],[2.491285,48.973418],[2.491283,48.973419],[2.491265,48.973431],[2.491261,48.973434],[2.491258,48.973435],[2.491253,48.973439],[2.491237,48.97345],[2.491234,48.973452],[2.491222,48.97346],[2.491213,48.973466],[2.491211,48.973468],[2.491201,48.973474],[2.491189,48.973482],[2.491187,48.973484],[2.49117,48.973495],[2.491165,48.973498],[2.491163,48.9735],[2.491158,48.973503],[2.491142,48.973514],[2.49114,48.973516],[2.491128,48.973524],[2.491119,48.97353],[2.491117,48.973531],[2.491117,48.973532],[2.491098,48.973545],[2.491095,48.973546],[2.491094,48.973547],[2.491077,48.973559],[2.491072,48.973562],[2.491071,48.973563],[2.49105,48.973578],[2.491048,48.973579],[2.491046,48.97358],[2.491027,48.973593],[2.491027,48.973593],[2.491026,48.973594],[2.491016,48.973601],[2.491004,48.973609],[2.491003,48.97361],[2.490996,48.973615],[2.490982,48.973625],[2.490981,48.973626],[2.490977,48.973629],[2.49096,48.97364],[2.490957,48.973642],[2.490938,48.973655],[2.490938,48.973656],[2.490928,48.973663],[2.490916,48.973671],[2.490909,48.973676],[2.490894,48.973686],[2.490889,48.97369],[2.49088,48.973696],[2.490872,48.973702],[2.490861,48.97371],[2.490852,48.973716],[2.490851,48.973717],[2.490833,48.97373],[2.490829,48.973732],[2.490823,48.973736],[2.490808,48.973747],[2.490804,48.97375],[2.490787,48.973762],[2.490776,48.973769],[2.490767,48.973776],[2.490748,48.973789],[2.490739,48.973796],[2.49073,48.973802],[2.490711,48.973815],[2.490702,48.973822],[2.490683,48.973835],[2.490664,48.973848],[2.490646,48.973861],[2.490636,48.973868],[2.490618,48.973881],[2.490599,48.973894],[2.49058,48.973907],[2.490571,48.973914],[2.490552,48.973927],[2.490534,48.97394],[2.490515,48.973953],[2.490506,48.97396],[2.490487,48.973973],[2.490478,48.97398],[2.490469,48.973986],[2.49045,48.973999],[2.490441,48.974006],[2.490422,48.974019],[2.490413,48.974026],[2.490403,48.974032],[2.490385,48.974045],[2.490366,48.974059],[2.490347,48.974072],[2.489984,48.974328],[2.489965,48.974341],[2.489629,48.974578],[2.489611,48.974591],[2.489247,48.974847],[2.489229,48.97486],[2.488865,48.975117],[2.488846,48.97513],[2.488511,48.975366],[2.488492,48.975379],[2.488464,48.975399],[2.488455,48.975406],[2.488436,48.975419],[2.48838,48.975458],[2.488371,48.975465],[2.488352,48.975478],[2.488334,48.975491],[2.488315,48.975504],[2.488278,48.97553],[2.488241,48.975556],[2.488223,48.975569],[2.488209,48.975579],[2.488195,48.975588],[2.488177,48.975601],[2.488159,48.975614],[2.488141,48.975627],[2.488114,48.975645],[2.488087,48.975664],[2.48806,48.975683],[2.488042,48.975695],[2.488025,48.975708],[2.487998,48.975726],[2.48798,48.975738],[2.487962,48.97575],[2.487945,48.975763],[2.487927,48.975775],[2.487909,48.975787],[2.487892,48.975799],[2.487874,48.975811],[2.487861,48.97582],[2.487839,48.975834],[2.48783,48.975841],[2.487804,48.975858],[2.487799,48.975861],[2.487788,48.975869],[2.487778,48.975875],[2.487769,48.975881],[2.487768,48.975882],[2.487753,48.975892],[2.487737,48.975902],[2.487728,48.975908],[2.487707,48.975922],[2.487693,48.975931],[2.487675,48.975942],[2.48765,48.975959],[2.487624,48.975975],[2.487589,48.975997],[2.487573,48.976008],[2.487555,48.976019],[2.487539,48.976029],[2.487529,48.976036],[2.487525,48.976038],[2.487514,48.976045],[2.487505,48.97605],[2.487488,48.976061],[2.487471,48.976071],[2.487455,48.976081],[2.487428,48.976097],[2.48741,48.976107],[2.487405,48.976111],[2.487396,48.976116],[2.487386,48.976122],[2.487383,48.976124],[2.487346,48.976145],[2.487325,48.976157],[2.487242,48.976204],[2.487201,48.976227],[2.487175,48.976241],[2.487164,48.976246],[2.487143,48.976258],[2.487132,48.976263],[2.4871,48.97628],[2.487058,48.976303],[2.487031,48.976317],[2.487018,48.976324],[2.486999,48.976333],[2.486966,48.976349],[2.486945,48.97636],[2.486934,48.976365],[2.486912,48.976376],[2.48689,48.976387],[2.486857,48.976403],[2.486839,48.976412],[2.486837,48.976413],[2.486837,48.976413],[2.48683,48.976416],[2.486808,48.976426],[2.486785,48.976436],[2.486774,48.976441],[2.486752,48.976452],[2.486741,48.976457],[2.486718,48.976467],[2.486707,48.976472],[2.486685,48.976483],[2.486673,48.976488],[2.486651,48.976498],[2.48665,48.976498],[2.486648,48.9765],[2.486623,48.97651],[2.4866,48.97652],[2.486577,48.97653],[2.486554,48.976539],[2.486531,48.976549],[2.486486,48.976569],[2.486463,48.976578],[2.486456,48.976581],[2.486446,48.976585],[2.486423,48.976594],[2.486399,48.976604],[2.486376,48.976613],[2.486364,48.976618],[2.486341,48.976627],[2.486329,48.976631],[2.486306,48.976641],[2.486282,48.97665],[2.48627,48.976655],[2.486264,48.976657],[2.486238,48.976667],[2.486218,48.976674],[2.486194,48.976683],[2.48617,48.976692],[2.486146,48.9767],[2.486134,48.976705],[2.48611,48.976714],[2.486098,48.976718],[2.486074,48.976727],[2.486068,48.976729],[2.486054,48.976734],[2.485997,48.976753],[2.485984,48.976757],[2.48596,48.976766],[2.485948,48.97677],[2.485936,48.976774],[2.485911,48.976782],[2.485875,48.976794],[2.485853,48.976802],[2.485845,48.976804],[2.485821,48.976812],[2.485796,48.976819],[2.485771,48.976827],[2.485734,48.976838],[2.485685,48.976854],[2.48566,48.976861],[2.48565,48.976864],[2.485635,48.976869],[2.485567,48.976888],[2.485554,48.976892],[2.485529,48.976899],[2.485516,48.976902],[2.485434,48.976925],[2.485432,48.976926],[2.485398,48.976935],[2.485385,48.976938],[2.485347,48.976948],[2.485321,48.976954],[2.485296,48.976961],[2.485258,48.976971],[2.485245,48.976974],[2.485219,48.97698],[2.485214,48.976982],[2.485188,48.976988],[2.485162,48.976994],[2.485149,48.976997],[2.485124,48.977002],[2.485111,48.977005],[2.485085,48.977011],[2.485072,48.977014],[2.485046,48.97702],[2.485002,48.97703],[2.485002,48.97703],[2.484989,48.977033],[2.484963,48.977039],[2.48495,48.977041],[2.484924,48.977047],[2.484911,48.977049],[2.484885,48.977055],[2.484859,48.97706],[2.484832,48.977065],[2.484819,48.977068],[2.484793,48.977073],[2.484784,48.977075],[2.484781,48.977076],[2.484748,48.977082],[2.484735,48.977084],[2.484709,48.977089],[2.484696,48.977091],[2.484643,48.977101],[2.484603,48.977108],[2.484561,48.977116],[2.484556,48.977117],[2.484553,48.977117],[2.484287,48.977178],[2.484045,48.977272]]]]}}]}