{
"type": "FeatureCollection",
"name": "rails",
"features": [
{"type":"Feature","properties":{"id":4075832,"name":"Ligne de Paris-Nord à Lille","ref":"272000","type":"rail"},"geometry":{"type":"LineString","coordinates":[[2.4245559,48.9990747],[2.4168612,48.9938034],[2.4113118,48.9906413]]}},
{"type":"Feature","properties":{"id":10426652,"name":"Ligne de Paris Saint-Lazare à Mantes par Conflans","ref":"334000","type":"rail"},"geometry":{"type":"LineString","coordinates":[[2.1220623,48.9987612],[2.1546172,48.9931999],[2.1575962,48.9923319],[2.1633041,48.9896494]]}},
{"type":"Feature","properties":{"id":10520747,"name":"334900","ref":"334900","type":"rail"},"geometry":{"type":"LineString","coordinates":[[2.2565451,48.9486359],[2.2571939,48.9479197]]}},
{"type":"Feature","properties":{"id":10525774,"name":"Ligne de Montsoult - Maffliers à Luzarches","ref":"315000","type":"rail"},"geometry":{"type":"LineString","coordinates":[[2.3322408,49.0706564],[2.3491891,49.0785509],[2.3519116,49.0802386]]}},
{"type":"Feature","properties":{"id":10525919,"name":"Ligne d'Épinay-Villetaneuse au Tréport-Mers","ref":"325000","type":"rail"},"geometry":{"type":"LineString","coordinates":[[2.3299415,49.0702372],[2.3320761,49.073072],[2.3322989,49.0740614],[2.3320912,49.0753131],[2.3315729,49.0762245],[2.3305703,49.077195],[2.3260667,49.0793876],[2.3244417,49.0808246],[2.323993,49.081669],[2.3238025,49.082751],[2.3244339,49.0852995],[2.3244147,49.0864713],[2.3240296,49.087439],[2.3230698,49.0885475]]}},
{"type":"Feature","properties":{"id":10526057,"name":"Ligne de Paris Saint-Lazare à Mantes par Conflans","ref":"334000","type":"rail"},"geometry":{"type":"LineString","coordinates":[[2.2063981,48.9616748],[2.2037785,48.9635608]]}},
{"type":"Feature","properties":{"id":10526380,"name":"Ligne de Conflans-Sainte-Honorine à Éragny-Neuville","ref":"336000","type":"rail"},"geometry":{"type":"LineString","coordinates":[[2.0881352,49.0160318],[2.0863806,49.0147807],[2.0860872,49.0142782]]}},
{"type":"Feature","properties":{"id":10526522,"name":"Ligne d'Achères à Pontoise","ref":"338000","type":"rail"},"geometry":{"type":"LineString","coordinates":[[2.0911479,49.0185443],[2.0881352,49.0160318]]}},
{"type":"Feature","properties":{"id":10526667,"name":"Ligne d'Achères à Pontoise","ref":"338000","type":"rail"},"geometry":{"type":"LineString","coordinates":[[2.0912364,49.0186856],[2.0981843,49.0250712]]}},
{"type":"Feature","properties":{"id":10526722,"name":"Raccordement d'Eragny","ref":"337300","type":"rail"},"geometry":{"type":"LineString","coordinates":[[2.0983594,49.0252423],[2.0992877,49.0260827]]}},
{"type":"Feature","properties":{"id":10573494,"name":"Raccordement de Val-Notre-Dame","ref":"334302","type":"rail"},"geometry":{"type":"LineString","coordinates":[[2.2349011,48.9507711],[2.228469,48.9499373]]}},
{"type":"Feature","properties":{"id":13871658,"name":"Ligne de Gonesse à Lille-Frontière (LGV)","ref":"226000","type":"rail"},"geometry":{"type":"LineString","coordinates":[[2.4687011,49.0165222],[2.4759316,49.0180598]]}},
{"type":"Feature","properties":{"id":13871659,"name":"Ligne de Gonesse à Lille-Frontière (LGV)","ref":"226000","type":"rail"},"geometry":{"type":"LineString","coordinates":[[2.4595777,49.014576],[2.4677756,49.0163248]]}},
{"type":"Feature","properties":{"id":13871661,"name":"Ligne de Paris-Nord à Lille","ref":"272000","type":"rail"},"geometry":{"type":"LineString","coordinates":[[2.4366018,49.0062534],[2.4314026,49.0031172]]}},
{"type":"Feature","properties":{"id":13880152,"name":"Ligne d'Aulnay-sous-Bois à Roissy 2-RER","ref":"76000","type":"rail"},"geometry":{"type":"LineString","coordinates":[[2.5182443,48.9944816],[2.5187819,48.9925859]]}},
{"type":"Feature","properties":{"id":13880166,"name":"Ligne d'Aulnay-sous-Bois à Roissy 2-RER","ref":"76000","type":"rail"},"geometry":{"type":"LineString","coordinates":[[2.518476,48.9957846],[2.5182443,48.9944816]]}},
{"type":"Feature","properties":{"id":13880174,"name":"Ligne d'Aulnay-sous-Bois à Roissy 2-RER","ref":"76000","type":"rail"},"geometry":{"type":"LineString","coordinates":[[2.5263347,49.0042551],[2.5260814,49.0040452]]}},
{"type":"Feature","properties":{"id":13880447,"name":"Ligne d'Aulnay-sous-Bois à Roissy 2-RER","ref":"76000","type":"rail"},"geometry":{"type":"LineString","coordinates":[[2.519111,48.9969454],[2.518476,48.9957846]]}},
{"type":"Feature","properties":{"id":13880448,"name":"Ligne d'Aulnay-sous-Bois à Roissy 2-RER","ref":"76000","type":"rail"},"geometry":{"type":"LineString","coordinates":[[2.5260814,49.0040452],[2.5236736,49.0012782],[2.519111,48.9969454]]}},
{"type":"Feature","properties":{"id":13892845,"name":"Ligne de Gonesse à Lille-Frontière (LGV)","ref":"226000","type":"rail"},"geometry":{"type":"LineString","coordinates":[[2.5036756,49.0281476],[2.504623,49.028658]]}},
{"type":"Feature","properties":{"id":13892850,"name":"Ligne de Gonesse à Lille-Frontière (LGV)","ref":"226000","type":"rail"},"geometry":{"type":"LineString","coordinates":[[2.500376,49.0263932],[2.5036756,49.0281476]]}},
{"type":"Feature","properties":{"id":13893089,"name":"Ligne de Gonesse à Lille-Frontière (LGV)","ref":"226000","type":"rail"},"geometry":{"type":"LineString","coordinates":[[2.5474472,49.0498678],[2.5481163,49.0501618]]}},
{"type":"Feature","properties":{"id":13893093,"name":"Ligne de Gonesse à Lille-Frontière (LGV)","ref":"226000","type":"rail"},"geometry":{"type":"LineString","coordinates":[[2.5268356,49.0405022],[2.5318512,49.0429594],[2.5468586,49.0496113]]}},
{"type":"Feature","properties":{"id":13967302,"name":"Ligne d'Aulnay-sous-Bois à Roissy 2-RER","ref":"76000","type":"rail"},"geometry":{"type":"LineString","coordinates":[[2.5187819,48.9925859],[2.5196377,48.9910379]]}},
{"type":"Feature","properties":{"id":16714083,"name":"Ligne de Paris Saint-Lazare à Mantes par Conflans","ref":"334000","type":"rail"},"geometry":{"type":"LineString","coordinates":[[2.1986965,48.9660412],[2.2036827,48.9636531]]}},
{"type":"Feature","properties":{"id":16714086,"name":"Ligne de Paris Saint-Lazare à Mantes par Conflans","ref":"334000","type":"rail"},"geometry":{"type":"LineString","coordinates":[[2.1985438,48.9661129],[2.1986965,48.9660412]]}},
{"type":"Feature","properties":{"id":18002648,"name":"Ligne de Paris Saint-Lazare à Mantes par Conflans","ref":"334000","type":"rail"},"geometry":{"type":"LineString","coordinates":[[2.2064323,48.9617005],[2.2066105,48.9615497]]}},
{"type":"Feature","properties":{"id":18060353,"name":"Ligne d'Ermont - Eaubonne à Valmondois","ref":"328000","type":"rail"},"geometry":{"type":"LineString","coordinates":[[2.1921111,49.0594057],[2.194867,49.0638925],[2.1961228,49.066962]]}},
{"type":"Feature","properties":{"id":19116883,"name":"Ligne de Paris-Nord à Lille","ref":"272000","type":"rail"},"geometry":{"type":"LineString","coordinates":[[2.4644232,49.02462],[2.4645021,49.0246691]]}},
{"type":"Feature","properties":{"id":19116884,"name":"Ligne de Paris-Nord à Lille","ref":"272000","type":"rail"},"geometry":{"type":"LineString","coordinates":[[2.4645021,49.0246691],[2.4766271,49.0324159]]}},
{"type":"Feature","properties":{"id":19617104,"name":"Ligne de Gonesse à Lille-Frontière (LGV)","ref":"226000","type":"rail"},"geometry":{"type":"LineString","coordinates":[[2.4993271,49.0258511],[2.500376,49.0263932]]}},
{"type":"Feature","properties":{"id":19617105,"name":"Ligne de Gonesse à Lille-Frontière (LGV)","ref":"226000","type":"rail"},"geometry":{"type":"LineString","coordinates":[[2.4759316,49.0180598],[2.4829556,49.0196794],[2.4888238,49.0214459],[2.4938229,49.0233241],[2.4993271,49.0258511]]}},
{"type":"Feature","properties":{"id":20948579,"name":"Raccordement d'interconnexion nord-sud (LGV)","ref":"226310","type":"rail"},"geometry":{"type":"LineString","coordinates":[[2.5663602,49.0407033],[2.5674014,49.0325394]]}},
{"type":"Feature","properties":{"id":21902823,"name":"Ligne d'Achères à Pontoise","ref":"338000","type":"rail"},"geometry":{"type":"LineString","coordinates":[[2.073337,49.0017438],[2.0734718,49.0027961]]}},
{"type":"Feature","properties":{"id":21902826,"name":"Ligne d'Achères à Pontoise","ref":"338000","type":"rail"},"geometry":{"type":"LineString","coordinates":[[2.078623,49.0107537],[2.0784633,49.0106592]]}},
{"type":"Feature","properties":{"id":21902827,"name":"Ligne d'Achères à Pontoise","ref":"338000","type":"rail"},"geometry":{"type":"LineString","coordinates":[[2.0784633,49.0106592],[2.0764457,49.0092019],[2.0748154,49.0072562],[2.0740786,49.0055891],[2.073527,49.002798]]}},
{"type":"Feature","properties":{"id":21902829,"name":"Ligne de la bifurcation de Neuville à Cergy-Préfecture","ref":"326000","type":"rail"},"geometry":{"type":"LineString","coordinates":[[2.0892635,49.0232048],[2.0881449,49.0220884],[2.0864412,49.0211357]]}},
{"type":"Feature","properties":{"id":21902831,"name":"Ligne de la bifurcation de Neuville à Cergy-Préfecture","ref":"326000","type":"rail"},"geometry":{"type":"LineString","coordinates":[[2.089546,49.0237273],[2.0909829,49.026448],[2.0912211,49.0282159],[2.0909492,49.0290822],[2.0902288,49.0301132],[2.0880714,49.031576]]}},
{"type":"Feature","properties":{"id":21902832,"name":"Ligne de la bifurcation de Neuville à Cergy-Préfecture","ref":"326000","type":"rail"},"geometry":{"type":"LineString","coordinates":[[2.0802173,49.0175937],[2.0864116,49.0211495]]}},
{"type":"Feature","properties":{"id":21902834,"name":"Ligne de la bifurcation de Neuville à Cergy-Préfecture","ref":"326000","type":"rail"},"geometry":{"type":"LineString","coordinates":[[2.0783412,49.0126832],[2.0782841,49.0147769]]}},
{"type":"Feature","properties":{"id":23278801,"name":"Ligne de Gonesse à Lille-Frontière (LGV)","ref":"226000","type":"rail"},"geometry":{"type":"LineString","coordinates":[[2.4593828,49.0145364],[2.4595777,49.014576]]}},
{"type":"Feature","properties":{"id":23278802,"name":"Ligne de Gonesse à Lille-Frontière (LGV)","ref":"226000","type":"rail"},"geometry":{"type":"LineString","coordinates":[[2.4448426,49.0097939],[2.4525619,49.0127829],[2.4593828,49.0145364]]}},
{"type":"Feature","properties":{"id":24040089,"name":"Ligne d'Épinay - Villetaneuse au Tréport - Mers","ref":"325000","type":"rail"},"geometry":{"type":"LineString","coordinates":[[2.2692625,49.1394509],[2.2685551,49.1402033]]}},
{"type":"Feature","properties":{"id":24049515,"name":"329000","ref":"329000","type":"rail"},"geometry":{"type":"LineString","coordinates":[[2.2747125,49.1465526],[2.2786776,49.1478463]]}},
{"type":"Feature","properties":{"id":24251810,"name":"Ligne de la bifurcation de Neuville à Cergy-Préfecture","ref":"326000","type":"rail"},"geometry":{"type":"LineString","coordinates":[[2.0629198,49.0469694],[2.0449625,49.0485692]]}},
{"type":"Feature","properties":{"id":25064025,"name":"Ligne de Saint-Denis à Dieppe","ref":"330000","type":"rail"},"geometry":{"type":"LineString","coordinates":[[2.3185568,48.9649607],[2.310384,48.9705327]]}},
{"type":"Feature","properties":{"id":26652131,"name":"Ligne de Saint-Denis à Dieppe","ref":"330000","type":"rail"},"geometry":{"type":"LineString","coordinates":[[2.0457117,49.0655135],[2.0415584,49.0664349],[2.0390258,49.0673666],[2.0364659,49.0689032],[2.0346425,49.0706615]]}},
{"type":"Feature","properties":{"id":26652132,"name":"Ligne de Saint-Denis à Dieppe","ref":"330000","type":"rail"},"geometry":{"type":"LineString","coordinates":[[2.0765753,49.053864],[2.0764702,49.0538987]]}},
{"type":"Feature","properties":{"id":27818053,"name":"Ligne de Paris-Saint-Lazare au Havre","ref":"340000","type":"rail"},"geometry":{"type":"LineString","coordinates":[[2.2004633,48.91308],[2.2023337,48.912169]]}},
{"type":"Feature","properties":{"id":27868940,"name":"Ligne d'Épinay-Villetaneuse au Tréport-Mers","ref":"325000","type":"rail"},"geometry":{"type":"LineString","coordinates":[[2.3251043,49.0672531],[2.3284175,49.068825]]}},
{"type":"Feature","properties":{"id":27923104,"name":"Ligne de Saint-Denis à Dieppe","ref":"330000","type":"rail"},"geometry":{"type":"LineString","coordinates":[[2.2922676,48.9794721],[2.2919275,48.9795436]]}},
{"type":"Feature","properties":{"id":27923105,"name":"Ligne de Saint-Denis à Dieppe","ref":"330000","type":"rail"},"geometry":{"type":"LineString","coordinates":[[2.2970348,48.9780976],[2.2922676,48.9794721]]}},
{"type":"Feature","properties":{"id":28915242,"name":"Ligne de Paris-Saint-Lazare au Havre","ref":"340000","type":"rail"},"geometry":{"type":"LineString","coordinates":[[2.2004257,48.9130977],[2.2004633,48.91308]]}},
{"type":"Feature","properties":{"id":29072473,"name":"Ligne de Paris Saint-Lazare à Mantes par Conflans","ref":"334000","type":"rail"},"geometry":{"type":"LineString","coordinates":[[2.2038039,48.9635869],[2.2064323,48.9617005]]}},
{"type":"Feature","properties":{"id":29072474,"name":"Ligne de Paris Saint-Lazare à Mantes par Conflans","ref":"334000","type":"rail"},"geometry":{"type":"LineString","coordinates":[[2.2036827,48.9636531],[2.2038039,48.9635869]]}},
{"type":"Feature","properties":{"id":31258975,"name":"Raccordement de Vémars","ref":"226301","type":"rail"},"geometry":{"type":"LineString","coordinates":[[2.5549606,49.0531827],[2.5587252,49.0544042],[2.5603935,49.0544402],[2.5619905,49.0541484],[2.5635338,49.053459],[2.5645691,49.0525623],[2.565103,49.0515982],[2.5652893,49.0500346]]}},
{"type":"Feature","properties":{"id":31259000,"name":"Raccordement d'Internconnexion Nord-Sud (LGV)","ref":"226310","type":"rail"},"geometry":{"type":"LineString","coordinates":[[2.5713297,49.0598381],[2.5703101,49.0589403],[2.568794,49.0572291],[2.5673883,49.0551512],[2.5664485,49.0532051],[2.5658079,49.051159],[2.5655096,49.0492098],[2.5658602,49.044274]]}},
{"type":"Feature","properties":{"id":31267608,"name":"Pont des Anglais","ref":"340000","type":"rail"},"geometry":{"type":"LineString","coordinates":[[2.2023337,48.912169],[2.2054661,48.9106441]]}},
{"type":"Feature","properties":{"id":31410416,"name":"Ligne de Paris-Nord à Lille","ref":"272000","type":"rail"},"geometry":{"type":"LineString","coordinates":[[2.4649854,49.0241914],[2.4622162,49.0223578],[2.4571358,49.0197709],[2.4470183,49.0134211]]}},
{"type":"Feature","properties":{"id":31410420,"name":"Ligne de Paris-Nord à Lille","ref":"272000","type":"rail"},"geometry":{"type":"LineString","coordinates":[[2.4366018,49.0062534],[2.437224,49.0067099]]}},
{"type":"Feature","properties":{"id":32139921,"name":"Ligne d'Épinay-Villetaneuse au Tréport-Mers","ref":"325000","type":"rail"},"geometry":{"type":"LineString","coordinates":[[2.3234438,49.0437261],[2.3233789,49.0438899]]}},
{"type":"Feature","properties":{"id":32139922,"name":"Ligne d'Épinay-Villetaneuse au Tréport-Mers","ref":"325000","type":"rail"},"geometry":{"type":"LineString","coordinates":[[2.3207862,49.0507611],[2.3205371,49.0519007],[2.3204517,49.0587587]]}},
{"type":"Feature","properties":{"id":33439060,"name":"Ligne de Montsoult - Maffliers à Luzarches","ref":"315000","type":"rail"},"geometry":{"type":"LineString","coordinates":[[2.3519116,49.0802386],[2.3534365,49.081797],[2.3563433,49.0860944],[2.3568813,49.0874854],[2.3574385,49.0903373]]}},
{"type":"Feature","properties":{"id":33439290,"name":"Ligne de Montsoult - Maffliers à Luzarches","ref":"315000","type":"rail"},"geometry":{"type":"LineString","coordinates":[[2.3653521,49.1145459],[2.3655163,49.1146655]]}},
{"type":"Feature","properties":{"id":33439291,"name":"Ligne de Montsoult - Maffliers à Luzarches","ref":"315000","type":"rail"},"geometry":{"type":"LineString","coordinates":[[2.3655163,49.1146655],[2.3693611,49.1174088],[2.3706121,49.1180444],[2.3726338,49.1185332],[2.3751895,49.1186278]]}},
{"type":"Feature","properties":{"id":33439782,"name":"Ligne de Montsoult - Maffliers à Luzarches","ref":"315000","type":"rail"},"geometry":{"type":"LineString","coordinates":[[2.3574385,49.0903373],[2.358182,49.0936849],[2.360244,49.0969074]]}},
{"type":"Feature","properties":{"id":33513029,"name":"Ligne de Pierrelaye à Creil","ref":"329000","type":"rail"},"geometry":{"type":"LineString","coordinates":[[2.281126,49.1487975],[2.2844517,49.1499376]]}},
{"type":"Feature","properties":{"id":33652902,"name":"Ligne d'Ermont - Eaubonne à Valmondois","ref":"328000","type":"rail"},"geometry":{"type":"LineString","coordinates":[[2.2470134,49.0117885],[2.2467267,49.0121059]]}},
{"type":"Feature","properties":{"id":33652903,"name":"Ligne d'Ermont - Eaubonne à Valmondois","ref":"328000","type":"rail"},"geometry":{"type":"LineString","coordinates":[[2.2454789,49.0132754],[2.2402668,49.0168578],[2.2266099,49.0230081]]}},
{"type":"Feature","properties":{"id":33741237,"name":"Ligne d'Épinay - Villetaneuse au Tréport - Mers","ref":"325000","type":"rail"},"geometry":{"type":"LineString","coordinates":[[2.2744979,49.1566985],[2.2710677,49.1572993]]}},
{"type":"Feature","properties":{"id":34184545,"name":"Ligne de Paris-Nord à Lille","ref":"272000","type":"rail"},"geometry":{"type":"LineString","coordinates":[[2.4591579,49.0212321],[2.4607023,49.0222172]]}},
{"type":"Feature","properties":{"id":35306099,"name":"Ligne d'Ermont - Eaubonne à Champ-de-Mars","ref":"962000","type":"rail"},"geometry":{"type":"LineString","coordinates":[[2.2798513,48.9661318],[2.280204,48.9658525]]}},
{"type":"Feature","properties":{"id":35306100,"name":"Ligne d'Ermont - Eaubonne à Champ-de-Mars","ref":"962000","type":"rail"},"geometry":{"type":"LineString","coordinates":[[2.2797449,48.9661422],[2.2787494,48.967365],[2.2783609,48.9687617],[2.2786425,48.9701571],[2.279689,48.971603]]}},
{"type":"Feature","properties":{"id":35425608,"name":"Ligne d'Ermont - Eaubonne à Valmondois","ref":"328000","type":"rail"},"geometry":{"type":"LineString","coordinates":[[2.203804,49.0846316],[2.2020916,49.0857697],[2.20114,49.086991],[2.2007871,49.0882396],[2.2011051,49.0896411]]}},
{"type":"Feature","properties":{"id":35425610,"name":"Ligne d'Ermont - Eaubonne à Valmondois","ref":"328000","type":"rail"},"geometry":{"type":"LineString","coordinates":[[2.2048885,49.0841197],[2.203804,49.0846316]]}},
{"type":"Feature","properties":{"id":35465352,"name":"Ligne d'Épinay-Villetaneuse au Tréport-Mers","ref":"325000","type":"rail"},"geometry":{"type":"LineString","coordinates":[[2.3268817,48.9592019],[2.3247276,48.960428],[2.3237411,48.9615287],[2.3233432,48.9632469],[2.3237827,48.9646681]]}},
{"type":"Feature","properties":{"id":35465371,"name":"Ligne de Saint-Denis à Dieppe","ref":"330000","type":"rail"},"geometry":{"type":"LineString","coordinates":[[2.3222865,48.9624183],[2.3187387,48.9648452]]}},
{"type":"Feature","properties":{"id":35465381,"name":"Ligne de Saint-Denis à Dieppe","ref":"330000","type":"rail"},"geometry":{"type":"LineString","coordinates":[[2.3187387,48.9648452],[2.3185568,48.9649607]]}},
{"type":"Feature","properties":{"id":35465536,"name":"Ligne de Saint-Denis à Dieppe","ref":"330000","type":"rail"},"geometry":{"type":"LineString","coordinates":[[2.326872,48.9593577],[2.327139,48.9591705]]}},
{"type":"Feature","properties":{"id":35570463,"name":"Ligne de Saint-Denis à Dieppe","ref":"330000","type":"rail"},"geometry":{"type":"LineString","coordinates":[[2.3010273,48.9764407],[2.3009105,48.976498]]}},
{"type":"Feature","properties":{"id":35570464,"name":"Ligne de Saint-Denis à Dieppe","ref":"330000","type":"rail"},"geometry":{"type":"LineString","coordinates":[[2.3082974,48.9719584],[2.3037922,48.974914],[2.3010273,48.9764407]]}},
{"type":"Feature","properties":{"id":37573910,"name":"Ligne de Paris Saint-Lazare à Mantes par Conflans","ref":"334000","type":"rail"},"geometry":{"type":"LineString","coordinates":[[2.1782852,48.9817538],[2.1792034,48.9810637]]}},
{"type":"Feature","properties":{"id":37573911,"name":"Ligne de Paris Saint-Lazare à Mantes par Conflans","ref":"334000","type":"rail"},"geometry":{"type":"LineString","coordinates":[[2.1795476,48.9807587],[2.1809845,48.97906]]}},
{"type":"Feature","properties":{"id":38498740,"name":"Ligne de la bifurcation de Neuville à Cergy-Préfecture","ref":"326000","type":"rail"},"geometry":{"type":"LineString","coordinates":[[2.0786578,49.0127369],[2.0787501,49.0115168],[2.0783934,49.0103961],[2.0776727,49.0094305],[2.075551,49.0077856],[2.0746596,49.0067629],[2.073527,49.002798]]}},
{"type":"Feature","properties":{"id":38498741,"name":"Ligne de la bifurcation de Neuville à Cergy-Préfecture","ref":"326000","type":"rail"},"geometry":{"type":"LineString","coordinates":[[2.013019,49.049217],[2.0117505,49.0483414]]}},
{"type":"Feature","properties":{"id":39363147,"name":"Ligne d'Achères à Pontoise","ref":"338000","type":"rail"},"geometry":{"type":"MultiLineString","coordinates":[[[2.0871677,49.0154639],[2.0853255,49.0144484]],[[2.0846623,49.0140828],[2.078623,49.0107537]]]}},
{"type":"Feature","properties":{"id":39643533,"name":"Ligne de Saint-Denis à Dieppe","ref":"330000","type":"rail"},"geometry":{"type":"LineString","coordinates":[[2.0346425,49.0706615],[2.0335268,49.0718897]]}},
{"type":"Feature","properties":{"id":39643534,"name":"Ligne de St Denis à Dieppe","ref":"330000","type":"rail"},"geometry":{"type":"LineString","coordinates":[[2.0335268,49.0718897],[2.0321026,49.0733186],[2.0303605,49.0743838],[2.0251045,49.075782]]}},
{"type":"Feature","properties":{"id":39702749,"name":"330000","ref":"330000","type":"rail"},"geometry":{"type":"LineString","coordinates":[[2.0278757,49.07519],[2.0239124,49.0759716]]}},
{"type":"Feature","properties":{"id":39899770,"name":"Ligne d'Ermont - Eaubonne à Valmondois","ref":"328000","type":"rail"},"geometry":{"type":"LineString","coordinates":[[2.2262889,49.0231538],[2.2186532,49.0267742],[2.2081637,49.0372969],[2.2066148,49.0383187],[2.1998136,49.0417521],[2.1981098,49.0430036],[2.1972292,49.0444555],[2.1967606,49.0483247],[2.1959591,49.0501434],[2.194485,49.0516958],[2.1912202,49.053776],[2.1904646,49.0547994],[2.1902426,49.055778],[2.1903831,49.0565996],[2.1921111,49.0594057]]}},
{"type":"Feature","properties":{"id":39899778,"name":"Ligne d'Ermont - Eaubonne à Valmondois","ref":"328000","type":"rail"},"geometry":{"type":"LineString","coordinates":[[2.2266099,49.0230081],[2.2262889,49.0231538]]}},
{"type":"Feature","properties":{"id":40979998,"name":"329000","ref":"329000","type":"rail"},"geometry":{"type":"LineString","coordinates":[[2.2729776,49.1460901],[2.2733826,49.1462274]]}},
{"type":"Feature","properties":{"id":41266270,"name":"Ligne de Paris-Nord à Lille","ref":"272000","type":"rail"},"geometry":{"type":"LineString","coordinates":[[2.4646649,49.0245748],[2.4645688,49.0245149]]}},
{"type":"Feature","properties":{"id":41266271,"name":"Ligne de Paris-Nord à Lille","ref":"272000","type":"rail"},"geometry":{"type":"LineString","coordinates":[[2.4850013,49.0376278],[2.4794635,49.0341186]]}},
{"type":"Feature","properties":{"id":41266272,"name":"Ligne de Paris-Nord à Lille","ref":"272000","type":"rail"},"geometry":{"type":"LineString","coordinates":[[2.4651114,49.0242905],[2.4649854,49.0241914]]}},
{"type":"Feature","properties":{"id":41523572,"name":"330000","ref":"330000","type":"rail"},"geometry":{"type":"LineString","coordinates":[[2.0990178,49.0459618],[2.0992305,49.0459204]]}},
{"type":"Feature","properties":{"id":41523581,"name":"330000","ref":"330000","type":"rail"},"geometry":{"type":"LineString","coordinates":[[2.0992957,49.0460212],[2.1001142,49.0458652]]}},
{"type":"Feature","properties":{"id":41523583,"name":"Ligne de Saint-Denis à Dieppe","ref":"330000","type":"rail"},"geometry":{"type":"LineString","coordinates":[[2.1012614,49.0457226],[2.1032423,49.045408]]}},
{"type":"Feature","properties":{"id":41523584,"name":"Ligne de St Denis à Dieppe","ref":"330000","type":"rail"},"geometry":{"type":"LineString","coordinates":[[2.101283,49.0457533],[2.1043345,49.0453689]]}},
{"type":"Feature","properties":{"id":41592545,"name":"Ligne de la bifurcation de Neuville à Cergy-Préfecture","ref":"326000","type":"rail"},"geometry":{"type":"LineString","coordinates":[[2.0138873,49.0497564],[2.013019,49.049217]]}},
{"type":"Feature","properties":{"id":41722734,"name":"Ligne de la bifurcation de Neuville à Cergy-Préfecture","ref":"326000","type":"rail"},"geometry":{"type":"LineString","coordinates":[[2.0858315,49.0327466],[2.0809599,49.0353508],[2.0787383,49.0368663]]}},
{"type":"Feature","properties":{"id":45730232,"name":"Ligne de St Denis à Dieppe","ref":"330000","type":"rail"},"geometry":{"type":"LineString","coordinates":[[1.938929,49.1392949],[1.9388028,49.1475893],[1.9399345,49.1508951],[1.9400631,49.1521958],[1.9393739,49.1540284],[1.9369512,49.1569201],[1.9363832,49.1588462]]}},
{"type":"Feature","properties":{"id":45730234,"name":"Ligne de St Denis à Dieppe","ref":"330000","type":"rail"},"geometry":{"type":"LineString","coordinates":[[1.9360728,49.1673407],[1.9358635,49.1680318]]}},
{"type":"Feature","properties":{"id":46991293,"name":"Ligne de Paris Saint-Lazare à Mantes par Conflans","ref":"334000","type":"rail"},"geometry":{"type":"LineString","coordinates":[[2.1810644,48.9789448],[2.1830712,48.9759111],[2.1866707,48.9726563]]}},
{"type":"Feature","properties":{"id":46991294,"name":"Ligne de Paris Saint-Lazare à Mantes par Conflans","ref":"334000","type":"rail"},"geometry":{"type":"LineString","coordinates":[[2.1809845,48.97906],[2.1810644,48.9789448]]}},
{"type":"Feature","properties":{"id":47039666,"name":"Ligne de Paris Saint-Lazare à Mantes par Conflans","ref":"334000","type":"rail"},"geometry":{"type":"LineString","coordinates":[[2.1868638,48.9724936],[2.1896401,48.9704186],[2.1949937,48.9677814]]}},
{"type":"Feature","properties":{"id":47039667,"name":"Ligne de Paris Saint-Lazare à Mantes par Conflans","ref":"334000","type":"rail"},"geometry":{"type":"LineString","coordinates":[[2.1866707,48.9726563],[2.1868638,48.9724936]]}},
{"type":"Feature","properties":{"id":47039668,"name":"Ligne de Paris Saint-Lazare à Mantes par Conflans","ref":"334000","type":"rail"},"geometry":{"type":"LineString","coordinates":[[2.1794329,48.9808739],[2.1795476,48.9807587]]}},
{"type":"Feature","properties":{"id":47039669,"name":"Ligne de Paris Saint-Lazare à Mantes par Conflans","ref":"334000","type":"rail"},"geometry":{"type":"LineString","coordinates":[[2.1792034,48.9810637],[2.1794329,48.9808739]]}},
{"type":"Feature","properties":{"id":47039859,"name":"Ligne de Paris Saint-Lazare à Mantes par Conflans","ref":"334000","type":"rail"},"geometry":{"type":"LineString","coordinates":[[2.1734874,48.9839621],[2.1761582,48.9829305],[2.1782852,48.9817538]]}},
{"type":"Feature","properties":{"id":47039860,"name":"Ligne de Paris Saint-Lazare à Mantes par Conflans","ref":"334000","type":"rail"},"geometry":{"type":"LineString","coordinates":[[2.1732685,48.9840288],[2.1734874,48.9839621]]}},
{"type":"Feature","properties":{"id":47073967,"name":"325000","ref":"325000","type":"rail"},"geometry":{"type":"LineString","coordinates":[[2.3204006,49.0628563],[2.3205495,49.0635924]]}},
{"type":"Feature","properties":{"id":47574861,"name":"Ligne d'Ermont - Eaubonne à Valmondois","ref":"328000","type":"rail"},"geometry":{"type":"LineString","coordinates":[[2.2062334,49.0832748],[2.2060941,49.0833901]]}},
{"type":"Feature","properties":{"id":47574862,"name":"Ligne d'Ermont - Eaubonne à Valmondois","ref":"328000","type":"rail"},"geometry":{"type":"LineString","coordinates":[[2.2060941,49.0833901],[2.2048885,49.0841197]]}},
{"type":"Feature","properties":{"id":50002725,"name":"Ligne de Gonesse à Lille-Frontière (LGV)","ref":"226000","type":"rail"},"geometry":{"type":"LineString","coordinates":[[2.5238919,49.0389355],[2.5239896,49.0389878]]}},
{"type":"Feature","properties":{"id":50002728,"name":"Ligne de Gonesse à Lille-Frontière (LGV)","ref":"226000","type":"rail"},"geometry":{"type":"LineString","coordinates":[[2.5074,49.0301407],[2.5238919,49.0389355]]}},
{"type":"Feature","properties":{"id":51750125,"name":"Voie ferrée","ref":"","type":"rail"},"geometry":{"type":"LineString","coordinates":[[2.1379751,49.0636772],[2.1416839,49.0637337],[2.1426936,49.0640136]]}},
{"type":"Feature","properties":{"id":51750126,"name":"Voie ferrée","ref":"","type":"rail"},"geometry":{"type":"LineString","coordinates":[[2.1459343,49.0644295],[2.1437915,49.0643582],[2.1419998,49.0638698],[2.1347063,49.0637997]]}},
{"type":"Feature","properties":{"id":51750127,"name":"Voie ferrée","ref":"","type":"rail"},"geometry":{"type":"LineString","coordinates":[[2.1437915,49.0643582],[2.1400995,49.0641771],[2.1385671,49.0644242]]}},
{"type":"Feature","properties":{"id":51750132,"name":"Voie ferrée","ref":"","type":"rail"},"geometry":{"type":"LineString","coordinates":[[2.1353662,49.0638061],[2.134121,49.0634899],[2.1329663,49.0626418]]}},
{"type":"Feature","properties":{"id":52244327,"name":"Ligne d'Épinay-Villetaneuse au Tréport-Mers","ref":"325000","type":"rail"},"geometry":{"type":"LineString","coordinates":[[2.2710364,49.1375496],[2.2692625,49.1394509]]}},
{"type":"Feature","properties":{"id":52244333,"name":"Ligne d'Épinay-Villetaneuse au Tréport-Mers","ref":"325000","type":"rail"},"geometry":{"type":"LineString","coordinates":[[2.2711811,49.1373967],[2.2710364,49.1375496]]}},
{"type":"Feature","properties":{"id":69558873,"name":"Voie ferrée","ref":"","type":"rail"},"geometry":{"type":"LineString","coordinates":[[2.2514845,48.9542133],[2.2482786,48.9553621],[2.2453335,48.9554197]]}},
{"type":"Feature","properties":{"id":70811415,"name":"Ligne de Saint-Denis à Dieppe","ref":"330000","type":"rail"},"geometry":{"type":"LineString","coordinates":[[2.3224719,48.9623387],[2.3237001,48.9615072]]}},
{"type":"Feature","properties":{"id":83796068,"name":"Ligne d'Épinay-Villetaneuse au Tréport-Mers","ref":"325000","type":"rail"},"geometry":{"type":"LineString","coordinates":[[2.368831,48.9989294],[2.3688251,48.9989833]]}},
{"type":"Feature","properties":{"id":83796070,"name":"Ligne d'Épinay-Villetaneuse au Tréport-Mers","ref":"325000","type":"rail"},"geometry":{"type":"LineString","coordinates":[[2.3688251,48.9989833],[2.368387,49.0006408]]}},
{"type":"Feature","properties":{"id":89149105,"name":"Ligne de Paris-Nord à Lille","ref":"272000","type":"rail"},"geometry":{"type":"LineString","coordinates":[[2.4620065,49.023092],[2.4636052,49.024105]]}},
{"type":"Feature","properties":{"id":89149107,"name":"272000","ref":"272000","type":"rail"},"geometry":{"type":"LineString","coordinates":[[2.4645448,49.0246505],[2.468489,49.0271887]]}},
{"type":"Feature","properties":{"id":89149116,"name":"272000","ref":"272000","type":"rail"},"geometry":{"type":"LineString","coordinates":[[2.4644614,49.0245968],[2.4645448,49.0246505]]}},
{"type":"Feature","properties":{"id":89149119,"name":"Ligne de Paris-Nord à Lille","ref":"272000","type":"rail"},"geometry":{"type":"LineString","coordinates":[[2.4645688,49.0245149],[2.4634582,49.0238134]]}},
{"type":"Feature","properties":{"id":89149122,"name":"Ligne de Paris-Nord à Lille","ref":"272000","type":"rail"},"geometry":{"type":"LineString","coordinates":[[2.4624552,49.0233281],[2.4643423,49.0245263]]}},
{"type":"Feature","properties":{"id":89149124,"name":"Ligne de Paris-Nord à Lille","ref":"272000","type":"rail"},"geometry":{"type":"LineString","coordinates":[[2.465089,49.0243253],[2.4687937,49.0272779],[2.4850393,49.0375918]]}},
{"type":"Feature","properties":{"id":89149131,"name":"272000","ref":"272000","type":"rail"},"geometry":{"type":"LineString","coordinates":[[2.4643423,49.0245263],[2.4644614,49.0245968]]}},
{"type":"Feature","properties":{"id":89149135,"name":"Ligne de Paris-Nord à Lille","ref":"272000","type":"rail"},"geometry":{"type":"LineString","coordinates":[[2.4649515,49.0242158],[2.465089,49.0243253]]}},
{"type":"Feature","properties":{"id":89149137,"name":"Ligne de Paris-Nord à Lille","ref":"272000","type":"rail"},"geometry":{"type":"LineString","coordinates":[[2.4634582,49.0238134],[2.4608741,49.0221751]]}},
{"type":"Feature","properties":{"id":89684129,"name":"Ligne de Paris-Nord à Lille","ref":"272000","type":"rail"},"geometry":{"type":"LineString","coordinates":[[2.4850648,49.0375594],[2.4688384,49.0272598],[2.4651114,49.0242905]]}},
{"type":"Feature","properties":{"id":89711752,"name":"Ligne de Paris-Nord à Lille","ref":"272000","type":"rail"},"geometry":{"type":"LineString","coordinates":[[2.4794635,49.0341186],[2.4767062,49.0323666]]}},
{"type":"Feature","properties":{"id":89711753,"name":"Ligne de Paris-Nord à Lille","ref":"272000","type":"rail"},"geometry":{"type":"LineString","coordinates":[[2.4766271,49.0324159],[2.4793852,49.0341593]]}},
{"type":"Feature","properties":{"id":89711754,"name":"Ligne de Paris-Nord à Lille","ref":"272000","type":"rail"},"geometry":{"type":"LineString","coordinates":[[2.4767062,49.0323666],[2.4646649,49.0245748]]}},
{"type":"Feature","properties":{"id":89711755,"name":"Ligne de Paris-Nord à Lille","ref":"272000","type":"rail"},"geometry":{"type":"LineString","coordinates":[[2.4793852,49.0341593],[2.4849756,49.0376564]]}},
{"type":"Feature","properties":{"id":93869344,"name":"Raccordement de Vémars","ref":"226301","type":"rail"},"geometry":{"type":"LineString","coordinates":[[2.5585241,49.0548382],[2.5588628,49.0548559]]}},
{"type":"Feature","properties":{"id":93869351,"name":"Raccordement de Vémars","ref":"226301","type":"rail"},"geometry":{"type":"LineString","coordinates":[[2.5588628,49.0548559],[2.5613557,49.0545848],[2.5634873,49.0536714],[2.5649098,49.052205],[2.5652886,49.0504697]]}},
{"type":"Feature","properties":{"id":100819746,"name":"Voie ferrée","ref":"","type":"rail"},"geometry":{"type":"LineString","coordinates":[[2.4510884,49.0165652],[2.4500059,49.0160536]]}},
{"type":"Feature","properties":{"id":100819747,"name":"Voie ferrée","ref":"","type":"rail"},"geometry":{"type":"LineString","coordinates":[[2.4465963,49.013964],[2.4500059,49.0160536]]}},
{"type":"Feature","properties":{"id":100819751,"name":"272000","ref":"272000","type":"rail"},"geometry":{"type":"LineString","coordinates":[[2.4634582,49.0238134],[2.4644485,49.0246078]]}},
{"type":"Feature","properties":{"id":100819752,"name":"Voie ferrée","ref":"","type":"rail"},"geometry":{"type":"LineString","coordinates":[[2.4551871,49.0186807],[2.4582905,49.0205739]]}},
{"type":"Feature","properties":{"id":100819759,"name":"Voie ferrée","ref":"","type":"rail"},"geometry":{"type":"LineString","coordinates":[[2.4500059,49.0160536],[2.4466616,49.0139301]]}},
{"type":"Feature","properties":{"id":100819764,"name":"Voie ferrée","ref":"","type":"rail"},"geometry":{"type":"LineString","coordinates":[[2.4546914,49.0186739],[2.4539134,49.0181794]]}},
{"type":"Feature","properties":{"id":100819765,"name":"Voie ferrée","ref":"","type":"rail"},"geometry":{"type":"LineString","coordinates":[[2.4601498,49.0214881],[2.4640528,49.0240438]]}},
{"type":"Feature","properties":{"id":100819766,"name":"Voie ferrée","ref":"","type":"rail"},"geometry":{"type":"LineString","coordinates":[[2.4523752,49.0172656],[2.4519784,49.0169514]]}},
{"type":"Feature","properties":{"id":100819769,"name":"272000","ref":"272000","type":"rail"},"geometry":{"type":"LineString","coordinates":[[2.4571077,49.0199336],[2.4579229,49.020497]]}},
{"type":"Feature","properties":{"id":100819772,"name":"Voie ferrée","ref":"","type":"rail"},"geometry":{"type":"LineString","coordinates":[[2.4601498,49.0214881],[2.4618207,49.0224259]]}},
{"type":"Feature","properties":{"id":100819774,"name":"Voie ferrée","ref":"","type":"rail"},"geometry":{"type":"LineString","coordinates":[[2.4552249,49.0186299],[2.4557957,49.019044]]}},
{"type":"Feature","properties":{"id":100819777,"name":"Voie ferrée","ref":"","type":"rail"},"geometry":{"type":"LineString","coordinates":[[2.4640528,49.0240438],[2.4644296,49.0243484]]}},
{"type":"Feature","properties":{"id":100819778,"name":"Voie ferrée","ref":"","type":"rail"},"geometry":{"type":"LineString","coordinates":[[2.4522249,49.0171714],[2.4518867,49.0169554]]}},
{"type":"Feature","properties":{"id":100819780,"name":"Voie ferrée","ref":"","type":"rail"},"geometry":{"type":"LineString","coordinates":[[2.4598287,49.0213323],[2.4601498,49.0214881]]}},
{"type":"Feature","properties":{"id":100819781,"name":"Voie ferrée","ref":"","type":"rail"},"geometry":{"type":"LineString","coordinates":[[2.4582905,49.0205739],[2.4618673,49.0222812]]}},
{"type":"Feature","properties":{"id":100819784,"name":"Voie ferrée","ref":"","type":"rail"},"geometry":{"type":"LineString","coordinates":[[2.4519784,49.0169514],[2.4539134,49.0181794]]}},
{"type":"Feature","properties":{"id":100819786,"name":"Voie ferrée","ref":"","type":"rail"},"geometry":{"type":"LineString","coordinates":[[2.4472786,49.0140395],[2.447835,49.0144559]]}},
{"type":"Feature","properties":{"id":100819791,"name":"272000","ref":"272000","type":"rail"},"geometry":{"type":"LineString","coordinates":[[2.4552841,49.0188234],[2.4556488,49.0190064]]}},
{"type":"Feature","properties":{"id":100819792,"name":"Voie ferrée","ref":"","type":"rail"},"geometry":{"type":"LineString","coordinates":[[2.4510884,49.0165652],[2.4467773,49.0138504]]}},
{"type":"Feature","properties":{"id":100819794,"name":"272000","ref":"272000","type":"rail"},"geometry":{"type":"LineString","coordinates":[[2.4535343,49.0175652],[2.4547494,49.0184357]]}},
{"type":"Feature","properties":{"id":100819800,"name":"Voie ferrée","ref":"","type":"rail"},"geometry":{"type":"LineString","coordinates":[[2.4515325,49.0167747],[2.4510884,49.0165652]]}},
{"type":"Feature","properties":{"id":100819801,"name":"Voie ferrée","ref":"","type":"rail"},"geometry":{"type":"LineString","coordinates":[[2.4538594,49.018312],[2.4523752,49.0172656]]}},
{"type":"Feature","properties":{"id":100819805,"name":"Voie ferrée","ref":"","type":"rail"},"geometry":{"type":"LineString","coordinates":[[2.4582905,49.0205739],[2.4587984,49.0208404]]}},
{"type":"Feature","properties":{"id":100819810,"name":"Voie ferrée","ref":"","type":"rail"},"geometry":{"type":"LineString","coordinates":[[2.4539134,49.0181794],[2.4552841,49.0188234]]}},
{"type":"Feature","properties":{"id":100819813,"name":"Ligne de Paris-Nord à Lille","ref":"272000","type":"rail"},"geometry":{"type":"LineString","coordinates":[[2.4172731,48.9946746],[2.4433643,49.0112592]]}},
{"type":"Feature","properties":{"id":100819822,"name":"Voie ferrée","ref":"","type":"rail"},"geometry":{"type":"LineString","coordinates":[[2.447835,49.0144559],[2.4468795,49.013856]]}},
{"type":"Feature","properties":{"id":100819825,"name":"Voie ferrée","ref":"","type":"rail"},"geometry":{"type":"LineString","coordinates":[[2.4556488,49.0190064],[2.4561689,49.0192818]]}},
{"type":"Feature","properties":{"id":100819829,"name":"Voie ferrée","ref":"","type":"rail"},"geometry":{"type":"LineString","coordinates":[[2.4518867,49.0169554],[2.4515325,49.0167747]]}},
{"type":"Feature","properties":{"id":100819830,"name":"Voie ferrée","ref":"","type":"rail"},"geometry":{"type":"LineString","coordinates":[[2.4633468,49.0236423],[2.4644793,49.0244601]]}},
{"type":"Feature","properties":{"id":100819834,"name":"Voie ferrée","ref":"","type":"rail"},"geometry":{"type":"LineString","coordinates":[[2.447835,49.0144559],[2.4515325,49.0167747]]}},
{"type":"Feature","properties":{"id":100819835,"name":"Voie ferrée","ref":"","type":"rail"},"geometry":{"type":"LineString","coordinates":[[2.4522249,49.0171714],[2.450213,49.0161959]]}},
{"type":"Feature","properties":{"id":100819836,"name":"Voie ferrée","ref":"","type":"rail"},"geometry":{"type":"LineString","coordinates":[[2.4587984,49.0208404],[2.4633468,49.0236423]]}},
{"type":"Feature","properties":{"id":100819838,"name":"Voie ferrée","ref":"","type":"rail"},"geometry":{"type":"LineString","coordinates":[[2.4539134,49.0181794],[2.4523752,49.0172656]]}},
{"type":"Feature","properties":{"id":100819841,"name":"Voie ferrée","ref":"","type":"rail"},"geometry":{"type":"LineString","coordinates":[[2.4587984,49.0208404],[2.4598287,49.0213323]]}},
{"type":"Feature","properties":{"id":100819845,"name":"Voie ferrée","ref":"","type":"rail"},"geometry":{"type":"LineString","coordinates":[[2.4518867,49.0169554],[2.4472786,49.0140395]]}},
{"type":"Feature","properties":{"id":100819846,"name":"Voie ferrée","ref":"","type":"rail"},"geometry":{"type":"LineString","coordinates":[[2.4469132,49.0138027],[2.4519784,49.0169514]]}},
{"type":"Feature","properties":{"id":100819848,"name":"Voie ferrée","ref":"","type":"rail"},"geometry":{"type":"LineString","coordinates":[[2.4598287,49.0213323],[2.4640528,49.0240438]]}},
{"type":"Feature","properties":{"id":100819850,"name":"Voie ferrée","ref":"","type":"rail"},"geometry":{"type":"LineString","coordinates":[[2.4523752,49.0172656],[2.4522249,49.0171714]]}},
{"type":"Feature","properties":{"id":102868620,"name":"Ligne de Paris-Nord à Lille","ref":"272000","type":"rail"},"geometry":{"type":"LineString","coordinates":[[2.5028229,49.0500783],[2.5008079,49.0486048]]}},
{"type":"Feature","properties":{"id":102868621,"name":"Ligne de Paris-Nord à Lille","ref":"272000","type":"rail"},"geometry":{"type":"LineString","coordinates":[[2.4854632,49.0378603],[2.4914738,49.0416909],[2.4962117,49.0451509]]}},
{"type":"Feature","properties":{"id":102868622,"name":"Ligne de Paris-Nord à Lille","ref":"272000","type":"rail"},"geometry":{"type":"LineString","coordinates":[[2.5030348,49.0499679],[2.5031528,49.0500536]]}},
{"type":"Feature","properties":{"id":102868623,"name":"Ligne de Paris-Nord à Lille","ref":"272000","type":"rail"},"geometry":{"type":"LineString","coordinates":[[2.5027819,49.0501017],[2.5029111,49.0501975]]}},
{"type":"Feature","properties":{"id":102868624,"name":"Ligne de Paris-Nord à Lille","ref":"272000","type":"rail"},"geometry":{"type":"LineString","coordinates":[[2.5030775,49.0499426],[2.4964293,49.0452618]]}},
{"type":"Feature","properties":{"id":102868625,"name":"Ligne de Paris-Nord à Lille","ref":"272000","type":"rail"},"geometry":{"type":"LineString","coordinates":[[2.4961282,49.0452076],[2.496302,49.045334]]}},
{"type":"Feature","properties":{"id":102868628,"name":"Ligne de Paris-Nord à Lille","ref":"272000","type":"rail"},"geometry":{"type":"LineString","coordinates":[[2.4961628,49.0451822],[2.4914201,49.0417146],[2.4854302,49.0378995]]}},
{"type":"Feature","properties":{"id":102868629,"name":"Ligne de Paris-Nord à Lille","ref":"272000","type":"rail"},"geometry":{"type":"LineString","coordinates":[[2.5031528,49.0500536],[2.5195464,49.0623584],[2.5210419,49.0638737],[2.5220034,49.0654721],[2.5225182,49.0675105],[2.5248519,49.0919864],[2.5259503,49.0979219],[2.5262326,49.1008979]]}},
{"type":"Feature","properties":{"id":102868630,"name":"Ligne de Paris-Nord à Lille","ref":"272000","type":"rail"},"geometry":{"type":"LineString","coordinates":[[2.502953,49.0501738],[2.5028229,49.0500783]]}},
{"type":"Feature","properties":{"id":102868632,"name":"Ligne de Paris-Nord à Lille","ref":"272000","type":"rail"},"geometry":{"type":"LineString","coordinates":[[2.4963368,49.0453115],[2.4961628,49.0451822]]}},
{"type":"Feature","properties":{"id":102868633,"name":"Ligne de Paris-Nord à Lille","ref":"272000","type":"rail"},"geometry":{"type":"LineString","coordinates":[[2.5034758,49.0505683],[2.502953,49.0501738]]}},
{"type":"Feature","properties":{"id":102868634,"name":"Ligne de Paris-Nord à Lille","ref":"272000","type":"rail"},"geometry":{"type":"LineString","coordinates":[[2.4962475,49.0451268],[2.4915379,49.041687],[2.4854854,49.037831]]}},
{"type":"Feature","properties":{"id":102868635,"name":"Ligne de Paris-Nord à Lille","ref":"272000","type":"rail"},"geometry":{"type":"LineString","coordinates":[[2.5008079,49.0486048],[2.4963368,49.0453115]]}},
{"type":"Feature","properties":{"id":102868637,"name":"Ligne de Paris-Nord à Lille","ref":"272000","type":"rail"},"geometry":{"type":"LineString","coordinates":[[2.4964293,49.0452618],[2.4962475,49.0451268]]}},
{"type":"Feature","properties":{"id":102868638,"name":"Ligne de Paris-Nord à Lille","ref":"272000","type":"rail"},"geometry":{"type":"LineString","coordinates":[[2.5263321,49.1008939],[2.5258581,49.0967387],[2.5248519,49.091564],[2.5242918,49.0852854],[2.5242553,49.0808665],[2.5236218,49.0780878],[2.5225679,49.0674808],[2.522204,49.0658412],[2.5212952,49.0641329],[2.5195934,49.062339],[2.5031944,49.050029]]}},
{"type":"Feature","properties":{"id":102868640,"name":"Ligne de Paris-Nord à Lille","ref":"272000","type":"rail"},"geometry":{"type":"LineString","coordinates":[[2.4854302,49.0378995],[2.4850013,49.0376278]]}},
{"type":"Feature","properties":{"id":102868642,"name":"Ligne de Paris-Nord à Lille","ref":"272000","type":"rail"},"geometry":{"type":"LineString","coordinates":[[2.4962117,49.0451509],[2.4963973,49.0452865]]}},
{"type":"Feature","properties":{"id":102868644,"name":"Ligne de Paris-Nord à Lille","ref":"272000","type":"rail"},"geometry":{"type":"LineString","coordinates":[[2.5029111,49.0501975],[2.5191909,49.0621888],[2.5207472,49.0636697],[2.5217923,49.0652815],[2.5223996,49.0675124],[2.5254185,49.0986933]]}},
{"type":"Feature","properties":{"id":102868645,"name":"Ligne de Paris-Nord à Lille","ref":"272000","type":"rail"},"geometry":{"type":"LineString","coordinates":[[2.4854854,49.037831],[2.4850648,49.0375594]]}},
{"type":"Feature","properties":{"id":102868646,"name":"Ligne de Paris-Nord à Lille","ref":"272000","type":"rail"},"geometry":{"type":"LineString","coordinates":[[2.496302,49.045334],[2.5001142,49.048144]]}},
{"type":"Feature","properties":{"id":102868648,"name":"Ligne de Paris-Nord à Lille","ref":"272000","type":"rail"},"geometry":{"type":"LineString","coordinates":[[2.4849756,49.0376564],[2.4853993,49.0379257]]}},
{"type":"Feature","properties":{"id":102868649,"name":"Ligne de Paris-Nord à Lille","ref":"272000","type":"rail"},"geometry":{"type":"LineString","coordinates":[[2.4963973,49.0452865],[2.5030348,49.0499679]]}},
{"type":"Feature","properties":{"id":102868650,"name":"Ligne de Paris-Nord à Lille","ref":"272000","type":"rail"},"geometry":{"type":"LineString","coordinates":[[2.4853993,49.0379257],[2.491398,49.0417481],[2.4961282,49.0452076]]}},
{"type":"Feature","properties":{"id":102868651,"name":"Ligne de Paris-Nord à Lille","ref":"272000","type":"rail"},"geometry":{"type":"LineString","coordinates":[[2.5001142,49.048144],[2.5027819,49.0501017]]}},
{"type":"Feature","properties":{"id":102868652,"name":"Ligne de Paris-Nord à Lille","ref":"272000","type":"rail"},"geometry":{"type":"LineString","coordinates":[[2.4850393,49.0375918],[2.4854632,49.0378603]]}},
{"type":"Feature","properties":{"id":102868653,"name":"Ligne de Paris-Nord à Lille","ref":"272000","type":"rail"},"geometry":{"type":"LineString","coordinates":[[2.5031944,49.050029],[2.5030775,49.0499426]]}},
{"type":"Feature","properties":{"id":105571917,"name":"Voie ferrée","ref":"","type":"rail"},"geometry":{"type":"LineString","coordinates":[[2.0962817,49.0461351],[2.0937872,49.0465992],[2.0921981,49.0472707]]}},
{"type":"Feature","properties":{"id":105571923,"name":"330000","ref":"330000","type":"rail"},"geometry":{"type":"LineString","coordinates":[[2.0983037,49.0460355],[2.0971097,49.0461927]]}},
{"type":"Feature","properties":{"id":105571924,"name":"330000","ref":"330000","type":"rail"},"geometry":{"type":"LineString","coordinates":[[2.0984759,49.0462584],[2.0974231,49.0464661]]}},
{"type":"Feature","properties":{"id":105571927,"name":"330000","ref":"330000","type":"rail"},"geometry":{"type":"LineString","coordinates":[[2.098451,49.0462186],[2.097437,49.0464985]]}},
{"type":"Feature","properties":{"id":105571929,"name":"Ligne de St Denis à Dieppe","ref":"330000","type":"rail"},"geometry":{"type":"LineString","coordinates":[[2.0992751,49.0459903],[2.0992058,49.0460028]]}},
{"type":"Feature","properties":{"id":105571940,"name":"Voie ferrée","ref":"","type":"rail"},"geometry":{"type":"LineString","coordinates":[[2.0922716,49.0472865],[2.0937523,49.0466611],[2.0962911,49.0461698]]}},
{"type":"Feature","properties":{"id":108511926,"name":"Voie ferrée","ref":"","type":"rail"},"geometry":{"type":"LineString","coordinates":[[2.5668944,49.0374207],[2.5668944,49.0371296]]}},
{"type":"Feature","properties":{"id":108511927,"name":"Ligne de Gonesse à Lille-Frontière (LGV)","ref":"226000","type":"rail"},"geometry":{"type":"LineString","coordinates":[[2.5481067,49.050207],[2.5492058,49.05069]]}},
{"type":"Feature","properties":{"id":108511929,"name":"226310","ref":"226310","type":"rail"},"geometry":{"type":"LineString","coordinates":[[2.5666792,49.0381635],[2.5668944,49.0371296]]}},
{"type":"Feature","properties":{"id":108511930,"name":"Raccordement d'interconnexion nord-sud (LGV)","ref":"226310","type":"rail"},"geometry":{"type":"LineString","coordinates":[[2.5659751,49.0432636],[2.5673405,49.0325268]]}},
{"type":"Feature","properties":{"id":108511933,"name":"Raccordement d'Internconnexion Nord-Sud (LGV)","ref":"226310","type":"rail"},"geometry":{"type":"LineString","coordinates":[[2.5716885,49.0590888],[2.5715914,49.0590131],[2.5690761,49.0563091],[2.5672166,49.0533658],[2.5660311,49.0500634],[2.5656885,49.0470631],[2.566032,49.0433231]]}},
{"type":"Feature","properties":{"id":108511935,"name":"Ligne de Gonesse à Lille-Frontière (LGV)","ref":"226000","type":"rail"},"geometry":{"type":"LineString","coordinates":[[2.5492058,49.05069],[2.5710628,49.0603582]]}},
{"type":"Feature","properties":{"id":108514911,"name":"Ligne de Paris-Nord à Lille","ref":"272000","type":"rail"},"geometry":{"type":"LineString","coordinates":[[2.4286263,49.0017849],[2.4431119,49.0109876]]}},
{"type":"Feature","properties":{"id":108514916,"name":"Ligne de Paris Nord à Lille","ref":"272000","type":"rail"},"geometry":{"type":"LineString","coordinates":[[2.4371458,49.006711],[2.4365247,49.0062559]]}},
{"type":"Feature","properties":{"id":108514921,"name":"Ligne de Paris Nord à Lille","ref":"272000","type":"rail"},"geometry":{"type":"LineString","coordinates":[[2.4377832,49.0071772],[2.4431119,49.0109876]]}},
{"type":"Feature","properties":{"id":108514924,"name":"Ligne de Gonesse à Lille-Frontière (LGV)","ref":"226000","type":"rail"},"geometry":{"type":"LineString","coordinates":[[2.4286263,49.0017849],[2.4338017,49.0049516],[2.436732,49.0064361]]}},
{"type":"Feature","properties":{"id":108514929,"name":"226000","ref":"226000","type":"rail"},"geometry":{"type":"LineString","coordinates":[[2.4407629,49.0081027],[2.4438705,49.0094367]]}},
{"type":"Feature","properties":{"id":108514930,"name":"Ligne de Paris-Nord à Lille","ref":"272000","type":"rail"},"geometry":{"type":"LineString","coordinates":[[2.4242837,48.9989779],[2.4254971,48.9997966]]}},
{"type":"Feature","properties":{"id":108514933,"name":"Ligne de Paris-Nord à Lille","ref":"272000","type":"rail"},"geometry":{"type":"LineString","coordinates":[[2.4396786,49.0085177],[2.4377832,49.0071772]]}},
{"type":"Feature","properties":{"id":108514936,"name":"Ligne de Paris Nord à Lille","ref":"272000","type":"rail"},"geometry":{"type":"LineString","coordinates":[[2.4264142,49.000332],[2.4365247,49.0062559]]}},
{"type":"Feature","properties":{"id":108514938,"name":"Ligne de Paris-Nord à Lille","ref":"272000","type":"rail"},"geometry":{"type":"LineString","coordinates":[[2.4111923,48.9906953],[2.4164345,48.9937287],[2.4254971,48.9997966]]}},
{"type":"Feature","properties":{"id":108517361,"name":"Ligne de Paris-Nord à Lille","ref":"272000","type":"rail"},"geometry":{"type":"LineString","coordinates":[[2.4120368,48.9913434],[2.4128408,48.9918099]]}},
{"type":"Feature","properties":{"id":108517362,"name":"272000","ref":"272000","type":"rail"},"geometry":{"type":"LineString","coordinates":[[2.4131789,48.9920268],[2.4145413,48.9928928]]}},
{"type":"Feature","properties":{"id":108517363,"name":"Ligne de Paris-Nord à Lille","ref":"272000","type":"rail"},"geometry":{"type":"LineString","coordinates":[[2.4144211,48.9927033],[2.4126025,48.9915987]]}},
{"type":"Feature","properties":{"id":108517364,"name":"Ligne de Paris-Nord à Lille","ref":"272000","type":"rail"},"geometry":{"type":"LineString","coordinates":[[2.4144211,48.9927033],[2.4131789,48.9920268]]}},
{"type":"Feature","properties":{"id":109859851,"name":"Ligne de Paris-Nord à Lille","ref":"272000","type":"rail"},"geometry":{"type":"LineString","coordinates":[[2.3983035,48.9822399],[2.4040814,48.9862838],[2.4120368,48.9913434]]}},
{"type":"Feature","properties":{"id":109859852,"name":"Ligne de Paris-Nord à Lille","ref":"272000","type":"rail"},"geometry":{"type":"LineString","coordinates":[[2.391025,48.9772343],[2.3958347,48.9805116]]}},
{"type":"Feature","properties":{"id":109859856,"name":"Ligne de Paris-Nord à Lille","ref":"272000","type":"rail"},"geometry":{"type":"LineString","coordinates":[[2.3825442,48.9712209],[2.3876368,48.9747598]]}},
{"type":"Feature","properties":{"id":109859858,"name":"Ligne de Paris-Nord à Lille","ref":"272000","type":"rail"},"geometry":{"type":"LineString","coordinates":[[2.4469846,49.0134462],[2.45711,49.0198042],[2.4621921,49.0223877],[2.4649515,49.0242158]]}},
{"type":"Feature","properties":{"id":109859859,"name":"Ligne de Paris-Nord à Lille","ref":"272000","type":"rail"},"geometry":{"type":"LineString","coordinates":[[2.3876368,48.9747598],[2.3902737,48.9766994]]}},
{"type":"Feature","properties":{"id":109859860,"name":"Ligne de Paris-Nord à Lille","ref":"272000","type":"rail"},"geometry":{"type":"LineString","coordinates":[[2.3983296,48.9822089],[2.3977944,48.9818345]]}},
{"type":"Feature","properties":{"id":109859861,"name":"Ligne de Paris-Nord à Lille","ref":"272000","type":"rail"},"geometry":{"type":"LineString","coordinates":[[2.3978398,48.9817977],[2.3983787,48.9821765]]}},
{"type":"Feature","properties":{"id":109859862,"name":"Ligne de Paris-Nord à Lille","ref":"272000","type":"rail"},"geometry":{"type":"LineString","coordinates":[[2.3905589,48.9765247],[2.3828679,48.9712019]]}},
{"type":"Feature","properties":{"id":109859864,"name":"Voie A","ref":"272000","type":"rail"},"geometry":{"type":"LineString","coordinates":[[2.4145413,48.9928928],[2.4173637,48.9946853]]}},
{"type":"Feature","properties":{"id":109859865,"name":"Ligne de Paris-Nord à Lille","ref":"272000","type":"rail"},"geometry":{"type":"LineString","coordinates":[[2.396602,48.9809335],[2.3978398,48.9817977]]}},
{"type":"Feature","properties":{"id":109859869,"name":"Ligne de Paris-Nord à Lille","ref":"272000","type":"rail"},"geometry":{"type":"LineString","coordinates":[[2.3826867,48.9712126],[2.3904247,48.9766037]]}},
{"type":"Feature","properties":{"id":109859871,"name":"Ligne de Paris-Nord à Lille","ref":"272000","type":"rail"},"geometry":{"type":"LineString","coordinates":[[2.3911365,48.9771703],[2.3903761,48.9766336]]}},
{"type":"Feature","properties":{"id":109859873,"name":"Ligne de Paris-Nord à Lille","ref":"272000","type":"rail"},"geometry":{"type":"LineString","coordinates":[[2.3966364,48.9809092],[2.3959623,48.9804344]]}},
{"type":"Feature","properties":{"id":109859875,"name":"Ligne de Paris-Nord à Lille","ref":"272000","type":"rail"},"geometry":{"type":"LineString","coordinates":[[2.3965068,48.9809815],[2.3977591,48.9818597]]}},
{"type":"Feature","properties":{"id":109859876,"name":"Ligne de Paris-Nord à Lille","ref":"272000","type":"rail"},"geometry":{"type":"LineString","coordinates":[[2.3984133,48.9821515],[2.3978527,48.9817743]]}},
{"type":"Feature","properties":{"id":109859877,"name":"Ligne de Paris-Nord à Lille","ref":"272000","type":"rail"},"geometry":{"type":"LineString","coordinates":[[2.4145045,48.9929141],[2.4172731,48.9946746]]}},
{"type":"Feature","properties":{"id":109859878,"name":"Ligne de Paris-Nord à Lille","ref":"272000","type":"rail"},"geometry":{"type":"LineString","coordinates":[[2.3968063,48.9809172],[2.3960407,48.9803854]]}},
{"type":"Feature","properties":{"id":109859879,"name":"Ligne de Paris-Nord à Lille","ref":"272000","type":"rail"},"geometry":{"type":"LineString","coordinates":[[2.3977591,48.9818597],[2.3983035,48.9822399]]}},
{"type":"Feature","properties":{"id":109859881,"name":"Ligne de Paris-Nord à Lille","ref":"272000","type":"rail"},"geometry":{"type":"LineString","coordinates":[[2.4174542,48.9945767],[2.4146709,48.992804]]}},
{"type":"Feature","properties":{"id":109859882,"name":"Ligne de Paris-Nord à Lille","ref":"272000","type":"rail"},"geometry":{"type":"LineString","coordinates":[[2.4433563,49.0112064],[2.4174542,48.9945767]]}},
{"type":"Feature","properties":{"id":109859884,"name":"Ligne de Paris-Nord à Lille","ref":"272000","type":"rail"},"geometry":{"type":"LineString","coordinates":[[2.3990214,48.9824689],[2.3979481,48.9817059]]}},
{"type":"Feature","properties":{"id":109859887,"name":"Ligne de Paris-Nord à Lille","ref":"272000","type":"rail"},"geometry":{"type":"LineString","coordinates":[[2.3983787,48.9821765],[2.4041451,48.9862099],[2.4111923,48.9906953]]}},
{"type":"Feature","properties":{"id":109859888,"name":"Ligne de Paris-Nord à Lille","ref":"272000","type":"rail"},"geometry":{"type":"LineString","coordinates":[[2.3979481,48.9817059],[2.3968063,48.9809172]]}},
{"type":"Feature","properties":{"id":109859890,"name":"Ligne de Paris-Nord à Lille","ref":"272000","type":"rail"},"geometry":{"type":"LineString","coordinates":[[2.3895796,48.9760771],[2.3826012,48.9712176]]}},
{"type":"Feature","properties":{"id":109859892,"name":"Ligne de Paris-Nord à Lille","ref":"272000","type":"rail"},"geometry":{"type":"LineString","coordinates":[[2.3977944,48.9818345],[2.3965533,48.9809653]]}},
{"type":"Feature","properties":{"id":109859893,"name":"Ligne de Paris-Nord à Lille","ref":"272000","type":"rail"},"geometry":{"type":"LineString","coordinates":[[2.4113118,48.9906413],[2.4044886,48.9863066],[2.3990214,48.9824689]]}},
{"type":"Feature","properties":{"id":109859895,"name":"Ligne de Paris-Nord à Lille","ref":"272000","type":"rail"},"geometry":{"type":"LineString","coordinates":[[2.3921573,48.9778841],[2.395869,48.9804856]]}},
{"type":"Feature","properties":{"id":109859896,"name":"Ligne de Paris-Nord à Lille","ref":"272000","type":"rail"},"geometry":{"type":"LineString","coordinates":[[2.3984133,48.9821515],[2.4044098,48.986339],[2.4164725,48.9937006],[2.4242837,48.9989779]]}},
{"type":"Feature","properties":{"id":109859899,"name":"Ligne de Paris-Nord à Lille","ref":"272000","type":"rail"},"geometry":{"type":"LineString","coordinates":[[2.3958347,48.9805116],[2.3965068,48.9809815]]}},
{"type":"Feature","properties":{"id":109859900,"name":"Ligne de Paris-Nord à Lille","ref":"272000","type":"rail"},"geometry":{"type":"LineString","coordinates":[[2.4126025,48.9915987],[2.4041142,48.9862565],[2.3983296,48.9822089]]}},
{"type":"Feature","properties":{"id":109859902,"name":"Voie B","ref":"272000","type":"rail"},"geometry":{"type":"LineString","coordinates":[[2.4146523,48.9928417],[2.4174371,48.9946107]]}},
{"type":"Feature","properties":{"id":109859903,"name":"Ligne de Paris-Nord à Lille","ref":"272000","type":"rail"},"geometry":{"type":"LineString","coordinates":[[2.3978527,48.9817743],[2.3966364,48.9809092]]}},
{"type":"Feature","properties":{"id":109859908,"name":"Ligne de Paris-Nord à Lille","ref":"272000","type":"rail"},"geometry":{"type":"LineString","coordinates":[[2.3965533,48.9809653],[2.395869,48.9804856]]}},
{"type":"Feature","properties":{"id":109859909,"name":"Ligne de Paris-Nord à Lille","ref":"272000","type":"rail"},"geometry":{"type":"LineString","coordinates":[[2.3959269,48.9804627],[2.396602,48.9809335]]}},
{"type":"Feature","properties":{"id":119161062,"name":"Ligne d'Ermont-Eaubonne à Champ-de-Mars","ref":"330000","type":"rail"},"geometry":{"type":"LineString","coordinates":[[2.2702852,48.9806728],[2.267294,48.9813384],[2.2620706,48.9832483]]}},
{"type":"Feature","properties":{"id":119172842,"name":"Voie ferrée","ref":"","type":"rail"},"geometry":{"type":"LineString","coordinates":[[2.2426688,48.9545197],[2.2444394,48.9550749],[2.2472326,48.9551824],[2.2496686,48.954676]]}},
{"type":"Feature","properties":{"id":119172843,"name":"Voie ferrée","ref":"","type":"rail"},"geometry":{"type":"LineString","coordinates":[[2.2528332,48.9541787],[2.2513344,48.9550298],[2.2493278,48.9555675]]}},
{"type":"Feature","properties":{"id":119172845,"name":"Voie ferrée","ref":"","type":"rail"},"geometry":{"type":"LineString","coordinates":[[2.2452612,48.9544153],[2.249148,48.9545053]]}},
{"type":"Feature","properties":{"id":119172849,"name":"Voie ferrée","ref":"","type":"rail"},"geometry":{"type":"LineString","coordinates":[[2.2459693,48.953894],[2.2488968,48.9544911],[2.2511282,48.9542112]]}},
{"type":"Feature","properties":{"id":119172850,"name":"Voie ferrée","ref":"","type":"rail"},"geometry":{"type":"LineString","coordinates":[[2.2492063,48.9556],[2.2512995,48.9549916],[2.2527835,48.9541479]]}},
{"type":"Feature","properties":{"id":119172854,"name":"Voie ferrée","ref":"","type":"rail"},"geometry":{"type":"LineString","coordinates":[[2.2348674,48.9512291],[2.2439563,48.9552381],[2.2466616,48.9558598]]}},
{"type":"Feature","properties":{"id":119172856,"name":"Voie ferrée","ref":"","type":"rail"},"geometry":{"type":"LineString","coordinates":[[2.24754,48.9558333],[2.2503063,48.9555496],[2.2530195,48.9542942]]}},
{"type":"Feature","properties":{"id":119172859,"name":"Voie ferrée","ref":"","type":"rail"},"geometry":{"type":"LineString","coordinates":[[2.2526041,48.9540367],[2.2498721,48.9553701]]}},
{"type":"Feature","properties":{"id":119172861,"name":"Voie ferrée","ref":"","type":"rail"},"geometry":{"type":"LineString","coordinates":[[2.2529272,48.954237],[2.2509373,48.9552658],[2.2485509,48.9557344]]}},
{"type":"Feature","properties":{"id":119172865,"name":"Voie ferrée","ref":"","type":"rail"},"geometry":{"type":"LineString","coordinates":[[2.2400226,48.9536422],[2.2444591,48.9550301],[2.2478247,48.9551167],[2.2497985,48.9546321]]}},
{"type":"Feature","properties":{"id":119172869,"name":"Voie ferrée","ref":"","type":"rail"},"geometry":{"type":"LineString","coordinates":[[2.2526546,48.9530702],[2.2527459,48.9529835]]}},
{"type":"Feature","properties":{"id":119172872,"name":"Voie ferrée","ref":"","type":"rail"},"geometry":{"type":"LineString","coordinates":[[2.2520924,48.9537739],[2.2508658,48.9546224],[2.2484308,48.9554582],[2.2462185,48.95555],[2.2445276,48.9553519]]}},
{"type":"Feature","properties":{"id":119172876,"name":"Voie ferrée","ref":"","type":"rail"},"geometry":{"type":"LineString","coordinates":[[2.2520924,48.9537739],[2.2508226,48.9548213],[2.2482988,48.9556563],[2.2461544,48.9557112],[2.2439865,48.9552004]]}},
{"type":"Feature","properties":{"id":119172881,"name":"Voie ferrée","ref":"","type":"rail"},"geometry":{"type":"LineString","coordinates":[[2.2498721,48.9553701],[2.2526511,48.9540658]]}},
{"type":"Feature","properties":{"id":119172884,"name":"Voie ferrée","ref":"","type":"rail"},"geometry":{"type":"LineString","coordinates":[[2.250925,48.9548743],[2.2525246,48.9539875]]}},
{"type":"Feature","properties":{"id":119172886,"name":"Voie ferrée","ref":"","type":"rail"},"geometry":{"type":"LineString","coordinates":[[2.2451662,48.9556088],[2.2483932,48.9556839],[2.2516156,48.9544085]]}},
{"type":"Feature","properties":{"id":119172888,"name":"Voie ferrée","ref":"","type":"rail"},"geometry":{"type":"LineString","coordinates":[[2.2496509,48.9554859],[2.2526994,48.9540958]]}},
{"type":"Feature","properties":{"id":119172896,"name":"Voie ferrée","ref":"","type":"rail"},"geometry":{"type":"LineString","coordinates":[[2.2528814,48.9542086],[2.2513684,48.9550601],[2.2489278,48.9556911]]}},
{"type":"Feature","properties":{"id":119172897,"name":"Voie ferrée","ref":"","type":"rail"},"geometry":{"type":"LineString","coordinates":[[2.2499459,48.9554181],[2.2527408,48.9541214]]}},
{"type":"Feature","properties":{"id":119172904,"name":"Voie ferrée","ref":"","type":"rail"},"geometry":{"type":"LineString","coordinates":[[2.2466616,48.9558598],[2.2489112,48.955678],[2.2500637,48.9552854],[2.2516156,48.9544085],[2.2526546,48.9530702]]}},
{"type":"Feature","properties":{"id":119172907,"name":"Voie ferrée","ref":"","type":"rail"},"geometry":{"type":"LineString","coordinates":[[2.247084,48.9558527],[2.2503251,48.9555849],[2.2519517,48.9549974],[2.2530595,48.954319]]}},
{"type":"Feature","properties":{"id":119207745,"name":"Ligne de Paris St Lazare à Ermont-Eaubonne","ref":"334900","type":"rail"},"geometry":{"type":"LineString","coordinates":[[2.263324,48.9659047],[2.2632362,48.9657434]]}},
{"type":"Feature","properties":{"id":121093620,"name":"Ligne de la Grande Ceinture de Paris","ref":"990000","type":"rail"},"geometry":{"type":"MultiLineString","coordinates":[[[2.336349,48.9596894],[2.3327834,48.9594828],[2.3286422,48.9589346]],[[2.3264196,48.9587587],[2.3213352,48.9589848],[2.3192624,48.9588246]]]}},
{"type":"Feature","properties":{"id":121498479,"name":"330000","ref":"330000","type":"rail"},"geometry":{"type":"LineString","coordinates":[[2.0933587,49.0470853],[2.091953,49.0475291]]}},
{"type":"Feature","properties":{"id":121498480,"name":"Ligne de St Denis à Dieppe","ref":"330000","type":"rail"},"geometry":{"type":"LineString","coordinates":[[2.0933869,49.0471643],[2.091953,49.0475291]]}},
{"type":"Feature","properties":{"id":121498482,"name":"330000","ref":"330000","type":"rail"},"geometry":{"type":"LineString","coordinates":[[2.0992957,49.0460212],[2.0992173,49.0460365]]}},
{"type":"Feature","properties":{"id":121498483,"name":"Ligne de St Denis à Dieppe","ref":"330000","type":"rail"},"geometry":{"type":"LineString","coordinates":[[2.0992058,49.0460028],[2.0973592,49.0463676]]}},
{"type":"Feature","properties":{"id":121498492,"name":"Ligne de St Denis à Dieppe","ref":"330000","type":"rail"},"geometry":{"type":"LineString","coordinates":[[2.0934605,49.0473101],[2.0965494,49.046704]]}},
{"type":"Feature","properties":{"id":121498495,"name":"Ligne de St Denis à Dieppe","ref":"330000","type":"rail"},"geometry":{"type":"LineString","coordinates":[[2.0964753,49.0465436],[2.0933869,49.0471643]]}},
{"type":"Feature","properties":{"id":121498496,"name":"330000","ref":"330000","type":"rail"},"geometry":{"type":"LineString","coordinates":[[2.0964118,49.0464163],[2.0933286,49.0470562]]}},
{"type":"Feature","properties":{"id":121498497,"name":"330000","ref":"330000","type":"rail"},"geometry":{"type":"LineString","coordinates":[[2.0963821,49.0463342],[2.0933058,49.0469789]]}},
{"type":"Feature","properties":{"id":121498498,"name":"330000","ref":"330000","type":"rail"},"geometry":{"type":"LineString","coordinates":[[2.0963565,49.0462976],[2.0933056,49.0469351]]}},
{"type":"Feature","properties":{"id":121498499,"name":"330000","ref":"330000","type":"rail"},"geometry":{"type":"LineString","coordinates":[[2.0963226,49.0462124],[2.0932437,49.0468669]]}},
{"type":"Feature","properties":{"id":121498628,"name":"330000","ref":"330000","type":"rail"},"geometry":{"type":"LineString","coordinates":[[2.091883,49.0474571],[2.090812,49.0477619]]}},
{"type":"Feature","properties":{"id":121498632,"name":"330000","ref":"330000","type":"rail"},"geometry":{"type":"LineString","coordinates":[[2.0990178,49.0459618],[2.0980776,49.0461024]]}},
{"type":"Feature","properties":{"id":121498634,"name":"330000","ref":"330000","type":"rail"},"geometry":{"type":"LineString","coordinates":[[2.0984356,49.04619],[2.0931038,49.0472779]]}},
{"type":"Feature","properties":{"id":121498638,"name":"330000","ref":"330000","type":"rail"},"geometry":{"type":"LineString","coordinates":[[2.0983037,49.0460355],[2.0963226,49.0462124]]}},
{"type":"Feature","properties":{"id":121498639,"name":"330000","ref":"330000","type":"rail"},"geometry":{"type":"LineString","coordinates":[[2.0989024,49.0459476],[2.0980776,49.0461024]]}},
{"type":"Feature","properties":{"id":121498640,"name":"Ligne de Saint-Denis à Dieppe","ref":"330000","type":"rail"},"geometry":{"type":"LineString","coordinates":[[2.0958946,49.0469091],[2.0980306,49.0464493]]}},
{"type":"Feature","properties":{"id":121498641,"name":"330000","ref":"330000","type":"rail"},"geometry":{"type":"LineString","coordinates":[[2.0979447,49.0461207],[2.0971097,49.0461927]]}},
{"type":"Feature","properties":{"id":121498645,"name":"330000","ref":"330000","type":"rail"},"geometry":{"type":"LineString","coordinates":[[2.0973714,49.046259],[2.0964118,49.0464163]]}},
{"type":"Feature","properties":{"id":121498647,"name":"Ligne de St Denis à Dieppe","ref":"330000","type":"rail"},"geometry":{"type":"LineString","coordinates":[[2.0908213,49.047793],[2.0934605,49.0473101]]}},
{"type":"Feature","properties":{"id":121498648,"name":"330000","ref":"330000","type":"rail"},"geometry":{"type":"LineString","coordinates":[[2.0933056,49.0469351],[2.091883,49.0474571]]}},
{"type":"Feature","properties":{"id":121498649,"name":"330000","ref":"330000","type":"rail"},"geometry":{"type":"LineString","coordinates":[[2.0933286,49.0470562],[2.0919407,49.0475103]]}},
{"type":"Feature","properties":{"id":121498665,"name":"330000","ref":"330000","type":"rail"},"geometry":{"type":"LineString","coordinates":[[2.0933058,49.0469789],[2.0919407,49.0475103]]}},
{"type":"Feature","properties":{"id":121499560,"name":"Ligne de Saint-Denis à Dieppe","ref":"330000","type":"rail"},"geometry":{"type":"LineString","coordinates":[[2.0993622,49.0461238],[2.1012373,49.0457625]]}},
{"type":"Feature","properties":{"id":121499561,"name":"Ligne de St Denis à Dieppe","ref":"330000","type":"rail"},"geometry":{"type":"LineString","coordinates":[[2.0993414,49.0460943],[2.1012614,49.0457226]]}},
{"type":"Feature","properties":{"id":121499563,"name":"Ligne de Saint-Denis à Dieppe","ref":"330000","type":"rail"},"geometry":{"type":"LineString","coordinates":[[2.1011592,49.0456281],[2.1001045,49.0458327]]}},
{"type":"Feature","properties":{"id":121499564,"name":"330000","ref":"330000","type":"rail"},"geometry":{"type":"LineString","coordinates":[[2.099213,49.0458893],[2.0983037,49.0460355]]}},
{"type":"Feature","properties":{"id":121499565,"name":"330000","ref":"330000","type":"rail"},"geometry":{"type":"LineString","coordinates":[[2.0990178,49.0459618],[2.0973714,49.046259]]}},
{"type":"Feature","properties":{"id":121499566,"name":"Ligne de St Denis à Dieppe","ref":"330000","type":"rail"},"geometry":{"type":"LineString","coordinates":[[2.0965494,49.046704],[2.0993414,49.0460943]]}},
{"type":"Feature","properties":{"id":126059097,"name":"328000","ref":"328000","type":"rail"},"geometry":{"type":"LineString","coordinates":[[2.2009008,49.0877919],[2.2010418,49.0888475],[2.2024072,49.0914651]]}},
{"type":"Feature","properties":{"id":126059098,"name":"Voie ferrée","ref":"","type":"rail"},"geometry":{"type":"LineString","coordinates":[[2.2010053,49.0878696],[2.2010418,49.0888475]]}},
{"type":"Feature","properties":{"id":126059099,"name":"328000","ref":"328000","type":"rail"},"geometry":{"type":"LineString","coordinates":[[2.2010418,49.0888475],[2.2022371,49.0914994]]}},
{"type":"Feature","properties":{"id":126059100,"name":"328000","ref":"328000","type":"rail"},"geometry":{"type":"LineString","coordinates":[[2.2011461,49.0890866],[2.2022945,49.0914884]]}},
{"type":"Feature","properties":{"id":128223858,"name":"Garage G3","ref":"","type":"rail"},"geometry":{"type":"LineString","coordinates":[[2.0377414,49.0492869],[2.0413725,49.0488715]]}},
{"type":"Feature","properties":{"id":128223860,"name":"Cergy le Haut Tiroirs - Voie 8","ref":"326000","type":"rail"},"geometry":{"type":"LineString","coordinates":[[2.0093991,49.0468455],[2.0076989,49.04534]]}},
{"type":"Feature","properties":{"id":128223863,"name":"326000","ref":"326000","type":"rail"},"geometry":{"type":"LineString","coordinates":[[2.0091537,49.0465469],[2.0085878,49.0461642]]}},
{"type":"Feature","properties":{"id":128223871,"name":"Cergy le Haut Tiroirs - Voie 6","ref":"326000","type":"rail"},"geometry":{"type":"LineString","coordinates":[[2.0068884,49.0434315],[2.0074395,49.044853],[2.0085878,49.0461642]]}},
{"type":"Feature","properties":{"id":128223872,"name":"Ligne de la bifurcation de Neuville à Cergy-Préfecture","ref":"326000","type":"rail"},"geometry":{"type":"LineString","coordinates":[[2.0163248,49.0507268],[2.0153654,49.0504094]]}},
{"type":"Feature","properties":{"id":128223873,"name":"Ligne de la bifurcation de Neuville à Cergy-Préfecture","ref":"326000","type":"rail"},"geometry":{"type":"LineString","coordinates":[[2.0138241,49.049802],[2.0147238,49.0502036]]}},
{"type":"Feature","properties":{"id":128223875,"name":"Ligne de la bifurcation de Neuville à Cergy","ref":"326000","type":"rail"},"geometry":{"type":"LineString","coordinates":[[2.0174625,49.0509095],[2.016469,49.0507623]]}},
{"type":"Feature","properties":{"id":128223877,"name":"RER A - Ligne de Neuville à Cergy","ref":"326000","type":"rail"},"geometry":{"type":"LineString","coordinates":[[2.0138544,49.0497812],[2.0147238,49.0502036]]}},
{"type":"Feature","properties":{"id":128223878,"name":"Ligne de la bifurcation de Neuville à Cergy-Préfecture","ref":"326000","type":"rail"},"geometry":{"type":"LineString","coordinates":[[2.0129878,49.0492378],[2.0138544,49.0497812]]}},
{"type":"Feature","properties":{"id":128223880,"name":"Ligne de la bifurcation de Neuville à Cergy-Préfecture","ref":"326000","type":"rail"},"geometry":{"type":"LineString","coordinates":[[2.0116121,49.0484376],[2.0138241,49.049802]]}},
{"type":"Feature","properties":{"id":128223882,"name":"Ligne de la bifurcation de Neuville à Cergy-Préfecture","ref":"326000","type":"rail"},"geometry":{"type":"LineString","coordinates":[[2.0147238,49.0502036],[2.0171262,49.0508917],[2.0197329,49.0510606],[2.0327492,49.0498145]]}},
{"type":"Feature","properties":{"id":128223887,"name":"Ligne de la bifurcation de Neuville à Cergy-Préfecture","ref":"326000","type":"rail"},"geometry":{"type":"LineString","coordinates":[[2.0629255,49.0470031],[2.0667916,49.0462159],[2.0689264,49.0452718],[2.0700547,49.044389],[2.0730445,49.0411735],[2.0803474,49.0359846]]}},
{"type":"Feature","properties":{"id":128223889,"name":"Garage G4","ref":"","type":"rail"},"geometry":{"type":"LineString","coordinates":[[2.0377476,49.0493183],[2.0414183,49.0490018]]}},
{"type":"Feature","properties":{"id":128240020,"name":"Ligne d'Achères à Pontoise","ref":"338000","type":"rail"},"geometry":{"type":"LineString","coordinates":[[2.078488,49.010714],[2.0786354,49.0108039]]}},
{"type":"Feature","properties":{"id":128240041,"name":"Ligne de la bifurcation de Neuville à Cergy-Préfecture","ref":"326000","type":"rail"},"geometry":{"type":"LineString","coordinates":[[2.0864412,49.0211357],[2.0802289,49.0175623]]}},
{"type":"Feature","properties":{"id":128240042,"name":"Ligne d'Achères à Pontoise","ref":"338000","type":"rail"},"geometry":{"type":"LineString","coordinates":[[2.0734718,49.0027961],[2.0740729,49.005738],[2.074846,49.0073937],[2.0764875,49.0092974],[2.078488,49.010714]]}},
{"type":"Feature","properties":{"id":128240043,"name":"Ligne de la bifurcation de Neuville à Cergy-Préfecture","ref":"326000","type":"rail"},"geometry":{"type":"LineString","coordinates":[[2.0881143,49.0316041],[2.0902514,49.0301539],[2.0909492,49.0291855],[2.0912705,49.0282265],[2.0910244,49.0264331],[2.089595,49.0237165]]}},
{"type":"Feature","properties":{"id":128240044,"name":"Ligne de Conflans-Sainte-Honorine à Éragny-Neuville","ref":"336000","type":"rail"},"geometry":{"type":"LineString","coordinates":[[2.0860198,49.0142933],[2.086671,49.0150894]]}},
{"type":"Feature","properties":{"id":128240045,"name":"Ligne de la bifurcation de Neuville à Cergy-Préfecture","ref":"326000","type":"rail"},"geometry":{"type":"LineString","coordinates":[[2.0802289,49.0175623],[2.0788736,49.0162238],[2.0783356,49.0147842]]}},
{"type":"Feature","properties":{"id":130218676,"name":"Ligne de Montsoult - Maffliers à Luzarches","ref":"315000","type":"rail"},"geometry":{"type":"LineString","coordinates":[[2.3980096,49.1188791],[2.4011041,49.11897],[2.4038754,49.1184168]]}},
{"type":"Feature","properties":{"id":130218681,"name":"Ligne de Montsoult - Maffliers à Luzarches","ref":"315000","type":"rail"},"geometry":{"type":"LineString","coordinates":[[2.3751895,49.1186278],[2.3754139,49.1186331]]}},
{"type":"Feature","properties":{"id":130218682,"name":"Ligne de Montsoult - Maffliers à Luzarches","ref":"315000","type":"rail"},"geometry":{"type":"LineString","coordinates":[[2.3978476,49.1188533],[2.3980096,49.1188791]]}},
{"type":"Feature","properties":{"id":130218685,"name":"Ligne de Montsoult - Maffliers à Luzarches","ref":"315000","type":"rail"},"geometry":{"type":"LineString","coordinates":[[2.4038754,49.1184168],[2.40414,49.118343]]}},
{"type":"Feature","properties":{"id":130218686,"name":"Ligne de Montsoult - Maffliers à Luzarches","ref":"315000","type":"rail"},"geometry":{"type":"LineString","coordinates":[[2.4216027,49.1176768],[2.4172878,49.1160267],[2.4156423,49.1156873]]}},
{"type":"Feature","properties":{"id":130218691,"name":"Ligne de Montsoult - Maffliers à Luzarches","ref":"315000","type":"rail"},"geometry":{"type":"LineString","coordinates":[[2.40414,49.118343],[2.4131954,49.1157842],[2.4156423,49.1156873]]}},
{"type":"Feature","properties":{"id":130218696,"name":"Ligne de Montsoult - Maffliers à Luzarches","ref":"315000","type":"rail"},"geometry":{"type":"LineString","coordinates":[[2.3842463,49.1180954],[2.3869527,49.1174504],[2.3903854,49.117418],[2.3978476,49.1188533]]}},
{"type":"Feature","properties":{"id":130218703,"name":"Ligne de Montsoult - Maffliers à Luzarches","ref":"315000","type":"rail"},"geometry":{"type":"LineString","coordinates":[[2.3638624,49.1021546],[2.3645558,49.1035261],[2.3646997,49.1050001],[2.3628009,49.1098343],[2.3626358,49.1111443],[2.3634057,49.1129503],[2.3653521,49.1145459]]}},
{"type":"Feature","properties":{"id":134461352,"name":"Ligne de Paris-Saint-Lazare à Ermont - Eaubonne","ref":"334900","type":"rail"},"geometry":{"type":"LineString","coordinates":[[2.2598087,48.9443346],[2.2594932,48.9447532]]}},
{"type":"Feature","properties":{"id":134824283,"name":"Ligne de Paris-Saint-Lazare au Havre","ref":"340000","type":"rail"},"geometry":{"type":"LineString","coordinates":[[2.2023046,48.9121433],[2.2004303,48.9130561]]}},
{"type":"Feature","properties":{"id":134824284,"name":"Pont des Anglais","ref":"340000","type":"rail"},"geometry":{"type":"LineString","coordinates":[[2.2054213,48.9106264],[2.2023046,48.9121433]]}},
{"type":"Feature","properties":{"id":135393613,"name":"Ligne d'Épinay - Villetaneuse au Tréport - Mers","ref":"325000","type":"rail"},"geometry":{"type":"LineString","coordinates":[[2.2711098,49.1573223],[2.274476,49.1567362]]}},
{"type":"Feature","properties":{"id":138367801,"name":"Ligne de Paris-Saint-Lazare au Havre","ref":"340000","type":"rail"},"geometry":{"type":"LineString","coordinates":[[2.2004303,48.9130561],[2.2003927,48.9130743]]}},
{"type":"Feature","properties":{"id":138515989,"name":"272000","ref":"272000","type":"rail"},"geometry":{"type":"LineString","coordinates":[[2.4260172,49.000082],[2.4245559,48.9990747]]}},
{"type":"Feature","properties":{"id":138515996,"name":"Ligne de Gonesse à Lille-Frontière (LGV)","ref":"226000","type":"rail"},"geometry":{"type":"LineString","coordinates":[[2.4365701,49.0063171],[2.4332303,49.004565],[2.4264142,49.000332]]}},
{"type":"Feature","properties":{"id":138721934,"name":"Voie ferrée","ref":"","type":"rail"},"geometry":{"type":"LineString","coordinates":[[2.1055643,49.0299794],[2.1128403,49.0314846],[2.1143999,49.0315801],[2.116455,49.0311453],[2.1186598,49.0300095],[2.1218592,49.0295721],[2.1241465,49.0297308],[2.1262602,49.0288693]]}},
{"type":"Feature","properties":{"id":138721946,"name":"Voie ferrée","ref":"","type":"rail"},"geometry":{"type":"LineString","coordinates":[[2.1165051,49.0254805],[2.1184368,49.026797]]}},
{"type":"Feature","properties":{"id":138721949,"name":"Voie ferrée","ref":"","type":"rail"},"geometry":{"type":"LineString","coordinates":[[2.1196707,49.0277657],[2.1203111,49.0281565]]}},
{"type":"Feature","properties":{"id":138721951,"name":"Voie ferrée","ref":"","type":"rail"},"geometry":{"type":"LineString","coordinates":[[2.1150288,49.0244295],[2.1181856,49.026587]]}},
{"type":"Feature","properties":{"id":138721953,"name":"Voie ferrée","ref":"","type":"rail"},"geometry":{"type":"LineString","coordinates":[[2.1226638,49.0296007],[2.1216393,49.0291578],[2.1186827,49.027072]]}},
{"type":"Feature","properties":{"id":139500002,"name":"Ligne d'Achères à Pontoise","ref":"338000","type":"rail"},"geometry":{"type":"LineString","coordinates":[[2.0911319,49.0185889],[2.0912364,49.0186856]]}},
{"type":"Feature","properties":{"id":147110335,"name":"Ligne de Paris Saint-Lazare à Mantes par Conflans","ref":"334000","type":"rail"},"geometry":{"type":"LineString","coordinates":[[2.1633041,48.9896494],[2.1636085,48.9895015]]}},
{"type":"Feature","properties":{"id":147110336,"name":"Ligne de Paris Saint-Lazare à Mantes par Conflans","ref":"334000","type":"rail"},"geometry":{"type":"LineString","coordinates":[[2.1636085,48.9895015],[2.1700027,48.9854544],[2.1732685,48.9840288]]}},
{"type":"Feature","properties":{"id":148181691,"name":"Ligne de la Grande Ceinture de Paris","ref":"990000","type":"rail"},"geometry":{"type":"MultiLineString","coordinates":[[[2.3192228,48.9588519],[2.3213258,48.9590148],[2.3264799,48.9587892]],[[2.3286053,48.9589644],[2.3327641,48.9595141],[2.3363753,48.9597305]]]}},
{"type":"Feature","properties":{"id":149396662,"name":"Ligne de Saint-Denis à Dieppe","ref":"330000","type":"rail"},"geometry":{"type":"LineString","coordinates":[[2.0881422,49.0485228],[2.0857167,49.0498606]]}},
{"type":"Feature","properties":{"id":149396664,"name":"Ligne de St Denis à Dieppe","ref":"330000","type":"rail"},"geometry":{"type":"LineString","coordinates":[[2.0346841,49.070677],[2.0367298,49.0687565],[2.0390516,49.0673956],[2.0415812,49.0664643],[2.045725,49.0655451]]}},
{"type":"Feature","properties":{"id":149396666,"name":"Ligne d'Ermont-Eaubonne à Champ-de-Mars","ref":"330000","type":"rail"},"geometry":{"type":"LineString","coordinates":[[2.2703016,48.98072],[2.2706756,48.9806557]]}},
{"type":"Feature","properties":{"id":149396668,"name":"Ligne d'Ermont-Eaubonne à Champ-de-Mars","ref":"330000","type":"rail"},"geometry":{"type":"LineString","coordinates":[[2.2706691,48.9806149],[2.2702852,48.9806728]]}},
{"type":"Feature","properties":{"id":149396677,"name":"Ligne d'Ermont-Eaubonne à Champ-de-Mars","ref":"330000","type":"rail"},"geometry":{"type":"LineString","coordinates":[[2.2743495,48.9804196],[2.2706691,48.9806149]]}},
{"type":"Feature","properties":{"id":168605785,"name":"Voie ferrée","ref":"","type":"rail"},"geometry":{"type":"LineString","coordinates":[[2.5244945,49.0904431],[2.5237575,49.0893798],[2.5226643,49.0889105],[2.5164034,49.0891142]]}},
{"type":"Feature","properties":{"id":168868625,"name":"Ligne de la bifurcation de Neuville à Cergy-Préfecture","ref":"326000","type":"rail"},"geometry":{"type":"LineString","coordinates":[[2.034707,49.0495815],[2.0340152,49.049651]]}},
{"type":"Feature","properties":{"id":168868626,"name":"Ligne de la bifurcation de Neuville à Cergy-Préfecture","ref":"326000","type":"rail"},"geometry":{"type":"LineString","coordinates":[[2.0327361,49.0497806],[2.0203516,49.050999],[2.0166844,49.0507739]]}},
{"type":"Feature","properties":{"id":168868627,"name":"Ligne de la bifurcation de Neuville à Cergy-Préfecture","ref":"326000","type":"rail"},"geometry":{"type":"LineString","coordinates":[[2.0340241,49.049689],[2.0347132,49.0496193]]}},
{"type":"Feature","properties":{"id":168868628,"name":"Ligne de la bifurcation de Neuville à Cergy-Préfecture","ref":"326000","type":"rail"},"geometry":{"type":"LineString","coordinates":[[2.0377476,49.0493183],[2.0445741,49.0486405]]}},
{"type":"Feature","properties":{"id":170874953,"name":"Ligne de Paris-Nord à Lille","ref":"272000","type":"rail"},"geometry":{"type":"LineString","coordinates":[[2.5254185,49.0986933],[2.5256281,49.1009221]]}},
{"type":"Feature","properties":{"id":170874955,"name":"Ligne de Paris-Nord à Lille","ref":"272000","type":"rail"},"geometry":{"type":"LineString","coordinates":[[2.5256697,49.1009205],[2.5224497,49.067511],[2.5220875,49.0658545],[2.5209781,49.0638851],[2.5194915,49.0623812],[2.5034758,49.0505683]]}},
{"type":"Feature","properties":{"id":170874974,"name":"272000","ref":"272000","type":"rail"},"geometry":{"type":"LineString","coordinates":[[2.5249129,49.0930763],[2.5252495,49.0943452],[2.5257175,49.1005079]]}},
{"type":"Feature","properties":{"id":170874986,"name":"Voie ferrée","ref":"","type":"rail"},"geometry":{"type":"LineString","coordinates":[[2.5249405,49.0944869],[2.5249111,49.0949148]]}},
{"type":"Feature","properties":{"id":170874990,"name":"Voie ferrée","ref":"","type":"rail"},"geometry":{"type":"LineString","coordinates":[[2.521656,49.0953987],[2.5186637,49.0940699]]}},
{"type":"Feature","properties":{"id":170875002,"name":"Voie ferrée","ref":"","type":"rail"},"geometry":{"type":"LineString","coordinates":[[2.5164034,49.0891142],[2.5160909,49.0891286]]}},
{"type":"Feature","properties":{"id":170875012,"name":"Voie ferrée","ref":"","type":"rail"},"geometry":{"type":"LineString","coordinates":[[2.5251912,49.0976958],[2.5254185,49.0986933]]}},
{"type":"Feature","properties":{"id":170875031,"name":"Voie ferrée","ref":"","type":"rail"},"geometry":{"type":"LineString","coordinates":[[2.5249111,49.0949148],[2.5248904,49.0951158]]}},
{"type":"Feature","properties":{"id":170875040,"name":"Voie ferrée","ref":"","type":"rail"},"geometry":{"type":"LineString","coordinates":[[2.5246789,49.0922325],[2.5249405,49.0944869]]}},
{"type":"Feature","properties":{"id":170875043,"name":"Voie ferrée","ref":"","type":"rail"},"geometry":{"type":"LineString","coordinates":[[2.5168155,49.089122],[2.5164034,49.0891142]]}},
{"type":"Feature","properties":{"id":170875049,"name":"272000","ref":"272000","type":"rail"},"geometry":{"type":"LineString","coordinates":[[2.5244945,49.0904431],[2.5249129,49.0930763]]}},
{"type":"Feature","properties":{"id":170875069,"name":"272000","ref":"272000","type":"rail"},"geometry":{"type":"LineString","coordinates":[[2.5257175,49.1005079],[2.5256812,49.1008944]]}},
{"type":"Feature","properties":{"id":170875079,"name":"Voie ferrée","ref":"","type":"rail"},"geometry":{"type":"LineString","coordinates":[[2.5160909,49.0891286],[2.5147001,49.0891962]]}},
{"type":"Feature","properties":{"id":170875080,"name":"Voie ferrée","ref":"","type":"rail"},"geometry":{"type":"LineString","coordinates":[[2.522334,49.0955872],[2.5186992,49.0940308]]}},
{"type":"Feature","properties":{"id":170875101,"name":"Voie ferrée","ref":"","type":"rail"},"geometry":{"type":"LineString","coordinates":[[2.5168155,49.089122],[2.5212947,49.088915]]}},
{"type":"Feature","properties":{"id":170875110,"name":"Voie ferrée","ref":"","type":"rail"},"geometry":{"type":"LineString","coordinates":[[2.5220575,49.0888614],[2.5160909,49.0891286]]}},
{"type":"Feature","properties":{"id":170875120,"name":"Voie ferrée","ref":"","type":"rail"},"geometry":{"type":"LineString","coordinates":[[2.5211892,49.095178],[2.5187313,49.0939977]]}},
{"type":"Feature","properties":{"id":170875124,"name":"Voie ferrée","ref":"","type":"rail"},"geometry":{"type":"LineString","coordinates":[[2.5249111,49.0949148],[2.5252575,49.0986204]]}},
{"type":"Feature","properties":{"id":170875129,"name":"Voie ferrée","ref":"","type":"rail"},"geometry":{"type":"LineString","coordinates":[[2.5211667,49.0952125],[2.5186239,49.0941003]]}},
{"type":"Feature","properties":{"id":170875142,"name":"Voie ferrée","ref":"","type":"rail"},"geometry":{"type":"LineString","coordinates":[[2.5249405,49.0944869],[2.5253266,49.0986134]]}},
{"type":"Feature","properties":{"id":170875150,"name":"Voie ferrée","ref":"","type":"rail"},"geometry":{"type":"LineString","coordinates":[[2.521725,49.0888758],[2.5168155,49.089122]]}},
{"type":"Feature","properties":{"id":175146968,"name":"330000","ref":"330000","type":"rail"},"geometry":{"type":"LineString","coordinates":[[2.0992305,49.0459204],[2.1011235,49.0455547]]}},
{"type":"Feature","properties":{"id":180633826,"name":"Ligne de St Denis à Dieppe","ref":"330000","type":"rail"},"geometry":{"type":"LineString","coordinates":[[1.9364326,49.15885],[1.9369961,49.1569316],[1.9394215,49.1540419],[1.9401122,49.1522017],[1.9400232,49.1510363],[1.9388525,49.147585],[1.9389802,49.1393]]}},
{"type":"Feature","properties":{"id":188141984,"name":"Ligne de Paris Saint-Lazare à Mantes par Conflans","ref":"334000","type":"rail"},"geometry":{"type":"LineString","coordinates":[[2.2596387,48.9442793],[2.2594428,48.9445352]]}},
{"type":"Feature","properties":{"id":188141985,"name":"Voie ferrée","ref":"","type":"rail"},"geometry":{"type":"LineString","coordinates":[[2.2527892,48.952999],[2.2528903,48.952908]]}},
{"type":"Feature","properties":{"id":188141992,"name":"Voie ferrée","ref":"","type":"rail"},"geometry":{"type":"LineString","coordinates":[[2.2527459,48.9529835],[2.252829,48.952906]]}},
{"type":"Feature","properties":{"id":188141998,"name":"Ligne de Paris Saint-Lazare à Mantes par Conflans","ref":"334000","type":"rail"},"geometry":{"type":"LineString","coordinates":[[2.2164839,48.9532126],[2.2071933,48.9610064]]}},
{"type":"Feature","properties":{"id":188142053,"name":"Ligne de Paris Saint-Lazare à Mantes par Conflans","ref":"334000","type":"rail"},"geometry":{"type":"LineString","coordinates":[[2.20723,48.9610292],[2.2165179,48.9532347]]}},
{"type":"Feature","properties":{"id":188142080,"name":"Voie ferrée","ref":"","type":"rail"},"geometry":{"type":"LineString","coordinates":[[2.2308764,48.9500542],[2.2304642,48.9500106]]}},
{"type":"Feature","properties":{"id":188142118,"name":"Ligne de Paris St Lazare à Ermont-Eaubonne","ref":"334900","type":"rail"},"geometry":{"type":"LineString","coordinates":[[2.2612697,48.9627945],[2.255821,48.954684],[2.2552141,48.9531993],[2.2550823,48.9516548]]}},
{"type":"Feature","properties":{"id":188144930,"name":"334000","ref":"334000","type":"rail"},"geometry":{"type":"LineString","coordinates":[[2.2565312,48.948336],[2.2560422,48.9489425]]}},
{"type":"Feature","properties":{"id":188144933,"name":"Ligne de Paris Saint-Lazare à Mantes par Conflans","ref":"334000","type":"rail"},"geometry":{"type":"LineString","coordinates":[[2.2596877,48.9442943],[2.2605023,48.9432434]]}},
{"type":"Feature","properties":{"id":188144936,"name":"Ligne de Paris Saint-Lazare à Mantes par Conflans","ref":"334000","type":"rail"},"geometry":{"type":"LineString","coordinates":[[2.2604562,48.9432219],[2.2599305,48.9439019]]}},
{"type":"Feature","properties":{"id":188144941,"name":"Ligne de la Grande Ceinture de Paris","ref":"990000","type":"rail"},"geometry":{"type":"LineString","coordinates":[[2.2538,48.952267],[2.250885,48.953214],[2.246913,48.953227],[2.2323058,48.9502053]]}},
{"type":"Feature","properties":{"id":188144944,"name":"Ligne de la Grande Ceinture de Paris","ref":"990000","type":"rail"},"geometry":{"type":"LineString","coordinates":[[2.2539178,48.952246],[2.2548679,48.95164]]}},
{"type":"Feature","properties":{"id":188144949,"name":"Ligne de la Grande Ceinture de Paris","ref":"990000","type":"rail"},"geometry":{"type":"LineString","coordinates":[[2.2548871,48.951568],[2.2539201,48.9522006]]}},
{"type":"Feature","properties":{"id":188144951,"name":"Ligne de la Grande Ceinture de Paris","ref":"990000","type":"rail"},"geometry":{"type":"LineString","coordinates":[[2.2056822,48.9432135],[2.222129,48.947965],[2.2322817,48.9502326]]}},
{"type":"Feature","properties":{"id":188144956,"name":"Ligne de la Grande Ceinture de Paris","ref":"990000","type":"rail"},"geometry":{"type":"LineString","coordinates":[[2.2725183,48.9492911],[2.2673704,48.9477006],[2.2619438,48.9475654],[2.2600781,48.9479391],[2.2586806,48.9485207],[2.2552058,48.9513184]]}},
{"type":"Feature","properties":{"id":188144962,"name":"Ligne de la Grande Ceinture de Paris","ref":"990000","type":"rail"},"geometry":{"type":"LineString","coordinates":[[2.2551738,48.9513999],[2.2585552,48.9486333],[2.2602982,48.9479075],[2.261939,48.9475953],[2.267538,48.9477602],[2.2725042,48.9493241]]}},
{"type":"Feature","properties":{"id":188144963,"name":"Ligne de la Grande Ceinture de Paris","ref":"990000","type":"rail"},"geometry":{"type":"LineString","coordinates":[[2.2537955,48.952311],[2.2539178,48.952246]]}},
{"type":"Feature","properties":{"id":188144964,"name":"Ligne de la Grande Ceinture de Paris","ref":"990000","type":"rail"},"geometry":{"type":"LineString","coordinates":[[2.2539201,48.9522006],[2.2538,48.952267]]}},
{"type":"Feature","properties":{"id":188144965,"name":"Ligne de la Grande Ceinture de Paris","ref":"990000","type":"rail"},"geometry":{"type":"LineString","coordinates":[[2.2552058,48.9513184],[2.2548871,48.951568]]}},
{"type":"Feature","properties":{"id":188144967,"name":"Ligne de la Grande Ceinture de Paris","ref":"990000","type":"rail"},"geometry":{"type":"LineString","coordinates":[[2.2548679,48.95164],[2.2551738,48.9513999]]}},
{"type":"Feature","properties":{"id":188144968,"name":"Voie ferrée","ref":"","type":"rail"},"geometry":{"type":"LineString","coordinates":[[2.252829,48.952906],[2.2537372,48.9522996]]}},
{"type":"Feature","properties":{"id":188144969,"name":"Voie ferrée","ref":"","type":"rail"},"geometry":{"type":"LineString","coordinates":[[2.2528903,48.952908],[2.2537707,48.9523252]]}},
{"type":"Feature","properties":{"id":188152250,"name":"Ligne de Paris-Saint-Lazare à Ermont-Eaubonne","ref":"334900","type":"rail"},"geometry":{"type":"LineString","coordinates":[[2.2612058,48.9627825],[2.2631818,48.9657443]]}},
{"type":"Feature","properties":{"id":188152251,"name":"Ligne de Paris-Saint-Lazare à Ermont-Eaubonne","ref":"334900","type":"rail"},"geometry":{"type":"LineString","coordinates":[[2.2620909,48.9639527],[2.2612697,48.9627945]]}},
{"type":"Feature","properties":{"id":188152253,"name":"Ligne de Paris St Lazare à Ermont-Eaubonne","ref":"334900","type":"rail"},"geometry":{"type":"LineString","coordinates":[[2.2632362,48.9657434],[2.2620909,48.9639527]]}},
{"type":"Feature","properties":{"id":188152258,"name":"Raccordement de Soulezard","ref":"334301","type":"rail"},"geometry":{"type":"LineString","coordinates":[[2.2369352,48.9523445],[2.233743,48.9508692],[2.2299356,48.9497018]]}},
{"type":"Feature","properties":{"id":188155208,"name":"Ligne de Paris Saint-Lazare à Mantes par Conflans","ref":"334000","type":"rail"},"geometry":{"type":"LineString","coordinates":[[2.2167001,48.9530448],[2.2164839,48.9532126]]}},
{"type":"Feature","properties":{"id":188155209,"name":"Ligne de Paris Saint-Lazare à Mantes par Conflans","ref":"334000","type":"rail"},"geometry":{"type":"LineString","coordinates":[[2.2167256,48.9530624],[2.2190443,48.9516516],[2.2222126,48.9505182],[2.2250122,48.9500213],[2.2284373,48.9499689]]}},
{"type":"Feature","properties":{"id":188155210,"name":"Ligne de Paris Saint-Lazare à Mantes par Conflans","ref":"334000","type":"rail"},"geometry":{"type":"LineString","coordinates":[[2.2165179,48.9532347],[2.2167256,48.9530624]]}},
{"type":"Feature","properties":{"id":188155211,"name":"Ligne de Paris Saint-Lazare à Mantes par Conflans","ref":"334000","type":"rail"},"geometry":{"type":"LineString","coordinates":[[2.2066105,48.9615497],[2.20723,48.9610292]]}},
{"type":"Feature","properties":{"id":188155212,"name":"Ligne de Paris Saint-Lazare à Mantes par Conflans","ref":"334000","type":"rail"},"geometry":{"type":"LineString","coordinates":[[2.206586,48.9615197],[2.2063981,48.9616748]]}},
{"type":"Feature","properties":{"id":190361817,"name":"Ligne de Pierrelaye à Creil","ref":"329000","type":"rail"},"geometry":{"type":"LineString","coordinates":[[2.137377,49.067265],[2.136637,49.0666856]]}},
{"type":"Feature","properties":{"id":190361821,"name":"Ligne de Pierrelaye à Creil","ref":"329000","type":"rail"},"geometry":{"type":"LineString","coordinates":[[2.2709091,49.1454083],[2.2234427,49.1295516],[2.216371,49.126301],[2.2140268,49.1248634],[2.2121707,49.1230098],[2.2111005,49.1210245],[2.210159,49.115126],[2.2083834,49.1108175],[2.2077263,49.1032531],[2.2022297,49.0918293]]}},
{"type":"Feature","properties":{"id":190516181,"name":"Ligne de Pierrelaye à Creil","ref":"329000","type":"rail"},"geometry":{"type":"LineString","coordinates":[[2.1239559,49.0385463],[2.123228,49.040053],[2.1211589,49.0460905]]}},
{"type":"Feature","properties":{"id":190516182,"name":"Ligne de Pierrelaye à Creil","ref":"329000","type":"rail"},"geometry":{"type":"LineString","coordinates":[[2.1212491,49.0532387],[2.120521,49.05167],[2.120252,49.050023],[2.120428,49.04845],[2.1211547,49.0462474]]}},
{"type":"Feature","properties":{"id":190516184,"name":"Ligne d'Achères à Pontoise","ref":"338000","type":"rail"},"geometry":{"type":"LineString","coordinates":[[2.1029043,49.0451094],[2.1040661,49.0443327],[2.1046544,49.043351],[2.1047084,49.0423107],[2.1041713,49.0407503]]}},
{"type":"Feature","properties":{"id":190516185,"name":"Ligne d'Achères à Pontoise","ref":"338000","type":"rail"},"geometry":{"type":"LineString","coordinates":[[2.1016549,49.0338185],[2.1016834,49.0339513]]}},
{"type":"Feature","properties":{"id":190516187,"name":"Ligne d'Achères à Pontoise","ref":"338000","type":"rail"},"geometry":{"type":"LineString","coordinates":[[2.1041713,49.0407503],[2.1017332,49.0339441]]}},
{"type":"Feature","properties":{"id":190516191,"name":"Ligne de Saint-Denis à Dieppe","ref":"330000","type":"rail"},"geometry":{"type":"LineString","coordinates":[[2.107197,49.0454344],[2.1072665,49.0454391]]}},
{"type":"Feature","properties":{"id":190516192,"name":"Ligne de Pierrelaye à Creil","ref":"329000","type":"rail"},"geometry":{"type":"LineString","coordinates":[[2.136637,49.0666856],[2.135009,49.065212],[2.132109,49.061639],[2.1303333,49.0601147]]}},
{"type":"Feature","properties":{"id":190516217,"name":"330000","ref":"330000","type":"rail"},"geometry":{"type":"LineString","coordinates":[[2.1011088,49.0455241],[2.099213,49.0458893]]}},
{"type":"Feature","properties":{"id":190522094,"name":"Ligne de Pierrelaye à Creil","ref":"329000","type":"rail"},"geometry":{"type":"LineString","coordinates":[[2.136598,49.066707],[2.137332,49.067278]]}},
{"type":"Feature","properties":{"id":190522098,"name":"Ligne de Pierrelaye à Creil","ref":"329000","type":"rail"},"geometry":{"type":"LineString","coordinates":[[2.1212024,49.0532513],[2.123415,49.055725],[2.1302466,49.0601019]]}},
{"type":"Feature","properties":{"id":190522100,"name":"330000","ref":"330000","type":"rail"},"geometry":{"type":"LineString","coordinates":[[2.1032423,49.045408],[2.1012237,49.0456486]]}},
{"type":"Feature","properties":{"id":190522101,"name":"Ligne de Saint-Denis à Dieppe","ref":"330000","type":"rail"},"geometry":{"type":"LineString","coordinates":[[2.1072665,49.0454391],[2.110648,49.0456088]]}},
{"type":"Feature","properties":{"id":190522102,"name":"Ligne de Saint-Denis à Dieppe","ref":"330000","type":"rail"},"geometry":{"type":"LineString","coordinates":[[2.106848,49.0453785],[2.1045111,49.0453282]]}},
{"type":"Feature","properties":{"id":190522103,"name":"Ligne de Saint-Denis à Dieppe","ref":"330000","type":"rail"},"geometry":{"type":"LineString","coordinates":[[2.1239559,49.0385463],[2.121322,49.041802],[2.1183617,49.0437691],[2.116215,49.044643],[2.113995,49.045223],[2.1114842,49.0455464],[2.1094727,49.0455193]]}},
{"type":"Feature","properties":{"id":190522104,"name":"Raccordement d'Epluches","ref":"331300","type":"rail"},"geometry":{"type":"LineString","coordinates":[[2.1072665,49.0454391],[2.1084477,49.0455868]]}},
{"type":"Feature","properties":{"id":190522106,"name":"Ligne de Saint-Denis à Dieppe","ref":"330000","type":"rail"},"geometry":{"type":"LineString","coordinates":[[2.1072292,49.0454046],[2.106848,49.0453785]]}},
{"type":"Feature","properties":{"id":190522107,"name":"Voie ferrée","ref":"","type":"rail"},"geometry":{"type":"LineString","coordinates":[[2.125547,49.056518],[2.1273611,49.0576324]]}},
{"type":"Feature","properties":{"id":190522108,"name":"Voie ferrée","ref":"","type":"rail"},"geometry":{"type":"LineString","coordinates":[[2.123677,49.055364],[2.125859,49.056805]]}},
{"type":"Feature","properties":{"id":190522109,"name":"Voie ferrée","ref":"","type":"rail"},"geometry":{"type":"LineString","coordinates":[[2.122035,49.054925],[2.123466,49.056182],[2.125858,49.057339],[2.1288439,49.0592533]]}},
{"type":"Feature","properties":{"id":190522110,"name":"Voie ferrée","ref":"","type":"rail"},"geometry":{"type":"LineString","coordinates":[[2.130128,49.059887],[2.127841,49.058284]]}},
{"type":"Feature","properties":{"id":190522111,"name":"Voie ferrée","ref":"","type":"rail"},"geometry":{"type":"LineString","coordinates":[[2.1216845,49.0536763],[2.123677,49.055364]]}},
{"type":"Feature","properties":{"id":190522113,"name":"Voie ferrée","ref":"","type":"rail"},"geometry":{"type":"LineString","coordinates":[[2.125231,49.05703],[2.122799,49.055287]]}},
{"type":"Feature","properties":{"id":190522115,"name":"Voie ferrée","ref":"","type":"rail"},"geometry":{"type":"LineString","coordinates":[[2.122321,49.054203],[2.124016,49.055529]]}},
{"type":"Feature","properties":{"id":190522116,"name":"Ligne de Saint-Denis à Dieppe","ref":"330000","type":"rail"},"geometry":{"type":"LineString","coordinates":[[2.1094727,49.0455193],[2.1072972,49.0453363]]}},
{"type":"Feature","properties":{"id":190522117,"name":"Voie ferrée","ref":"","type":"rail"},"geometry":{"type":"LineString","coordinates":[[2.122103,49.054252],[2.124003,49.055815],[2.127841,49.058284]]}},
{"type":"Feature","properties":{"id":190522118,"name":"Voie ferrée","ref":"","type":"rail"},"geometry":{"type":"LineString","coordinates":[[2.122931,49.054628],[2.125939,49.056538]]}},
{"type":"Feature","properties":{"id":190522119,"name":"Voie ferrée","ref":"","type":"rail"},"geometry":{"type":"LineString","coordinates":[[2.125859,49.056805],[2.1302187,49.0600356]]}},
{"type":"Feature","properties":{"id":190522120,"name":"Voie ferrée","ref":"","type":"rail"},"geometry":{"type":"LineString","coordinates":[[2.129651,49.059684],[2.1288439,49.0592533]]}},
{"type":"Feature","properties":{"id":190522121,"name":"Voie ferrée","ref":"","type":"rail"},"geometry":{"type":"LineString","coordinates":[[2.1273981,49.0580268],[2.12415,49.056036],[2.122622,49.0547981]]}},
{"type":"Feature","properties":{"id":190522124,"name":"Voie ferrée","ref":"","type":"rail"},"geometry":{"type":"LineString","coordinates":[[2.1274607,49.0580628],[2.124005,49.055881],[2.122316,49.054473]]}},
{"type":"Feature","properties":{"id":190522127,"name":"Voie ferrée","ref":"","type":"rail"},"geometry":{"type":"LineString","coordinates":[[2.127474,49.057997],[2.122387,49.054488]]}},
{"type":"Feature","properties":{"id":190522130,"name":"Ligne de Saint-Denis à Dieppe","ref":"330000","type":"rail"},"geometry":{"type":"LineString","coordinates":[[2.1086247,49.0454965],[2.110648,49.0456088]]}},
{"type":"Feature","properties":{"id":190522132,"name":"Voie ferrée","ref":"","type":"rail"},"geometry":{"type":"LineString","coordinates":[[2.122103,49.054252],[2.121703,49.053891]]}},
{"type":"Feature","properties":{"id":190522136,"name":"Ligne de Saint-Denis à Dieppe","ref":"330000","type":"rail"},"geometry":{"type":"LineString","coordinates":[[2.1043992,49.0452473],[2.1011965,49.0456197]]}},
{"type":"Feature","properties":{"id":190522137,"name":"Voie ferrée","ref":"","type":"rail"},"geometry":{"type":"LineString","coordinates":[[2.1293733,49.0592905],[2.123859,49.055576],[2.1214224,49.0533764]]}},
{"type":"Feature","properties":{"id":190522143,"name":"Voie ferrée","ref":"","type":"rail"},"geometry":{"type":"LineString","coordinates":[[2.12988,49.059919],[2.1288439,49.0592533]]}},
{"type":"Feature","properties":{"id":190522147,"name":"Voie ferrée","ref":"","type":"rail"},"geometry":{"type":"LineString","coordinates":[[2.127841,49.058284],[2.123811,49.055858],[2.121854,49.053977],[2.120702,49.051967],[2.120341,49.049625]]}},
{"type":"Feature","properties":{"id":190522152,"name":"Voie ferrée","ref":"","type":"rail"},"geometry":{"type":"LineString","coordinates":[[2.124016,49.055529],[2.125547,49.056518]]}},
{"type":"Feature","properties":{"id":190522716,"name":"Voie ferrée","ref":"","type":"rail"},"geometry":{"type":"LineString","coordinates":[[2.141301,49.064507],[2.140068,49.065586],[2.139295,49.065892]]}},
{"type":"Feature","properties":{"id":190522724,"name":"Voie ferrée","ref":"","type":"rail"},"geometry":{"type":"LineString","coordinates":[[2.142511,49.0642377],[2.141301,49.064507]]}},
{"type":"Feature","properties":{"id":198834526,"name":"Ligne de Pierrelaye à Creil","ref":"329000","type":"rail"},"geometry":{"type":"LineString","coordinates":[[2.2844517,49.1499376],[2.2921983,49.1524989],[2.2950562,49.1530392],[2.3458067,49.1565964],[2.3498187,49.1572185],[2.350349,49.1573993]]}},
{"type":"Feature","properties":{"id":198835480,"name":"Ligne de Pierrelaye à Creil","ref":"329000","type":"rail"},"geometry":{"type":"LineString","coordinates":[[2.3503742,49.15737],[2.3498359,49.1571865],[2.3458074,49.1565654],[2.2950655,49.1530061],[2.2922185,49.1524679],[2.2811476,49.1487686]]}},
{"type":"Feature","properties":{"id":198872468,"name":"Voie ferrée","ref":"","type":"rail"},"geometry":{"type":"LineString","coordinates":[[2.3418733,49.1560781],[2.3435101,49.1560747]]}},
{"type":"Feature","properties":{"id":198872469,"name":"Voie ferrée","ref":"","type":"rail"},"geometry":{"type":"LineString","coordinates":[[2.3390687,49.1552625],[2.3406347,49.1534609]]}},
{"type":"Feature","properties":{"id":198872470,"name":"Voie ferrée","ref":"","type":"rail"},"geometry":{"type":"LineString","coordinates":[[2.3480777,49.1467963],[2.3460023,49.1471487]]}},
{"type":"Feature","properties":{"id":198872471,"name":"Voie ferrée","ref":"","type":"rail"},"geometry":{"type":"LineString","coordinates":[[2.3460371,49.1478908],[2.345916,49.1485171]]}},
{"type":"Feature","properties":{"id":198872472,"name":"Voie ferrée","ref":"","type":"rail"},"geometry":{"type":"LineString","coordinates":[[2.3471878,49.1469346],[2.346249,49.1475329],[2.345967,49.1485259]]}},
{"type":"Feature","properties":{"id":198872473,"name":"Voie ferrée","ref":"","type":"rail"},"geometry":{"type":"LineString","coordinates":[[2.3396396,49.1519487],[2.3400193,49.1524888]]}},
{"type":"Feature","properties":{"id":198872474,"name":"Voie ferrée","ref":"","type":"rail"},"geometry":{"type":"LineString","coordinates":[[2.3434783,49.1484435],[2.3436821,49.1476662],[2.3442025,49.1471855]]}},
{"type":"Feature","properties":{"id":198872477,"name":"Voie ferrée","ref":"","type":"rail"},"geometry":{"type":"LineString","coordinates":[[2.3416437,49.1507207],[2.3394856,49.1545238]]}},
{"type":"Feature","properties":{"id":198872479,"name":"Voie ferrée","ref":"","type":"rail"},"geometry":{"type":"LineString","coordinates":[[2.3366444,49.1558354],[2.3379285,49.155704],[2.338991,49.155159],[2.340088,49.1527978],[2.3392243,49.1503926],[2.3384813,49.1499189],[2.3373839,49.1497016]]}},
{"type":"Feature","properties":{"id":198872483,"name":"Voie ferrée","ref":"","type":"rail"},"geometry":{"type":"LineString","coordinates":[[2.3457687,49.1467249],[2.3442025,49.1471855],[2.3437649,49.1476698],[2.3436737,49.1482259]]}},
{"type":"Feature","properties":{"id":198872484,"name":"Voie ferrée","ref":"","type":"rail"},"geometry":{"type":"LineString","coordinates":[[2.3435266,49.148447],[2.3438909,49.147489]]}},
{"type":"Feature","properties":{"id":198872485,"name":"Voie ferrée","ref":"","type":"rail"},"geometry":{"type":"LineString","coordinates":[[2.3410509,49.1471241],[2.3447148,49.1467697]]}},
{"type":"Feature","properties":{"id":198872487,"name":"Voie ferrée","ref":"","type":"rail"},"geometry":{"type":"LineString","coordinates":[[2.3384813,49.1499189],[2.3382664,49.1497979]]}},
{"type":"Feature","properties":{"id":198872488,"name":"Voie ferrée","ref":"","type":"rail"},"geometry":{"type":"LineString","coordinates":[[2.3420326,49.1472066],[2.3437787,49.146975]]}},
{"type":"Feature","properties":{"id":198872490,"name":"Voie ferrée","ref":"","type":"rail"},"geometry":{"type":"LineString","coordinates":[[2.3438963,49.156108],[2.3450443,49.1562938]]}},
{"type":"Feature","properties":{"id":198872491,"name":"Voie ferrée","ref":"","type":"rail"},"geometry":{"type":"LineString","coordinates":[[2.3317651,49.1555432],[2.3438963,49.156108]]}},
{"type":"Feature","properties":{"id":198872492,"name":"Voie ferrée","ref":"","type":"rail"},"geometry":{"type":"LineString","coordinates":[[2.3393743,49.1558829],[2.3459459,49.1563974]]}},
{"type":"Feature","properties":{"id":198872494,"name":"Voie ferrée","ref":"","type":"rail"},"geometry":{"type":"LineString","coordinates":[[2.3385132,49.1557523],[2.3459459,49.1563974]]}},
{"type":"Feature","properties":{"id":198872495,"name":"Voie ferrée","ref":"","type":"rail"},"geometry":{"type":"LineString","coordinates":[[2.3373839,49.1497016],[2.3312152,49.1495137]]}},
{"type":"Feature","properties":{"id":198872496,"name":"Voie ferrée","ref":"","type":"rail"},"geometry":{"type":"LineString","coordinates":[[2.3420198,49.1500525],[2.3421855,49.1488733]]}},
{"type":"Feature","properties":{"id":198872498,"name":"Voie ferrée","ref":"","type":"rail"},"geometry":{"type":"LineString","coordinates":[[2.3420272,49.1471732],[2.3441891,49.1468609]]}},
{"type":"Feature","properties":{"id":198872499,"name":"Voie ferrée","ref":"","type":"rail"},"geometry":{"type":"LineString","coordinates":[[2.3393879,49.1548046],[2.341747,49.1505391]]}},
{"type":"Feature","properties":{"id":198872502,"name":"Voie ferrée","ref":"","type":"rail"},"geometry":{"type":"LineString","coordinates":[[2.3377236,49.1558128],[2.3385189,49.1555958],[2.3392588,49.1550327],[2.3423088,49.1494961],[2.3426575,49.1479645],[2.3434135,49.1471557],[2.3451547,49.1467153],[2.350621,49.146875]]}},
{"type":"Feature","properties":{"id":198872504,"name":"Voie ferrée","ref":"","type":"rail"},"geometry":{"type":"LineString","coordinates":[[2.3397148,49.1522329],[2.3399995,49.1527224],[2.3399766,49.1532962]]}},
{"type":"Feature","properties":{"id":198872506,"name":"Voie ferrée","ref":"","type":"rail"},"geometry":{"type":"LineString","coordinates":[[2.3373839,49.1497016],[2.3312045,49.1495663]]}},
{"type":"Feature","properties":{"id":199794296,"name":"Ligne d'Épinay - Villetaneuse au Tréport - Mers","ref":"325000","type":"rail"},"geometry":{"type":"LineString","coordinates":[[2.2352031,49.1670692],[2.2352899,49.1669654]]}},
{"type":"Feature","properties":{"id":199794467,"name":"Ligne d'Épinay - Villetaneuse au Tréport - Mers","ref":"325000","type":"rail"},"geometry":{"type":"LineString","coordinates":[[2.2352459,49.1669522],[2.2351192,49.167104]]}},
{"type":"Feature","properties":{"id":201861146,"name":"329000","ref":"329000","type":"rail"},"geometry":{"type":"LineString","coordinates":[[2.2828181,49.1494431],[2.2846816,49.1505127]]}},
{"type":"Feature","properties":{"id":201861147,"name":"Voie ferrée","ref":"","type":"rail"},"geometry":{"type":"LineString","coordinates":[[2.2841939,49.1502453],[2.2852231,49.1511924],[2.285722,49.1521379],[2.2857435,49.1530677],[2.2850918,49.1562237]]}},
{"type":"Feature","properties":{"id":201861148,"name":"Ligne d'Épinay - Villetaneuse au Tréport - Mers","ref":"325000","type":"rail"},"geometry":{"type":"LineString","coordinates":[[2.274476,49.1567362],[2.2745496,49.1567259]]}},
{"type":"Feature","properties":{"id":201861149,"name":"Voie ferrée","ref":"","type":"rail"},"geometry":{"type":"LineString","coordinates":[[2.2852178,49.1513538],[2.2855477,49.1524923],[2.2847807,49.1562079]]}},
{"type":"Feature","properties":{"id":201861150,"name":"Ligne d'Épinay - Villetaneuse au Tréport - Mers","ref":"325000","type":"rail"},"geometry":{"type":"LineString","coordinates":[[2.2821322,49.1491848],[2.2838716,49.1502245],[2.2847385,49.1514807],[2.2847973,49.1529329],[2.283962,49.1542858],[2.2829287,49.1550388],[2.2814823,49.1556054],[2.2745735,49.1566884]]}},
{"type":"Feature","properties":{"id":201861151,"name":"Voie ferrée","ref":"","type":"rail"},"geometry":{"type":"LineString","coordinates":[[2.2843964,49.1504165],[2.2855316,49.1517345],[2.285942,49.1526677],[2.2852903,49.1562167]]}},
{"type":"Feature","properties":{"id":201861152,"name":"Voie ferrée","ref":"","type":"rail"},"geometry":{"type":"LineString","coordinates":[[2.2838147,49.1500017],[2.2841939,49.1502453]]}},
{"type":"Feature","properties":{"id":201861153,"name":"Ligne de Pierrelaye à Creil","ref":"329000","type":"rail"},"geometry":{"type":"LineString","coordinates":[[2.273785,49.1464666],[2.2806562,49.1486618]]}},
{"type":"Feature","properties":{"id":201861155,"name":"Ligne de Pierrelaye à Creil","ref":"329000","type":"rail"},"geometry":{"type":"LineString","coordinates":[[2.2811476,49.1487686],[2.2809003,49.1486991]]}},
{"type":"Feature","properties":{"id":201861156,"name":"Ligne d'Épinay - Villetaneuse au Tréport - Mers","ref":"325000","type":"rail"},"geometry":{"type":"LineString","coordinates":[[2.2745496,49.1567259],[2.2812733,49.1556924],[2.2826143,49.1552396],[2.2838977,49.1544035],[2.2847676,49.1531781],[2.2848632,49.1517131],[2.2840478,49.1503342],[2.282506,49.149323]]}},
{"type":"Feature","properties":{"id":201861159,"name":"Voie ferrée","ref":"","type":"rail"},"geometry":{"type":"LineString","coordinates":[[2.2848451,49.1562658],[2.2854982,49.152729]]}},
{"type":"Feature","properties":{"id":201861161,"name":"Voie ferrée","ref":"","type":"rail"},"geometry":{"type":"LineString","coordinates":[[2.285025,49.1550134],[2.2852019,49.1545538]]}},
{"type":"Feature","properties":{"id":201861163,"name":"Voie ferrée","ref":"","type":"rail"},"geometry":{"type":"LineString","coordinates":[[2.2845822,49.1563009],[2.2854191,49.1521908],[2.2849922,49.1510856]]}},
{"type":"Feature","properties":{"id":201861164,"name":"Voie ferrée","ref":"","type":"rail"},"geometry":{"type":"LineString","coordinates":[[2.2854969,49.1548449],[2.2856496,49.1544413]]}},
{"type":"Feature","properties":{"id":201861166,"name":"Voie ferrée","ref":"","type":"rail"},"geometry":{"type":"LineString","coordinates":[[2.2852528,49.1559782],[2.2858697,49.152996],[2.2857945,49.1522502]]}},
{"type":"Feature","properties":{"id":201861171,"name":"Ligne d'Épinay - Villetaneuse au Tréport - Mers","ref":"325000","type":"rail"},"geometry":{"type":"LineString","coordinates":[[2.2745735,49.1566884],[2.2744979,49.1566985]]}},
{"type":"Feature","properties":{"id":201861174,"name":"Voie ferrée","ref":"","type":"rail"},"geometry":{"type":"LineString","coordinates":[[2.2851426,49.1541734],[2.2846815,49.1561343]]}},
{"type":"Feature","properties":{"id":201861176,"name":"Voie ferrée","ref":"","type":"rail"},"geometry":{"type":"LineString","coordinates":[[2.2854982,49.152729],[2.2847378,49.1561413]]}},
{"type":"Feature","properties":{"id":201861180,"name":"Voie ferrée","ref":"","type":"rail"},"geometry":{"type":"LineString","coordinates":[[2.2852367,49.1555224],[2.2857453,49.1523642]]}},
{"type":"Feature","properties":{"id":201862043,"name":"Voie ferrée","ref":"","type":"rail"},"geometry":{"type":"LineString","coordinates":[[2.2852674,49.1523837],[2.2845097,49.155978]]}},
{"type":"Feature","properties":{"id":201862044,"name":"Voie ferrée","ref":"","type":"rail"},"geometry":{"type":"LineString","coordinates":[[2.2853154,49.1516726],[2.2845474,49.1560536]]}},
{"type":"Feature","properties":{"id":208629883,"name":"Voie ferrée","ref":"","type":"rail"},"geometry":{"type":"LineString","coordinates":[[2.2181608,48.9474224],[2.2178893,48.947311]]}},
{"type":"Feature","properties":{"id":208630910,"name":"Voie ferrée","ref":"","type":"rail"},"geometry":{"type":"LineString","coordinates":[[2.2433651,48.9548664],[2.2443722,48.9551194],[2.247447,48.9552286],[2.249388,48.9548065]]}},
{"type":"Feature","properties":{"id":208633322,"name":"Voie ferrée","ref":"","type":"rail"},"geometry":{"type":"LineString","coordinates":[[2.2511282,48.9542112],[2.252708,48.9530797]]}},
{"type":"Feature","properties":{"id":208633323,"name":"Voie ferrée","ref":"","type":"rail"},"geometry":{"type":"LineString","coordinates":[[2.235254,48.9512299],[2.23781,48.9521559]]}},
{"type":"Feature","properties":{"id":208633324,"name":"Voie ferrée","ref":"","type":"rail"},"geometry":{"type":"LineString","coordinates":[[2.2448045,48.9546826],[2.2418803,48.9542255]]}},
{"type":"Feature","properties":{"id":208633327,"name":"Voie ferrée","ref":"","type":"rail"},"geometry":{"type":"LineString","coordinates":[[2.2424583,48.9543858],[2.2446737,48.9549922],[2.2474149,48.9550838],[2.2489888,48.9548499]]}},
{"type":"Feature","properties":{"id":208633332,"name":"Voie ferrée","ref":"","type":"rail"},"geometry":{"type":"LineString","coordinates":[[2.2347363,48.950991],[2.23781,48.9521559]]}},
{"type":"Feature","properties":{"id":208633334,"name":"Voie ferrée","ref":"","type":"rail"},"geometry":{"type":"LineString","coordinates":[[2.2424583,48.9543858],[2.2434427,48.95458]]}},
{"type":"Feature","properties":{"id":208633335,"name":"Voie ferrée","ref":"","type":"rail"},"geometry":{"type":"LineString","coordinates":[[2.2339422,48.9507787],[2.2377878,48.9520805]]}},
{"type":"Feature","properties":{"id":208633336,"name":"Voie ferrée","ref":"","type":"rail"},"geometry":{"type":"LineString","coordinates":[[2.2466616,48.9558598],[2.2503546,48.9556201],[2.2519951,48.9550282],[2.2530997,48.9543439]]}},
{"type":"Feature","properties":{"id":208633338,"name":"Voie ferrée","ref":"","type":"rail"},"geometry":{"type":"LineString","coordinates":[[2.2348117,48.9511589],[2.242821,48.9546368]]}},
{"type":"Feature","properties":{"id":208633339,"name":"Voie ferrée","ref":"","type":"rail"},"geometry":{"type":"LineString","coordinates":[[2.2447751,48.9549275],[2.2424583,48.9543858]]}},
{"type":"Feature","properties":{"id":208633340,"name":"Voie ferrée","ref":"","type":"rail"},"geometry":{"type":"LineString","coordinates":[[2.2399784,48.9533991],[2.2362756,48.95178]]}},
{"type":"Feature","properties":{"id":208633341,"name":"Voie ferrée","ref":"","type":"rail"},"geometry":{"type":"LineString","coordinates":[[2.236515,48.9519562],[2.2373652,48.9522926]]}},
{"type":"Feature","properties":{"id":210413961,"name":"Ligne d'Achères à Pontoise","ref":"338000","type":"rail"},"geometry":{"type":"LineString","coordinates":[[2.099241,49.0262387],[2.1003976,49.0284679],[2.1016549,49.0338185]]}},
{"type":"Feature","properties":{"id":210413962,"name":"338000","ref":"338000","type":"rail"},"geometry":{"type":"LineString","coordinates":[[2.0885166,49.0162747],[2.089042,49.0167041]]}},
{"type":"Feature","properties":{"id":210413963,"name":"Ligne d'Achères à Pontoise","ref":"338000","type":"rail"},"geometry":{"type":"LineString","coordinates":[[2.0988749,49.0257174],[2.0912688,49.0186573]]}},
{"type":"Feature","properties":{"id":210413964,"name":"Ligne d'Achères à Pontoise","ref":"338000","type":"rail"},"geometry":{"type":"LineString","coordinates":[[2.0912688,49.0186573],[2.0911479,49.0185443]]}},
{"type":"Feature","properties":{"id":210413966,"name":"Ligne d'Achères à Pontoise","ref":"338000","type":"rail"},"geometry":{"type":"LineString","coordinates":[[2.0881352,49.0160318],[2.0871677,49.0154639]]}},
{"type":"Feature","properties":{"id":210413967,"name":"Ligne d'Achères à Pontoise","ref":"338000","type":"rail"},"geometry":{"type":"MultiLineString","coordinates":[[[2.0786354,49.0108039],[2.0847018,49.0141756]],[[2.0852308,49.0144696],[2.0880494,49.0160362]]]}},
{"type":"Feature","properties":{"id":210413968,"name":"Ligne d'Achères à Pontoise","ref":"338000","type":"rail"},"geometry":{"type":"LineString","coordinates":[[2.1016834,49.0339513],[2.1041237,49.0407582]]}},
{"type":"Feature","properties":{"id":210413970,"name":"Ligne d'Achères à Pontoise","ref":"338000","type":"rail"},"geometry":{"type":"LineString","coordinates":[[2.0880494,49.0160362],[2.0911319,49.0185889]]}},
{"type":"Feature","properties":{"id":210417881,"name":"Ligne d'Achères à Pontoise","ref":"338000","type":"rail"},"geometry":{"type":"LineString","coordinates":[[2.1017332,49.0339441],[2.1017028,49.0338085]]}},
{"type":"Feature","properties":{"id":210417889,"name":"Ligne d'Achères à Pontoise","ref":"338000","type":"rail"},"geometry":{"type":"LineString","coordinates":[[2.1017028,49.0338085],[2.1004078,49.0283457],[2.0992861,49.0262208]]}},
{"type":"Feature","properties":{"id":210584784,"name":"Voie ferrée","ref":"","type":"rail"},"geometry":{"type":"LineString","coordinates":[[2.1063467,49.0301649],[2.1056112,49.0299595]]}},
{"type":"Feature","properties":{"id":210584785,"name":"Raccordement d'Eragny","ref":"337300","type":"rail"},"geometry":{"type":"LineString","coordinates":[[2.1240893,49.038418],[2.1246821,49.037186],[2.1246133,49.0358854],[2.123841,49.034668],[2.1225086,49.0337367],[2.1210456,49.0332304],[2.1055643,49.0299794],[2.1021143,49.0283684],[2.0994332,49.0261564]]}},
{"type":"Feature","properties":{"id":210584786,"name":"Voie ferrée","ref":"","type":"rail"},"geometry":{"type":"LineString","coordinates":[[2.1083153,49.0305779],[2.1119225,49.031307]]}},
{"type":"Feature","properties":{"id":211479090,"name":"Ligne de la bifurcation de Neuville à Cergy-Préfecture","ref":"326000","type":"rail"},"geometry":{"type":"LineString","coordinates":[[2.0782841,49.0147769],[2.0788581,49.0162757],[2.0802173,49.0175937]]}},
{"type":"Feature","properties":{"id":211479096,"name":"Ligne de la bifurcation de Neuville à Cergy-Préfecture","ref":"326000","type":"rail"},"geometry":{"type":"LineString","coordinates":[[2.0783356,49.0147842],[2.0786578,49.0127369]]}},
{"type":"Feature","properties":{"id":219035984,"name":"Ligne d'Ermont - Eaubonne à Valmondois","ref":"328000","type":"rail"},"geometry":{"type":"LineString","coordinates":[[2.1961228,49.066962],[2.1964591,49.0677614]]}},
{"type":"Feature","properties":{"id":219035986,"name":"Ligne d'Ermont - Eaubonne à Valmondois","ref":"328000","type":"rail"},"geometry":{"type":"LineString","coordinates":[[2.1964591,49.0677614],[2.1974064,49.0695128],[2.2013872,49.0725254],[2.2039301,49.0758034]]}},
{"type":"Feature","properties":{"id":219691051,"name":"Ligne de Gonesse à Lille-Frontière (LGV)","ref":"226000","type":"rail"},"geometry":{"type":"LineString","coordinates":[[2.4314026,49.0031172],[2.4385994,49.0070205],[2.4448426,49.0097939]]}},
{"type":"Feature","properties":{"id":219702953,"name":"Ligne de Gonesse à Lille-Frontière (LGV)","ref":"226000","type":"rail"},"geometry":{"type":"LineString","coordinates":[[2.5481163,49.0501618],[2.5710871,49.0603108]]}},
{"type":"Feature","properties":{"id":223109462,"name":"Ligne de la bifurcation de Neuville à Cergy-Préfecture","ref":"326000","type":"rail"},"geometry":{"type":"LineString","coordinates":[[2.0117199,49.0483615],[2.0129878,49.0492378]]}},
{"type":"Feature","properties":{"id":225311187,"name":"Ligne de Paris St Lazare à Ermont-Eaubonne","ref":"334900","type":"rail"},"geometry":{"type":"LineString","coordinates":[[2.2560579,48.9492538],[2.2579362,48.9473285],[2.259301,48.9451661]]}},
{"type":"Feature","properties":{"id":225311188,"name":"Ligne de Paris St Lazare à Ermont-Eaubonne","ref":"334900","type":"rail"},"geometry":{"type":"LineString","coordinates":[[2.2550298,48.9516562],[2.2551051,48.9529381],[2.255682,48.954539],[2.2612058,48.9627825]]}},
{"type":"Feature","properties":{"id":225311189,"name":"Ligne de Paris-Saint-Lazare à Ermont-Eaubonne","ref":"334900","type":"rail"},"geometry":{"type":"LineString","coordinates":[[2.2631818,48.9657443],[2.2632724,48.9659057]]}},
{"type":"Feature","properties":{"id":225311190,"name":"Ligne de Paris-Saint-Lazare à Ermont-Eaubonne","ref":"334900","type":"rail"},"geometry":{"type":"LineString","coordinates":[[2.2632724,48.9659057],[2.2637796,48.9670646]]}},
{"type":"Feature","properties":{"id":225311191,"name":"Ligne de Paris-Saint-Lazare à Ermont-Eaubonne","ref":"334900","type":"rail"},"geometry":{"type":"LineString","coordinates":[[2.2637796,48.9670646],[2.2640555,48.9694019],[2.262925,48.9752358],[2.2630796,48.97673]]}},
{"type":"Feature","properties":{"id":225311192,"name":"Ligne de Paris-Saint-Lazare à Ermont-Eaubonne","ref":"334900","type":"rail"},"geometry":{"type":"LineString","coordinates":[[2.2638307,48.967059],[2.263324,48.9659047]]}},
{"type":"Feature","properties":{"id":226656756,"name":"Ligne de Saint-Denis à Dieppe","ref":"330000","type":"rail"},"geometry":{"type":"LineString","coordinates":[[2.1484903,49.0209678],[2.1489917,49.0207898]]}},
{"type":"Feature","properties":{"id":226656757,"name":"Ligne de Saint-Denis à Dieppe","ref":"330000","type":"rail"},"geometry":{"type":"LineString","coordinates":[[2.1489708,49.0207612],[2.1484694,49.0209412]]}},
{"type":"Feature","properties":{"id":226656760,"name":"Ligne de Saint-Denis à Dieppe","ref":"330000","type":"rail"},"geometry":{"type":"LineString","coordinates":[[2.1252933,49.0368033],[2.13567,49.0273607],[2.1382504,49.0258438],[2.1484903,49.0209678]]}},
{"type":"Feature","properties":{"id":226656761,"name":"Ligne de Saint-Denis à Dieppe","ref":"330000","type":"rail"},"geometry":{"type":"LineString","coordinates":[[2.1484694,49.0209412],[2.1450067,49.022457],[2.1362321,49.0269304],[2.1343455,49.028416],[2.1252477,49.0367885]]}},
{"type":"Feature","properties":{"id":226656762,"name":"Ligne de Saint-Denis à Dieppe","ref":"330000","type":"rail"},"geometry":{"type":"LineString","coordinates":[[2.1489917,49.0207898],[2.1976429,49.0074314]]}},
{"type":"Feature","properties":{"id":226656763,"name":"330000","ref":"330000","type":"rail"},"geometry":{"type":"LineString","coordinates":[[2.1988817,49.0069522],[2.1928608,49.0087333]]}},
{"type":"Feature","properties":{"id":226656764,"name":"Ligne de Saint-Denis à Dieppe","ref":"330000","type":"rail"},"geometry":{"type":"LineString","coordinates":[[2.110648,49.0456088],[2.114855,49.045067],[2.118745,49.043618],[2.121596,49.041598],[2.1239906,49.0385674]]}},
{"type":"Feature","properties":{"id":226662846,"name":"330000","ref":"330000","type":"rail"},"geometry":{"type":"LineString","coordinates":[[2.0984197,49.0461573],[2.0973731,49.0464004]]}},
{"type":"Feature","properties":{"id":226662847,"name":"330000","ref":"330000","type":"rail"},"geometry":{"type":"LineString","coordinates":[[2.0973592,49.0463676],[2.0984356,49.04619]]}},
{"type":"Feature","properties":{"id":226724321,"name":"330000","ref":"330000","type":"rail"},"geometry":{"type":"LineString","coordinates":[[2.1988817,49.0069522],[2.1999824,49.0065829]]}},
{"type":"Feature","properties":{"id":226734915,"name":"Ligne de Saint-Denis à Dieppe","ref":"330000","type":"rail"},"geometry":{"type":"LineString","coordinates":[[2.270621,48.9808044],[2.2743798,48.9805686]]}},
{"type":"Feature","properties":{"id":226734916,"name":"Ligne de Saint-Denis à Dieppe","ref":"330000","type":"rail"},"geometry":{"type":"LineString","coordinates":[[2.2743752,48.9805376],[2.2706163,48.9807712]]}},
{"type":"Feature","properties":{"id":226734917,"name":"Ligne de Saint-Denis à Dieppe","ref":"330000","type":"rail"},"geometry":{"type":"LineString","coordinates":[[2.2703401,48.9808131],[2.2681524,48.9812617],[2.2620706,48.9832483]]}},
{"type":"Feature","properties":{"id":226734918,"name":"Ligne de Saint-Denis à Dieppe","ref":"330000","type":"rail"},"geometry":{"type":"LineString","coordinates":[[2.2706163,48.9807712],[2.2703401,48.9808131]]}},
{"type":"Feature","properties":{"id":226734919,"name":"Ligne de Saint-Denis à Dieppe","ref":"330000","type":"rail"},"geometry":{"type":"LineString","coordinates":[[2.24882,48.98823],[2.2485251,48.9883419]]}},
{"type":"Feature","properties":{"id":226734920,"name":"Ligne de Saint-Denis à Dieppe","ref":"330000","type":"rail"},"geometry":{"type":"LineString","coordinates":[[2.2485496,48.9883727],[2.248841,48.988263]]}},
{"type":"Feature","properties":{"id":226734921,"name":"Ligne de Saint-Denis à Dieppe","ref":"330000","type":"rail"},"geometry":{"type":"LineString","coordinates":[[2.1976429,49.0074314],[2.2485496,48.9883727]]}},
{"type":"Feature","properties":{"id":226734922,"name":"Ligne de Saint-Denis à Dieppe","ref":"330000","type":"rail"},"geometry":{"type":"LineString","coordinates":[[2.2485251,48.9883419],[2.2001153,49.0064866]]}},
{"type":"Feature","properties":{"id":226734923,"name":"Ligne de Saint-Denis à Dieppe","ref":"330000","type":"rail"},"geometry":{"type":"LineString","coordinates":[[2.2612557,48.9836046],[2.2681425,48.9813003],[2.2703521,48.9808441]]}},
{"type":"Feature","properties":{"id":226734924,"name":"Ligne de Saint-Denis à Dieppe","ref":"330000","type":"rail"},"geometry":{"type":"LineString","coordinates":[[2.2566683,48.9853143],[2.2590652,48.9844219]]}},
{"type":"Feature","properties":{"id":226734925,"name":"Ligne de Saint-Denis à Dieppe","ref":"330000","type":"rail"},"geometry":{"type":"LineString","coordinates":[[2.2564256,48.9854065],[2.2566683,48.9853143]]}},
{"type":"Feature","properties":{"id":226734926,"name":"Ligne de Saint-Denis à Dieppe","ref":"330000","type":"rail"},"geometry":{"type":"LineString","coordinates":[[2.256656,48.9852798],[2.2564057,48.9853747]]}},
{"type":"Feature","properties":{"id":226734930,"name":"Ligne d'Ermont - Eaubonne à Valmondois","ref":"328000","type":"rail"},"geometry":{"type":"LineString","coordinates":[[2.270669,48.9809138],[2.2741339,48.9806948]]}},
{"type":"Feature","properties":{"id":226734932,"name":"Voie ferrée","ref":"","type":"rail"},"geometry":{"type":"LineString","coordinates":[[2.2671428,48.9817415],[2.263513,48.983012]]}},
{"type":"Feature","properties":{"id":226734938,"name":"Ligne d'Ermont - Eaubonne à Valmondois","ref":"328000","type":"rail"},"geometry":{"type":"LineString","coordinates":[[2.256631,48.999912],[2.262177,48.992983],[2.2629476,48.9915185],[2.2635422,48.989574]]}},
{"type":"Feature","properties":{"id":226734941,"name":"330000","ref":"330000","type":"rail"},"geometry":{"type":"LineString","coordinates":[[2.2701892,48.9808366],[2.268131,48.9814961]]}},
{"type":"Feature","properties":{"id":226734944,"name":"Ligne d'Ermont - Eaubonne à Valmondois","ref":"328000","type":"rail"},"geometry":{"type":"LineString","coordinates":[[2.2706595,48.9808822],[2.2703772,48.9809275]]}},
{"type":"Feature","properties":{"id":226734950,"name":"Ligne de Paris-Saint-Lazare à Ermont-Eaubonne","ref":"334900","type":"rail"},"geometry":{"type":"LineString","coordinates":[[2.2702189,48.9803869],[2.270501,48.9804291]]}},
{"type":"Feature","properties":{"id":226734953,"name":"330000","ref":"330000","type":"rail"},"geometry":{"type":"LineString","coordinates":[[2.2609795,48.9837059],[2.2602729,48.9839325]]}},
{"type":"Feature","properties":{"id":226734954,"name":"Ligne d'Ermont - Eaubonne à Valmondois","ref":"328000","type":"rail"},"geometry":{"type":"LineString","coordinates":[[2.2703924,48.9809574],[2.270669,48.9809138]]}},
{"type":"Feature","properties":{"id":226734955,"name":"328000","ref":"328000","type":"rail"},"geometry":{"type":"LineString","coordinates":[[2.2700507,48.9810221],[2.2693984,48.9811304]]}},
{"type":"Feature","properties":{"id":226734957,"name":"Voie ferrée","ref":"","type":"rail"},"geometry":{"type":"LineString","coordinates":[[2.266711,48.982011],[2.266669,48.982027]]}},
{"type":"Feature","properties":{"id":226734958,"name":"Ligne de Paris-Saint-Lazare à Ermont-Eaubonne","ref":"334900","type":"rail"},"geometry":{"type":"LineString","coordinates":[[2.2702195,48.9804167],[2.2704933,48.9804559]]}},
{"type":"Feature","properties":{"id":226734959,"name":"328000","ref":"328000","type":"rail"},"geometry":{"type":"LineString","coordinates":[[2.268131,48.9814961],[2.2676058,48.9817322]]}},
{"type":"Feature","properties":{"id":226734965,"name":"Ligne de Paris-Saint-Lazare à Ermont-Eaubonne","ref":"334900","type":"rail"},"geometry":{"type":"LineString","coordinates":[[2.2630796,48.97673],[2.2642959,48.9784321]]}},
{"type":"Feature","properties":{"id":226734973,"name":"330000","ref":"330000","type":"rail"},"geometry":{"type":"LineString","coordinates":[[2.2693839,48.9810242],[2.2673597,48.9816318]]}},
{"type":"Feature","properties":{"id":226734981,"name":"Ligne d'Ermont - Eaubonne à Valmondois","ref":"328000","type":"rail"},"geometry":{"type":"LineString","coordinates":[[2.2700507,48.9810221],[2.2703924,48.9809574]]}},
{"type":"Feature","properties":{"id":226734989,"name":"Voie ferrée","ref":"","type":"rail"},"geometry":{"type":"LineString","coordinates":[[2.2673597,48.9816318],[2.2671428,48.9817415]]}},
{"type":"Feature","properties":{"id":226734991,"name":"Voie ferrée","ref":"","type":"rail"},"geometry":{"type":"LineString","coordinates":[[2.266669,48.982027],[2.2656206,48.9823857]]}},
{"type":"Feature","properties":{"id":226734998,"name":"Ligne de Paris-Saint-Lazare à Ermont-Eaubonne","ref":"334900","type":"rail"},"geometry":{"type":"LineString","coordinates":[[2.2702189,48.9803869],[2.2675619,48.9799547]]}},
{"type":"Feature","properties":{"id":226734999,"name":"Ligne d'Ermont - Eaubonne à Valmondois","ref":"328000","type":"rail"},"geometry":{"type":"LineString","coordinates":[[2.2693984,48.9811304],[2.268131,48.9814961]]}},
{"type":"Feature","properties":{"id":226735000,"name":"330000","ref":"330000","type":"rail"},"geometry":{"type":"LineString","coordinates":[[2.2693984,48.9811304],[2.267693,48.9814426]]}},
{"type":"Feature","properties":{"id":226735001,"name":"Voie ferrée","ref":"","type":"rail"},"geometry":{"type":"LineString","coordinates":[[2.2673597,48.9816318],[2.266711,48.982011]]}},
{"type":"Feature","properties":{"id":226735002,"name":"Voie ferrée","ref":"","type":"rail"},"geometry":{"type":"LineString","coordinates":[[2.266669,48.982027],[2.2662372,48.9822381]]}},
{"type":"Feature","properties":{"id":226735006,"name":"Ligne d'Ermont - Eaubonne à Valmondois","ref":"328000","type":"rail"},"geometry":{"type":"LineString","coordinates":[[2.268131,48.9814961],[2.266451,48.982327],[2.265345,48.983528],[2.2634912,48.9895777]]}},
{"type":"Feature","properties":{"id":226735008,"name":"Voie ferrée","ref":"","type":"rail"},"geometry":{"type":"LineString","coordinates":[[2.2660334,48.9824116],[2.2648599,48.9828992]]}},
{"type":"Feature","properties":{"id":226735011,"name":"Ligne d'Ermont - Eaubonne à Valmondois","ref":"328000","type":"rail"},"geometry":{"type":"LineString","coordinates":[[2.2703772,48.9809275],[2.2693984,48.9811304]]}},
{"type":"Feature","properties":{"id":226735012,"name":"Voie ferrée","ref":"","type":"rail"},"geometry":{"type":"LineString","coordinates":[[2.2660334,48.9824116],[2.265057,48.9830393]]}},
{"type":"Feature","properties":{"id":226735014,"name":"Voie ferrée","ref":"","type":"rail"},"geometry":{"type":"LineString","coordinates":[[2.266711,48.982011],[2.2660334,48.9824116]]}},
{"type":"Feature","properties":{"id":226735016,"name":"Voie ferrée","ref":"","type":"rail"},"geometry":{"type":"LineString","coordinates":[[2.2671428,48.9817415],[2.263483,48.982978]]}},
{"type":"Feature","properties":{"id":226735018,"name":"Ligne d'Ermont - Eaubonne à Valmondois","ref":"328000","type":"rail"},"geometry":{"type":"LineString","coordinates":[[2.2676058,48.9817322],[2.2700507,48.9810221]]}},
{"type":"Feature","properties":{"id":226735019,"name":"Voie ferrée","ref":"","type":"rail"},"geometry":{"type":"LineString","coordinates":[[2.2662372,48.9822381],[2.265679,48.98251]]}},
{"type":"Feature","properties":{"id":226735020,"name":"Ligne d'Ermont - Eaubonne à Valmondois","ref":"328000","type":"rail"},"geometry":{"type":"LineString","coordinates":[[2.2741343,48.9806599],[2.2706595,48.9808822]]}},
{"type":"Feature","properties":{"id":226737693,"name":"Ligne d'Ermont - Eaubonne à Valmondois","ref":"328000","type":"rail"},"geometry":{"type":"LineString","coordinates":[[2.256565,48.999924],[2.2538924,49.00324]]}},
{"type":"Feature","properties":{"id":226737695,"name":"Ligne d'Ermont - Eaubonne à Valmondois","ref":"328000","type":"rail"},"geometry":{"type":"LineString","coordinates":[[2.2538924,49.00324],[2.2470134,49.0117885]]}},
{"type":"Feature","properties":{"id":226738010,"name":"Voie ferrée","ref":"","type":"rail"},"geometry":{"type":"LineString","coordinates":[[2.268512,48.9812993],[2.267983,48.9813938]]}},
{"type":"Feature","properties":{"id":226747166,"name":"Ligne de Saint-Denis à Dieppe","ref":"330000","type":"rail"},"geometry":{"type":"LineString","coordinates":[[2.2919275,48.9795436],[2.2864759,48.9803649],[2.2801528,48.9805611]]}},
{"type":"Feature","properties":{"id":226747170,"name":"Ligne d'Ermont - Eaubonne à Champ-de-Mars","ref":"962000","type":"rail"},"geometry":{"type":"LineString","coordinates":[[2.2812637,48.9783996],[2.2795836,48.97953],[2.2773056,48.9802257]]}},
{"type":"Feature","properties":{"id":226747172,"name":"Ligne d'Ermont - Eaubonne à Champ-de-Mars","ref":"962000","type":"rail"},"geometry":{"type":"LineString","coordinates":[[2.2822116,48.9771739],[2.2824094,48.97662]]}},
{"type":"Feature","properties":{"id":226747173,"name":"Ligne d'Ermont - Eaubonne à Champ-de-Mars","ref":"962000","type":"rail"},"geometry":{"type":"LineString","coordinates":[[2.281343,48.978322],[2.2812637,48.9783996]]}},
{"type":"Feature","properties":{"id":226747180,"name":"Ligne d'Ermont - Eaubonne à Champ-de-Mars","ref":"962000","type":"rail"},"geometry":{"type":"LineString","coordinates":[[2.2813147,48.9784133],[2.2813916,48.9783363]]}},
{"type":"Feature","properties":{"id":226747184,"name":"Ligne d'Ermont - Eaubonne à Champ-de-Mars","ref":"962000","type":"rail"},"geometry":{"type":"LineString","coordinates":[[2.2813916,48.9783363],[2.2822116,48.9771739]]}},
{"type":"Feature","properties":{"id":226747188,"name":"Ligne d'Ermont - Eaubonne à Champ-de-Mars","ref":"962000","type":"rail"},"geometry":{"type":"LineString","coordinates":[[2.2821621,48.9771607],[2.281343,48.978322]]}},
{"type":"Feature","properties":{"id":226747196,"name":"Ligne d'Ermont-Eaubonne à Champ-de-Mars","ref":"330000","type":"rail"},"geometry":{"type":"LineString","coordinates":[[2.2706756,48.9806557],[2.2766676,48.9803359]]}},
{"type":"Feature","properties":{"id":226752704,"name":"Ligne d'Ermont - Eaubonne à Champ-de-Mars","ref":"962000","type":"rail"},"geometry":{"type":"LineString","coordinates":[[2.2823564,48.9766126],[2.2821621,48.9771607]]}},
{"type":"Feature","properties":{"id":226752708,"name":"Ligne d'Ermont - Eaubonne à Champ-de-Mars","ref":"962000","type":"rail"},"geometry":{"type":"LineString","coordinates":[[2.2825748,48.9646104],[2.2800677,48.9658815]]}},
{"type":"Feature","properties":{"id":226752709,"name":"Ligne d'Ermont - Eaubonne à Champ-de-Mars","ref":"962000","type":"rail"},"geometry":{"type":"LineString","coordinates":[[2.279738,48.971584],[2.2786975,48.9701501],[2.2784266,48.96876],[2.2788206,48.9673755],[2.2798513,48.9661318]]}},
{"type":"Feature","properties":{"id":226752710,"name":"Ligne d'Ermont - Eaubonne à Champ-de-Mars","ref":"962000","type":"rail"},"geometry":{"type":"LineString","coordinates":[[2.280204,48.9658525],[2.2825987,48.9646393]]}},
{"type":"Feature","properties":{"id":226752711,"name":"Ligne d'Ermont - Eaubonne à Champ-de-Mars","ref":"962000","type":"rail"},"geometry":{"type":"LineString","coordinates":[[2.2828784,48.9645049],[2.2825748,48.9646104]]}},
{"type":"Feature","properties":{"id":226752712,"name":"Ligne d'Ermont - Eaubonne à Champ-de-Mars","ref":"962000","type":"rail"},"geometry":{"type":"LineString","coordinates":[[2.2825987,48.9646393],[2.2828931,48.9645387]]}},
{"type":"Feature","properties":{"id":226752713,"name":"Ligne d'Ermont - Eaubonne à Champ-de-Mars","ref":"962000","type":"rail"},"geometry":{"type":"LineString","coordinates":[[2.279689,48.971603],[2.2820981,48.974443],[2.282431,48.975528],[2.2823564,48.9766126]]}},
{"type":"Feature","properties":{"id":226752714,"name":"Ligne d'Ermont - Eaubonne à Champ-de-Mars","ref":"962000","type":"rail"},"geometry":{"type":"LineString","coordinates":[[2.2828931,48.9645387],[2.2909424,48.9620637]]}},
{"type":"Feature","properties":{"id":226752715,"name":"Ligne d'Ermont - Eaubonne à Champ-de-Mars","ref":"962000","type":"rail"},"geometry":{"type":"LineString","coordinates":[[2.2800677,48.9658815],[2.2797449,48.9661422]]}},
{"type":"Feature","properties":{"id":226752716,"name":"Ligne d'Ermont - Eaubonne à Champ-de-Mars","ref":"962000","type":"rail"},"geometry":{"type":"LineString","coordinates":[[2.2824094,48.97662],[2.282479,48.9755225],[2.2820771,48.974307],[2.279738,48.971584]]}},
{"type":"Feature","properties":{"id":226754458,"name":"Ligne d'Ermont - Eaubonne à Champ-de-Mars","ref":"962000","type":"rail"},"geometry":{"type":"LineString","coordinates":[[2.2909028,48.9620407],[2.2828784,48.9645049]]}},
{"type":"Feature","properties":{"id":226832733,"name":"Ligne de St Denis à Dieppe","ref":"330000","type":"rail"},"geometry":{"type":"LineString","coordinates":[[2.0973592,49.0463676],[2.0964753,49.0465436]]}},
{"type":"Feature","properties":{"id":226832734,"name":"330000","ref":"330000","type":"rail"},"geometry":{"type":"LineString","coordinates":[[2.0992173,49.0460365],[2.0952502,49.0469114]]}},
{"type":"Feature","properties":{"id":226832741,"name":"330000","ref":"330000","type":"rail"},"geometry":{"type":"LineString","coordinates":[[2.0984356,49.04619],[2.0992173,49.0460365]]}},
{"type":"Feature","properties":{"id":226832819,"name":"Ligne de Saint-Denis à Dieppe","ref":"330000","type":"rail"},"geometry":{"type":"LineString","coordinates":[[2.1086247,49.0454965],[2.1072762,49.0454086]]}},
{"type":"Feature","properties":{"id":227436424,"name":"Ligne de Paris-Saint-Lazare à Ermont-Eaubonne","ref":"334900","type":"rail"},"geometry":{"type":"LineString","coordinates":[[2.263139,48.9767107],[2.2629914,48.9751283],[2.2641048,48.9693996],[2.2638307,48.967059]]}},
{"type":"Feature","properties":{"id":227462564,"name":"Ligne de Paris St Lazare à Ermont-Eaubonne","ref":"334900","type":"rail"},"geometry":{"type":"LineString","coordinates":[[2.2592173,48.9451447],[2.2581692,48.9467355],[2.255662,48.9496656],[2.2550298,48.9516562]]}},
{"type":"Feature","properties":{"id":227472693,"name":"Ligne de Paris Saint-Lazare à Mantes par Conflans","ref":"334000","type":"rail"},"geometry":{"type":"LineString","coordinates":[[2.2558894,48.9492449],[2.2591038,48.9450894]]}},
{"type":"Feature","properties":{"id":227565433,"name":"330000","ref":"330000","type":"rail"},"geometry":{"type":"LineString","coordinates":[[2.1945542,49.0082096],[2.1933729,49.0085936]]}},
{"type":"Feature","properties":{"id":227565434,"name":"330000","ref":"330000","type":"rail"},"geometry":{"type":"LineString","coordinates":[[2.1918807,49.0090583],[2.1928608,49.0087333]]}},
{"type":"Feature","properties":{"id":227565435,"name":"Ligne de Saint-Denis à Dieppe","ref":"330000","type":"rail"},"geometry":{"type":"LineString","coordinates":[[2.2001153,49.0064866],[2.19756,49.0073193]]}},
{"type":"Feature","properties":{"id":227565436,"name":"330000","ref":"330000","type":"rail"},"geometry":{"type":"LineString","coordinates":[[2.1930948,49.008671],[2.1939629,49.0084909]]}},
{"type":"Feature","properties":{"id":228268259,"name":"330000","ref":"330000","type":"rail"},"geometry":{"type":"LineString","coordinates":[[2.1094727,49.0455193],[2.1086247,49.0454965]]}},
{"type":"Feature","properties":{"id":229805258,"name":"Raccordement de Vémars","ref":"226301","type":"rail"},"geometry":{"type":"LineString","coordinates":[[2.5492058,49.05069],[2.555707,49.0541771],[2.5585241,49.0548382]]}},
{"type":"Feature","properties":{"id":230573415,"name":"Voie ferrée","ref":"","type":"rail"},"geometry":{"type":"LineString","coordinates":[[2.1184368,49.026797],[2.1219797,49.0293131],[2.1229113,49.0296642]]}},
{"type":"Feature","properties":{"id":231370028,"name":"Ligne de Saint-Denis à Dieppe","ref":"330000","type":"rail"},"geometry":{"type":"LineString","coordinates":[[2.1922093,49.0088507],[2.1489708,49.0207612]]}},
{"type":"Feature","properties":{"id":231370066,"name":"330000","ref":"330000","type":"rail"},"geometry":{"type":"LineString","coordinates":[[2.1928608,49.0087333],[2.1854049,49.0107626]]}},
{"type":"Feature","properties":{"id":231370067,"name":"Voie ferrée","ref":"","type":"rail"},"geometry":{"type":"LineString","coordinates":[[2.1882786,49.0100367],[2.1806325,49.012385],[2.1802382,49.0128389],[2.180383,49.0133315]]}},
{"type":"Feature","properties":{"id":232007071,"name":"Voie ferrée","ref":"","type":"rail"},"geometry":{"type":"LineString","coordinates":[[2.2191275,48.9476965],[2.2190509,48.9476772]]}},
{"type":"Feature","properties":{"id":232007072,"name":"Voie ferrée","ref":"","type":"rail"},"geometry":{"type":"LineString","coordinates":[[2.2190558,48.9476274],[2.2191726,48.9476544]]}},
{"type":"Feature","properties":{"id":232007073,"name":"Voie ferrée","ref":"","type":"rail"},"geometry":{"type":"LineString","coordinates":[[2.2190509,48.9476772],[2.2181721,48.9475209]]}},
{"type":"Feature","properties":{"id":232007074,"name":"Voie ferrée","ref":"","type":"rail"},"geometry":{"type":"LineString","coordinates":[[2.2191726,48.9476544],[2.2205562,48.9480078]]}},
{"type":"Feature","properties":{"id":237946800,"name":"Cergy le Haut Tiroirs - Voie 7","ref":"326000","type":"rail"},"geometry":{"type":"LineString","coordinates":[[2.0081215,49.0456622],[2.0073132,49.0445191],[2.0069458,49.043429]]}},
{"type":"Feature","properties":{"id":239538746,"name":"Ligne de St Denis à Dieppe","ref":"330000","type":"rail"},"geometry":{"type":"LineString","coordinates":[[1.9358635,49.1680318],[1.9351467,49.1695161],[1.9327476,49.1722563],[1.9317402,49.1750191]]}},
{"type":"Feature","properties":{"id":239711718,"name":"Ligne de St Denis à Dieppe","ref":"330000","type":"rail"},"geometry":{"type":"LineString","coordinates":[[1.9317933,49.1750169],[1.932796,49.1722685],[1.935194,49.1695292],[1.9359139,49.1680369]]}},
{"type":"Feature","properties":{"id":239712344,"name":"Ligne de St Denis à Dieppe","ref":"330000","type":"rail"},"geometry":{"type":"LineString","coordinates":[[1.9361216,49.167347],[1.9369593,49.1640537],[1.9367285,49.1609674]]}},
{"type":"Feature","properties":{"id":239712348,"name":"Ligne de St Denis à Dieppe","ref":"330000","type":"rail"},"geometry":{"type":"LineString","coordinates":[[1.9359139,49.1680369],[1.9361216,49.167347]]}},
{"type":"Feature","properties":{"id":239713163,"name":"Ligne de St Denis à Dieppe","ref":"330000","type":"rail"},"geometry":{"type":"LineString","coordinates":[[1.9788587,49.0913237],[1.9752694,49.0927868],[1.972925,49.0948374]]}},
{"type":"Feature","properties":{"id":239802118,"name":"Ligne de St Denis à Dieppe","ref":"330000","type":"rail"},"geometry":{"type":"LineString","coordinates":[[1.9790454,49.0912776],[1.9788587,49.0913237]]}},
{"type":"Feature","properties":{"id":239802119,"name":"Ligne de St Denis à Dieppe","ref":"330000","type":"rail"},"geometry":{"type":"LineString","coordinates":[[1.978876,49.0913547],[1.9790637,49.0913083]]}},
{"type":"Feature","properties":{"id":239802120,"name":"Ligne de St Denis à Dieppe","ref":"330000","type":"rail"},"geometry":{"type":"LineString","coordinates":[[1.9729692,49.0948541],[1.9741264,49.0936517],[1.9755019,49.0926964],[1.978876,49.0913547]]}},
{"type":"Feature","properties":{"id":239802121,"name":"Ligne de St Denis à Dieppe","ref":"330000","type":"rail"},"geometry":{"type":"LineString","coordinates":[[2.0251045,49.075782],[2.0042502,49.0802819],[1.9866058,49.0886748]]}},
{"type":"Feature","properties":{"id":243323341,"name":"Ligne de Saint-Denis à Dieppe","ref":"330000","type":"rail"},"geometry":{"type":"LineString","coordinates":[[2.3270503,48.9591253],[2.3241272,48.9611662]]}},
{"type":"Feature","properties":{"id":243323342,"name":"Ligne de Saint-Denis à Dieppe","ref":"330000","type":"rail"},"geometry":{"type":"LineString","coordinates":[[2.32395,48.9613361],[2.327101,48.9591506]]}},
{"type":"Feature","properties":{"id":243497578,"name":"325000","ref":"325000","type":"rail"},"geometry":{"type":"LineString","coordinates":[[2.3243606,49.0670061],[2.3251446,49.067327]]}},
{"type":"Feature","properties":{"id":243497583,"name":"Voie ferrée","ref":"","type":"rail"},"geometry":{"type":"LineString","coordinates":[[2.2755454,49.146666],[2.2766796,49.1467576],[2.2795368,49.1464508]]}},
{"type":"Feature","properties":{"id":243497584,"name":"Voie ferrée","ref":"","type":"rail"},"geometry":{"type":"LineString","coordinates":[[2.2795078,49.1462871],[2.27585,49.1466403]]}},
{"type":"Feature","properties":{"id":243497587,"name":"Voie ferrée","ref":"","type":"rail"},"geometry":{"type":"LineString","coordinates":[[2.2760551,49.1468238],[2.2780196,49.147152]]}},
{"type":"Feature","properties":{"id":243497588,"name":"Voie ferrée","ref":"","type":"rail"},"geometry":{"type":"LineString","coordinates":[[2.2733776,49.1467107],[2.2760684,49.1478087]]}},
{"type":"Feature","properties":{"id":243497589,"name":"Voie ferrée","ref":"","type":"rail"},"geometry":{"type":"LineString","coordinates":[[2.2755126,49.1466233],[2.27952,49.1463273]]}},
{"type":"Feature","properties":{"id":243497591,"name":"Ligne d'Épinay-Villetaneuse au Tréport-Mers","ref":"325000","type":"rail"},"geometry":{"type":"LineString","coordinates":[[2.2911036,49.1054157],[2.2891623,49.1063379],[2.2879259,49.1075439]]}},
{"type":"Feature","properties":{"id":243497593,"name":"Voie ferrée","ref":"","type":"rail"},"geometry":{"type":"LineString","coordinates":[[2.2795328,49.1464078],[2.2765573,49.1467267],[2.2751367,49.1465755]]}},
{"type":"Feature","properties":{"id":243497594,"name":"Voie ferrée","ref":"","type":"rail"},"geometry":{"type":"LineString","coordinates":[[2.2730553,49.1463748],[2.278443,49.1483229]]}},
{"type":"Feature","properties":{"id":243497595,"name":"Voie ferrée","ref":"","type":"rail"},"geometry":{"type":"LineString","coordinates":[[2.2768362,49.1464961],[2.2737975,49.1462457]]}},
{"type":"Feature","properties":{"id":243497596,"name":"Ligne de Pierrelaye à Creil","ref":"329000","type":"rail"},"geometry":{"type":"LineString","coordinates":[[2.2806314,49.1486216],[2.2728352,49.1460776]]}},
{"type":"Feature","properties":{"id":243497597,"name":"Voie ferrée","ref":"","type":"rail"},"geometry":{"type":"LineString","coordinates":[[2.278443,49.1483229],[2.2726456,49.146175]]}},
{"type":"Feature","properties":{"id":243497598,"name":"Voie ferrée","ref":"","type":"rail"},"geometry":{"type":"LineString","coordinates":[[2.2765467,49.1468209],[2.2783379,49.1468902],[2.2802345,49.1475163]]}},
{"type":"Feature","properties":{"id":243497602,"name":"Ligne d'Épinay-Villetaneuse au Tréport-Mers","ref":"325000","type":"rail"},"geometry":{"type":"LineString","coordinates":[[2.2912376,49.1053741],[2.2911036,49.1054157]]}},
{"type":"Feature","properties":{"id":243497603,"name":"Ligne d'Épinay-Villetaneuse au Tréport-Mers","ref":"325000","type":"rail"},"geometry":{"type":"LineString","coordinates":[[2.271137,49.1373806],[2.270994,49.1375364]]}},
{"type":"Feature","properties":{"id":243497605,"name":"Ligne d'Épinay-Villetaneuse au Tréport-Mers","ref":"325000","type":"rail"},"geometry":{"type":"LineString","coordinates":[[2.3057063,49.0994962],[2.3054232,49.0998264]]}},
{"type":"Feature","properties":{"id":243497607,"name":"Ligne d'Épinay-Villetaneuse au Tréport-Mers","ref":"325000","type":"rail"},"geometry":{"type":"LineString","coordinates":[[2.292448,49.1050935],[2.2923208,49.1051161]]}},
{"type":"Feature","properties":{"id":243497608,"name":"Ligne d'Épinay-Villetaneuse au Tréport-Mers","ref":"325000","type":"rail"},"geometry":{"type":"LineString","coordinates":[[2.2859198,49.128961],[2.2858893,49.1290208]]}},
{"type":"Feature","properties":{"id":243497609,"name":"Ligne d'Épinay-Villetaneuse au Tréport-Mers","ref":"325000","type":"rail"},"geometry":{"type":"LineString","coordinates":[[2.270994,49.1375364],[2.269224,49.1394283]]}},
{"type":"Feature","properties":{"id":243497610,"name":"Ligne d'Épinay-Villetaneuse au Tréport-Mers","ref":"325000","type":"rail"},"geometry":{"type":"LineString","coordinates":[[2.269224,49.1394283],[2.268515,49.1401854]]}},
{"type":"Feature","properties":{"id":243497611,"name":"Ligne d'Épinay-Villetaneuse au Tréport-Mers","ref":"325000","type":"rail"},"geometry":{"type":"LineString","coordinates":[[2.2879259,49.1075439],[2.2878356,49.1076754]]}},
{"type":"Feature","properties":{"id":243497612,"name":"Ligne d'Épinay-Villetaneuse au Tréport-Mers","ref":"325000","type":"rail"},"geometry":{"type":"LineString","coordinates":[[2.3230698,49.0885475],[2.3229403,49.0886571]]}},
{"type":"Feature","properties":{"id":243497615,"name":"Voie ferrée","ref":"","type":"rail"},"geometry":{"type":"LineString","coordinates":[[2.2762754,49.1468333],[2.2782623,49.1469993],[2.2801426,49.1476204]]}},
{"type":"Feature","properties":{"id":243497616,"name":"Voie ferrée","ref":"","type":"rail"},"geometry":{"type":"LineString","coordinates":[[2.2725467,49.1461277],[2.2771179,49.147987],[2.279516,49.1485501]]}},
{"type":"Feature","properties":{"id":243497617,"name":"Voie ferrée","ref":"","type":"rail"},"geometry":{"type":"LineString","coordinates":[[2.2790265,49.1484593],[2.2721725,49.1459552]]}},
{"type":"Feature","properties":{"id":243497618,"name":"Voie ferrée","ref":"","type":"rail"},"geometry":{"type":"LineString","coordinates":[[2.2760081,49.1467704],[2.2781173,49.1469247],[2.2801699,49.1475852]]}},
{"type":"Feature","properties":{"id":243497621,"name":"Voie ferrée","ref":"","type":"rail"},"geometry":{"type":"LineString","coordinates":[[2.2782119,49.148393],[2.2736417,49.1468397],[2.2722882,49.1460433]]}},
{"type":"Feature","properties":{"id":243497623,"name":"Ligne d'Épinay-Villetaneuse au Tréport-Mers","ref":"325000","type":"rail"},"geometry":{"type":"LineString","coordinates":[[2.3054232,49.0998264],[2.3043176,49.1009221],[2.3027953,49.101772],[2.2997021,49.1027932],[2.2962577,49.1043876],[2.292448,49.1050935]]}},
{"type":"Feature","properties":{"id":243497626,"name":"325000","ref":"325000","type":"rail"},"geometry":{"type":"LineString","coordinates":[[2.3276057,49.0684737],[2.3284175,49.068825]]}},
{"type":"Feature","properties":{"id":243497627,"name":"Ligne d'Épinay-Villetaneuse au Tréport-Mers","ref":"325000","type":"rail"},"geometry":{"type":"LineString","coordinates":[[2.2683725,49.1403427],[2.267666,49.1418251],[2.2679303,49.143221]]}},
{"type":"Feature","properties":{"id":243497628,"name":"Ligne d'Épinay-Villetaneuse au Tréport-Mers","ref":"325000","type":"rail"},"geometry":{"type":"LineString","coordinates":[[2.3243606,49.0670061],[2.3280924,49.06877],[2.3298959,49.0702536]]}},
{"type":"Feature","properties":{"id":243497629,"name":"Ligne d'Épinay-Villetaneuse au Tréport-Mers","ref":"325000","type":"rail"},"geometry":{"type":"LineString","coordinates":[[2.2858893,49.1290208],[2.2851469,49.1301361],[2.2838342,49.1311793],[2.2757067,49.1345409]]}},
{"type":"Feature","properties":{"id":243497631,"name":"Voie ferrée","ref":"","type":"rail"},"geometry":{"type":"LineString","coordinates":[[2.276531,49.146948],[2.2778635,49.1473854]]}},
{"type":"Feature","properties":{"id":243497632,"name":"Voie ferrée","ref":"","type":"rail"},"geometry":{"type":"LineString","coordinates":[[2.2750979,49.146343],[2.2761549,49.1463522]]}},
{"type":"Feature","properties":{"id":243497633,"name":"Ligne d'Épinay-Villetaneuse au Tréport-Mers","ref":"325000","type":"rail"},"geometry":{"type":"LineString","coordinates":[[2.2878356,49.1076754],[2.2873765,49.1086781],[2.287318,49.1100382],[2.2883697,49.1168923],[2.289372,49.1197063],[2.289519,49.1211648],[2.2891395,49.122621],[2.2859198,49.128961]]}},
{"type":"Feature","properties":{"id":243497634,"name":"Voie ferrée","ref":"","type":"rail"},"geometry":{"type":"LineString","coordinates":[[2.2789067,49.1483879],[2.2801893,49.1486797]]}},
{"type":"Feature","properties":{"id":243497635,"name":"Ligne d'Épinay-Villetaneuse au Tréport-Mers","ref":"325000","type":"rail"},"geometry":{"type":"LineString","coordinates":[[2.2923208,49.1051161],[2.2912376,49.1053741]]}},
{"type":"Feature","properties":{"id":243497636,"name":"Ligne d'Épinay-Villetaneuse au Tréport-Mers","ref":"325000","type":"rail"},"geometry":{"type":"LineString","coordinates":[[2.3229403,49.0886571],[2.3178692,49.0912888],[2.3169785,49.0922287],[2.3155849,49.0945039],[2.314444,49.0955108],[2.3126908,49.0963441],[2.3082899,49.0974921],[2.3067267,49.0984283],[2.3057063,49.0994962]]}},
{"type":"Feature","properties":{"id":243497638,"name":"Voie ferrée","ref":"","type":"rail"},"geometry":{"type":"LineString","coordinates":[[2.2746799,49.1463405],[2.27578,49.1462658]]}},
{"type":"Feature","properties":{"id":243497640,"name":"Voie ferrée","ref":"","type":"rail"},"geometry":{"type":"LineString","coordinates":[[2.276502,49.147895],[2.2736417,49.1468397]]}},
{"type":"Feature","properties":{"id":243497642,"name":"329000","ref":"329000","type":"rail"},"geometry":{"type":"LineString","coordinates":[[2.2747125,49.1465526],[2.2787334,49.1477758]]}},
{"type":"Feature","properties":{"id":243497643,"name":"Voie ferrée","ref":"","type":"rail"},"geometry":{"type":"LineString","coordinates":[[2.2780811,49.1481885],[2.2730798,49.1463443]]}},
{"type":"Feature","properties":{"id":243497648,"name":"Voie ferrée","ref":"","type":"rail"},"geometry":{"type":"LineString","coordinates":[[2.2780786,49.1474965],[2.2755454,49.146666]]}},
{"type":"Feature","properties":{"id":243497649,"name":"329000","ref":"329000","type":"rail"},"geometry":{"type":"LineString","coordinates":[[2.2732668,49.1461624],[2.2786537,49.1478787]]}},
{"type":"Feature","properties":{"id":243497650,"name":"Voie ferrée","ref":"","type":"rail"},"geometry":{"type":"LineString","coordinates":[[2.2733776,49.1467107],[2.2741055,49.1472679],[2.2751528,49.1476424]]}},
{"type":"Feature","properties":{"id":243497651,"name":"Voie ferrée","ref":"","type":"rail"},"geometry":{"type":"LineString","coordinates":[[2.2758597,49.1466734],[2.2795263,49.1463713]]}},
{"type":"Feature","properties":{"id":243497952,"name":"Ligne d'Épinay-Villetaneuse au Tréport-Mers","ref":"325000","type":"rail"},"geometry":{"type":"LineString","coordinates":[[2.3230345,49.0885283],[2.3228928,49.0886466]]}},
{"type":"Feature","properties":{"id":243497953,"name":"Ligne d'Épinay-Villetaneuse au Tréport-Mers","ref":"325000","type":"rail"},"geometry":{"type":"LineString","coordinates":[[2.3228928,49.0886466],[2.3178338,49.09126],[2.3169288,49.0922165],[2.3155428,49.0944914],[2.3144071,49.0954917],[2.3127093,49.096304],[2.3082663,49.0974613],[2.3066966,49.0983926],[2.305664,49.0994766]]}},
{"type":"Feature","properties":{"id":243497999,"name":"Ligne d'Épinay-Villetaneuse au Tréport-Mers","ref":"325000","type":"rail"},"geometry":{"type":"LineString","coordinates":[[2.3053784,49.099815],[2.3042827,49.1008973],[2.3027782,49.1017434],[2.2996678,49.1027669],[2.296234,49.1043578],[2.2924231,49.1050644]]}},
{"type":"Feature","properties":{"id":243498000,"name":"Ligne d'Épinay-Villetaneuse au Tréport-Mers","ref":"325000","type":"rail"},"geometry":{"type":"LineString","coordinates":[[2.305664,49.0994766],[2.3053784,49.099815]]}},
{"type":"Feature","properties":{"id":243498040,"name":"Ligne d'Épinay-Villetaneuse au Tréport-Mers","ref":"325000","type":"rail"},"geometry":{"type":"LineString","coordinates":[[2.2922936,49.105087],[2.2912439,49.105334]]}},
{"type":"Feature","properties":{"id":243498041,"name":"Ligne d'Épinay-Villetaneuse au Tréport-Mers","ref":"325000","type":"rail"},"geometry":{"type":"LineString","coordinates":[[2.2924231,49.1050644],[2.2922936,49.105087]]}},
{"type":"Feature","properties":{"id":243498048,"name":"Ligne d'Épinay-Villetaneuse au Tréport-Mers","ref":"325000","type":"rail"},"geometry":{"type":"LineString","coordinates":[[2.2878655,49.1075435],[2.2877834,49.1076721]]}},
{"type":"Feature","properties":{"id":243498049,"name":"Ligne d'Épinay-Villetaneuse au Tréport-Mers","ref":"325000","type":"rail"},"geometry":{"type":"LineString","coordinates":[[2.2877834,49.1076721],[2.287279,49.1088656],[2.2872738,49.1100443],[2.2883175,49.1168944],[2.2893631,49.1198495],[2.2894688,49.1211661],[2.2890382,49.1227209],[2.2858789,49.1289452]]}},
{"type":"Feature","properties":{"id":243498087,"name":"Ligne d'Épinay-Villetaneuse au Tréport-Mers","ref":"325000","type":"rail"},"geometry":{"type":"LineString","coordinates":[[2.2858789,49.1289452],[2.2858476,49.1290045]]}},
{"type":"Feature","properties":{"id":243498088,"name":"Ligne d'Épinay-Villetaneuse au Tréport-Mers","ref":"325000","type":"rail"},"geometry":{"type":"LineString","coordinates":[[2.2858476,49.1290045],[2.2847937,49.1304304],[2.2834476,49.1313413],[2.2756713,49.1345162]]}},
{"type":"Feature","properties":{"id":243956373,"name":"Ligne d'Épinay-Villetaneuse au Tréport-Mers","ref":"325000","type":"rail"},"geometry":{"type":"LineString","coordinates":[[2.2911109,49.105373],[2.2891213,49.1063114],[2.2878655,49.1075435]]}},
{"type":"Feature","properties":{"id":243956374,"name":"Voie ferrée","ref":"","type":"rail"},"geometry":{"type":"LineString","coordinates":[[2.325444,49.0672993],[2.3220594,49.065428]]}},
{"type":"Feature","properties":{"id":243956375,"name":"Ligne d'Épinay-Villetaneuse au Tréport-Mers","ref":"325000","type":"rail"},"geometry":{"type":"LineString","coordinates":[[2.3207152,49.064151],[2.3207487,49.064221]]}},
{"type":"Feature","properties":{"id":243956376,"name":"Ligne d'Épinay-Villetaneuse au Tréport-Mers","ref":"325000","type":"rail"},"geometry":{"type":"LineString","coordinates":[[2.2912439,49.105334],[2.2911109,49.105373]]}},
{"type":"Feature","properties":{"id":243956378,"name":"Voie ferrée","ref":"","type":"rail"},"geometry":{"type":"LineString","coordinates":[[2.3215263,49.0650079],[2.3257071,49.0674714]]}},
{"type":"Feature","properties":{"id":243956379,"name":"Voie ferrée","ref":"","type":"rail"},"geometry":{"type":"LineString","coordinates":[[2.3256961,49.0674814],[2.3227593,49.0659647],[2.3214865,49.0649636]]}},
{"type":"Feature","properties":{"id":244220535,"name":"Ligne d'Épinay-Villetaneuse au Tréport-Mers","ref":"325000","type":"rail"},"geometry":{"type":"LineString","coordinates":[[2.3683677,49.0006928],[2.3630704,49.0132643],[2.3630698,49.015126],[2.3645765,49.0196876],[2.3642755,49.0211126],[2.3632938,49.0224169]]}},
{"type":"Feature","properties":{"id":244220539,"name":"Ligne d'Épinay-Villetaneuse au Tréport-Mers","ref":"325000","type":"rail"},"geometry":{"type":"LineString","coordinates":[[2.3287033,48.9673874],[2.3299099,48.9682203],[2.3312529,48.9696314]]}},
{"type":"Feature","properties":{"id":244220540,"name":"Ligne d'Épinay-Villetaneuse au Tréport-Mers","ref":"325000","type":"rail"},"geometry":{"type":"LineString","coordinates":[[2.368387,49.0006408],[2.3683677,49.0006928]]}},
{"type":"Feature","properties":{"id":244220541,"name":"Ligne d'Épinay-Villetaneuse au Tréport-Mers","ref":"325000","type":"rail"},"geometry":{"type":"LineString","coordinates":[[2.3312529,48.9696314],[2.3312902,48.9696744]]}},
{"type":"Feature","properties":{"id":244220543,"name":"Ligne d'Épinay-Villetaneuse au Tréport-Mers","ref":"325000","type":"rail"},"geometry":{"type":"LineString","coordinates":[[2.3396447,48.9767016],[2.352248,48.9836877]]}},
{"type":"Feature","properties":{"id":244220545,"name":"Ligne d'Épinay-Villetaneuse au Tréport-Mers","ref":"325000","type":"rail"},"geometry":{"type":"LineString","coordinates":[[2.3331458,48.9716894],[2.3354741,48.9741818],[2.336776,48.9751103]]}},
{"type":"Feature","properties":{"id":244220580,"name":"Ligne d'Épinay-Villetaneuse au Tréport-Mers","ref":"325000","type":"rail"},"geometry":{"type":"LineString","coordinates":[[2.3238269,48.9646564],[2.3253693,48.9660053],[2.3284553,48.9672194]]}},
{"type":"Feature","properties":{"id":244220583,"name":"Ligne d'Épinay-Villetaneuse au Tréport-Mers","ref":"325000","type":"rail"},"geometry":{"type":"LineString","coordinates":[[2.3684143,49.0007025],[2.3630864,49.0134235],[2.3631181,49.0151221],[2.3646154,49.0194889],[2.3644163,49.0209107],[2.3635006,49.0222762],[2.3608938,49.0239645],[2.3510534,49.0293304],[2.34873,49.0303684],[2.3302673,49.034346],[2.3281718,49.0350933],[2.3268126,49.0360576],[2.3260251,49.03709],[2.3234905,49.0437386]]}},
{"type":"Feature","properties":{"id":244220584,"name":"Ligne d'Épinay-Villetaneuse au Tréport-Mers","ref":"325000","type":"rail"},"geometry":{"type":"LineString","coordinates":[[2.3675645,48.9935777],[2.3688045,48.9963488],[2.36891,48.9989228]]}},
{"type":"Feature","properties":{"id":244220586,"name":"Ligne d'Épinay-Villetaneuse au Tréport-Mers","ref":"325000","type":"rail"},"geometry":{"type":"LineString","coordinates":[[2.3285883,48.9672849],[2.3298426,48.9681061],[2.3312671,48.9695858]]}},
{"type":"Feature","properties":{"id":244220587,"name":"Ligne d'Épinay-Villetaneuse au Tréport-Mers","ref":"325000","type":"rail"},"geometry":{"type":"LineString","coordinates":[[2.3689294,48.9978798],[2.3688435,48.9988027]]}},
{"type":"Feature","properties":{"id":244220588,"name":"Ligne d'Épinay-Villetaneuse au Tréport-Mers","ref":"325000","type":"rail"},"geometry":{"type":"LineString","coordinates":[[2.3207618,49.0641441],[2.3207977,49.0642156]]}},
{"type":"Feature","properties":{"id":244220589,"name":"Ligne d'Épinay-Villetaneuse au Tréport-Mers","ref":"325000","type":"rail"},"geometry":{"type":"LineString","coordinates":[[2.3684354,49.0006503],[2.3684143,49.0007025]]}},
{"type":"Feature","properties":{"id":244220590,"name":"Ligne d'Épinay-Villetaneuse au Tréport-Mers","ref":"325000","type":"rail"},"geometry":{"type":"LineString","coordinates":[[2.36891,48.9989228],[2.3689009,48.9989771]]}},
{"type":"Feature","properties":{"id":244220591,"name":"Ligne d'Épinay-Villetaneuse au Tréport-Mers","ref":"325000","type":"rail"},"geometry":{"type":"LineString","coordinates":[[2.3312671,48.9695858],[2.331304,48.969627]]}},
{"type":"Feature","properties":{"id":244220592,"name":"Ligne d'Epinay-Villetaneuse au Tréport-Mers","ref":"325000","type":"rail"},"geometry":{"type":"LineString","coordinates":[[2.3234905,49.0437386],[2.3234228,49.0439069]]}},
{"type":"Feature","properties":{"id":244220601,"name":"Ligne d'Épinay-Villetaneuse au Tréport-Mers","ref":"325000","type":"rail"},"geometry":{"type":"LineString","coordinates":[[2.3284553,48.9672194],[2.3285883,48.9672849]]}},
{"type":"Feature","properties":{"id":244220606,"name":"325000","ref":"325000","type":"rail"},"geometry":{"type":"LineString","coordinates":[[2.3676064,48.9937406],[2.3681993,48.9947827]]}},
{"type":"Feature","properties":{"id":244220608,"name":"Ligne d'Épinay-Villetaneuse au Tréport-Mers","ref":"325000","type":"rail"},"geometry":{"type":"LineString","coordinates":[[2.3205495,49.0635924],[2.3207618,49.0641441]]}},
{"type":"Feature","properties":{"id":244220609,"name":"Ligne d'Épinay-Villetaneuse au Tréport-Mers","ref":"325000","type":"rail"},"geometry":{"type":"LineString","coordinates":[[2.3689009,48.9989771],[2.3684354,49.0006503]]}},
{"type":"Feature","properties":{"id":255223276,"name":"Ligne de la bifurcation de Neuville à Cergy-Préfecture","ref":"326000","type":"rail"},"geometry":{"type":"LineString","coordinates":[[2.0787383,49.0368663],[2.0729937,49.0411376],[2.0699706,49.0443877],[2.0688569,49.0452432],[2.0667727,49.0461737],[2.0629198,49.0469694]]}},
{"type":"Feature","properties":{"id":256143972,"name":"Ligne d'Épinay-Villetaneuse au Tréport-Mers","ref":"325000","type":"rail"},"geometry":{"type":"LineString","coordinates":[[2.3356345,48.9742635],[2.3371791,48.9752936]]}},
{"type":"Feature","properties":{"id":256150176,"name":"Ligne de Saint-Denis à Dieppe","ref":"330000","type":"rail"},"geometry":{"type":"LineString","coordinates":[[2.19756,49.0073193],[2.1922093,49.0088507]]}},
{"type":"Feature","properties":{"id":257751171,"name":"Ligne d'Aulnay-sous-Bois à Roissy 2-RER","ref":"76000","type":"rail"},"geometry":{"type":"LineString","coordinates":[[2.519066,48.9969587],[2.5236475,49.0013062],[2.5260879,49.0041062]]}},
{"type":"Feature","properties":{"id":257751172,"name":"Ligne d'Aulnay-sous-Bois à Roissy 2-RER","ref":"76000","type":"rail"},"geometry":{"type":"LineString","coordinates":[[2.5195655,48.9910293],[2.5187352,48.9925754]]}},
{"type":"Feature","properties":{"id":257751175,"name":"Ligne d'Aulnay-sous-Bois à Roissy 2-RER","ref":"76000","type":"rail"},"geometry":{"type":"LineString","coordinates":[[2.5181949,48.9944813],[2.5184287,48.9957926]]}},
{"type":"Feature","properties":{"id":257751176,"name":"Ligne d'Aulnay-sous-Bois à Roissy 2-RER","ref":"76000","type":"rail"},"geometry":{"type":"LineString","coordinates":[[2.5187352,48.9925754],[2.5181949,48.9944813]]}},
{"type":"Feature","properties":{"id":257751177,"name":"Ligne d'Aulnay-sous-Bois à Roissy 2-RER","ref":"76000","type":"rail"},"geometry":{"type":"LineString","coordinates":[[2.5260879,49.0041062],[2.52631,49.0042879]]}},
{"type":"Feature","properties":{"id":257751178,"name":"Ligne d'Aulnay-sous-Bois à Roissy 2-RER","ref":"76000","type":"rail"},"geometry":{"type":"LineString","coordinates":[[2.5184287,48.9957926],[2.519066,48.9969587]]}},
{"type":"Feature","properties":{"id":274983845,"name":"Ligne de Saint-Denis à Dieppe","ref":"330000","type":"rail"},"geometry":{"type":"LineString","coordinates":[[2.0764898,49.0539287],[2.0765977,49.053895]]}},
{"type":"Feature","properties":{"id":274985639,"name":"Ligne de Saint-Denis à Dieppe","ref":"330000","type":"rail"},"geometry":{"type":"LineString","coordinates":[[2.033563,49.0719162],[2.0346841,49.070677]]}},
{"type":"Feature","properties":{"id":314103151,"name":"Ligne de la Grande Ceinture de Paris","ref":"990000","type":"rail"},"geometry":{"type":"LineString","coordinates":[[2.3363753,48.9597305],[2.3368139,48.9597455]]}},
{"type":"Feature","properties":{"id":314103152,"name":"Ligne de la Grande Ceinture de Paris","ref":"990000","type":"rail"},"geometry":{"type":"LineString","coordinates":[[2.3378169,48.9597386],[2.3367849,48.9597038]]}},
{"type":"Feature","properties":{"id":314103153,"name":"Ligne de la Grande Ceinture de Paris","ref":"990000","type":"rail"},"geometry":{"type":"LineString","coordinates":[[2.3367849,48.9597038],[2.336349,48.9596894]]}},
{"type":"Feature","properties":{"id":314103154,"name":"Ligne de la Grande Ceinture de Paris","ref":"990000","type":"rail"},"geometry":{"type":"LineString","coordinates":[[2.3368139,48.9597455],[2.3378484,48.9597789]]}},
{"type":"Feature","properties":{"id":325974930,"name":"Ligne de la Grande Ceinture de Paris","ref":"990000","type":"rail"},"geometry":{"type":"LineString","coordinates":[[2.21134,48.944816],[2.2056731,48.9431745]]}},
{"type":"Feature","properties":{"id":325974934,"name":"Ligne de la Grande Ceinture de Paris","ref":"990000","type":"rail"},"geometry":{"type":"LineString","coordinates":[[2.2241555,48.948414],[2.21134,48.944816]]}},
{"type":"Feature","properties":{"id":327419802,"name":"Ligne de Paris-Saint-Lazare à Ermont - Eaubonne","ref":"334900","type":"rail"},"geometry":{"type":"LineString","coordinates":[[2.259858,48.944351],[2.2606569,48.9433154]]}},
{"type":"Feature","properties":{"id":327419803,"name":"Ligne de Paris-Saint-Lazare à Ermont - Eaubonne","ref":"334900","type":"rail"},"geometry":{"type":"LineString","coordinates":[[2.2595457,48.9447563],[2.259858,48.944351]]}},
{"type":"Feature","properties":{"id":327419804,"name":"Ligne de Paris-Saint-Lazare à Ermont - Eaubonne","ref":"334900","type":"rail"},"geometry":{"type":"LineString","coordinates":[[2.2606135,48.9432952],[2.2598087,48.9443346]]}},
{"type":"Feature","properties":{"id":327419805,"name":"334900","ref":"334900","type":"rail"},"geometry":{"type":"LineString","coordinates":[[2.2590959,48.9454146],[2.2571939,48.9479197]]}},
{"type":"Feature","properties":{"id":327419811,"name":"334000","ref":"334000","type":"rail"},"geometry":{"type":"LineString","coordinates":[[2.2590554,48.9450772],[2.2584973,48.9458218]]}},
{"type":"Feature","properties":{"id":327419814,"name":"Ligne de Paris Saint-Lazare à Mantes par Conflans","ref":"334000","type":"rail"},"geometry":{"type":"LineString","coordinates":[[2.255233,48.9502506],[2.2543873,48.95323],[2.2532939,48.9544037],[2.2516211,48.955348],[2.2495733,48.9558925],[2.2474251,48.9560035],[2.2451586,48.9556825],[2.243039,48.9549168]]}},
{"type":"Feature","properties":{"id":327419815,"name":"Ligne de Paris Saint-Lazare à Mantes par Conflans","ref":"334000","type":"rail"},"geometry":{"type":"LineString","coordinates":[[2.2591237,48.9450552],[2.2596877,48.9442943]]}},
{"type":"Feature","properties":{"id":331794927,"name":"Ligne d'Épinay-Villetaneuse au Tréport-Mers","ref":"325000","type":"rail"},"geometry":{"type":"LineString","coordinates":[[2.3204057,49.0620953],[2.3204006,49.0628563]]}},
{"type":"Feature","properties":{"id":331794928,"name":"Ligne d'Épinay-Villetaneuse au Tréport-Mers","ref":"325000","type":"rail"},"geometry":{"type":"LineString","coordinates":[[2.3204156,49.061726],[2.3204057,49.0620953]]}},
{"type":"Feature","properties":{"id":331794929,"name":"Ligne d'Épinay-Villetaneuse au Tréport-Mers","ref":"325000","type":"rail"},"geometry":{"type":"LineString","coordinates":[[2.3204651,49.0617236],[2.3204547,49.062093]]}},
{"type":"Feature","properties":{"id":331794930,"name":"Ligne d'Épinay-Villetaneuse au Tréport-Mers","ref":"325000","type":"rail"},"geometry":{"type":"LineString","coordinates":[[2.320833,49.0507685],[2.3205796,49.0521027],[2.3204961,49.0595451]]}},
{"type":"Feature","properties":{"id":335186933,"name":"330000","ref":"330000","type":"rail"},"geometry":{"type":"LineString","coordinates":[[2.2680495,48.981181],[2.2641611,48.9824839]]}},
{"type":"Feature","properties":{"id":335186934,"name":"330000","ref":"330000","type":"rail"},"geometry":{"type":"LineString","coordinates":[[2.2696623,48.9808171],[2.2680495,48.981181]]}},
{"type":"Feature","properties":{"id":335186935,"name":"330000","ref":"330000","type":"rail"},"geometry":{"type":"LineString","coordinates":[[2.2697309,48.9808392],[2.2689482,48.9809766]]}},
{"type":"Feature","properties":{"id":335186936,"name":"Ligne d'Ermont - Eaubonne à Champ-de-Mars","ref":"330000","type":"rail"},"geometry":{"type":"LineString","coordinates":[[2.2612557,48.9836046],[2.2650067,48.9823612]]}},
{"type":"Feature","properties":{"id":339309840,"name":"Ligne de Pierrelaye à Creil","ref":"329000","type":"rail"},"geometry":{"type":"LineString","coordinates":[[2.1211589,49.0460905],[2.121105,49.046235]]}},
{"type":"Feature","properties":{"id":339309841,"name":"Ligne de Pierrelaye à Creil","ref":"329000","type":"rail"},"geometry":{"type":"LineString","coordinates":[[2.1211547,49.0462474],[2.1212045,49.046107]]}},
{"type":"Feature","properties":{"id":339309842,"name":"Ligne de Pierrelaye à Creil","ref":"329000","type":"rail"},"geometry":{"type":"LineString","coordinates":[[2.121105,49.046235],[2.120332,49.04864],[2.120201,49.049998],[2.120481,49.051711],[2.1212024,49.0532513]]}},
{"type":"Feature","properties":{"id":339309843,"name":"Ligne de Pierrelaye à Creil","ref":"329000","type":"rail"},"geometry":{"type":"LineString","coordinates":[[2.1212045,49.046107],[2.1239906,49.0385674]]}},
{"type":"Feature","properties":{"id":348241651,"name":"Ligne de Gonesse à Lille-Frontière (LGV)","ref":"226000","type":"rail"},"geometry":{"type":"LineString","coordinates":[[2.4759109,49.0180984],[2.4829232,49.0197143],[2.4887984,49.0214852],[2.4946114,49.023705],[2.4993593,49.0259182]]}},
{"type":"Feature","properties":{"id":348241652,"name":"Ligne de Gonesse à Lille-Frontière (LGV)","ref":"226000","type":"rail"},"geometry":{"type":"LineString","coordinates":[[2.4438705,49.0094367],[2.4519942,49.0126413],[2.4593589,49.0145732]]}},
{"type":"Feature","properties":{"id":348241654,"name":"Ligne de Gonesse à Lille-Frontière (LGV)","ref":"226000","type":"rail"},"geometry":{"type":"LineString","coordinates":[[2.5004067,49.0264601],[2.5036322,49.0281772]]}},
{"type":"Feature","properties":{"id":348241656,"name":"Ligne de Gonesse à Lille-Frontière (LGV)","ref":"226000","type":"rail"},"geometry":{"type":"LineString","coordinates":[[2.5036322,49.0281772],[2.5045564,49.0286743]]}},
{"type":"Feature","properties":{"id":348241660,"name":"Ligne de Gonesse à Lille-Frontière (LGV)","ref":"226000","type":"rail"},"geometry":{"type":"LineString","coordinates":[[2.5468596,49.0496622],[2.5474239,49.0499121]]}},
{"type":"Feature","properties":{"id":348241661,"name":"Ligne de Gonesse à Lille-Frontière (LGV)","ref":"226000","type":"rail"},"geometry":{"type":"LineString","coordinates":[[2.4593589,49.0145732],[2.4595504,49.0146137]]}},
{"type":"Feature","properties":{"id":348241662,"name":"Ligne de Gonesse à Lille-Frontière (LGV)","ref":"226000","type":"rail"},"geometry":{"type":"LineString","coordinates":[[2.5238506,49.0389649],[2.5239468,49.0390175]]}},
{"type":"Feature","properties":{"id":348241664,"name":"Ligne de Gonesse à Lille-Frontière (LGV)","ref":"226000","type":"rail"},"geometry":{"type":"LineString","coordinates":[[2.5045564,49.0286743],[2.5073616,49.0301726]]}},
{"type":"Feature","properties":{"id":348241665,"name":"Ligne de Gonesse à Lille-Frontière (LGV)","ref":"226000","type":"rail"},"geometry":{"type":"LineString","coordinates":[[2.4686812,49.01656],[2.4759109,49.0180984]]}},
{"type":"Feature","properties":{"id":348241666,"name":"Ligne de Gonesse à Lille-Frontière (LGV)","ref":"226000","type":"rail"},"geometry":{"type":"LineString","coordinates":[[2.4993593,49.0259182],[2.5004067,49.0264601]]}},
{"type":"Feature","properties":{"id":348241670,"name":"Ligne de Gonesse à Lille-Frontière (LGV)","ref":"226000","type":"rail"},"geometry":{"type":"LineString","coordinates":[[2.5239468,49.0390175],[2.5268028,49.0405365]]}},
{"type":"Feature","properties":{"id":376067955,"name":"330000","ref":"330000","type":"rail"},"geometry":{"type":"LineString","coordinates":[[2.3268817,48.9592019],[2.3250266,48.9605481]]}},
{"type":"Feature","properties":{"id":376067956,"name":"330000","ref":"330000","type":"rail"},"geometry":{"type":"LineString","coordinates":[[2.326872,48.9593577],[2.3260429,48.9598873]]}},
{"type":"Feature","properties":{"id":376067957,"name":"Ligne de Pierrelaye à Creil","ref":"329000","type":"rail"},"geometry":{"type":"LineString","coordinates":[[2.2021836,49.091844],[2.20768,49.1032598],[2.2083363,49.1108239],[2.2101089,49.1151322],[2.2110474,49.1210336],[2.2121307,49.1230277],[2.2139845,49.1248807],[2.2163286,49.1263188],[2.2234119,49.1295767],[2.2708796,49.1454343]]}},
{"type":"Feature","properties":{"id":385341803,"name":"334000","ref":"334000","type":"rail"},"geometry":{"type":"LineString","coordinates":[[2.2584973,48.9458218],[2.2565312,48.948336]]}},
{"type":"Feature","properties":{"id":385345212,"name":"Raccordement de Soulezard","ref":"334301","type":"rail"},"geometry":{"type":"LineString","coordinates":[[2.229913,48.9497334],[2.2338805,48.9509605],[2.236215,48.9520814]]}},
{"type":"Feature","properties":{"id":395252778,"name":"Raccordement d'interconnexion nord-sud (LGV)","ref":"226310","type":"rail"},"geometry":{"type":"LineString","coordinates":[[2.5658602,49.044274],[2.5659065,49.0438885]]}},
{"type":"Feature","properties":{"id":397448096,"name":"Voie ferrée","ref":"","type":"rail"},"geometry":{"type":"LineString","coordinates":[[2.2680451,49.144212],[2.2558248,49.1401818],[2.2549572,49.1396739]]}},
{"type":"Feature","properties":{"id":397448515,"name":"Voie ferrée","ref":"","type":"rail"},"geometry":{"type":"LineString","coordinates":[[2.2545185,49.1382498],[2.2557524,49.1369951],[2.2575482,49.1366873]]}},
{"type":"Feature","properties":{"id":397448516,"name":"Voie ferrée","ref":"","type":"rail"},"geometry":{"type":"LineString","coordinates":[[2.2544288,49.1385684],[2.2548029,49.1374707]]}},
{"type":"Feature","properties":{"id":397448517,"name":"Voie ferrée","ref":"","type":"rail"},"geometry":{"type":"LineString","coordinates":[[2.2676531,49.1440652],[2.2575,49.1406531]]}},
{"type":"Feature","properties":{"id":397448518,"name":"Voie ferrée","ref":"","type":"rail"},"geometry":{"type":"LineString","coordinates":[[2.2684023,49.1443446],[2.2581544,49.1408162],[2.2560998,49.1403197]]}},
{"type":"Feature","properties":{"id":397448519,"name":"Voie ferrée","ref":"","type":"rail"},"geometry":{"type":"LineString","coordinates":[[2.2684023,49.1443446],[2.2545254,49.1397985]]}},
{"type":"Feature","properties":{"id":397448520,"name":"Voie ferrée","ref":"","type":"rail"},"geometry":{"type":"LineString","coordinates":[[2.2690182,49.1446605],[2.2570333,49.140546]]}},
{"type":"Feature","properties":{"id":397450726,"name":"Voie ferrée","ref":"","type":"rail"},"geometry":{"type":"LineString","coordinates":[[2.2751367,49.1465755],[2.2741401,49.1463855]]}},
{"type":"Feature","properties":{"id":397450729,"name":"Ligne de Pierrelaye à Creil","ref":"329000","type":"rail"},"geometry":{"type":"LineString","coordinates":[[2.2719269,49.1458197],[2.273785,49.1464666]]}},
{"type":"Feature","properties":{"id":397451798,"name":"Voie ferrée","ref":"","type":"rail"},"geometry":{"type":"LineString","coordinates":[[2.2765061,49.1445975],[2.2742477,49.1460274],[2.2732507,49.1460628],[2.2722082,49.1457377]]}},
{"type":"Feature","properties":{"id":397453972,"name":"Voie ferrée","ref":"","type":"rail"},"geometry":{"type":"LineString","coordinates":[[2.2713082,49.1456424],[2.2673339,49.1442979]]}},
{"type":"Feature","properties":{"id":397453973,"name":"Voie ferrée","ref":"","type":"rail"},"geometry":{"type":"LineString","coordinates":[[2.2731185,49.1466433],[2.2719946,49.145966]]}},
{"type":"Feature","properties":{"id":397453974,"name":"Voie ferrée","ref":"","type":"rail"},"geometry":{"type":"LineString","coordinates":[[2.2737722,49.1470165],[2.2752388,49.1476306]]}},
{"type":"Feature","properties":{"id":397455583,"name":"Voie ferrée","ref":"","type":"rail"},"geometry":{"type":"LineString","coordinates":[[2.2555887,49.1401467],[2.2544852,49.139258],[2.2545495,49.1378209],[2.2554976,49.1358369],[2.2563064,49.1354572],[2.2571659,49.1354087]]}},
{"type":"Feature","properties":{"id":397455584,"name":"Voie ferrée","ref":"","type":"rail"},"geometry":{"type":"LineString","coordinates":[[2.2677472,49.1442439],[2.2694385,49.144812]]}},
{"type":"Feature","properties":{"id":397708701,"name":"329000","ref":"329000","type":"rail"},"geometry":{"type":"LineString","coordinates":[[2.2806314,49.1486216],[2.2733826,49.1462274]]}},
{"type":"Feature","properties":{"id":397709841,"name":"329000","ref":"329000","type":"rail"},"geometry":{"type":"LineString","coordinates":[[2.282506,49.149323],[2.2844517,49.1499376]]}},
{"type":"Feature","properties":{"id":397816435,"name":"Voie ferrée","ref":"","type":"rail"},"geometry":{"type":"LineString","coordinates":[[2.2013835,49.0902126],[2.1991513,49.0858021]]}},
{"type":"Feature","properties":{"id":397817033,"name":"Voie ferrée","ref":"","type":"rail"},"geometry":{"type":"LineString","coordinates":[[2.200786,49.0891558],[2.1993443,49.0861903]]}},
{"type":"Feature","properties":{"id":398016162,"name":"Raccordement d'Epluches","ref":"331300","type":"rail"},"geometry":{"type":"LineString","coordinates":[[2.1157778,49.048718],[2.1103397,49.0460524],[2.1072762,49.0454086]]}},
{"type":"Feature","properties":{"id":406482932,"name":"Ligne de St Denis à Dieppe","ref":"330000","type":"rail"},"geometry":{"type":"LineString","coordinates":[[2.0777524,49.0535456],[2.0825663,49.05196],[2.0857513,49.0498813]]}},
{"type":"Feature","properties":{"id":414802503,"name":"Ligne de Paris-Nord à Lille","ref":"272000","type":"rail"},"geometry":{"type":"LineString","coordinates":[[2.3912201,48.9771139],[2.3904602,48.9765816]]}},
{"type":"Feature","properties":{"id":414802504,"name":"Ligne de Paris-Nord à Lille","ref":"272000","type":"rail"},"geometry":{"type":"LineString","coordinates":[[2.3959623,48.9804344],[2.3912201,48.9771139]]}},
{"type":"Feature","properties":{"id":414802505,"name":"Ligne de Paris-Nord à Lille","ref":"272000","type":"rail"},"geometry":{"type":"LineString","coordinates":[[2.3921573,48.9778841],[2.3911365,48.9771703]]}},
{"type":"Feature","properties":{"id":414802506,"name":"Ligne de Paris-Nord à Lille","ref":"272000","type":"rail"},"geometry":{"type":"LineString","coordinates":[[2.3903761,48.9766336],[2.3895796,48.9760771]]}},
{"type":"Feature","properties":{"id":414802517,"name":"Ligne de Paris-Nord à Lille","ref":"272000","type":"rail"},"geometry":{"type":"LineString","coordinates":[[2.3960407,48.9803854],[2.3913033,48.977065]]}},
{"type":"Feature","properties":{"id":414802518,"name":"Ligne de Paris-Nord à Lille","ref":"272000","type":"rail"},"geometry":{"type":"LineString","coordinates":[[2.3913033,48.977065],[2.3905589,48.9765247]]}},
{"type":"Feature","properties":{"id":414802519,"name":"Ligne de Paris-Nord à Lille","ref":"272000","type":"rail"},"geometry":{"type":"LineString","coordinates":[[2.3904247,48.9766037],[2.391185,48.9771336]]}},
{"type":"Feature","properties":{"id":414802521,"name":"Ligne de Paris-Nord à Lille","ref":"272000","type":"rail"},"geometry":{"type":"LineString","coordinates":[[2.3902737,48.9766994],[2.391025,48.9772343]]}},
{"type":"Feature","properties":{"id":414802525,"name":"Ligne de Paris-Nord à Lille","ref":"272000","type":"rail"},"geometry":{"type":"LineString","coordinates":[[2.391185,48.9771336],[2.3926642,48.9781746]]}},
{"type":"Feature","properties":{"id":422869318,"name":"Voie ferrée","ref":"","type":"rail"},"geometry":{"type":"LineString","coordinates":[[2.2559577,49.1355818],[2.2570816,49.1350553],[2.2583105,49.1350633]]}},
{"type":"Feature","properties":{"id":432075284,"name":"Raccordement de Vémars","ref":"226301","type":"rail"},"geometry":{"type":"LineString","coordinates":[[2.5652893,49.0500346],[2.5653679,49.046991],[2.5658602,49.044274]]}},
{"type":"Feature","properties":{"id":433111609,"name":"Ligne de Paris Saint-Lazare à Mantes par Conflans","ref":"334000","type":"rail"},"geometry":{"type":"LineString","coordinates":[[2.1632729,48.9896184],[2.1575756,48.9923072],[2.1548459,48.993118],[2.122051,48.9987227]]}},
{"type":"Feature","properties":{"id":433111610,"name":"Ligne de Paris Saint-Lazare à Mantes par Conflans","ref":"334000","type":"rail"},"geometry":{"type":"LineString","coordinates":[[2.1635719,48.9894739],[2.1632729,48.9896184]]}},
{"type":"Feature","properties":{"id":433111611,"name":"Ligne de Paris Saint-Lazare à Mantes par Conflans","ref":"334000","type":"rail"},"geometry":{"type":"LineString","coordinates":[[2.1732529,48.9839991],[2.1699768,48.9854239],[2.1635719,48.9894739]]}},
{"type":"Feature","properties":{"id":433111612,"name":"Ligne de Paris Saint-Lazare à Mantes par Conflans","ref":"334000","type":"rail"},"geometry":{"type":"LineString","coordinates":[[2.1734582,48.9839301],[2.1732529,48.9839991]]}},
{"type":"Feature","properties":{"id":433111613,"name":"Ligne de Paris Saint-Lazare à Mantes par Conflans","ref":"334000","type":"rail"},"geometry":{"type":"LineString","coordinates":[[2.179171,48.9810445],[2.1782619,48.9817382]]}},
{"type":"Feature","properties":{"id":433111614,"name":"Ligne de Paris Saint-Lazare à Mantes par Conflans","ref":"334000","type":"rail"},"geometry":{"type":"LineString","coordinates":[[2.1782619,48.9817382],[2.1761298,48.9829063],[2.1734582,48.9839301]]}},
{"type":"Feature","properties":{"id":433111615,"name":"Ligne de Paris Saint-Lazare à Mantes par Conflans","ref":"334000","type":"rail"},"geometry":{"type":"LineString","coordinates":[[2.1793919,48.9808491],[2.179171,48.9810445]]}},
{"type":"Feature","properties":{"id":433111616,"name":"Ligne de Paris Saint-Lazare à Mantes par Conflans","ref":"334000","type":"rail"},"geometry":{"type":"LineString","coordinates":[[2.1794994,48.980739],[2.1793919,48.9808491]]}},
{"type":"Feature","properties":{"id":433111617,"name":"Ligne de Paris Saint-Lazare à Mantes par Conflans","ref":"334000","type":"rail"},"geometry":{"type":"LineString","coordinates":[[2.1810232,48.9789264],[2.1809455,48.9790486]]}},
{"type":"Feature","properties":{"id":433111618,"name":"Ligne de Paris Saint-Lazare à Mantes par Conflans","ref":"334000","type":"rail"},"geometry":{"type":"LineString","coordinates":[[2.1809455,48.9790486],[2.1794994,48.980739]]}},
{"type":"Feature","properties":{"id":433293462,"name":"Voie ferrée","ref":"","type":"rail"},"geometry":{"type":"LineString","coordinates":[[2.233061,48.9505699],[2.2371715,48.9513881]]}},
{"type":"Feature","properties":{"id":433293463,"name":"Ligne de Paris Saint-Lazare à Mantes par Conflans","ref":"334000","type":"rail"},"geometry":{"type":"LineString","coordinates":[[2.1868222,48.9724707],[2.1866409,48.9726391]]}},
{"type":"Feature","properties":{"id":433293464,"name":"Ligne de Paris Saint-Lazare à Mantes par Conflans","ref":"334000","type":"rail"},"geometry":{"type":"LineString","coordinates":[[2.1866409,48.9726391],[2.1830325,48.9758906],[2.1810232,48.9789264]]}},
{"type":"Feature","properties":{"id":433297830,"name":"Ligne de Paris Saint-Lazare à Mantes par Conflans","ref":"334000","type":"rail"},"geometry":{"type":"LineString","coordinates":[[2.1949059,48.9676866],[2.1902228,48.9699454],[2.1868222,48.9724707]]}},
{"type":"Feature","properties":{"id":433313573,"name":"Ligne de Paris Saint-Lazare à Mantes par Conflans","ref":"334000","type":"rail"},"geometry":{"type":"LineString","coordinates":[[2.1986837,48.9660033],[2.1985466,48.9660616]]}},
{"type":"Feature","properties":{"id":433313576,"name":"Ligne de Paris Saint-Lazare à Mantes par Conflans","ref":"334000","type":"rail"},"geometry":{"type":"LineString","coordinates":[[2.2037785,48.9635608],[2.2036477,48.9636365]]}},
{"type":"Feature","properties":{"id":433313579,"name":"Ligne de Paris Saint-Lazare à Mantes par Conflans","ref":"334000","type":"rail"},"geometry":{"type":"LineString","coordinates":[[2.2036477,48.9636365],[2.1986837,48.9660033]]}},
{"type":"Feature","properties":{"id":433313582,"name":"Ligne de Paris Saint-Lazare à Mantes par Conflans","ref":"334000","type":"rail"},"geometry":{"type":"LineString","coordinates":[[2.2071933,48.9610064],[2.206586,48.9615197]]}},
{"type":"Feature","properties":{"id":436530199,"name":"Ligne d'Épinay-Villetaneuse au Tréport-Mers","ref":"325000","type":"rail"},"geometry":{"type":"LineString","coordinates":[[2.3204559,49.0628361],[2.3208322,49.0641328]]}},
{"type":"Feature","properties":{"id":441006158,"name":"Ligne d'Ermont - Eaubonne à Valmondois","ref":"328000","type":"rail"},"geometry":{"type":"LineString","coordinates":[[2.2011526,49.0896306],[2.2008363,49.0882933],[2.2012585,49.0868634],[2.2023766,49.0855621],[2.2038278,49.0846524]]}},
{"type":"Feature","properties":{"id":441006159,"name":"Ligne d'Ermont - Eaubonne à Valmondois","ref":"328000","type":"rail"},"geometry":{"type":"LineString","coordinates":[[2.2467465,49.0121144],[2.2470315,49.0117928]]}},
{"type":"Feature","properties":{"id":441006160,"name":"Ligne d'Ermont - Eaubonne à Valmondois","ref":"328000","type":"rail"},"geometry":{"type":"LineString","coordinates":[[2.2470315,49.0117928],[2.256631,48.999912]]}},
{"type":"Feature","properties":{"id":441252263,"name":"328000","ref":"328000","type":"rail"},"geometry":{"type":"LineString","coordinates":[[2.2442233,49.0142479],[2.2425205,49.0155253]]}},
{"type":"Feature","properties":{"id":441252265,"name":"Voie ferrée","ref":"","type":"rail"},"geometry":{"type":"LineString","coordinates":[[2.2409881,49.0164617],[2.244128,49.0141661]]}},
{"type":"Feature","properties":{"id":441252266,"name":"Voie ferrée","ref":"","type":"rail"},"geometry":{"type":"LineString","coordinates":[[2.2416141,49.015988],[2.2440727,49.0141426]]}},
{"type":"Feature","properties":{"id":441260116,"name":"Ligne d'Ermont - Eaubonne à Valmondois","ref":"328000","type":"rail"},"geometry":{"type":"LineString","coordinates":[[2.2266352,49.0230356],[2.2409099,49.0165979],[2.2456934,49.0131763]]}},
{"type":"Feature","properties":{"id":441260117,"name":"Ligne d'Ermont - Eaubonne à Valmondois","ref":"328000","type":"rail"},"geometry":{"type":"LineString","coordinates":[[2.2263189,49.0231794],[2.2266352,49.0230356]]}},
{"type":"Feature","properties":{"id":441430690,"name":"Ligne d'Ermont - Eaubonne à Valmondois","ref":"328000","type":"rail"},"geometry":{"type":"LineString","coordinates":[[2.1965059,49.0677456],[2.196176,49.0669504]]}},
{"type":"Feature","properties":{"id":441430691,"name":"Ligne d'Ermont - Eaubonne à Valmondois","ref":"328000","type":"rail"},"geometry":{"type":"LineString","coordinates":[[2.196176,49.0669504],[2.1943099,49.0627735],[2.1905899,49.0569424],[2.1903013,49.0555059],[2.1906453,49.0545588],[2.191283,49.053771],[2.1945255,49.0517243],[2.1959807,49.0502057],[2.1967785,49.0484407],[2.197211,49.0447035],[2.1976356,49.0436575],[2.1990927,49.0421995],[2.206554,49.03839],[2.2081382,49.0373731],[2.2186985,49.026792],[2.2263189,49.0231794]]}},
{"type":"Feature","properties":{"id":441791131,"name":"Ligne d'Ermont - Eaubonne à Valmondois","ref":"328000","type":"rail"},"geometry":{"type":"LineString","coordinates":[[2.2039301,49.0758034],[2.2040413,49.0759426]]}},
{"type":"Feature","properties":{"id":441791132,"name":"Ligne d'Ermont - Eaubonne à Valmondois","ref":"328000","type":"rail"},"geometry":{"type":"LineString","coordinates":[[2.2040413,49.0759426],[2.2072555,49.0803187],[2.2072421,49.0818688],[2.2062334,49.0832748]]}},
{"type":"Feature","properties":{"id":441791134,"name":"Ligne d'Ermont - Eaubonne à Valmondois","ref":"328000","type":"rail"},"geometry":{"type":"LineString","coordinates":[[2.2039765,49.0757892],[2.2013672,49.0724263],[2.1976317,49.0696826],[2.1965059,49.0677456]]}},
{"type":"Feature","properties":{"id":441791135,"name":"Ligne d'Ermont - Eaubonne à Valmondois","ref":"328000","type":"rail"},"geometry":{"type":"LineString","coordinates":[[2.204088,49.0759281],[2.2039765,49.0757892]]}},
{"type":"Feature","properties":{"id":441791136,"name":"Ligne d'Ermont - Eaubonne à Valmondois","ref":"328000","type":"rail"},"geometry":{"type":"LineString","coordinates":[[2.2062469,49.0833193],[2.2073304,49.0817646],[2.2072987,49.0802851],[2.204088,49.0759281]]}},
{"type":"Feature","properties":{"id":441791137,"name":"Ligne d'Ermont - Eaubonne à Valmondois","ref":"328000","type":"rail"},"geometry":{"type":"LineString","coordinates":[[2.2061154,49.0834261],[2.2062469,49.0833193]]}},
{"type":"Feature","properties":{"id":441791138,"name":"Ligne d'Ermont - Eaubonne à Valmondois","ref":"328000","type":"rail"},"geometry":{"type":"LineString","coordinates":[[2.2038278,49.0846524],[2.2049064,49.0841454]]}},
{"type":"Feature","properties":{"id":441791139,"name":"Ligne d'Ermont - Eaubonne à Valmondois","ref":"328000","type":"rail"},"geometry":{"type":"LineString","coordinates":[[2.2049064,49.0841454],[2.2061154,49.0834261]]}},
{"type":"Feature","properties":{"id":441794126,"name":"328000","ref":"328000","type":"rail"},"geometry":{"type":"LineString","coordinates":[[2.2011034,49.0870688],[2.2009088,49.0877537]]}},
{"type":"Feature","properties":{"id":464576605,"name":"Voie ferrée","ref":"","type":"rail"},"geometry":{"type":"LineString","coordinates":[[2.1814869,49.0120371],[2.1784706,49.012941]]}},
{"type":"Feature","properties":{"id":464576606,"name":"Voie ferrée","ref":"","type":"rail"},"geometry":{"type":"LineString","coordinates":[[2.1803643,49.0124009],[2.1785082,49.0129797]]}},
{"type":"Feature","properties":{"id":464576607,"name":"Voie ferrée","ref":"","type":"rail"},"geometry":{"type":"LineString","coordinates":[[2.1801524,49.0124906],[2.1785404,49.0130958]]}},
{"type":"Feature","properties":{"id":464576608,"name":"Voie ferrée","ref":"","type":"rail"},"geometry":{"type":"LineString","coordinates":[[2.1797715,49.0127263],[2.178484,49.0132576]]}},
{"type":"Feature","properties":{"id":464576609,"name":"Voie ferrée","ref":"","type":"rail"},"geometry":{"type":"LineString","coordinates":[[2.1807264,49.0122971],[2.1797715,49.0127263],[2.1795435,49.0132242],[2.1797152,49.0135532]]}},
{"type":"Feature","properties":{"id":464576610,"name":"Voie ferrée","ref":"","type":"rail"},"geometry":{"type":"LineString","coordinates":[[2.1799968,49.0134511],[2.1800209,49.0127492],[2.1810375,49.0122179]]}},
{"type":"Feature","properties":{"id":464576611,"name":"Voie ferrée","ref":"","type":"rail"},"geometry":{"type":"LineString","coordinates":[[2.1803267,49.0126331],[2.1801899,49.0133808]]}},
{"type":"Feature","properties":{"id":464592516,"name":"Ligne de Saint-Denis à Dieppe","ref":"330000","type":"rail"},"geometry":{"type":"LineString","coordinates":[[2.090812,49.0477619],[2.0900486,49.0479373]]}},
{"type":"Feature","properties":{"id":467452917,"name":"330000","ref":"330000","type":"rail"},"geometry":{"type":"LineString","coordinates":[[2.0932437,49.0468669],[2.091883,49.0474571]]}},
{"type":"Feature","properties":{"id":471190274,"name":"Ligne de St Denis à Dieppe","ref":"330000","type":"rail"},"geometry":{"type":"LineString","coordinates":[[1.9866307,49.0887042],[2.0039741,49.0804161],[2.0290314,49.0749116],[2.0316567,49.0737029],[2.033563,49.0719162]]}},
{"type":"Feature","properties":{"id":493127215,"name":"226000","ref":"226000","type":"rail"},"geometry":{"type":"LineString","coordinates":[[2.5130741,49.0332221],[2.5161276,49.0347969]]}},
{"type":"Feature","properties":{"id":493127216,"name":"226000","ref":"226000","type":"rail"},"geometry":{"type":"LineString","coordinates":[[2.5090059,49.0309975],[2.511975,49.0326333]]}},
{"type":"Feature","properties":{"id":493127217,"name":"Ligne de Paris-Nord à Lille","ref":"272000","type":"rail"},"geometry":{"type":"LineString","coordinates":[[2.4314026,49.0031172],[2.4245559,48.9990747]]}},
{"type":"Feature","properties":{"id":498756055,"name":"Ligne de la bifurcation de Neuville à Cergy-Préfecture","ref":"326000","type":"rail"},"geometry":{"type":"LineString","coordinates":[[2.0340152,49.049651],[2.0327361,49.0497806]]}},
{"type":"Feature","properties":{"id":498756056,"name":"Ligne de la bifurcation de Neuville à Cergy-Préfecture","ref":"326000","type":"rail"},"geometry":{"type":"LineString","coordinates":[[2.0327492,49.0498145],[2.0340241,49.049689]]}},
{"type":"Feature","properties":{"id":498756057,"name":"Ligne de la bifurcation de Neuville à Cergy-Préfecture","ref":"326000","type":"rail"},"geometry":{"type":"LineString","coordinates":[[2.0361612,49.0494408],[2.034707,49.0495815]]}},
{"type":"Feature","properties":{"id":498756058,"name":"Ligne de la bifurcation de Neuville à Cergy-Préfecture","ref":"326000","type":"rail"},"geometry":{"type":"LineString","coordinates":[[2.0347132,49.0496193],[2.0361706,49.0494755]]}},
{"type":"Feature","properties":{"id":526878308,"name":"Ligne d'Épinay-Villetaneuse au Tréport-Mers","ref":"325000","type":"rail"},"geometry":{"type":"LineString","coordinates":[[2.2757067,49.1345409],[2.2756364,49.1345698]]}},
{"type":"Feature","properties":{"id":526878309,"name":"Ligne d'Épinay-Villetaneuse au Tréport-Mers","ref":"325000","type":"rail"},"geometry":{"type":"LineString","coordinates":[[2.2756364,49.1345698],[2.2730955,49.1356949],[2.2714926,49.1370646]]}},
{"type":"Feature","properties":{"id":526878310,"name":"Ligne d'Épinay-Villetaneuse au Tréport-Mers","ref":"325000","type":"rail"},"geometry":{"type":"LineString","coordinates":[[2.2756022,49.1345449],[2.2730537,49.1356735],[2.2714477,49.1370498]]}},
{"type":"Feature","properties":{"id":526878311,"name":"Ligne d'Épinay-Villetaneuse au Tréport-Mers","ref":"325000","type":"rail"},"geometry":{"type":"LineString","coordinates":[[2.2756713,49.1345162],[2.2756022,49.1345449]]}},
{"type":"Feature","properties":{"id":526878315,"name":"Ligne d'Épinay-Villetaneuse au Tréport-Mers","ref":"325000","type":"rail"},"geometry":{"type":"LineString","coordinates":[[2.2714926,49.1370646],[2.2714353,49.1371257]]}},
{"type":"Feature","properties":{"id":526878316,"name":"Ligne d'Épinay-Villetaneuse au Tréport-Mers","ref":"325000","type":"rail"},"geometry":{"type":"LineString","coordinates":[[2.2714353,49.1371257],[2.2711811,49.1373967]]}},
{"type":"Feature","properties":{"id":526878317,"name":"Ligne d'Épinay-Villetaneuse au Tréport-Mers","ref":"325000","type":"rail"},"geometry":{"type":"LineString","coordinates":[[2.2713901,49.1371112],[2.271137,49.1373806]]}},
{"type":"Feature","properties":{"id":526878318,"name":"Ligne d'Épinay-Villetaneuse au Tréport-Mers","ref":"325000","type":"rail"},"geometry":{"type":"LineString","coordinates":[[2.2714477,49.1370498],[2.2713901,49.1371112]]}},
{"type":"Feature","properties":{"id":526878319,"name":"Ligne d'Épinay - Villetaneuse au Tréport - Mers","ref":"325000","type":"rail"},"geometry":{"type":"LineString","coordinates":[[2.2685551,49.1402033],[2.2684709,49.1402943]]}},
{"type":"Feature","properties":{"id":526878320,"name":"Ligne d'Épinay - Villetaneuse au Tréport - Mers","ref":"325000","type":"rail"},"geometry":{"type":"LineString","coordinates":[[2.2684709,49.1402943],[2.2684167,49.1403569]]}},
{"type":"Feature","properties":{"id":526878321,"name":"Ligne d'Épinay-Villetaneuse au Tréport-Mers","ref":"325000","type":"rail"},"geometry":{"type":"LineString","coordinates":[[2.2684294,49.1402796],[2.2683725,49.1403427]]}},
{"type":"Feature","properties":{"id":526878324,"name":"Ligne d'Épinay-Villetaneuse au Tréport-Mers","ref":"325000","type":"rail"},"geometry":{"type":"LineString","coordinates":[[2.268515,49.1401854],[2.2684294,49.1402796]]}},
{"type":"Feature","properties":{"id":526878338,"name":"325000","ref":"325000","type":"rail"},"geometry":{"type":"LineString","coordinates":[[2.2683349,49.1437842],[2.2687131,49.1441152]]}},
{"type":"Feature","properties":{"id":526897284,"name":"Voie ferrée","ref":"","type":"rail"},"geometry":{"type":"LineString","coordinates":[[2.3210281,49.0643452],[2.3214865,49.0649636]]}},
{"type":"Feature","properties":{"id":526897285,"name":"Ligne d'Épinay-Villetaneuse au Tréport-Mers","ref":"325000","type":"rail"},"geometry":{"type":"LineString","coordinates":[[2.3208322,49.0641328],[2.3208699,49.0642085]]}},
{"type":"Feature","properties":{"id":526897287,"name":"325000","ref":"325000","type":"rail"},"geometry":{"type":"LineString","coordinates":[[2.325185,49.0673455],[2.3258533,49.0677075]]}},
{"type":"Feature","properties":{"id":526897288,"name":"325000","ref":"325000","type":"rail"},"geometry":{"type":"LineString","coordinates":[[2.3251043,49.0672531],[2.3261548,49.0678019]]}},
{"type":"Feature","properties":{"id":526897289,"name":"Voie ferrée","ref":"","type":"rail"},"geometry":{"type":"LineString","coordinates":[[2.3264118,49.0678823],[2.3262339,49.0677891]]}},
{"type":"Feature","properties":{"id":526897290,"name":"Voie ferrée","ref":"","type":"rail"},"geometry":{"type":"LineString","coordinates":[[2.3262237,49.0677982],[2.3264022,49.0678902]]}},
{"type":"Feature","properties":{"id":526897291,"name":"325000","ref":"325000","type":"rail"},"geometry":{"type":"LineString","coordinates":[[2.3266121,49.0680126],[2.3263171,49.0678387]]}},
{"type":"Feature","properties":{"id":526897292,"name":"325000","ref":"325000","type":"rail"},"geometry":{"type":"LineString","coordinates":[[2.3273836,49.0684103],[2.3266121,49.0680126]]}},
{"type":"Feature","properties":{"id":526897293,"name":"Voie ferrée","ref":"","type":"rail"},"geometry":{"type":"LineString","coordinates":[[2.3261349,49.0678906],[2.3230532,49.0664804]]}},
{"type":"Feature","properties":{"id":526897294,"name":"Voie ferrée","ref":"","type":"rail"},"geometry":{"type":"LineString","coordinates":[[2.3256308,49.0676999],[2.3235876,49.0667369]]}},
{"type":"Feature","properties":{"id":526897295,"name":"Voie ferrée","ref":"","type":"rail"},"geometry":{"type":"LineString","coordinates":[[2.323675,49.0671445],[2.3260961,49.0678757]]}},
{"type":"Feature","properties":{"id":526897299,"name":"Voie ferrée","ref":"","type":"rail"},"geometry":{"type":"LineString","coordinates":[[2.3305647,49.071232],[2.3287724,49.0693061],[2.3261349,49.0678906]]}},
{"type":"Feature","properties":{"id":526994908,"name":"Ligne d'Épinay-Villetaneuse au Tréport-Mers","ref":"325000","type":"rail"},"geometry":{"type":"LineString","coordinates":[[2.3234228,49.0439069],[2.3208584,49.0506968]]}},
{"type":"Feature","properties":{"id":526994912,"name":"Ligne d'Épinay-Villetaneuse au Tréport-Mers","ref":"325000","type":"rail"},"geometry":{"type":"LineString","coordinates":[[2.3208584,49.0506968],[2.320833,49.0507685]]}},
{"type":"Feature","properties":{"id":526994917,"name":"Ligne d'Épinay-Villetaneuse au Tréport-Mers","ref":"325000","type":"rail"},"geometry":{"type":"LineString","coordinates":[[2.3208117,49.0506885],[2.3207862,49.0507611]]}},
{"type":"Feature","properties":{"id":526994921,"name":"Ligne d'Épinay-Villetaneuse au Tréport-Mers","ref":"325000","type":"rail"},"geometry":{"type":"LineString","coordinates":[[2.3233789,49.0438899],[2.3208117,49.0506885]]}},
{"type":"Feature","properties":{"id":526994926,"name":"325000","ref":"325000","type":"rail"},"geometry":{"type":"LineString","coordinates":[[2.3204517,49.0587587],[2.3204961,49.0595451]]}},
{"type":"Feature","properties":{"id":527086032,"name":"Ligne de Saint-Denis à Dieppe","ref":"330000","type":"rail"},"geometry":{"type":"LineString","coordinates":[[2.3237667,48.9614142],[2.3224426,48.9623138]]}},
{"type":"Feature","properties":{"id":527086033,"name":"Ligne de Saint-Denis à Dieppe","ref":"330000","type":"rail"},"geometry":{"type":"LineString","coordinates":[[2.3241272,48.9611662],[2.3237667,48.9614142]]}},
{"type":"Feature","properties":{"id":527086035,"name":"Ligne de Saint-Denis à Dieppe","ref":"330000","type":"rail"},"geometry":{"type":"LineString","coordinates":[[2.3237001,48.9615072],[2.32395,48.9613361]]}},
{"type":"Feature","properties":{"id":527086037,"name":"Ligne de Saint-Denis à Dieppe","ref":"330000","type":"rail"},"geometry":{"type":"LineString","coordinates":[[2.3224426,48.9623138],[2.3222865,48.9624183]]}},
{"type":"Feature","properties":{"id":527086038,"name":"Ligne d'Épinay-Villetaneuse au Tréport-Mers","ref":"325000","type":"rail"},"geometry":{"type":"LineString","coordinates":[[2.3285696,48.9673182],[2.3287033,48.9673874]]}},
{"type":"Feature","properties":{"id":527086039,"name":"Ligne d'Épinay-Villetaneuse au Tréport-Mers","ref":"325000","type":"rail"},"geometry":{"type":"LineString","coordinates":[[2.331304,48.969627],[2.3331549,48.9716364]]}},
{"type":"Feature","properties":{"id":527086040,"name":"Ligne d'Épinay-Villetaneuse au Tréport-Mers","ref":"325000","type":"rail"},"geometry":{"type":"LineString","coordinates":[[2.3331549,48.9716364],[2.3331885,48.9716731]]}},
{"type":"Feature","properties":{"id":527086041,"name":"Ligne d'Épinay-Villetaneuse au Tréport-Mers","ref":"325000","type":"rail"},"geometry":{"type":"LineString","coordinates":[[2.3331122,48.9716527],[2.3331458,48.9716894]]}},
{"type":"Feature","properties":{"id":527086043,"name":"Ligne d'Épinay-Villetaneuse au Tréport-Mers","ref":"325000","type":"rail"},"geometry":{"type":"LineString","coordinates":[[2.3312902,48.9696744],[2.3331122,48.9716527]]}},
{"type":"Feature","properties":{"id":527086045,"name":"325000","ref":"325000","type":"rail"},"geometry":{"type":"LineString","coordinates":[[2.3398158,48.9767535],[2.3404461,48.9771474]]}},
{"type":"Feature","properties":{"id":527086049,"name":"325000","ref":"325000","type":"rail"},"geometry":{"type":"LineString","coordinates":[[2.3689294,48.9978798],[2.3689579,48.9985764]]}},
{"type":"Feature","properties":{"id":531797187,"name":"315000","ref":"315000","type":"rail"},"geometry":{"type":"LineString","coordinates":[[2.360244,49.0969074],[2.3638624,49.1021546]]}},
{"type":"Feature","properties":{"id":531797188,"name":"Ligne de Montsoult - Maffliers à Luzarches","ref":"315000","type":"rail"},"geometry":{"type":"LineString","coordinates":[[2.360244,49.0969074],[2.3638624,49.1021546]]}},
{"type":"Feature","properties":{"id":531797189,"name":"Ligne de Montsoult - Maffliers à Luzarches","ref":"315000","type":"rail"},"geometry":{"type":"LineString","coordinates":[[2.4156423,49.1156873],[2.417219,49.1160403],[2.4215801,49.1177031]]}},
{"type":"Feature","properties":{"id":538821451,"name":"Voie ferrée","ref":"","type":"rail"},"geometry":{"type":"LineString","coordinates":[[2.2802036,49.1475501],[2.2781521,49.1468966],[2.2762902,49.1468095]]}},
{"type":"Feature","properties":{"id":538821454,"name":"Voie ferrée","ref":"","type":"rail"},"geometry":{"type":"LineString","coordinates":[[2.2801158,49.1476529],[2.2783299,49.1470709],[2.2755454,49.146666]]}},
{"type":"Feature","properties":{"id":539779925,"name":"Ligne de Paris-Nord à Lille","ref":"272000","type":"rail"},"geometry":{"type":"LineString","coordinates":[[2.3827648,48.971208],[2.3904602,48.9765816]]}},
{"type":"Feature","properties":{"id":539932465,"name":"Ligne de Paris-Nord à Lille","ref":"272000","type":"rail"},"geometry":{"type":"LineString","coordinates":[[2.3926642,48.9781746],[2.3959269,48.9804627]]}},
{"type":"Feature","properties":{"id":541639087,"name":"Ligne de Paris-Nord à Lille","ref":"272000","type":"rail"},"geometry":{"type":"LineString","coordinates":[[2.4254971,48.9997966],[2.4286263,49.0017849]]}},
{"type":"Feature","properties":{"id":542143432,"name":"Ligne d'Épinay-Villetaneuse au Tréport-Mers","ref":"325000","type":"rail"},"geometry":{"type":"LineString","coordinates":[[2.3675645,48.9935777],[2.3681993,48.9947827]]}},
{"type":"Feature","properties":{"id":542143433,"name":"Ligne d'Épinay-Villetaneuse au Tréport-Mers","ref":"325000","type":"rail"},"geometry":{"type":"LineString","coordinates":[[2.3681993,48.9947827],[2.3687459,48.9963659],[2.3689294,48.9978798]]}},
{"type":"Feature","properties":{"id":542143434,"name":"Ligne d'Épinay-Villetaneuse au Tréport-Mers","ref":"325000","type":"rail"},"geometry":{"type":"LineString","coordinates":[[2.3204006,49.0628563],[2.3207152,49.064151]]}},
{"type":"Feature","properties":{"id":542143435,"name":"Ligne d'Épinay-Villetaneuse au Tréport-Mers","ref":"325000","type":"rail"},"geometry":{"type":"LineString","coordinates":[[2.3204547,49.062093],[2.3204559,49.0628361]]}},
{"type":"Feature","properties":{"id":542143436,"name":"Ligne d'Épinay-Villetaneuse au Tréport-Mers","ref":"325000","type":"rail"},"geometry":{"type":"LineString","coordinates":[[2.3217621,49.0654449],[2.3241218,49.0668437]]}},
{"type":"Feature","properties":{"id":542143438,"name":"Ligne d'Épinay-Villetaneuse au Tréport-Mers","ref":"325000","type":"rail"},"geometry":{"type":"LineString","coordinates":[[2.3204559,49.0628361],[2.3205495,49.0635924]]}},
{"type":"Feature","properties":{"id":542143440,"name":"Ligne d'Épinay-Villetaneuse au Tréport-Mers","ref":"325000","type":"rail"},"geometry":{"type":"LineString","coordinates":[[2.3298959,49.0702536],[2.3319674,49.0729375],[2.3322478,49.0742353],[2.3320408,49.0753062],[2.3315301,49.0762097],[2.3305367,49.0771701],[2.3260316,49.0793615],[2.3243939,49.0808117],[2.3239048,49.0817805],[2.3237537,49.0827504],[2.3243838,49.0853161],[2.3244023,49.0862517],[2.3239798,49.0874277],[2.3230345,49.0885283]]}},
{"type":"Feature","properties":{"id":542143444,"name":"Ligne d'Épinay-Villetaneuse au Tréport-Mers","ref":"325000","type":"rail"},"geometry":{"type":"LineString","coordinates":[[2.3276057,49.0684737],[2.3289128,49.0692643],[2.3299415,49.0702372]]}},
{"type":"Feature","properties":{"id":543989211,"name":"Ligne de Saint-Denis à Dieppe","ref":"330000","type":"rail"},"geometry":{"type":"LineString","coordinates":[[2.3222941,48.9624605],[2.3224719,48.9623387]]}},
{"type":"Feature","properties":{"id":543989212,"name":"Ligne de Saint-Denis à Dieppe","ref":"330000","type":"rail"},"geometry":{"type":"LineString","coordinates":[[2.310384,48.9705327],[2.3082974,48.9719584]]}},
{"type":"Feature","properties":{"id":543989213,"name":"Ligne de Saint-Denis à Dieppe","ref":"330000","type":"rail"},"geometry":{"type":"LineString","coordinates":[[2.3084271,48.9718969],[2.3104195,48.9705556]]}},
{"type":"Feature","properties":{"id":543991121,"name":"Ligne de Saint-Denis à Dieppe","ref":"330000","type":"rail"},"geometry":{"type":"LineString","coordinates":[[2.3104195,48.9705556],[2.3185837,48.964987]]}},
{"type":"Feature","properties":{"id":543991122,"name":"Ligne de Saint-Denis à Dieppe","ref":"330000","type":"rail"},"geometry":{"type":"LineString","coordinates":[[2.3185837,48.964987],[2.3187674,48.9648641]]}},
{"type":"Feature","properties":{"id":543991123,"name":"Ligne de Saint-Denis à Dieppe","ref":"330000","type":"rail"},"geometry":{"type":"LineString","coordinates":[[2.3187674,48.9648641],[2.3222941,48.9624605]]}},
{"type":"Feature","properties":{"id":543995968,"name":"Ligne d'Ermont - Eaubonne à Valmondois","ref":"328000","type":"rail"},"geometry":{"type":"LineString","coordinates":[[2.2634912,48.9895777],[2.2628966,48.9915186],[2.26213,48.99297],[2.256565,48.999924]]}},
{"type":"Feature","properties":{"id":543995982,"name":"Ligne d'Ermont - Eaubonne à Valmondois","ref":"328000","type":"rail"},"geometry":{"type":"LineString","coordinates":[[2.2635422,48.989574],[2.265281,48.983752],[2.266232,48.982552],[2.2676058,48.9817322]]}},
{"type":"Feature","properties":{"id":544000953,"name":"Ligne d'Ermont - Eaubonne à Valmondois","ref":"330000","type":"rail"},"geometry":{"type":"LineString","coordinates":[[2.30094,48.9765839],[2.3012219,48.9764463]]}},
{"type":"Feature","properties":{"id":544000957,"name":"Ligne de Saint-Denis à Dieppe","ref":"330000","type":"rail"},"geometry":{"type":"LineString","coordinates":[[2.301057,48.9764659],[2.3009405,48.9765234]]}},
{"type":"Feature","properties":{"id":544000962,"name":"Ligne de Saint-Denis à Dieppe","ref":"330000","type":"rail"},"geometry":{"type":"LineString","coordinates":[[2.2922853,48.9795078],[2.2919468,48.9795751]]}},
{"type":"Feature","properties":{"id":544000967,"name":"Ligne de Saint-Denis à Dieppe","ref":"330000","type":"rail"},"geometry":{"type":"LineString","coordinates":[[2.2919805,48.9796584],[2.2923265,48.9795911]]}},
{"type":"Feature","properties":{"id":544000975,"name":"Ligne de Saint-Denis à Dieppe","ref":"330000","type":"rail"},"geometry":{"type":"LineString","coordinates":[[2.2801486,48.9806364],[2.2857524,48.9805088],[2.2919805,48.9796584]]}},
{"type":"Feature","properties":{"id":544000986,"name":"Ligne d'Ermont-Eaubonne à Champ-de-Mars","ref":"330000","type":"rail"},"geometry":{"type":"LineString","coordinates":[[2.2766654,48.9803042],[2.2743495,48.9804196]]}},
{"type":"Feature","properties":{"id":544000991,"name":"Ligne d'Ermont - Eaubonne à Champ-de-Mars","ref":"962000","type":"rail"},"geometry":{"type":"LineString","coordinates":[[2.277316,48.9802564],[2.2795813,48.9795722],[2.2813147,48.9784133]]}},
{"type":"Feature","properties":{"id":544000997,"name":"Ligne de Saint-Denis à Dieppe","ref":"330000","type":"rail"},"geometry":{"type":"LineString","coordinates":[[2.2795405,48.9805395],[2.2761776,48.9804706]]}},
{"type":"Feature","properties":{"id":544001002,"name":"330000","ref":"330000","type":"rail"},"geometry":{"type":"LineString","coordinates":[[2.2766654,48.9803042],[2.2743752,48.9805376]]}},
{"type":"Feature","properties":{"id":544001005,"name":"330000","ref":"330000","type":"rail"},"geometry":{"type":"LineString","coordinates":[[2.2766269,48.9804626],[2.2744256,48.9804143]]}},
{"type":"Feature","properties":{"id":544001009,"name":"Ligne de Saint-Denis à Dieppe","ref":"330000","type":"rail"},"geometry":{"type":"LineString","coordinates":[[2.2777807,48.9805068],[2.2801531,48.9805933]]}},
{"type":"Feature","properties":{"id":544001013,"name":"330000","ref":"330000","type":"rail"},"geometry":{"type":"LineString","coordinates":[[2.2743798,48.9805686],[2.2766676,48.9803359]]}},
{"type":"Feature","properties":{"id":544001016,"name":"330000","ref":"330000","type":"rail"},"geometry":{"type":"LineString","coordinates":[[2.2761776,48.9804706],[2.2751014,48.9805409]]}},
{"type":"Feature","properties":{"id":544001019,"name":"Ligne d'Ermont - Eaubonne à Valmondois","ref":"328000","type":"rail"},"geometry":{"type":"LineString","coordinates":[[2.2741339,48.9806948],[2.2777767,48.9805484]]}},
{"type":"Feature","properties":{"id":544001020,"name":"Ligne de Saint-Denis à Dieppe","ref":"330000","type":"rail"},"geometry":{"type":"LineString","coordinates":[[2.2777767,48.9805484],[2.2801486,48.9806364]]}},
{"type":"Feature","properties":{"id":544001021,"name":"330000","ref":"330000","type":"rail"},"geometry":{"type":"LineString","coordinates":[[2.2763475,48.9804985],[2.2746257,48.98063]]}},
{"type":"Feature","properties":{"id":544001022,"name":"Ligne d'Ermont - Eaubonne à Valmondois","ref":"328000","type":"rail"},"geometry":{"type":"LineString","coordinates":[[2.2746257,48.98063],[2.2771829,48.980543]]}},
{"type":"Feature","properties":{"id":544001024,"name":"330000","ref":"330000","type":"rail"},"geometry":{"type":"LineString","coordinates":[[2.277742,48.9805059],[2.2766613,48.9804622]]}},
{"type":"Feature","properties":{"id":544001025,"name":"Ligne d'Ermont - Eaubonne à Valmondois","ref":"328000","type":"rail"},"geometry":{"type":"LineString","coordinates":[[2.2746257,48.98063],[2.2741343,48.9806599]]}},
{"type":"Feature","properties":{"id":544001026,"name":"330000","ref":"330000","type":"rail"},"geometry":{"type":"LineString","coordinates":[[2.2795405,48.9805395],[2.2777807,48.9805068]]}},
{"type":"Feature","properties":{"id":544001028,"name":"330000","ref":"330000","type":"rail"},"geometry":{"type":"LineString","coordinates":[[2.2798295,48.980583],[2.2778191,48.9805491]]}},
{"type":"Feature","properties":{"id":544005374,"name":"Ligne de Saint-Denis à Dieppe","ref":"330000","type":"rail"},"geometry":{"type":"LineString","coordinates":[[2.2919468,48.9795751],[2.2857557,48.9804579],[2.2801531,48.9805933]]}},
{"type":"Feature","properties":{"id":544005380,"name":"Ligne de Saint-Denis à Dieppe","ref":"330000","type":"rail"},"geometry":{"type":"LineString","coordinates":[[2.2970581,48.9781275],[2.2922853,48.9795078]]}},
{"type":"Feature","properties":{"id":544005382,"name":"Ligne de Saint-Denis à Dieppe","ref":"330000","type":"rail"},"geometry":{"type":"LineString","coordinates":[[2.3030553,48.9754074],[2.3051275,48.9741385]]}},
{"type":"Feature","properties":{"id":544005384,"name":"Ligne de Saint-Denis à Dieppe","ref":"330000","type":"rail"},"geometry":{"type":"LineString","coordinates":[[2.2923265,48.9795911],[2.2970948,48.9781746]]}},
{"type":"Feature","properties":{"id":544005385,"name":"330000","ref":"330000","type":"rail"},"geometry":{"type":"LineString","coordinates":[[2.2601251,48.9839885],[2.2592672,48.9843458]]}},
{"type":"Feature","properties":{"id":544005386,"name":"Ligne de Saint-Denis à Dieppe","ref":"330000","type":"rail"},"geometry":{"type":"LineString","coordinates":[[2.2590652,48.9844219],[2.2612557,48.9836046]]}},
{"type":"Feature","properties":{"id":544005387,"name":"Ligne de Saint-Denis à Dieppe","ref":"330000","type":"rail"},"geometry":{"type":"LineString","coordinates":[[2.2590489,48.9843908],[2.256656,48.9852798]]}},
{"type":"Feature","properties":{"id":544005389,"name":"Ligne de Saint-Denis à Dieppe","ref":"330000","type":"rail"},"geometry":{"type":"LineString","coordinates":[[2.2620706,48.9832483],[2.2590489,48.9843908]]}},
{"type":"Feature","properties":{"id":544005390,"name":"Ligne d'Ermont - Eaubonne à Champ-de-Mars","ref":"330000","type":"rail"},"geometry":{"type":"LineString","coordinates":[[2.2650067,48.9823612],[2.2657412,48.9820696]]}},
{"type":"Feature","properties":{"id":544005391,"name":"Ligne d'Ermont-Eaubonne à Champ-de-Mars","ref":"330000","type":"rail"},"geometry":{"type":"LineString","coordinates":[[2.2657412,48.9820696],[2.2703016,48.98072]]}},
{"type":"Feature","properties":{"id":544005392,"name":"330000","ref":"330000","type":"rail"},"geometry":{"type":"LineString","coordinates":[[2.2680495,48.981181],[2.2641955,48.9825188]]}},
{"type":"Feature","properties":{"id":544005393,"name":"330000","ref":"330000","type":"rail"},"geometry":{"type":"LineString","coordinates":[[2.2692121,48.9808847],[2.2683527,48.9811086]]}},
{"type":"Feature","properties":{"id":544006159,"name":"Ligne de Saint-Denis à Dieppe","ref":"330000","type":"rail"},"geometry":{"type":"LineString","coordinates":[[2.248841,48.988263],[2.2564256,48.9854065]]}},
{"type":"Feature","properties":{"id":544006160,"name":"Ligne de Saint-Denis à Dieppe","ref":"330000","type":"rail"},"geometry":{"type":"LineString","coordinates":[[2.2564057,48.9853747],[2.24882,48.98823]]}},
{"type":"Feature","properties":{"id":544135487,"name":"Ligne d'Épinay-Villetaneuse au Tréport-Mers","ref":"325000","type":"rail"},"geometry":{"type":"LineString","coordinates":[[2.3546774,48.9850353],[2.3642466,48.9904003],[2.3662962,48.9920921],[2.3676064,48.9937406]]}},
{"type":"Feature","properties":{"id":544135489,"name":"Ligne d'Épinay-Villetaneuse au Tréport-Mers","ref":"325000","type":"rail"},"geometry":{"type":"LineString","coordinates":[[2.352248,48.9836877],[2.3546774,48.9850353]]}},
{"type":"Feature","properties":{"id":544135492,"name":"Ligne d'Épinay-Villetaneuse au Tréport-Mers","ref":"325000","type":"rail"},"geometry":{"type":"LineString","coordinates":[[2.3676064,48.9937406],[2.3686474,48.9966924],[2.368831,48.9989294]]}},
{"type":"Feature","properties":{"id":544135496,"name":"Ligne d'Épinay-Villetaneuse au Tréport-Mers","ref":"325000","type":"rail"},"geometry":{"type":"LineString","coordinates":[[2.3608608,49.0239403],[2.3489031,49.030268],[2.3462361,49.0310115],[2.3302552,49.0343137],[2.3279897,49.0351545],[2.3266746,49.0361404],[2.3258884,49.0372576],[2.3234438,49.0437261]]}},
{"type":"Feature","properties":{"id":544135499,"name":"Ligne d'Épinay-Villetaneuse au Tréport-Mers","ref":"325000","type":"rail"},"geometry":{"type":"LineString","coordinates":[[2.3632938,49.0224169],[2.3608608,49.0239403]]}},
{"type":"Feature","properties":{"id":544232622,"name":"334900","ref":"334900","type":"rail"},"geometry":{"type":"LineString","coordinates":[[2.2652183,48.9790485],[2.2660944,48.9795292]]}},
{"type":"Feature","properties":{"id":544232623,"name":"334900","ref":"334900","type":"rail"},"geometry":{"type":"LineString","coordinates":[[2.2642959,48.9784321],[2.2651724,48.9790193]]}},
{"type":"Feature","properties":{"id":544232624,"name":"Ligne de Paris-Saint-Lazare à Ermont-Eaubonne","ref":"334900","type":"rail"},"geometry":{"type":"LineString","coordinates":[[2.2642959,48.9784321],[2.2660944,48.9795292]]}},
{"type":"Feature","properties":{"id":544232625,"name":"Ligne de Paris-Saint-Lazare à Ermont-Eaubonne","ref":"334900","type":"rail"},"geometry":{"type":"LineString","coordinates":[[2.2643305,48.9784073],[2.263139,48.9767107]]}},
{"type":"Feature","properties":{"id":544232626,"name":"Ligne de Paris-Saint-Lazare à Ermont-Eaubonne","ref":"334900","type":"rail"},"geometry":{"type":"LineString","coordinates":[[2.2651724,48.9790193],[2.2643305,48.9784073]]}},
{"type":"Feature","properties":{"id":544232627,"name":"Ligne de Paris-Saint-Lazare à Ermont-Eaubonne","ref":"334900","type":"rail"},"geometry":{"type":"LineString","coordinates":[[2.2660944,48.9795292],[2.267528,48.979985]]}},
{"type":"Feature","properties":{"id":544232628,"name":"Ligne de Paris-Saint-Lazare à Ermont-Eaubonne","ref":"334900","type":"rail"},"geometry":{"type":"LineString","coordinates":[[2.2675619,48.9799547],[2.2651724,48.9790193]]}},
{"type":"Feature","properties":{"id":544232629,"name":"Ligne de Paris-Saint-Lazare à Ermont-Eaubonne","ref":"334900","type":"rail"},"geometry":{"type":"LineString","coordinates":[[2.267528,48.979985],[2.2702195,48.9804167]]}},
{"type":"Feature","properties":{"id":544327840,"name":"330000","ref":"330000","type":"rail"},"geometry":{"type":"LineString","coordinates":[[2.1012373,49.0457625],[2.1002011,49.0459293]]}},
{"type":"Feature","properties":{"id":544327842,"name":"330000","ref":"330000","type":"rail"},"geometry":{"type":"LineString","coordinates":[[2.1001045,49.0458327],[2.1011714,49.045659]]}},
{"type":"Feature","properties":{"id":544327844,"name":"330000","ref":"330000","type":"rail"},"geometry":{"type":"LineString","coordinates":[[2.1011592,49.0456281],[2.1001142,49.0458652]]}},
{"type":"Feature","properties":{"id":544327847,"name":"331300","ref":"331300","type":"rail"},"geometry":{"type":"LineString","coordinates":[[2.1084477,49.0455868],[2.1094017,49.0457596]]}},
{"type":"Feature","properties":{"id":544327849,"name":"Raccordement d'Epluches","ref":"331300","type":"rail"},"geometry":{"type":"LineString","coordinates":[[2.1157818,49.0487626],[2.1190561,49.050774],[2.1212024,49.0532513]]}},
{"type":"Feature","properties":{"id":544327850,"name":"330000","ref":"330000","type":"rail"},"geometry":{"type":"LineString","coordinates":[[2.1001142,49.0458652],[2.1012237,49.0456486]]}},
{"type":"Feature","properties":{"id":544327851,"name":"Ligne de St Denis à Dieppe","ref":"330000","type":"rail"},"geometry":{"type":"LineString","coordinates":[[2.1001045,49.0458327],[2.0992751,49.0459903]]}},
{"type":"Feature","properties":{"id":544327852,"name":"330000","ref":"330000","type":"rail"},"geometry":{"type":"LineString","coordinates":[[2.1011088,49.0455241],[2.1000768,49.0457589]]}},
{"type":"Feature","properties":{"id":544327853,"name":"330000","ref":"330000","type":"rail"},"geometry":{"type":"LineString","coordinates":[[2.1000516,49.0457293],[2.1011235,49.0455547]]}},
{"type":"Feature","properties":{"id":545541058,"name":"330000","ref":"330000","type":"rail"},"geometry":{"type":"LineString","coordinates":[[2.0908213,49.047793],[2.0916559,49.0475895]]}},
{"type":"Feature","properties":{"id":545541060,"name":"330000","ref":"330000","type":"rail"},"geometry":{"type":"LineString","coordinates":[[2.0980776,49.0461024],[2.0963821,49.0463342]]}},
{"type":"Feature","properties":{"id":545541061,"name":"330000","ref":"330000","type":"rail"},"geometry":{"type":"LineString","coordinates":[[2.0971097,49.0461927],[2.0963565,49.0462976]]}},
{"type":"Feature","properties":{"id":554118952,"name":"Ligne de la bifurcation de Neuville à Cergy-Préfecture","ref":"326000","type":"rail"},"geometry":{"type":"LineString","coordinates":[[2.0094562,49.0468104],[2.0117199,49.0483615]]}},
{"type":"Feature","properties":{"id":554118954,"name":"Ligne de la bifurcation de Neuville à Cergy-Préfecture","ref":"326000","type":"rail"},"geometry":{"type":"LineString","coordinates":[[2.0117505,49.0483414],[2.0094931,49.046785]]}},
{"type":"Feature","properties":{"id":554118955,"name":"Ligne de la bifurcation de Neuville à Cergy-Préfecture","ref":"326000","type":"rail"},"geometry":{"type":"LineString","coordinates":[[2.0803474,49.0359846],[2.0858759,49.0327984]]}},
{"type":"Feature","properties":{"id":566936895,"name":"330000","ref":"330000","type":"rail"},"geometry":{"type":"LineString","coordinates":[[2.0992058,49.0460028],[2.0933587,49.0470853]]}},
{"type":"Feature","properties":{"id":567534121,"name":"Raccordement de Val-Notre-Dame","ref":"334302","type":"rail"},"geometry":{"type":"LineString","coordinates":[[2.2284373,48.9499689],[2.2348859,48.9508048]]}},
{"type":"Feature","properties":{"id":567861307,"name":"Voie ferrée","ref":"","type":"rail"},"geometry":{"type":"LineString","coordinates":[[2.2404666,48.953735],[2.2397478,48.9533884]]}},
{"type":"Feature","properties":{"id":567861308,"name":"Voie ferrée","ref":"","type":"rail"},"geometry":{"type":"LineString","coordinates":[[2.2399894,48.9536696],[2.2389096,48.9531177]]}},
{"type":"Feature","properties":{"id":581400396,"name":"330000","ref":"330000","type":"rail"},"geometry":{"type":"LineString","coordinates":[[2.0289108,49.0749456],[2.0279127,49.0751801]]}},
{"type":"Feature","properties":{"id":586363441,"name":"Ligne d'Épinay - Villetaneuse au Tréport - Mers","ref":"325000","type":"rail"},"geometry":{"type":"LineString","coordinates":[[2.281126,49.1487975],[2.2821322,49.1491848]]}},
{"type":"Feature","properties":{"id":586368285,"name":"Ligne d'Épinay - Villetaneuse au Tréport - Mers","ref":"325000","type":"rail"},"geometry":{"type":"LineString","coordinates":[[2.2709091,49.1454083],[2.2687131,49.1441152]]}},
{"type":"Feature","properties":{"id":589867062,"name":"Ligne d'Épinay-Villetaneuse au Tréport-Mers","ref":"325000","type":"rail"},"geometry":{"type":"LineString","coordinates":[[2.3237827,48.9646681],[2.3253364,48.9660307],[2.3285696,48.9673182]]}},
{"type":"Feature","properties":{"id":589867070,"name":"Ligne d'Épinay-Villetaneuse au Tréport-Mers","ref":"325000","type":"rail"},"geometry":{"type":"LineString","coordinates":[[2.3238269,48.9646564],[2.3233938,48.9633432],[2.3237353,48.9619851],[2.324611,48.9609897],[2.326872,48.9593577]]}},
{"type":"Feature","properties":{"id":589867094,"name":"Ligne d'Épinay-Villetaneuse au Tréport-Mers","ref":"325000","type":"rail"},"geometry":{"type":"LineString","coordinates":[[2.336776,48.9751103],[2.3396447,48.9767016]]}},
{"type":"Feature","properties":{"id":589867105,"name":"Ligne d'Épinay-Villetaneuse au Tréport-Mers","ref":"325000","type":"rail"},"geometry":{"type":"LineString","coordinates":[[2.3331885,48.9716731],[2.3356345,48.9742635]]}},
{"type":"Feature","properties":{"id":589896240,"name":"Ligne d'Épinay-Villetaneuse au Tréport-Mers","ref":"325000","type":"rail"},"geometry":{"type":"LineString","coordinates":[[2.3371791,48.9752936],[2.3635404,48.9899096],[2.3657145,48.9914738],[2.3675645,48.9935777]]}},
{"type":"Feature","properties":{"id":590366155,"name":"Ligne de Montsoult - Maffliers à Luzarches","ref":"315000","type":"rail"},"geometry":{"type":"LineString","coordinates":[[2.3312332,49.0701878],[2.3322408,49.0706564]]}},
{"type":"Feature","properties":{"id":590366158,"name":"Ligne de Montsoult - Maffliers à Luzarches","ref":"315000","type":"rail"},"geometry":{"type":"LineString","coordinates":[[2.3284175,49.068825],[2.3312332,49.0701878]]}},
{"type":"Feature","properties":{"id":601078417,"name":"Ligne de la bifurcation de Neuville à Cergy","ref":"326000","type":"rail"},"geometry":{"type":"LineString","coordinates":[[2.0376959,49.0493233],[2.0366296,49.0493933]]}},
{"type":"Feature","properties":{"id":601078418,"name":"Ligne de la bifurcation de Neuville à Cergy","ref":"326000","type":"rail"},"geometry":{"type":"LineString","coordinates":[[2.0366389,49.0494284],[2.0376935,49.049291]]}},
{"type":"Feature","properties":{"id":612049807,"name":"Ligne de Paris-Nord à Lille","ref":"272000","type":"rail"},"geometry":{"type":"LineString","coordinates":[[2.4128408,48.9918099],[2.4114535,48.9909276]]}},
{"type":"Feature","properties":{"id":612049808,"name":"Ligne de Paris-Nord à Lille","ref":"272000","type":"rail"},"geometry":{"type":"LineString","coordinates":[[2.4131789,48.9920268],[2.4128408,48.9918099]]}},
{"type":"Feature","properties":{"id":612049809,"name":"Ligne de Paris-Nord à Lille","ref":"272000","type":"rail"},"geometry":{"type":"LineString","coordinates":[[2.4144211,48.9927033],[2.4146523,48.9928417]]}},
{"type":"Feature","properties":{"id":615494440,"name":"329000","ref":"329000","type":"rail"},"geometry":{"type":"LineString","coordinates":[[2.2728352,49.1460776],[2.2733826,49.1462274]]}},
{"type":"Feature","properties":{"id":615494445,"name":"Ligne d'Épinay-Villetaneuse au Tréport-Mers","ref":"325000","type":"rail"},"geometry":{"type":"LineString","coordinates":[[2.2683349,49.1437842],[2.2694187,49.1447371],[2.2708796,49.1454343]]}},
{"type":"Feature","properties":{"id":615494454,"name":"Ligne d'Épinay - Villetaneuse au Tréport - Mers","ref":"325000","type":"rail"},"geometry":{"type":"LineString","coordinates":[[2.2682591,49.1436247],[2.267788,49.1427677],[2.2677028,49.141944],[2.2684167,49.1403569]]}},
{"type":"Feature","properties":{"id":615494461,"name":"329000","ref":"329000","type":"rail"},"geometry":{"type":"LineString","coordinates":[[2.2709742,49.1454309],[2.2714711,49.1456529]]}},
{"type":"Feature","properties":{"id":615494507,"name":"Ligne de Pierrelaye à Creil","ref":"329000","type":"rail"},"geometry":{"type":"LineString","coordinates":[[2.2809003,49.1486991],[2.2806974,49.1486386]]}},
{"type":"Feature","properties":{"id":615494508,"name":"Ligne de Pierrelaye à Creil","ref":"329000","type":"rail"},"geometry":{"type":"LineString","coordinates":[[2.2806974,49.1486386],[2.2806314,49.1486216]]}},
{"type":"Feature","properties":{"id":615494509,"name":"Ligne de Pierrelaye à Creil","ref":"329000","type":"rail"},"geometry":{"type":"LineString","coordinates":[[2.2806562,49.1486618],[2.2808634,49.148722]]}},
{"type":"Feature","properties":{"id":615494510,"name":"Ligne de Pierrelaye à Creil","ref":"329000","type":"rail"},"geometry":{"type":"LineString","coordinates":[[2.2808634,49.148722],[2.281126,49.1487975]]}},
{"type":"Feature","properties":{"id":615494511,"name":"329000","ref":"329000","type":"rail"},"geometry":{"type":"LineString","coordinates":[[2.2805877,49.1487017],[2.2807977,49.1487572]]}},
{"type":"Feature","properties":{"id":615494512,"name":"329000","ref":"329000","type":"rail"},"geometry":{"type":"LineString","coordinates":[[2.2807977,49.1487572],[2.2821322,49.1491848]]}},
{"type":"Feature","properties":{"id":615879316,"name":"326000","ref":"326000","type":"rail"},"geometry":{"type":"LineString","coordinates":[[2.0081215,49.0456622],[2.0084976,49.0460837]]}},
{"type":"Feature","properties":{"id":615883606,"name":"Ligne de la bifurcation de Neuville à Cergy-Préfecture","ref":"326000","type":"rail"},"geometry":{"type":"LineString","coordinates":[[2.0166844,49.0507739],[2.0139613,49.0497076]]}},
{"type":"Feature","properties":{"id":615883607,"name":"Ligne de la bifurcation de Neuville à Cergy-Préfecture","ref":"326000","type":"rail"},"geometry":{"type":"LineString","coordinates":[[2.014918,49.0502459],[2.0140961,49.0497879]]}},
{"type":"Feature","properties":{"id":615883608,"name":"Ligne de la bifurcation de Neuville à Cergy-Préfecture","ref":"326000","type":"rail"},"geometry":{"type":"LineString","coordinates":[[2.0139613,49.0497076],[2.0131463,49.0491406]]}},
{"type":"Feature","properties":{"id":615883609,"name":"Ligne de la bifurcation de Neuville à Cergy-Préfecture","ref":"326000","type":"rail"},"geometry":{"type":"LineString","coordinates":[[2.0102243,49.0471283],[2.0095079,49.0467751]]}},
{"type":"Feature","properties":{"id":615883610,"name":"Ligne de la bifurcation de Neuville à Cergy-Préfecture","ref":"326000","type":"rail"},"geometry":{"type":"LineString","coordinates":[[2.0131463,49.0491406],[2.0118704,49.0482619]]}},
{"type":"Feature","properties":{"id":615890215,"name":"Ligne d'Achères à Pontoise","ref":"338000","type":"rail"},"geometry":{"type":"LineString","coordinates":[[2.073527,49.002798],[2.0733775,49.0017417]]}},
{"type":"Feature","properties":{"id":615893053,"name":"329000","ref":"329000","type":"rail"},"geometry":{"type":"LineString","coordinates":[[2.2747038,49.1468187],[2.2800275,49.1485842]]}},
{"type":"Feature","properties":{"id":615893054,"name":"329000","ref":"329000","type":"rail"},"geometry":{"type":"LineString","coordinates":[[2.2713082,49.1456424],[2.2789067,49.1483879]]}},
{"type":"Feature","properties":{"id":620248203,"name":"329000","ref":"329000","type":"rail"},"geometry":{"type":"LineString","coordinates":[[2.273785,49.1464666],[2.2788115,49.1482]]}},
{"type":"Feature","properties":{"id":638230367,"name":"330000","ref":"330000","type":"rail"},"geometry":{"type":"LineString","coordinates":[[2.0905127,49.0478633],[2.0897633,49.0480067]]}},
{"type":"Feature","properties":{"id":644956774,"name":"Ligne de Saint-Denis à Dieppe","ref":"330000","type":"rail"},"geometry":{"type":"LineString","coordinates":[[2.1068197,49.0454093],[2.107197,49.0454344]]}},
{"type":"Feature","properties":{"id":644956778,"name":"Ligne de Saint-Denis à Dieppe","ref":"330000","type":"rail"},"geometry":{"type":"LineString","coordinates":[[2.1072762,49.0454086],[2.1072292,49.0454046]]}},
{"type":"Feature","properties":{"id":644956779,"name":"Ligne de Saint-Denis à Dieppe","ref":"330000","type":"rail"},"geometry":{"type":"LineString","coordinates":[[2.1072972,49.0453363],[2.1069375,49.0453057]]}},
{"type":"Feature","properties":{"id":666087259,"name":"Voie ferrée","ref":"","type":"rail"},"geometry":{"type":"LineString","coordinates":[[2.2751367,49.1465755],[2.2729299,49.1459806]]}},
{"type":"Feature","properties":{"id":666659267,"name":"Ligne de la Grande Ceinture de Paris","ref":"990000","type":"rail"},"geometry":{"type":"LineString","coordinates":[[2.2837722,48.9515727],[2.2894998,48.9522831],[2.2916733,48.9524471]]}},
{"type":"Feature","properties":{"id":666659268,"name":"Ligne de la Grande Ceinture de Paris","ref":"990000","type":"rail"},"geometry":{"type":"LineString","coordinates":[[2.2725042,48.9493241],[2.2726482,48.9493627]]}},
{"type":"Feature","properties":{"id":666659269,"name":"Ligne de la Grande Ceinture de Paris","ref":"990000","type":"rail"},"geometry":{"type":"LineString","coordinates":[[2.2726724,48.9493297],[2.2725183,48.9492911]]}},
{"type":"Feature","properties":{"id":666659270,"name":"Ligne de la Grande Ceinture de Paris","ref":"990000","type":"rail"},"geometry":{"type":"LineString","coordinates":[[2.2916894,48.952419],[2.2898655,48.952282],[2.2837805,48.9515372]]}},
{"type":"Feature","properties":{"id":670033304,"name":"Ligne de la bifurcation de Neuville à Cergy-Préfecture","ref":"326000","type":"rail"},"geometry":{"type":"LineString","coordinates":[[2.0734718,49.0027961],[2.0738919,49.0053923],[2.0745119,49.0070297],[2.0755031,49.0085746],[2.0777139,49.0110437],[2.0783412,49.0126832]]}},
{"type":"Feature","properties":{"id":679611060,"name":"Ligne de Gonesse à Lille-Frontière (LGV)","ref":"226000","type":"rail"},"geometry":{"type":"LineString","coordinates":[[2.5474239,49.0499121],[2.5481067,49.050207]]}},
{"type":"Feature","properties":{"id":679611061,"name":"Ligne de Gonesse à Lille-Frontière (LGV)","ref":"226000","type":"rail"},"geometry":{"type":"LineString","coordinates":[[2.5468586,49.0496113],[2.5474472,49.0498678]]}},
{"type":"Feature","properties":{"id":679611063,"name":"Ligne de Gonesse à Lille-Frontière (LGV)","ref":"226000","type":"rail"},"geometry":{"type":"LineString","coordinates":[[2.5268028,49.0405365],[2.5318067,49.0429892],[2.5468596,49.0496622]]}},
{"type":"Feature","properties":{"id":679611064,"name":"Ligne de Gonesse à Lille-Frontière (LGV)","ref":"226000","type":"rail"},"geometry":{"type":"LineString","coordinates":[[2.5239896,49.0389878],[2.5268356,49.0405022]]}},
{"type":"Feature","properties":{"id":679611065,"name":"Ligne de Gonesse à Lille-Frontière (LGV)","ref":"226000","type":"rail"},"geometry":{"type":"LineString","coordinates":[[2.504623,49.028658],[2.5074,49.0301407]]}},
{"type":"Feature","properties":{"id":679611066,"name":"Ligne de Gonesse à Lille-Frontière (LGV)","ref":"226000","type":"rail"},"geometry":{"type":"LineString","coordinates":[[2.5073616,49.0301726],[2.5238506,49.0389649]]}},
{"type":"Feature","properties":{"id":680722592,"name":"330000","ref":"330000","type":"rail"},"geometry":{"type":"LineString","coordinates":[[2.0897238,49.0480178],[2.0890162,49.0482545]]}},
{"type":"Feature","properties":{"id":680722593,"name":"Ligne de St Denis à Dieppe","ref":"330000","type":"rail"},"geometry":{"type":"LineString","coordinates":[[2.0857513,49.0498813],[2.0881652,49.0485511]]}},
{"type":"Feature","properties":{"id":680722594,"name":"Ligne de St Denis à Dieppe","ref":"330000","type":"rail"},"geometry":{"type":"LineString","coordinates":[[2.0857167,49.0498606],[2.0825301,49.0519354],[2.077731,49.053513]]}},
{"type":"Feature","properties":{"id":683549126,"name":"Ligne de la bifurcation de Neuville à Cergy-Préfecture","ref":"326000","type":"rail"},"geometry":{"type":"LineString","coordinates":[[2.0445741,49.0486405],[2.0449693,49.0486009]]}},
{"type":"Feature","properties":{"id":683549127,"name":"Ligne de la bifurcation de Neuville à Cergy-Préfecture","ref":"326000","type":"rail"},"geometry":{"type":"LineString","coordinates":[[2.0445669,49.0486085],[2.0377414,49.0492869]]}},
{"type":"Feature","properties":{"id":683549128,"name":"Ligne de la bifurcation de Neuville à Cergy-Préfecture","ref":"326000","type":"rail"},"geometry":{"type":"LineString","coordinates":[[2.0449625,49.0485692],[2.0445669,49.0486085]]}},
{"type":"Feature","properties":{"id":683549129,"name":"Ligne de la bifurcation de Neuville à Cergy-Préfecture","ref":"326000","type":"rail"},"geometry":{"type":"LineString","coordinates":[[2.0449693,49.0486009],[2.0629255,49.0470031]]}},
{"type":"Feature","properties":{"id":712063090,"name":"Ligne d'Épinay - Villetaneuse au Tréport - Mers","ref":"325000","type":"rail"},"geometry":{"type":"LineString","coordinates":[[2.2818237,49.1490118],[2.2811476,49.1487686]]}},
{"type":"Feature","properties":{"id":712063091,"name":"Ligne de Pierrelaye à Creil","ref":"329000","type":"rail"},"geometry":{"type":"LineString","coordinates":[[2.2725574,49.145989],[2.2709742,49.1454309]]}},
{"type":"Feature","properties":{"id":712063092,"name":"329000","ref":"329000","type":"rail"},"geometry":{"type":"LineString","coordinates":[[2.2713082,49.1456424],[2.2719269,49.1458197]]}},
{"type":"Feature","properties":{"id":712063093,"name":"329000","ref":"329000","type":"rail"},"geometry":{"type":"LineString","coordinates":[[2.2687131,49.1441152],[2.2703121,49.145094],[2.2729776,49.1460901]]}},
{"type":"Feature","properties":{"id":712063094,"name":"329000","ref":"329000","type":"rail"},"geometry":{"type":"LineString","coordinates":[[2.2725574,49.145989],[2.2729776,49.1460901]]}},
{"type":"Feature","properties":{"id":722291955,"name":"Ligne de la bifurcation de Neuville à Cergy-Préfecture","ref":"326000","type":"rail"},"geometry":{"type":"LineString","coordinates":[[2.0095079,49.0467751],[2.0092549,49.0466166]]}},
{"type":"Feature","properties":{"id":722291956,"name":"Ligne de la bifurcation de Neuville à Cergy-Préfecture","ref":"326000","type":"rail"},"geometry":{"type":"LineString","coordinates":[[2.0138574,49.0497384],[2.0132117,49.0493844]]}},
{"type":"Feature","properties":{"id":722291957,"name":"Ligne de la bifurcation de Neuville à Cergy-Préfecture","ref":"326000","type":"rail"},"geometry":{"type":"LineString","coordinates":[[2.0153654,49.0504094],[2.0138873,49.0497564]]}},
{"type":"Feature","properties":{"id":725188450,"name":"Ligne de Saint-Denis à Dieppe","ref":"330000","type":"rail"},"geometry":{"type":"LineString","coordinates":[[2.3270121,48.9591064],[2.3268817,48.9592019]]}},
{"type":"Feature","properties":{"id":725188451,"name":"Ligne de Saint-Denis à Dieppe","ref":"330000","type":"rail"},"geometry":{"type":"LineString","coordinates":[[2.32705,48.9590771],[2.3270121,48.9591064]]}},
{"type":"Feature","properties":{"id":725188452,"name":"Ligne de Saint-Denis à Dieppe","ref":"330000","type":"rail"},"geometry":{"type":"LineString","coordinates":[[2.3270893,48.9590969],[2.3270503,48.9591253]]}},
{"type":"Feature","properties":{"id":725188455,"name":"Ligne de Saint-Denis à Dieppe","ref":"330000","type":"rail"},"geometry":{"type":"LineString","coordinates":[[2.327101,48.9591506],[2.3271405,48.9591228]]}},
{"type":"Feature","properties":{"id":725188457,"name":"Ligne de Saint-Denis à Dieppe","ref":"330000","type":"rail"},"geometry":{"type":"LineString","coordinates":[[2.327139,48.9591705],[2.3271794,48.9591425]]}},
{"type":"Feature","properties":{"id":742439173,"name":"Ligne d'Achères à Pontoise","ref":"338000","type":"rail"},"geometry":{"type":"LineString","coordinates":[[2.0991673,49.0261448],[2.099241,49.0262387]]}},
{"type":"Feature","properties":{"id":742439174,"name":"Ligne d'Achères à Pontoise","ref":"338000","type":"rail"},"geometry":{"type":"LineString","coordinates":[[2.0981843,49.0250712],[2.0991673,49.0261448]]}},
{"type":"Feature","properties":{"id":742439175,"name":"Ligne d'Achères à Pontoise","ref":"338000","type":"rail"},"geometry":{"type":"LineString","coordinates":[[2.0992102,49.0261225],[2.0988749,49.0257174]]}},
{"type":"Feature","properties":{"id":742439176,"name":"Ligne d'Achères à Pontoise","ref":"338000","type":"rail"},"geometry":{"type":"LineString","coordinates":[[2.0992861,49.0262208],[2.0992102,49.0261225]]}},
{"type":"Feature","properties":{"id":742439177,"name":"Raccordement d'Eragny","ref":"337300","type":"rail"},"geometry":{"type":"LineString","coordinates":[[2.0993889,49.0261741],[2.1020841,49.0283962],[2.1055461,49.0300075],[2.1210373,49.0332637],[2.122481,49.033765],[2.123775,49.034663],[2.1245677,49.0358941],[2.1246286,49.0371874],[2.124053,49.038397]]}},
{"type":"Feature","properties":{"id":742439178,"name":"Raccordement d'Eragny","ref":"337300","type":"rail"},"geometry":{"type":"LineString","coordinates":[[2.0992877,49.0260827],[2.0993889,49.0261741]]}},
{"type":"Feature","properties":{"id":742439179,"name":"Raccordement d'Eragny","ref":"337300","type":"rail"},"geometry":{"type":"LineString","coordinates":[[2.0980978,49.0249277],[2.0993306,49.0260638]]}},
{"type":"Feature","properties":{"id":742439180,"name":"Raccordement d'Eragny","ref":"337300","type":"rail"},"geometry":{"type":"LineString","coordinates":[[2.0994332,49.0261564],[2.0993306,49.0260638]]}},
{"type":"Feature","properties":{"id":791898653,"name":"Voie ferrée","ref":"","type":"rail"},"geometry":{"type":"LineString","coordinates":[[2.2274441,48.9496578],[2.2217179,48.9484351]]}},
{"type":"Feature","properties":{"id":791898654,"name":"Voie ferrée","ref":"","type":"rail"},"geometry":{"type":"LineString","coordinates":[[2.2304642,48.9500106],[2.2310965,48.9501274]]}},
{"type":"Feature","properties":{"id":791898655,"name":"Voie ferrée","ref":"","type":"rail"},"geometry":{"type":"LineString","coordinates":[[2.2217179,48.9484351],[2.2282695,48.9496858]]}},
{"type":"Feature","properties":{"id":791898656,"name":"Voie ferrée","ref":"","type":"rail"},"geometry":{"type":"LineString","coordinates":[[2.2212525,48.94819],[2.2288349,48.949655]]}},
{"type":"Feature","properties":{"id":791898657,"name":"Voie ferrée","ref":"","type":"rail"},"geometry":{"type":"LineString","coordinates":[[2.2212568,48.9481691],[2.2288432,48.9496335]]}},
{"type":"Feature","properties":{"id":791898658,"name":"Voie ferrée","ref":"","type":"rail"},"geometry":{"type":"LineString","coordinates":[[2.2215806,48.9482044],[2.2286108,48.9495624]]}},
{"type":"Feature","properties":{"id":791898659,"name":"Voie ferrée","ref":"","type":"rail"},"geometry":{"type":"LineString","coordinates":[[2.2209516,48.9481125],[2.2212525,48.94819]]}},
{"type":"Feature","properties":{"id":791898660,"name":"Voie ferrée","ref":"","type":"rail"},"geometry":{"type":"LineString","coordinates":[[2.2196905,48.9478556],[2.2214475,48.9483286]]}},
{"type":"Feature","properties":{"id":791898661,"name":"Voie ferrée","ref":"","type":"rail"},"geometry":{"type":"LineString","coordinates":[[2.2216798,48.9483187],[2.2288349,48.949655]]}},
{"type":"Feature","properties":{"id":791898662,"name":"Voie ferrée","ref":"","type":"rail"},"geometry":{"type":"LineString","coordinates":[[2.2192807,48.947735],[2.2205562,48.9480078]]}},
{"type":"Feature","properties":{"id":791898663,"name":"Voie ferrée","ref":"","type":"rail"},"geometry":{"type":"LineString","coordinates":[[2.2192807,48.947735],[2.2191275,48.9476965]]}},
{"type":"Feature","properties":{"id":791898664,"name":"Voie ferrée","ref":"","type":"rail"},"geometry":{"type":"LineString","coordinates":[[2.2180532,48.9472936],[2.2190558,48.9476274]]}},
{"type":"Feature","properties":{"id":791898665,"name":"Voie ferrée","ref":"","type":"rail"},"geometry":{"type":"LineString","coordinates":[[2.226451,48.9494665],[2.2259711,48.9494067]]}},
{"type":"Feature","properties":{"id":791898666,"name":"Voie ferrée","ref":"","type":"rail"},"geometry":{"type":"LineString","coordinates":[[2.2288349,48.949655],[2.2291228,48.9497016]]}},
{"type":"Feature","properties":{"id":791898667,"name":"Voie ferrée","ref":"","type":"rail"},"geometry":{"type":"LineString","coordinates":[[2.2288432,48.9496335],[2.2291228,48.9497016]]}},
{"type":"Feature","properties":{"id":791898668,"name":"Voie ferrée","ref":"","type":"rail"},"geometry":{"type":"LineString","coordinates":[[2.2286108,48.9495624],[2.2288432,48.9496335]]}},
{"type":"Feature","properties":{"id":791898669,"name":"Voie ferrée","ref":"","type":"rail"},"geometry":{"type":"LineString","coordinates":[[2.2286004,48.9496958],[2.2295391,48.9497885]]}},
{"type":"Feature","properties":{"id":791898670,"name":"Voie ferrée","ref":"","type":"rail"},"geometry":{"type":"LineString","coordinates":[[2.2282695,48.9496858],[2.2286004,48.9496958]]}},
{"type":"Feature","properties":{"id":791898671,"name":"Voie ferrée","ref":"","type":"rail"},"geometry":{"type":"LineString","coordinates":[[2.2259711,48.9494067],[2.2220815,48.948656],[2.2200227,48.9479647]]}},
{"type":"Feature","properties":{"id":791898672,"name":"Voie ferrée","ref":"","type":"rail"},"geometry":{"type":"LineString","coordinates":[[2.2259711,48.9494067],[2.2219238,48.9486661],[2.2200227,48.9479647]]}},
{"type":"Feature","properties":{"id":791898673,"name":"Voie ferrée","ref":"","type":"rail"},"geometry":{"type":"LineString","coordinates":[[2.2217179,48.9484351],[2.2214475,48.9483286]]}},
{"type":"Feature","properties":{"id":791898674,"name":"Voie ferrée","ref":"","type":"rail"},"geometry":{"type":"LineString","coordinates":[[2.2214475,48.9483286],[2.2206197,48.9480244]]}},
{"type":"Feature","properties":{"id":791898675,"name":"Voie ferrée","ref":"","type":"rail"},"geometry":{"type":"LineString","coordinates":[[2.2214475,48.9483286],[2.2282695,48.9496858]]}},
{"type":"Feature","properties":{"id":791898676,"name":"Voie ferrée","ref":"","type":"rail"},"geometry":{"type":"LineString","coordinates":[[2.2212568,48.9481691],[2.2215806,48.9482044]]}},
{"type":"Feature","properties":{"id":791898677,"name":"Voie ferrée","ref":"","type":"rail"},"geometry":{"type":"LineString","coordinates":[[2.2215806,48.9482044],[2.2286108,48.9495624]]}},
{"type":"Feature","properties":{"id":791898678,"name":"Voie ferrée","ref":"","type":"rail"},"geometry":{"type":"LineString","coordinates":[[2.2212525,48.94819],[2.2216798,48.9483187]]}},
{"type":"Feature","properties":{"id":791898679,"name":"Voie ferrée","ref":"","type":"rail"},"geometry":{"type":"LineString","coordinates":[[2.2216798,48.9483187],[2.2286004,48.9496958]]}},
{"type":"Feature","properties":{"id":791898680,"name":"Voie ferrée","ref":"","type":"rail"},"geometry":{"type":"LineString","coordinates":[[2.2200227,48.9479647],[2.2196905,48.9478556]]}},
{"type":"Feature","properties":{"id":791898681,"name":"Voie ferrée","ref":"","type":"rail"},"geometry":{"type":"LineString","coordinates":[[2.2196905,48.9478556],[2.2192807,48.947735]]}},
{"type":"Feature","properties":{"id":791898682,"name":"Voie ferrée","ref":"","type":"rail"},"geometry":{"type":"LineString","coordinates":[[2.2205562,48.9480078],[2.2212568,48.9481691]]}},
{"type":"Feature","properties":{"id":791898683,"name":"Voie ferrée","ref":"","type":"rail"},"geometry":{"type":"LineString","coordinates":[[2.2181608,48.9474224],[2.2183208,48.9474854]]}},
{"type":"Feature","properties":{"id":791898684,"name":"Voie ferrée","ref":"","type":"rail"},"geometry":{"type":"LineString","coordinates":[[2.2295391,48.9497885],[2.2304642,48.9500106]]}},
{"type":"Feature","properties":{"id":791898685,"name":"Voie ferrée","ref":"","type":"rail"},"geometry":{"type":"LineString","coordinates":[[2.2291228,48.9497016],[2.2295391,48.9497885]]}},
{"type":"Feature","properties":{"id":791916334,"name":"Voie ferrée","ref":"","type":"rail"},"geometry":{"type":"LineString","coordinates":[[2.2178893,48.947311],[2.2151276,48.9462794]]}},
{"type":"Feature","properties":{"id":791916335,"name":"Voie ferrée","ref":"","type":"rail"},"geometry":{"type":"LineString","coordinates":[[2.2178893,48.947311],[2.2150887,48.9463394]]}},
{"type":"Feature","properties":{"id":791916336,"name":"Voie ferrée","ref":"","type":"rail"},"geometry":{"type":"LineString","coordinates":[[2.2151876,48.9461927],[2.2181608,48.9474224]]}},
{"type":"Feature","properties":{"id":791916337,"name":"Voie ferrée","ref":"","type":"rail"},"geometry":{"type":"LineString","coordinates":[[2.2147643,48.9460704],[2.2151876,48.9461927]]}},
{"type":"Feature","properties":{"id":791916339,"name":"Voie ferrée","ref":"","type":"rail"},"geometry":{"type":"LineString","coordinates":[[2.2151276,48.9462794],[2.2147066,48.9461593]]}},
{"type":"Feature","properties":{"id":791916341,"name":"Voie ferrée","ref":"","type":"rail"},"geometry":{"type":"LineString","coordinates":[[2.2150887,48.9463394],[2.2146682,48.9462185]]}},
{"type":"Feature","properties":{"id":791916342,"name":"Voie ferrée","ref":"","type":"rail"},"geometry":{"type":"LineString","coordinates":[[2.2189005,48.9476418],[2.2181529,48.9474364]]}},
{"type":"Feature","properties":{"id":791916343,"name":"Voie ferrée","ref":"","type":"rail"},"geometry":{"type":"LineString","coordinates":[[2.2181529,48.9474364],[2.2143932,48.9463617]]}},
{"type":"Feature","properties":{"id":791916344,"name":"Voie ferrée","ref":"","type":"rail"},"geometry":{"type":"LineString","coordinates":[[2.2181529,48.9474364],[2.2170122,48.9470328]]}},
{"type":"Feature","properties":{"id":791916345,"name":"Voie ferrée","ref":"","type":"rail"},"geometry":{"type":"LineString","coordinates":[[2.2170628,48.9472302],[2.2143307,48.9464571]]}},
{"type":"Feature","properties":{"id":791916346,"name":"Voie ferrée","ref":"","type":"rail"},"geometry":{"type":"LineString","coordinates":[[2.2143307,48.9464571],[2.2142898,48.9464437]]}},
{"type":"Feature","properties":{"id":791916347,"name":"Voie ferrée","ref":"","type":"rail"},"geometry":{"type":"LineString","coordinates":[[2.2181721,48.9475209],[2.2170628,48.9472302]]}},
{"type":"Feature","properties":{"id":791916348,"name":"Voie ferrée","ref":"","type":"rail"},"geometry":{"type":"LineString","coordinates":[[2.2170343,48.947274],[2.2143018,48.9465044]]}},
{"type":"Feature","properties":{"id":791916349,"name":"Voie ferrée","ref":"","type":"rail"},"geometry":{"type":"LineString","coordinates":[[2.2144308,48.946304],[2.2143503,48.9462816]]}},
{"type":"Feature","properties":{"id":791916350,"name":"Voie ferrée","ref":"","type":"rail"},"geometry":{"type":"LineString","coordinates":[[2.2143932,48.9463617],[2.2143169,48.9463386]]}},
{"type":"Feature","properties":{"id":791916351,"name":"Voie ferrée","ref":"","type":"rail"},"geometry":{"type":"LineString","coordinates":[[2.2143018,48.9465044],[2.21426,48.9464907]]}},
{"type":"Feature","properties":{"id":791916352,"name":"Voie ferrée","ref":"","type":"rail"},"geometry":{"type":"LineString","coordinates":[[2.2170122,48.9470328],[2.2144308,48.946304]]}},
{"type":"Feature","properties":{"id":791916353,"name":"Voie ferrée","ref":"","type":"rail"},"geometry":{"type":"LineString","coordinates":[[2.2181721,48.9475209],[2.2170343,48.947274]]}},
{"type":"Feature","properties":{"id":807329815,"name":"Voie ferrée","ref":"","type":"rail"},"geometry":{"type":"LineString","coordinates":[[2.1204906,49.0515476],[2.1207983,49.0522072]]}},
{"type":"Feature","properties":{"id":807329816,"name":"329000","ref":"329000","type":"rail"},"geometry":{"type":"LineString","coordinates":[[2.1202752,49.050831],[2.1204237,49.0513011]]}},
{"type":"Feature","properties":{"id":814591134,"name":"Ligne de Paris Saint-Lazare à Mantes par Conflans","ref":"334000","type":"rail"},"geometry":{"type":"LineString","coordinates":[[2.228469,48.9499373],[2.2250031,48.9500009],[2.2219571,48.9505507],[2.2190048,48.9516281],[2.2167001,48.9530448]]}},
{"type":"Feature","properties":{"id":814591135,"name":"Voie ferrée","ref":"","type":"rail"},"geometry":{"type":"LineString","coordinates":[[2.2424583,48.9543858],[2.2418803,48.9542255]]}},
{"type":"Feature","properties":{"id":814591136,"name":"Voie ferrée","ref":"","type":"rail"},"geometry":{"type":"LineString","coordinates":[[2.2439865,48.9552004],[2.2352779,48.9514391]]}},
{"type":"Feature","properties":{"id":814591137,"name":"Voie ferrée","ref":"","type":"rail"},"geometry":{"type":"LineString","coordinates":[[2.2511685,48.9545733],[2.2480085,48.9555778],[2.2445377,48.955392]]}},
{"type":"Feature","properties":{"id":814591138,"name":"Voie ferrée","ref":"","type":"rail"},"geometry":{"type":"LineString","coordinates":[[2.2452104,48.9555652],[2.2482697,48.9555823],[2.251427,48.9544457]]}},
{"type":"Feature","properties":{"id":814591139,"name":"Voie ferrée","ref":"","type":"rail"},"geometry":{"type":"LineString","coordinates":[[2.2512934,48.9545342],[2.2482851,48.9556214],[2.2455837,48.9556264]]}},
{"type":"Feature","properties":{"id":814591140,"name":"Voie ferrée","ref":"","type":"rail"},"geometry":{"type":"LineString","coordinates":[[2.2452738,48.9554369],[2.2485213,48.9553957],[2.2508299,48.9545898],[2.2518201,48.9539924]]}},
{"type":"Feature","properties":{"id":814591141,"name":"Voie ferrée","ref":"","type":"rail"},"geometry":{"type":"LineString","coordinates":[[2.2449454,48.9554052],[2.2483182,48.955396],[2.2515679,48.9541672]]}},
{"type":"Feature","properties":{"id":814647697,"name":"962000","ref":"962000","type":"rail"},"geometry":{"type":"LineString","coordinates":[[2.2783947,48.9800236],[2.2776313,48.9801703]]}},
{"type":"Feature","properties":{"id":814647698,"name":"962000","ref":"962000","type":"rail"},"geometry":{"type":"LineString","coordinates":[[2.2798681,48.9793882],[2.2784358,48.980012]]}},
{"type":"Feature","properties":{"id":819481619,"name":"979000","ref":"979000","type":"rail"},"geometry":{"type":"LineString","coordinates":[[2.2055808,48.9107105],[2.2056054,48.9106976]]}},
{"type":"Feature","properties":{"id":843561707,"name":"Ligne de Paris Saint-Lazare à Mantes par Conflans","ref":"334000","type":"rail"},"geometry":{"type":"LineString","coordinates":[[2.2430148,48.9549415],[2.245139,48.9557161],[2.2474217,48.9560394],[2.2495861,48.9559274],[2.2519264,48.9552581],[2.2533359,48.9544268],[2.2544222,48.9532467],[2.2551546,48.950571],[2.2558894,48.9492449]]}},
{"type":"Feature","properties":{"id":851661030,"name":"Voie ferrée","ref":"","type":"rail"},"geometry":{"type":"LineString","coordinates":[[2.235544,48.9514304],[2.2350573,48.9512084]]}},
{"type":"Feature","properties":{"id":851661031,"name":"Voie ferrée","ref":"","type":"rail"},"geometry":{"type":"LineString","coordinates":[[2.2363768,48.9517489],[2.2343107,48.9509696]]}},
{"type":"Feature","properties":{"id":880738270,"name":"Ligne d'Épinay-Villetaneuse au Tréport-Mers","ref":"325000","type":"rail"},"geometry":{"type":"LineString","coordinates":[[2.3204961,49.0595451],[2.3204651,49.0617236]]}},
{"type":"Feature","properties":{"id":880774783,"name":"Ligne d'Épinay-Villetaneuse au Tréport-Mers","ref":"325000","type":"rail"},"geometry":{"type":"LineString","coordinates":[[2.3217081,49.0654669],[2.3243606,49.0670061]]}},
{"type":"Feature","properties":{"id":880774784,"name":"Ligne d'Épinay-Villetaneuse au Tréport-Mers","ref":"325000","type":"rail"},"geometry":{"type":"LineString","coordinates":[[2.3261548,49.0678019],[2.3276057,49.0684737]]}},
{"type":"Feature","properties":{"id":880774785,"name":"Ligne d'Épinay-Villetaneuse au Tréport-Mers","ref":"325000","type":"rail"},"geometry":{"type":"LineString","coordinates":[[2.3218502,49.065395],[2.3242057,49.0667811]]}},
{"type":"Feature","properties":{"id":880774786,"name":"Ligne d'Épinay-Villetaneuse au Tréport-Mers","ref":"325000","type":"rail"},"geometry":{"type":"LineString","coordinates":[[2.3207977,49.0642156],[2.3217621,49.0654449]]}},
{"type":"Feature","properties":{"id":880774787,"name":"Ligne d'Épinay-Villetaneuse au Tréport-Mers","ref":"325000","type":"rail"},"geometry":{"type":"LineString","coordinates":[[2.3207487,49.064221],[2.3217081,49.0654669]]}},
{"type":"Feature","properties":{"id":880774788,"name":"Ligne d'Épinay-Villetaneuse au Tréport-Mers","ref":"325000","type":"rail"},"geometry":{"type":"LineString","coordinates":[[2.3208699,49.0642085],[2.3218502,49.065395]]}},
{"type":"Feature","properties":{"id":880774789,"name":"Ligne d'Épinay-Villetaneuse au Tréport-Mers","ref":"325000","type":"rail"},"geometry":{"type":"LineString","coordinates":[[2.3242057,49.0667811],[2.3251043,49.0672531]]}},
{"type":"Feature","properties":{"id":880788718,"name":"Ligne d'Épinay - Villetaneuse au Tréport - Mers","ref":"325000","type":"rail"},"geometry":{"type":"LineString","coordinates":[[2.2687131,49.1441152],[2.2682591,49.1436247]]}},
{"type":"Feature","properties":{"id":880788719,"name":"Ligne d'Épinay-Villetaneuse au Tréport-Mers","ref":"325000","type":"rail"},"geometry":{"type":"LineString","coordinates":[[2.2679303,49.143221],[2.2683349,49.1437842]]}},
{"type":"Feature","properties":{"id":890204541,"name":"Ligne de Paris-Nord à Lille","ref":"272000","type":"rail"},"geometry":{"type":"LineString","coordinates":[[2.4636052,49.024105],[2.4644232,49.02462]]}},
{"type":"Feature","properties":{"id":890204542,"name":"Ligne de Paris-Nord à Lille","ref":"272000","type":"rail"},"geometry":{"type":"LineString","coordinates":[[2.4606704,49.0222424],[2.4620065,49.023092]]}},
{"type":"Feature","properties":{"id":890639469,"name":"Ligne d'Achères à Pontoise","ref":"338000","type":"rail"},"geometry":{"type":"LineString","coordinates":[[2.1041237,49.0407582],[2.1046616,49.042319],[2.104629,49.0432648],[2.1040238,49.0443134],[2.1028739,49.0450851]]}},
{"type":"Feature","properties":{"id":892073603,"name":"Voie ferrée","ref":"","type":"rail"},"geometry":{"type":"LineString","coordinates":[[2.2755454,49.146666],[2.2751367,49.1465755]]}},
{"type":"Feature","properties":{"id":892073605,"name":"Voie ferrée","ref":"","type":"rail"},"geometry":{"type":"LineString","coordinates":[[2.2729078,49.1464932],[2.2719012,49.1458548]]}},
{"type":"Feature","properties":{"id":892073606,"name":"Ligne de Saint-Denis à Dieppe","ref":"330000","type":"rail"},"geometry":{"type":"LineString","coordinates":[[2.3012219,48.9764463],[2.3038495,48.9749871],[2.3084271,48.9718969]]}},
{"type":"Feature","properties":{"id":892073607,"name":"Ligne de St Denis à Dieppe","ref":"330000","type":"rail"},"geometry":{"type":"LineString","coordinates":[[2.091953,49.0475291],[2.090812,49.0477619]]}},
{"type":"Feature","properties":{"id":892073608,"name":"330000","ref":"330000","type":"rail"},"geometry":{"type":"LineString","coordinates":[[2.0919407,49.0475103],[2.0916559,49.0475895]]}},
{"type":"Feature","properties":{"id":892073609,"name":"Ligne de St Denis à Dieppe","ref":"330000","type":"rail"},"geometry":{"type":"LineString","coordinates":[[2.1012373,49.0457625],[2.101283,49.0457533]]}},
{"type":"Feature","properties":{"id":930695357,"name":"Raccordement d'Epluches","ref":"331300","type":"rail"},"geometry":{"type":"LineString","coordinates":[[2.1158131,49.0487359],[2.1157778,49.048718]]}},
{"type":"Feature","properties":{"id":930695358,"name":"Raccordement d'Epluches","ref":"331300","type":"rail"},"geometry":{"type":"LineString","coordinates":[[2.1212491,49.0532387],[2.1190964,49.0507543],[2.1158131,49.0487359]]}},
{"type":"Feature","properties":{"id":930695359,"name":"Raccordement d'Epluches","ref":"331300","type":"rail"},"geometry":{"type":"LineString","coordinates":[[2.115747,49.0487445],[2.1157818,49.0487626]]}},
{"type":"Feature","properties":{"id":930695360,"name":"Raccordement d'Epluches","ref":"331300","type":"rail"},"geometry":{"type":"LineString","coordinates":[[2.1084477,49.0455868],[2.1107243,49.0462436],[2.115747,49.0487445]]}},
{"type":"Feature","properties":{"id":930695361,"name":"331300","ref":"331300","type":"rail"},"geometry":{"type":"LineString","coordinates":[[2.1096111,49.0458175],[2.1105397,49.0461684]]}},
{"type":"Feature","properties":{"id":932798561,"name":"Ligne de la Grande Ceinture de Paris","ref":"990000","type":"rail"},"geometry":{"type":"LineString","coordinates":[[2.2323058,48.9502053],[2.2241555,48.948414]]}},
{"type":"Feature","properties":{"id":932798562,"name":"Ligne de la Grande Ceinture de Paris","ref":"990000","type":"rail"},"geometry":{"type":"LineString","coordinates":[[2.2322817,48.9502326],[2.246914,48.9532607],[2.25078,48.95326],[2.2525667,48.9528604],[2.2537955,48.952311]]}},
{"type":"Feature","properties":{"id":948395397,"name":"Ligne d'Aulnay-sous-Bois à Roissy 2-RER","ref":"76000","type":"rail"},"geometry":{"type":"LineString","coordinates":[[2.5491718,49.0067103],[2.5513601,49.007221],[2.5532027,49.0078837]]}},
{"type":"Feature","properties":{"id":948395399,"name":"Ligne d'Aulnay-sous-Bois à Roissy 2-RER","ref":"76000","type":"rail"},"geometry":{"type":"LineString","coordinates":[[2.5531973,49.0078359],[2.5514044,49.0071872],[2.5493541,49.0067135]]}},
{"type":"Feature","properties":{"id":954581373,"name":"Ligne de la bifurcation de Neuville à Cergy-Préfecture","ref":"326000","type":"rail"},"geometry":{"type":"LineString","coordinates":[[2.0094562,49.0468104],[2.0101902,49.0474593]]}},
{"type":"Feature","properties":{"id":954581374,"name":"Ligne de la bifurcation de Neuville à Cergy-Préfecture","ref":"326000","type":"rail"},"geometry":{"type":"LineString","coordinates":[[2.0093991,49.0468455],[2.0101902,49.0474593]]}},
{"type":"Feature","properties":{"id":954581375,"name":"Ligne de la bifurcation de Neuville à Cergy-Préfecture","ref":"326000","type":"rail"},"geometry":{"type":"LineString","coordinates":[[2.0166844,49.0507739],[2.0153654,49.0504094]]}},
{"type":"Feature","properties":{"id":968861572,"name":"Ligne d'Achères à Pontoise","ref":"338000","type":"rail"},"geometry":{"type":"LineString","coordinates":[[2.1027697,49.0451263],[2.1011088,49.0455241]]}},
{"type":"Feature","properties":{"id":968861573,"name":"Ligne d'Achères à Pontoise","ref":"338000","type":"rail"},"geometry":{"type":"LineString","coordinates":[[2.1028739,49.0450851],[2.1027697,49.0451263]]}},
{"type":"Feature","properties":{"id":968861574,"name":"Ligne d'Achères à Pontoise","ref":"338000","type":"rail"},"geometry":{"type":"LineString","coordinates":[[2.102796,49.0451528],[2.1029043,49.0451094]]}},
{"type":"Feature","properties":{"id":968861575,"name":"Ligne d'Achères à Pontoise","ref":"338000","type":"rail"},"geometry":{"type":"LineString","coordinates":[[2.1011235,49.0455547],[2.102796,49.0451528]]}},
{"type":"Feature","properties":{"id":968861576,"name":"338000","ref":"338000","type":"rail"},"geometry":{"type":"LineString","coordinates":[[2.0854777,49.0145637],[2.0863472,49.0149975]]}},
{"type":"Feature","properties":{"id":980058290,"name":"334000","ref":"334000","type":"rail"},"geometry":{"type":"LineString","coordinates":[[2.2584973,48.9458218],[2.2591001,48.9450884]]}},
{"type":"Feature","properties":{"id":980058291,"name":"334000","ref":"334000","type":"rail"},"geometry":{"type":"LineString","coordinates":[[2.2558894,48.9492449],[2.2565312,48.948336]]}},
{"type":"Feature","properties":{"id":980058296,"name":"Ligne de Paris Saint-Lazare à Mantes par Conflans","ref":"334000","type":"rail"},"geometry":{"type":"LineString","coordinates":[[2.1950358,48.9676292],[2.1949059,48.9676866]]}},
{"type":"Feature","properties":{"id":980058297,"name":"Ligne de Paris Saint-Lazare à Mantes par Conflans","ref":"334000","type":"rail"},"geometry":{"type":"LineString","coordinates":[[2.1985466,48.9660616],[2.1950358,48.9676292]]}},
{"type":"Feature","properties":{"id":980058298,"name":"Ligne de Paris Saint-Lazare à Mantes par Conflans","ref":"334000","type":"rail"},"geometry":{"type":"LineString","coordinates":[[2.1951216,48.9677217],[2.1985438,48.9661129]]}},
{"type":"Feature","properties":{"id":980058299,"name":"Ligne de Paris Saint-Lazare à Mantes par Conflans","ref":"334000","type":"rail"},"geometry":{"type":"LineString","coordinates":[[2.1949937,48.9677814],[2.1951216,48.9677217]]}},
{"type":"Feature","properties":{"id":980980994,"name":"Ligne de Saint-Denis à Dieppe","ref":"330000","type":"rail"},"geometry":{"type":"LineString","coordinates":[[2.1045369,49.0452425],[2.1043992,49.0452473]]}},
{"type":"Feature","properties":{"id":980980995,"name":"Ligne de Saint-Denis à Dieppe","ref":"330000","type":"rail"},"geometry":{"type":"LineString","coordinates":[[2.1069375,49.0453057],[2.1045369,49.0452425]]}},
{"type":"Feature","properties":{"id":980980996,"name":"Ligne de Saint-Denis à Dieppe","ref":"330000","type":"rail"},"geometry":{"type":"LineString","coordinates":[[2.1043447,49.0453361],[2.1045111,49.0453282]]}},
{"type":"Feature","properties":{"id":980980997,"name":"Ligne de Saint-Denis à Dieppe","ref":"330000","type":"rail"},"geometry":{"type":"LineString","coordinates":[[2.1032423,49.045408],[2.1043447,49.0453361]]}},
{"type":"Feature","properties":{"id":980980998,"name":"Ligne de Saint-Denis à Dieppe","ref":"330000","type":"rail"},"geometry":{"type":"LineString","coordinates":[[2.1045096,49.0453612],[2.1068197,49.0454093]]}},
{"type":"Feature","properties":{"id":980980999,"name":"Ligne de Saint-Denis à Dieppe","ref":"330000","type":"rail"},"geometry":{"type":"LineString","coordinates":[[2.1043345,49.0453689],[2.1045096,49.0453612]]}},
{"type":"Feature","properties":{"id":980981000,"name":"Ligne de Saint-Denis à Dieppe","ref":"330000","type":"rail"},"geometry":{"type":"LineString","coordinates":[[2.0980306,49.0464493],[2.0993622,49.0461238]]}},
{"type":"Feature","properties":{"id":981147197,"name":"Ligne de Saint-Denis à Dieppe","ref":"330000","type":"rail"},"geometry":{"type":"LineString","coordinates":[[2.12525,49.0368521],[2.1252933,49.0368033]]}},
{"type":"Feature","properties":{"id":981147198,"name":"330000","ref":"330000","type":"rail"},"geometry":{"type":"LineString","coordinates":[[2.1252691,49.0368308],[2.1252486,49.0368514]]}},
{"type":"Feature","properties":{"id":981147199,"name":"Ligne de Saint-Denis à Dieppe","ref":"330000","type":"rail"},"geometry":{"type":"LineString","coordinates":[[2.1240893,49.038418],[2.12525,49.0368521]]}},
{"type":"Feature","properties":{"id":981147200,"name":"Ligne de Saint-Denis à Dieppe","ref":"330000","type":"rail"},"geometry":{"type":"LineString","coordinates":[[2.1252067,49.036834],[2.124053,49.038397]]}},
{"type":"Feature","properties":{"id":981147201,"name":"Ligne de Saint-Denis à Dieppe","ref":"330000","type":"rail"},"geometry":{"type":"LineString","coordinates":[[2.1252477,49.0367885],[2.1252067,49.036834]]}},
{"type":"Feature","properties":{"id":981147202,"name":"330000","ref":"330000","type":"rail"},"geometry":{"type":"LineString","coordinates":[[2.1252486,49.0368514],[2.1248325,49.0372751]]}},
{"type":"Feature","properties":{"id":981286204,"name":"Ligne d'Ermont - Eaubonne à Champ-de-Mars","ref":"962000","type":"rail"},"geometry":{"type":"LineString","coordinates":[[2.2766676,48.9803359],[2.277316,48.9802564]]}},
{"type":"Feature","properties":{"id":981286205,"name":"Ligne d'Ermont - Eaubonne à Champ-de-Mars","ref":"962000","type":"rail"},"geometry":{"type":"LineString","coordinates":[[2.2773056,48.9802257],[2.2766654,48.9803042]]}},
{"type":"Feature","properties":{"id":981286206,"name":"Ligne de Saint-Denis à Dieppe","ref":"330000","type":"rail"},"geometry":{"type":"LineString","coordinates":[[2.2703521,48.9808441],[2.270621,48.9808044]]}},
{"type":"Feature","properties":{"id":981319954,"name":"330000","ref":"330000","type":"rail"},"geometry":{"type":"LineString","coordinates":[[2.3049534,48.9741805],[2.3030553,48.9754074]]}},
{"type":"Feature","properties":{"id":981319955,"name":"Ligne de Saint-Denis à Dieppe","ref":"330000","type":"rail"},"geometry":{"type":"LineString","coordinates":[[2.2970695,48.978085],[2.2970348,48.9780976]]}},
{"type":"Feature","properties":{"id":981319956,"name":"Ligne de Saint-Denis à Dieppe","ref":"330000","type":"rail"},"geometry":{"type":"LineString","coordinates":[[2.3009105,48.976498],[2.2970695,48.978085]]}},
{"type":"Feature","properties":{"id":981319957,"name":"Ligne de Saint-Denis à Dieppe","ref":"330000","type":"rail"},"geometry":{"type":"LineString","coordinates":[[2.2970929,48.9781149],[2.2970581,48.9781275]]}},
{"type":"Feature","properties":{"id":981319958,"name":"Ligne de Saint-Denis à Dieppe","ref":"330000","type":"rail"},"geometry":{"type":"LineString","coordinates":[[2.3009405,48.9765234],[2.2970929,48.9781149]]}},
{"type":"Feature","properties":{"id":981319959,"name":"Ligne de Saint-Denis à Dieppe","ref":"330000","type":"rail"},"geometry":{"type":"LineString","coordinates":[[2.2970948,48.9781746],[2.2971295,48.9781619]]}},
{"type":"Feature","properties":{"id":981319960,"name":"Ligne de Saint-Denis à Dieppe","ref":"330000","type":"rail"},"geometry":{"type":"LineString","coordinates":[[2.2971295,48.9781619],[2.30094,48.9765839]]}},
{"type":"Feature","properties":{"id":981319961,"name":"Ligne de Saint-Denis à Dieppe","ref":"330000","type":"rail"},"geometry":{"type":"LineString","coordinates":[[2.2743798,48.9805686],[2.2763475,48.9804985]]}},
{"type":"Feature","properties":{"id":1013279125,"name":"334000","ref":"334000","type":"rail"},"geometry":{"type":"LineString","coordinates":[[2.2590776,48.9450437],[2.2590554,48.9450772]]}},
{"type":"Feature","properties":{"id":1013279126,"name":"334000","ref":"334000","type":"rail"},"geometry":{"type":"LineString","coordinates":[[2.2594428,48.9445352],[2.2590776,48.9450437]]}},
{"type":"Feature","properties":{"id":1013279127,"name":"Ligne de Paris Saint-Lazare à Mantes par Conflans","ref":"334000","type":"rail"},"geometry":{"type":"LineString","coordinates":[[2.2590546,48.9450379],[2.2590294,48.9450706]]}},
{"type":"Feature","properties":{"id":1013279128,"name":"Ligne de Paris Saint-Lazare à Mantes par Conflans","ref":"334000","type":"rail"},"geometry":{"type":"LineString","coordinates":[[2.2594428,48.9445352],[2.2590546,48.9450379]]}},
{"type":"Feature","properties":{"id":1013279129,"name":"334000","ref":"334000","type":"rail"},"geometry":{"type":"LineString","coordinates":[[2.2591001,48.9450884],[2.2591237,48.9450552]]}},
{"type":"Feature","properties":{"id":1013279130,"name":"Ligne de Paris Saint-Lazare à Mantes par Conflans","ref":"334000","type":"rail"},"geometry":{"type":"LineString","coordinates":[[2.2591038,48.9450894],[2.2591237,48.9450552]]}},
{"type":"Feature","properties":{"id":1013279131,"name":"Ligne de Paris St Lazare à Ermont-Eaubonne","ref":"334900","type":"rail"},"geometry":{"type":"LineString","coordinates":[[2.2593574,48.9450532],[2.2595457,48.9447563]]}},
{"type":"Feature","properties":{"id":1013279132,"name":"Ligne de Paris St Lazare à Ermont-Eaubonne","ref":"334900","type":"rail"},"geometry":{"type":"LineString","coordinates":[[2.259301,48.9451661],[2.2593574,48.9450532]]}},
{"type":"Feature","properties":{"id":1013279133,"name":"334900","ref":"334900","type":"rail"},"geometry":{"type":"LineString","coordinates":[[2.2592639,48.9451574],[2.2593378,48.9450482]]}},
{"type":"Feature","properties":{"id":1013279134,"name":"334900","ref":"334900","type":"rail"},"geometry":{"type":"LineString","coordinates":[[2.2593378,48.9450482],[2.2595457,48.9447563]]}},
{"type":"Feature","properties":{"id":1013279135,"name":"334900","ref":"334900","type":"rail"},"geometry":{"type":"LineString","coordinates":[[2.2592494,48.9451532],[2.2590959,48.9454146]]}},
{"type":"Feature","properties":{"id":1013279136,"name":"334900","ref":"334900","type":"rail"},"geometry":{"type":"LineString","coordinates":[[2.2593107,48.9450413],[2.2592494,48.9451532]]}},
{"type":"Feature","properties":{"id":1013279137,"name":"Ligne de Paris St Lazare à Ermont-Eaubonne","ref":"334900","type":"rail"},"geometry":{"type":"LineString","coordinates":[[2.2592918,48.9450364],[2.2592173,48.9451447]]}},
{"type":"Feature","properties":{"id":1013279138,"name":"Ligne de Paris St Lazare à Ermont-Eaubonne","ref":"334900","type":"rail"},"geometry":{"type":"LineString","coordinates":[[2.2594932,48.9447532],[2.2592918,48.9450364]]}},
{"type":"Feature","properties":{"id":1013279139,"name":"334900","ref":"334900","type":"rail"},"geometry":{"type":"LineString","coordinates":[[2.2594932,48.9447532],[2.2593107,48.9450413]]}},
{"type":"Feature","properties":{"id":1013281536,"name":"Ligne de la Grande Ceinture de Paris","ref":"990000","type":"rail"},"geometry":{"type":"LineString","coordinates":[[2.2837538,48.9515337],[2.2796377,48.9510139]]}},
{"type":"Feature","properties":{"id":1013281537,"name":"Ligne de la Grande Ceinture de Paris","ref":"990000","type":"rail"},"geometry":{"type":"LineString","coordinates":[[2.2837805,48.9515372],[2.2837538,48.9515337]]}},
{"type":"Feature","properties":{"id":1013281538,"name":"Ligne de la Grande Ceinture de Paris","ref":"990000","type":"rail"},"geometry":{"type":"LineString","coordinates":[[2.2837455,48.9515693],[2.2837722,48.9515727]]}},
{"type":"Feature","properties":{"id":1013281539,"name":"Ligne de la Grande Ceinture de Paris","ref":"990000","type":"rail"},"geometry":{"type":"LineString","coordinates":[[2.2796328,48.9510488],[2.2837455,48.9515693]]}},
{"type":"Feature","properties":{"id":1013281540,"name":"Ligne de la Grande Ceinture de Paris","ref":"990000","type":"rail"},"geometry":{"type":"LineString","coordinates":[[2.2795934,48.9510082],[2.2726724,48.9493297]]}},
{"type":"Feature","properties":{"id":1013281541,"name":"Ligne de la Grande Ceinture de Paris","ref":"990000","type":"rail"},"geometry":{"type":"LineString","coordinates":[[2.2796377,48.9510139],[2.2795934,48.9510082]]}},
{"type":"Feature","properties":{"id":1013281542,"name":"Ligne de la Grande Ceinture de Paris","ref":"990000","type":"rail"},"geometry":{"type":"LineString","coordinates":[[2.2795807,48.9510422],[2.2796328,48.9510488]]}},
{"type":"Feature","properties":{"id":1013281543,"name":"Ligne de la Grande Ceinture de Paris","ref":"990000","type":"rail"},"geometry":{"type":"LineString","coordinates":[[2.2726482,48.9493627],[2.2795807,48.9510422]]}},
{"type":"Feature","properties":{"id":1016297319,"name":"979000","ref":"979000","type":"rail"},"geometry":{"type":"LineString","coordinates":[[2.2007189,48.9129842],[2.2023362,48.9122763]]}},
{"type":"Feature","properties":{"id":1017141510,"name":"Ligne de Gonesse à Lille-Frontière (LGV)","ref":"226000","type":"rail"},"geometry":{"type":"LineString","coordinates":[[2.4677756,49.0163248],[2.4687011,49.0165222]]}},
{"type":"Feature","properties":{"id":1017141511,"name":"Ligne de Gonesse à Lille-Frontière (LGV)","ref":"226000","type":"rail"},"geometry":{"type":"LineString","coordinates":[[2.4595504,49.0146137],[2.4686812,49.01656]]}},
{"type":"Feature","properties":{"id":1030606530,"name":"328000","ref":"328000","type":"rail"},"geometry":{"type":"LineString","coordinates":[[2.2414052,49.0162711],[2.2405035,49.0167354]]}},
{"type":"Feature","properties":{"id":1030606531,"name":"328000","ref":"328000","type":"rail"},"geometry":{"type":"LineString","coordinates":[[2.2456934,49.0131763],[2.2442233,49.0142479]]}},
{"type":"Feature","properties":{"id":1030606532,"name":"328000","ref":"328000","type":"rail"},"geometry":{"type":"LineString","coordinates":[[2.2008433,49.0881467],[2.2008344,49.0888403]]}},
{"type":"Feature","properties":{"id":1030606533,"name":"329000","ref":"329000","type":"rail"},"geometry":{"type":"LineString","coordinates":[[2.2005822,49.0884646],[2.2007719,49.0889591]]}},
{"type":"Feature","properties":{"id":1030628101,"name":"329000","ref":"329000","type":"rail"},"geometry":{"type":"LineString","coordinates":[[2.1303779,49.0601482],[2.130854,49.060565]]}},
{"type":"Feature","properties":{"id":1030628103,"name":"Ligne de Pierrelaye à Creil","ref":"329000","type":"rail"},"geometry":{"type":"LineString","coordinates":[[2.1303333,49.0601147],[2.1302859,49.0600804]]}},
{"type":"Feature","properties":{"id":1030628104,"name":"Ligne de Pierrelaye à Creil","ref":"329000","type":"rail"},"geometry":{"type":"LineString","coordinates":[[2.1302859,49.0600804],[2.123426,49.055683],[2.1212491,49.0532387]]}},
{"type":"Feature","properties":{"id":1030628105,"name":"Ligne de Pierrelaye à Creil","ref":"329000","type":"rail"},"geometry":{"type":"LineString","coordinates":[[2.1302983,49.0601391],[2.132094,49.061683],[2.13499,49.065254],[2.136598,49.066707]]}},
{"type":"Feature","properties":{"id":1030628106,"name":"Ligne de Pierrelaye à Creil","ref":"329000","type":"rail"},"geometry":{"type":"LineString","coordinates":[[2.1302466,49.0601019],[2.1302983,49.0601391]]}},
{"type":"Feature","properties":{"id":1030628107,"name":"329000","ref":"329000","type":"rail"},"geometry":{"type":"LineString","coordinates":[[2.121403,49.0535562],[2.121703,49.053891]]}},
{"type":"Feature","properties":{"id":1030674711,"name":"329000","ref":"329000","type":"rail"},"geometry":{"type":"LineString","coordinates":[[2.3047045,49.1537111],[2.3053012,49.153782]]}},
{"type":"Feature","properties":{"id":1030674712,"name":"329000","ref":"329000","type":"rail"},"geometry":{"type":"LineString","coordinates":[[2.2821803,49.1490878],[2.2829057,49.1493723]]}},
{"type":"Feature","properties":{"id":1030674713,"name":"329000","ref":"329000","type":"rail"},"geometry":{"type":"LineString","coordinates":[[2.2844517,49.1499376],[2.285024,49.1501017]]}},
{"type":"Feature","properties":{"id":1030674714,"name":"329000","ref":"329000","type":"rail"},"geometry":{"type":"LineString","coordinates":[[2.2804771,49.1486763],[2.2805877,49.1487017]]}},
{"type":"Feature","properties":{"id":1030674715,"name":"329000","ref":"329000","type":"rail"},"geometry":{"type":"LineString","coordinates":[[2.2719269,49.1458197],[2.2725574,49.145989]]}},
{"type":"Feature","properties":{"id":1030674716,"name":"329000","ref":"329000","type":"rail"},"geometry":{"type":"LineString","coordinates":[[2.2714711,49.1456529],[2.2719012,49.1458548]]}},
{"type":"Feature","properties":{"id":1030674717,"name":"329000","ref":"329000","type":"rail"},"geometry":{"type":"LineString","coordinates":[[2.2696462,49.1449455],[2.2702083,49.1451889]]}},
{"type":"Feature","properties":{"id":1030883410,"name":"Ligne de la bifurcation de Neuville à Cergy-Préfecture","ref":"326000","type":"rail"},"geometry":{"type":"LineString","coordinates":[[2.089534,49.0237046],[2.089546,49.0237273]]}},
{"type":"Feature","properties":{"id":1030883411,"name":"Ligne de la bifurcation de Neuville à Cergy-Préfecture","ref":"326000","type":"rail"},"geometry":{"type":"LineString","coordinates":[[2.0864116,49.0211495],[2.0883866,49.022329],[2.089534,49.0237046]]}},
{"type":"Feature","properties":{"id":1030883412,"name":"Ligne de la bifurcation de Neuville à Cergy-Préfecture","ref":"326000","type":"rail"},"geometry":{"type":"LineString","coordinates":[[2.0895808,49.0236887],[2.0892635,49.0232048]]}},
{"type":"Feature","properties":{"id":1030883413,"name":"Ligne de la bifurcation de Neuville à Cergy-Préfecture","ref":"326000","type":"rail"},"geometry":{"type":"LineString","coordinates":[[2.089595,49.0237165],[2.0895808,49.0236887]]}},
{"type":"Feature","properties":{"id":1030883414,"name":"326000","ref":"326000","type":"rail"},"geometry":{"type":"LineString","coordinates":[[2.0858113,49.0328319],[2.0837959,49.0338104]]}},
{"type":"Feature","properties":{"id":1030883415,"name":"326000","ref":"326000","type":"rail"},"geometry":{"type":"LineString","coordinates":[[2.0836729,49.0338747],[2.0820863,49.0348363]]}},
{"type":"Feature","properties":{"id":1039141255,"name":"Ligne de la bifurcation de Neuville à Cergy-Préfecture","ref":"326000","type":"rail"},"geometry":{"type":"LineString","coordinates":[[2.0101902,49.0474593],[2.0116121,49.0484376]]}},
{"type":"Feature","properties":{"id":1039141256,"name":"Ligne de la bifurcation de Neuville à Cergy-Préfecture","ref":"326000","type":"rail"},"geometry":{"type":"LineString","coordinates":[[2.0118704,49.0482619],[2.0102243,49.0471283]]}},
{"type":"Feature","properties":{"id":1075616283,"name":"Ligne de Paris-Nord à Lille","ref":"272000","type":"rail"},"geometry":{"type":"LineString","coordinates":[[2.4242837,48.9989779],[2.4264142,49.000332]]}},
{"type":"Feature","properties":{"id":1076689107,"name":"Ligne d'Aulnay-sous-Bois à Roissy 2-RER","ref":"76000","type":"rail"},"geometry":{"type":"MultiLineString","coordinates":[[[2.52631,49.0042879],[2.5286914,49.0055702],[2.5314575,49.0061706],[2.53413,49.0061152]],[[2.5355744,49.0060853],[2.5383514,49.0060277],[2.5383877,49.0060299]],[[2.5411913,49.0061964],[2.5488257,49.0066499]]]}},
{"type":"Feature","properties":{"id":1076689108,"name":"Ligne d'Aulnay-sous-Bois à Roissy 2-RER","ref":"76000","type":"rail"},"geometry":{"type":"MultiLineString","coordinates":[[[2.5488304,49.0066125],[2.5411827,49.0060778]],[[2.538385,49.0058822],[2.5382012,49.0058693],[2.5355965,49.0059653]],[[2.5339338,49.0060266],[2.5313146,49.0061231],[2.5285277,49.005472],[2.5263347,49.0042551]]]}},
{"type":"Feature","properties":{"id":1077036470,"name":"979000","ref":"979000","type":"rail"},"geometry":{"type":"LineString","coordinates":[[2.2004775,48.9130897],[2.2007189,48.9129842]]}},
{"type":"Feature","properties":{"id":1077036472,"name":"979000","ref":"979000","type":"rail"},"geometry":{"type":"LineString","coordinates":[[2.2004392,48.9131073],[2.2004775,48.9130897]]}},
{"type":"Feature","properties":{"id":1078204619,"name":"Ligne d'Épinay - Villetaneuse au Tréport - Mers","ref":"325000","type":"rail"},"geometry":{"type":"LineString","coordinates":[[2.282506,49.149323],[2.2818237,49.1490118]]}},
{"type":"Feature","properties":{"id":1078204620,"name":"329000","ref":"329000","type":"rail"},"geometry":{"type":"LineString","coordinates":[[2.2821322,49.1491848],[2.282506,49.149323]]}},
{"type":"Feature","properties":{"id":1078400795,"name":"272000","ref":"272000","type":"rail"},"geometry":{"type":"LineString","coordinates":[[2.4648662,49.0249064],[2.4654604,49.0252251]]}},
{"type":"Feature","properties":{"id":1078400796,"name":"272000","ref":"272000","type":"rail"},"geometry":{"type":"LineString","coordinates":[[2.4645196,49.0246614],[2.4647532,49.0248321]]}},
{"type":"Feature","properties":{"id":1078400797,"name":"272000","ref":"272000","type":"rail"},"geometry":{"type":"LineString","coordinates":[[2.4644485,49.0246078],[2.4645196,49.0246614]]}},
{"type":"Feature","properties":{"id":1078400798,"name":"272000","ref":"272000","type":"rail"},"geometry":{"type":"LineString","coordinates":[[2.4584485,49.0208289],[2.4591579,49.0212321]]}},
{"type":"Feature","properties":{"id":1078400799,"name":"272000","ref":"272000","type":"rail"},"geometry":{"type":"LineString","coordinates":[[2.4511609,49.0160284],[2.45217,49.0167109]]}},
{"type":"Feature","properties":{"id":1078956930,"name":"272000","ref":"272000","type":"rail"},"geometry":{"type":"LineString","coordinates":[[2.5256812,49.1008944],[2.5256806,49.10092]]}},
{"type":"Feature","properties":{"id":1078956931,"name":"Voie-mère de Survilliers (ZI de Moimont I)","ref":"272606","type":"rail"},"geometry":{"type":"LineString","coordinates":[[2.5249512,49.0938328],[2.5248493,49.094609],[2.5243776,49.0951702],[2.5234878,49.0955684],[2.522334,49.0955872]]}},
{"type":"Feature","properties":{"id":1078956932,"name":"272000","ref":"272000","type":"rail"},"geometry":{"type":"LineString","coordinates":[[2.5249539,49.0933984],[2.5249512,49.0938328]]}},
{"type":"Feature","properties":{"id":1121694034,"name":"Voie ferrée","ref":"","type":"rail"},"geometry":{"type":"LineString","coordinates":[[2.3214865,49.0649636],[2.3209054,49.0642784]]}},
{"type":"Feature","properties":{"id":1121694035,"name":"Voie ferrée","ref":"","type":"rail"},"geometry":{"type":"LineString","coordinates":[[2.3263171,49.0678387],[2.3256961,49.0674814]]}},
{"type":"Feature","properties":{"id":1121694036,"name":"Voie ferrée","ref":"","type":"rail"},"geometry":{"type":"LineString","coordinates":[[2.3257071,49.0674714],[2.32589,49.0675882]]}},
{"type":"Feature","properties":{"id":1121694037,"name":"Voie ferrée","ref":"","type":"rail"},"geometry":{"type":"LineString","coordinates":[[2.3270505,49.0682561],[2.3261349,49.0678906]]}},
{"type":"Feature","properties":{"id":1121694039,"name":"Voie ferrée","ref":"","type":"rail"},"geometry":{"type":"LineString","coordinates":[[2.3364002,49.1559153],[2.3377236,49.1558128]]}},
{"type":"Feature","properties":{"id":1121694040,"name":"Voie ferrée","ref":"","type":"rail"},"geometry":{"type":"LineString","coordinates":[[2.2696462,49.1449455],[2.2690182,49.1446605]]}},
{"type":"Feature","properties":{"id":1121694041,"name":"Voie ferrée","ref":"","type":"rail"},"geometry":{"type":"LineString","coordinates":[[2.2836878,49.149874],[2.2841939,49.1502453]]}},
{"type":"Feature","properties":{"id":1121694042,"name":"Voie ferrée","ref":"","type":"rail"},"geometry":{"type":"LineString","coordinates":[[2.2797461,49.148539],[2.2790265,49.1484593]]}},
{"type":"Feature","properties":{"id":1121694043,"name":"329000","ref":"329000","type":"rail"},"geometry":{"type":"LineString","coordinates":[[2.2789067,49.1483879],[2.2800275,49.1485842]]}},
{"type":"Feature","properties":{"id":1125563738,"name":"Ligne de Gonesse à Lille-Frontière (LGV)","ref":"226000","type":"rail"},"geometry":{"type":"LineString","coordinates":[[2.4370248,49.0065245],[2.4365701,49.0063171]]}},
{"type":"Feature","properties":{"id":1125563739,"name":"Ligne de Gonesse à Lille-Frontière (LGV)","ref":"226000","type":"rail"},"geometry":{"type":"LineString","coordinates":[[2.4448426,49.0097939],[2.4370248,49.0065245]]}},
{"type":"Feature","properties":{"id":1125563740,"name":"Ligne de Gonesse à Lille-Frontière (LGV)","ref":"226000","type":"rail"},"geometry":{"type":"LineString","coordinates":[[2.4372326,49.0066598],[2.4438705,49.0094367]]}},
{"type":"Feature","properties":{"id":1125563741,"name":"Ligne de Gonesse à Lille-Frontière (LGV)","ref":"226000","type":"rail"},"geometry":{"type":"LineString","coordinates":[[2.436732,49.0064361],[2.4372326,49.0066598]]}},
{"type":"Feature","properties":{"id":1148924368,"name":"Ligne de la bifurcation de Neuville à Cergy-Préfecture","ref":"326000","type":"rail"},"geometry":{"type":"LineString","coordinates":[[2.0858759,49.0327984],[2.0881143,49.0316041]]}},
{"type":"Feature","properties":{"id":1148924369,"name":"Ligne de la bifurcation de Neuville à Cergy-Préfecture","ref":"326000","type":"rail"},"geometry":{"type":"LineString","coordinates":[[2.0880714,49.031576],[2.0858315,49.0327466]]}},
{"type":"Feature","properties":{"id":1148924392,"name":"Ligne de Conflans-Sainte-Honorine à Éragny-Neuville","ref":"336000","type":"rail"},"geometry":{"type":"LineString","coordinates":[[2.086671,49.0150894],[2.0880494,49.0160362]]}},
{"type":"Feature","properties":{"id":1148924393,"name":"Ligne de St Denis à Dieppe","ref":"330000","type":"rail"},"geometry":{"type":"LineString","coordinates":[[2.0881652,49.0485511],[2.0908213,49.047793]]}},
{"type":"Feature","properties":{"id":1148924394,"name":"Ligne de Saint-Denis à Dieppe","ref":"330000","type":"rail"},"geometry":{"type":"LineString","coordinates":[[2.0900486,49.0479373],[2.0881422,49.0485228]]}},
{"type":"Feature","properties":{"id":1148924395,"name":"Ligne de Saint-Denis à Dieppe","ref":"330000","type":"rail"},"geometry":{"type":"LineString","coordinates":[[2.0764702,49.0538987],[2.0746049,49.0546811],[2.0727311,49.0559192]]}},
{"type":"Feature","properties":{"id":1148924396,"name":"Ligne de St Denis à Dieppe","ref":"330000","type":"rail"},"geometry":{"type":"LineString","coordinates":[[2.0727752,49.0559363],[2.0743839,49.0548434],[2.0764898,49.0539287]]}},
{"type":"Feature","properties":{"id":1148924400,"name":"Voie ferrée","ref":"","type":"rail"},"geometry":{"type":"LineString","coordinates":[[2.2304642,48.9500106],[2.2274441,48.9496578]]}},
{"type":"Feature","properties":{"id":1148924401,"name":"Voie ferrée","ref":"","type":"rail"},"geometry":{"type":"LineString","coordinates":[[2.2352779,48.9514391],[2.2326748,48.9504862]]}},
{"type":"Feature","properties":{"id":1148924402,"name":"Voie ferrée","ref":"","type":"rail"},"geometry":{"type":"LineString","coordinates":[[2.242821,48.9546368],[2.2442534,48.9551458],[2.2474545,48.9552744],[2.2511282,48.9542112]]}},
{"type":"Feature","properties":{"id":1148924403,"name":"Voie ferrée","ref":"","type":"rail"},"geometry":{"type":"LineString","coordinates":[[2.2453335,48.9554197],[2.2439865,48.9552004]]}},
{"type":"Feature","properties":{"id":1148924404,"name":"Voie ferrée","ref":"","type":"rail"},"geometry":{"type":"LineString","coordinates":[[2.2527892,48.952999],[2.2514845,48.9542133]]}},
{"type":"Feature","properties":{"id":1148924405,"name":"Ligne de Paris St Lazare à Ermont-Eaubonne","ref":"334900","type":"rail"},"geometry":{"type":"LineString","coordinates":[[2.2550823,48.9516548],[2.255368,48.9504153],[2.2560579,48.9492538]]}},
{"type":"Feature","properties":{"id":1148924406,"name":"Ligne de Paris Saint-Lazare à Mantes par Conflans","ref":"334000","type":"rail"},"geometry":{"type":"LineString","coordinates":[[2.2599305,48.9439019],[2.2596387,48.9442793]]}},
{"type":"Feature","properties":{"id":1148924407,"name":"Ligne de Paris Saint-Lazare à Mantes par Conflans","ref":"334000","type":"rail"},"geometry":{"type":"LineString","coordinates":[[2.2590294,48.9450706],[2.255233,48.9502506]]}},
{"type":"Feature","properties":{"id":1233529572,"name":"Ligne de Pierrelaye à Creil","ref":"329000","type":"rail"},"geometry":{"type":"LineString","coordinates":[[2.2728352,49.1460776],[2.2725574,49.145989]]}},
{"type":"Feature","properties":{"id":1233529573,"name":"329000","ref":"329000","type":"rail"},"geometry":{"type":"LineString","coordinates":[[2.2733826,49.1462274],[2.2739352,49.1463665]]}},
{"type":"Feature","properties":{"id":1233547899,"name":"Ligne de Pierrelaye à Creil","ref":"329000","type":"rail"},"geometry":{"type":"LineString","coordinates":[[2.137332,49.067278],[2.138883,49.068272],[2.1407307,49.0690379],[2.1449755,49.0698134],[2.1477092,49.0697213],[2.1587881,49.0682363],[2.162755,49.068212],[2.166682,49.068555],[2.1737521,49.0700427],[2.1886494,49.0743612],[2.1924951,49.0760447],[2.1942594,49.0772948],[2.1954068,49.0784602],[2.1963955,49.0799992],[2.2011051,49.0896411]]}},
{"type":"Feature","properties":{"id":1233547900,"name":"Ligne de Pierrelaye à Creil","ref":"329000","type":"rail"},"geometry":{"type":"LineString","coordinates":[[2.2011526,49.0896306],[2.196361,49.0798242],[2.1954509,49.0784425],[2.1927816,49.0761733],[2.1886658,49.0743282],[2.1737748,49.0700132],[2.166511,49.068496],[2.1627575,49.0681784],[2.1587885,49.068204],[2.147705,49.069688],[2.1449743,49.0697792],[2.1407568,49.0690067],[2.139035,49.068307],[2.137377,49.067265]]}},
{"type":"Feature","properties":{"id":1238109244,"name":"330000","ref":"330000","type":"rail"},"geometry":{"type":"LineString","coordinates":[[2.0952502,49.0469114],[2.0930895,49.0473442]]}},
{"type":"Feature","properties":{"id":1238115611,"name":"Ligne de Saint-Denis à Dieppe","ref":"330000","type":"rail"},"geometry":{"type":"LineString","coordinates":[[2.1239906,49.0385674],[2.1240893,49.038418]]}},
{"type":"Feature","properties":{"id":1238261018,"name":"Ligne de Saint-Denis à Dieppe","ref":"330000","type":"rail"},"geometry":{"type":"LineString","coordinates":[[2.2763475,48.9804985],[2.276386,48.9804976]]}},
{"type":"Feature","properties":{"id":1238261019,"name":"Ligne de Saint-Denis à Dieppe","ref":"330000","type":"rail"},"geometry":{"type":"LineString","coordinates":[[2.2777767,48.9805484],[2.276386,48.9804976]]}},
{"type":"Feature","properties":{"id":1238385369,"name":"329000","ref":"329000","type":"rail"},"geometry":{"type":"LineString","coordinates":[[2.2788115,49.1482],[2.2804771,49.1486763]]}},
{"type":"Feature","properties":{"id":1238386337,"name":"Ligne de Pierrelaye à Creil","ref":"329000","type":"rail"},"geometry":{"type":"LineString","coordinates":[[2.2708796,49.1454343],[2.2714711,49.1456529]]}},
{"type":"Feature","properties":{"id":1238386338,"name":"Ligne de Pierrelaye à Creil","ref":"329000","type":"rail"},"geometry":{"type":"LineString","coordinates":[[2.2709742,49.1454309],[2.2709091,49.1454083]]}},
{"type":"Feature","properties":{"id":1238637631,"name":"Ligne de Pierrelaye à Creil","ref":"329000","type":"rail"},"geometry":{"type":"LineString","coordinates":[[2.2022297,49.0918293],[2.2011526,49.0896306]]}},
{"type":"Feature","properties":{"id":1238848318,"name":"Ligne de Saint-Denis à Dieppe","ref":"330000","type":"rail"},"geometry":{"type":"LineString","coordinates":[[2.2761776,48.9804706],[2.2743752,48.9805376]]}},
{"type":"Feature","properties":{"id":1238848319,"name":"Ligne de Saint-Denis à Dieppe","ref":"330000","type":"rail"},"geometry":{"type":"LineString","coordinates":[[2.2801528,48.9805611],[2.2795405,48.9805395]]}},
{"type":"Feature","properties":{"id":1238848320,"name":"Ligne de Saint-Denis à Dieppe","ref":"330000","type":"rail"},"geometry":{"type":"LineString","coordinates":[[2.276386,48.9804976],[2.2777807,48.9805068]]}},
{"type":"Feature","properties":{"id":1238853805,"name":"Ligne de Pierrelaye à Creil","ref":"329000","type":"rail"},"geometry":{"type":"LineString","coordinates":[[2.2011051,49.0896411],[2.2021836,49.091844]]}},
{"type":"Feature","properties":{"id":1238854992,"name":"Ligne de Pierrelaye à Creil","ref":"329000","type":"rail"},"geometry":{"type":"LineString","coordinates":[[2.2714711,49.1456529],[2.2719269,49.1458197]]}},
{"type":"Feature","properties":{"id":1239106391,"name":"Ligne d'Épinay-Villetaneuse au Tréport-Mers","ref":"325000","type":"rail"},"geometry":{"type":"LineString","coordinates":[[2.3241218,49.0668437],[2.3251446,49.067327]]}},
{"type":"Feature","properties":{"id":1239108103,"name":"Ligne d'Épinay-Villetaneuse au Tréport-Mers","ref":"325000","type":"rail"},"geometry":{"type":"LineString","coordinates":[[2.3204517,49.0587587],[2.3204156,49.061726]]}},
{"type":"Feature","properties":{"id":1239343117,"name":"329000","ref":"329000","type":"rail"},"geometry":{"type":"LineString","coordinates":[[2.2732668,49.1461624],[2.2747125,49.1465526]]}},
{"type":"Feature","properties":{"id":1239343118,"name":"329000","ref":"329000","type":"rail"},"geometry":{"type":"LineString","coordinates":[[2.2729776,49.1460901],[2.2732668,49.1461624]]}},
{"type":"Feature","properties":{"id":1239355698,"name":"Ligne d'Épinay-Villetaneuse au Tréport-Mers","ref":"325000","type":"rail"},"geometry":{"type":"LineString","coordinates":[[2.3251446,49.067327],[2.3261548,49.0678019]]}},
{"type":"Feature","properties":{"id":1239462854,"name":"Ligne de Saint-Denis à Dieppe","ref":"330000","type":"rail"},"geometry":{"type":"LineString","coordinates":[[2.1011965,49.0456197],[2.1011592,49.0456281]]}},
{"type":"Feature","properties":{"id":1239682801,"name":"328000","ref":"328000","type":"rail"},"geometry":{"type":"LineString","coordinates":[[2.2425205,49.0155253],[2.2402637,49.0169214]]}},
{"type":"Feature","properties":{"id":1239682802,"name":"Ligne d'Ermont - Eaubonne à Valmondois","ref":"328000","type":"rail"},"geometry":{"type":"LineString","coordinates":[[2.2467267,49.0121059],[2.2454789,49.0132754]]}},
{"type":"Feature","properties":{"id":1239683240,"name":"328000","ref":"328000","type":"rail"},"geometry":{"type":"LineString","coordinates":[[2.2454789,49.0132754],[2.2442233,49.0142479]]}},
{"type":"Feature","properties":{"id":1239831591,"name":"Ligne d'Ermont - Eaubonne à Valmondois","ref":"328000","type":"rail"},"geometry":{"type":"LineString","coordinates":[[2.2456934,49.0131763],[2.2467465,49.0121144]]}},
{"type":"Feature","properties":{"id":1246267923,"name":"Ligne de Paris-Nord à Lille","ref":"272000","type":"rail"},"geometry":{"type":"LineString","coordinates":[[2.4607023,49.0222172],[2.4624552,49.0233281]]}},
{"type":"Feature","properties":{"id":1246267924,"name":"Ligne de Paris-Nord à Lille","ref":"272000","type":"rail"},"geometry":{"type":"LineString","coordinates":[[2.4608741,49.0221751],[2.4582307,49.0206162]]}},
{"type":"Feature","properties":{"id":1246440846,"name":"Ligne de Paris-Nord à Lille","ref":"272000","type":"rail"},"geometry":{"type":"LineString","coordinates":[[2.4584485,49.0208289],[2.4606704,49.0222424]]}},
{"type":"Feature","properties":{"id":1246443226,"name":"Ligne de Paris-Nord à Lille","ref":"272000","type":"rail"},"geometry":{"type":"LineString","coordinates":[[2.4582307,49.0206162],[2.4591579,49.0212321]]}},
{"type":"Feature","properties":{"id":1246449240,"name":"Ligne de Paris-Nord à Lille","ref":"272000","type":"rail"},"geometry":{"type":"LineString","coordinates":[[2.4146709,48.992804],[2.4126025,48.9915987]]}},
{"type":"Feature","properties":{"id":1246912597,"name":"Ligne de Paris-Nord à Lille","ref":"272000","type":"rail"},"geometry":{"type":"LineString","coordinates":[[2.4120368,48.9913434],[2.4145045,48.9929141]]}},
{"type":"Feature","properties":{"id":1321872415,"name":"329000","ref":"329000","type":"rail"},"geometry":{"type":"LineString","coordinates":[[2.2800275,49.1485842],[2.2804771,49.1486763]]}},
{"type":"Feature","properties":{"id":1327092303,"name":"Ligne de Paris-Nord à Lille","ref":"272000","type":"rail"},"geometry":{"type":"LineString","coordinates":[[2.4434951,49.0111902],[2.4433771,49.0111136]]}},
{"type":"Feature","properties":{"id":1327092304,"name":"Ligne de Paris-Nord à Lille","ref":"272000","type":"rail"},"geometry":{"type":"LineString","coordinates":[[2.4469393,49.0133713],[2.4434951,49.0111902]]}},
{"type":"Feature","properties":{"id":1327092305,"name":"Ligne de Paris-Nord à Lille","ref":"272000","type":"rail"},"geometry":{"type":"LineString","coordinates":[[2.4433701,49.0111547],[2.4434891,49.0112341]]}},
{"type":"Feature","properties":{"id":1327092306,"name":"Ligne de Paris-Nord à Lille","ref":"272000","type":"rail"},"geometry":{"type":"LineString","coordinates":[[2.4431119,49.0109876],[2.4433701,49.0111547]]}},
{"type":"Feature","properties":{"id":1327092307,"name":"Ligne de Paris-Nord à Lille","ref":"272000","type":"rail"},"geometry":{"type":"LineString","coordinates":[[2.443479,49.011286],[2.4433563,49.0112064]]}},
{"type":"Feature","properties":{"id":1327092308,"name":"Ligne de Paris-Nord à Lille","ref":"272000","type":"rail"},"geometry":{"type":"LineString","coordinates":[[2.4468515,49.0134224],[2.443479,49.011286]]}},
{"type":"Feature","properties":{"id":1327092309,"name":"Ligne de Paris-Nord à Lille","ref":"272000","type":"rail"},"geometry":{"type":"LineString","coordinates":[[2.4434704,49.011327],[2.4468247,49.0134484]]}},
{"type":"Feature","properties":{"id":1327092310,"name":"Ligne de Paris-Nord à Lille","ref":"272000","type":"rail"},"geometry":{"type":"LineString","coordinates":[[2.4433643,49.0112592],[2.4434704,49.011327]]}},
{"type":"Feature","properties":{"id":1327092311,"name":"Ligne de Paris-Nord à Lille","ref":"272000","type":"rail"},"geometry":{"type":"LineString","coordinates":[[2.4469146,49.0135058],[2.4584485,49.0208289]]}},
{"type":"Feature","properties":{"id":1327092312,"name":"Ligne de Paris-Nord à Lille","ref":"272000","type":"rail"},"geometry":{"type":"LineString","coordinates":[[2.4468247,49.0134484],[2.4469146,49.0135058]]}},
{"type":"Feature","properties":{"id":1327092313,"name":"Ligne de Paris-Nord à Lille","ref":"272000","type":"rail"},"geometry":{"type":"LineString","coordinates":[[2.4469458,49.0134807],[2.4468515,49.0134224]]}},
{"type":"Feature","properties":{"id":1327092314,"name":"Ligne de Paris-Nord à Lille","ref":"272000","type":"rail"},"geometry":{"type":"LineString","coordinates":[[2.4582307,49.0206162],[2.4469458,49.0134807]]}},
{"type":"Feature","properties":{"id":1327092315,"name":"Ligne de Paris-Nord à Lille","ref":"272000","type":"rail"},"geometry":{"type":"LineString","coordinates":[[2.4469066,49.0133968],[2.4469846,49.0134462]]}},
{"type":"Feature","properties":{"id":1327092316,"name":"Ligne de Paris-Nord à Lille","ref":"272000","type":"rail"},"geometry":{"type":"LineString","coordinates":[[2.4434891,49.0112341],[2.4469066,49.0133968]]}},
{"type":"Feature","properties":{"id":1327092317,"name":"Ligne de Paris-Nord à Lille","ref":"272000","type":"rail"},"geometry":{"type":"LineString","coordinates":[[2.4433771,49.0111136],[2.437224,49.0067099]]}},
{"type":"Feature","properties":{"id":1327092318,"name":"Ligne de Paris-Nord à Lille","ref":"272000","type":"rail"},"geometry":{"type":"LineString","coordinates":[[2.4470183,49.0134211],[2.4469393,49.0133713]]}},
{"type":"Feature","properties":{"id":1339786768,"name":"Voie-mère de Survilliers (ZI de Moimont II)","ref":"272608","type":"rail"},"geometry":{"type":"LineString","coordinates":[[2.5238407,49.0850265],[2.5244945,49.0904431]]}},
{"type":"Feature","properties":{"id":1339817694,"name":"272000","ref":"272000","type":"rail"},"geometry":{"type":"LineString","coordinates":[[2.5253113,49.0943242],[2.5252522,49.0938291]]}},
{"type":"Feature","properties":{"id":1339817695,"name":"V3D","ref":"272000","type":"rail"},"geometry":{"type":"LineString","coordinates":[[2.5261625,49.1000287],[2.5253828,49.0946652]]}},
{"type":"Feature","properties":{"id":1361225279,"name":"Voie ferrée","ref":"","type":"rail"},"geometry":{"type":"LineString","coordinates":[[2.2122458,48.9456046],[2.2136142,48.9459893]]}},
{"type":"Feature","properties":{"id":1361225280,"name":"Voie ferrée","ref":"","type":"rail"},"geometry":{"type":"LineString","coordinates":[[2.2136507,48.945933],[2.2122793,48.94555]]}},
{"type":"Feature","properties":{"id":1361225281,"name":"Voie ferrée","ref":"","type":"rail"},"geometry":{"type":"LineString","coordinates":[[2.2123061,48.9454971],[2.2136827,48.9458836]]}},
{"type":"Feature","properties":{"id":1361225282,"name":"Voie ferrée","ref":"","type":"rail"},"geometry":{"type":"LineString","coordinates":[[2.2124791,48.9453976],[2.2147643,48.9460704]]}},
{"type":"Feature","properties":{"id":1361225283,"name":"Voie ferrée","ref":"","type":"rail"},"geometry":{"type":"LineString","coordinates":[[2.212463,48.9454399],[2.2147066,48.9461593]]}},
{"type":"Feature","properties":{"id":1361225284,"name":"Voie ferrée","ref":"","type":"rail"},"geometry":{"type":"LineString","coordinates":[[2.2136827,48.9458836],[2.2145994,48.9461987]]}},
{"type":"Feature","properties":{"id":1361225285,"name":"Voie ferrée","ref":"","type":"rail"},"geometry":{"type":"LineString","coordinates":[[2.2144774,48.9461639],[2.2136507,48.945933]]}},
{"type":"Feature","properties":{"id":1361225286,"name":"Voie ferrée","ref":"","type":"rail"},"geometry":{"type":"LineString","coordinates":[[2.2136142,48.9459893],[2.2146682,48.9462185]]}},
{"type":"Feature","properties":{"id":1361225288,"name":"Voie ferrée","ref":"","type":"rail"},"geometry":{"type":"LineString","coordinates":[[2.2125162,48.946415],[2.2129945,48.9465636]]}},
{"type":"Feature","properties":{"id":1361225289,"name":"Voie ferrée","ref":"","type":"rail"},"geometry":{"type":"LineString","coordinates":[[2.2112654,48.9460265],[2.2125162,48.946415]]}},
{"type":"Feature","properties":{"id":1361225290,"name":"Voie ferrée","ref":"","type":"rail"},"geometry":{"type":"LineString","coordinates":[[2.2133933,48.9468767],[2.2129416,48.9467458]]}},
{"type":"Feature","properties":{"id":1361225291,"name":"Voie ferrée","ref":"","type":"rail"},"geometry":{"type":"LineString","coordinates":[[2.2129073,48.9467977],[2.2133592,48.9469283]]}},
{"type":"Feature","properties":{"id":1361225292,"name":"Voie ferrée","ref":"","type":"rail"},"geometry":{"type":"LineString","coordinates":[[2.213245,48.9469787],[2.2128614,48.9468673]]}},
{"type":"Feature","properties":{"id":1361225293,"name":"Voie ferrée","ref":"","type":"rail"},"geometry":{"type":"LineString","coordinates":[[2.2128614,48.9468673],[2.2118622,48.946577]]}},
{"type":"Feature","properties":{"id":1361225294,"name":"Voie ferrée","ref":"","type":"rail"},"geometry":{"type":"LineString","coordinates":[[2.2117898,48.9464748],[2.2129073,48.9467977]]}},
{"type":"Feature","properties":{"id":1361225295,"name":"Voie ferrée","ref":"","type":"rail"},"geometry":{"type":"LineString","coordinates":[[2.2129416,48.9467458],[2.2118273,48.9464228]]}},
{"type":"Feature","properties":{"id":1361225296,"name":"Voie ferrée","ref":"","type":"rail"},"geometry":{"type":"LineString","coordinates":[[2.2129761,48.9466934],[2.2137867,48.9469337]]}},
{"type":"Feature","properties":{"id":1361225297,"name":"Voie ferrée","ref":"","type":"rail"},"geometry":{"type":"LineString","coordinates":[[2.2123517,48.9465083],[2.2128964,48.9466698]]}},
{"type":"Feature","properties":{"id":1361225298,"name":"Voie ferrée","ref":"","type":"rail"},"geometry":{"type":"LineString","coordinates":[[2.2125464,48.9461318],[2.2111192,48.9456891]]}},
{"type":"Feature","properties":{"id":1361225299,"name":"Voie ferrée","ref":"","type":"rail"},"geometry":{"type":"LineString","coordinates":[[2.2110777,48.9457385],[2.2125098,48.946184]]}},
{"type":"Feature","properties":{"id":1361225300,"name":"Voie ferrée","ref":"","type":"rail"},"geometry":{"type":"LineString","coordinates":[[2.2110347,48.9458001],[2.2124686,48.9462428]]}},
{"type":"Feature","properties":{"id":1361225301,"name":"Voie ferrée","ref":"","type":"rail"},"geometry":{"type":"LineString","coordinates":[[2.2118287,48.9466369],[2.2144599,48.9473723],[2.2159311,48.9474956]]}},
{"type":"Feature","properties":{"id":1361225302,"name":"Voie ferrée","ref":"","type":"rail"},"geometry":{"type":"LineString","coordinates":[[2.2163013,48.9475406],[2.213245,48.9469787]]}},
{"type":"Feature","properties":{"id":1361225303,"name":"Voie ferrée","ref":"","type":"rail"},"geometry":{"type":"LineString","coordinates":[[2.2133592,48.9469283],[2.2154349,48.9473653]]}},
{"type":"Feature","properties":{"id":1361225304,"name":"Voie ferrée","ref":"","type":"rail"},"geometry":{"type":"LineString","coordinates":[[2.2128964,48.9466698],[2.2129761,48.9466934]]}},
{"type":"Feature","properties":{"id":1361225305,"name":"Voie ferrée","ref":"","type":"rail"},"geometry":{"type":"LineString","coordinates":[[2.2159271,48.9474692],[2.2133933,48.9468767]]}},
{"type":"Feature","properties":{"id":1361225306,"name":"Voie ferrée","ref":"","type":"rail"},"geometry":{"type":"LineString","coordinates":[[2.2129945,48.9465636],[2.2153578,48.947301]]}},
{"type":"Feature","properties":{"id":1361225307,"name":"Voie ferrée","ref":"","type":"rail"},"geometry":{"type":"LineString","coordinates":[[2.2124686,48.9462428],[2.2146316,48.9470077]]}},
{"type":"Feature","properties":{"id":1361225308,"name":"Voie ferrée","ref":"","type":"rail"},"geometry":{"type":"LineString","coordinates":[[2.2125098,48.946184],[2.214987,48.9471561]]}},
{"type":"Feature","properties":{"id":1361225315,"name":"Voie ferrée","ref":"","type":"rail"},"geometry":{"type":"LineString","coordinates":[[2.2185455,48.9475773],[2.2159271,48.9474692],[2.2125464,48.9461318]]}},
{"type":"Feature","properties":{"id":1361378753,"name":"226310","ref":"226310","type":"rail"},"geometry":{"type":"LineString","coordinates":[[2.5668944,49.0371296],[2.5671155,49.0353669]]}},
{"type":"Feature","properties":{"id":1427721890,"name":"Voie ferrée","ref":"","type":"rail"},"geometry":{"type":"LineString","coordinates":[[2.5341511,49.0061742],[2.5342385,49.0061643]]}},
{"type":"Feature","properties":{"id":1427721891,"name":"Voie ferrée","ref":"","type":"rail"},"geometry":{"type":"LineString","coordinates":[[2.5469078,49.0064007],[2.5449865,49.0063277]]}},
{"type":"Feature","properties":{"id":1427721892,"name":"Voie ferrée","ref":"","type":"rail"},"geometry":{"type":"LineString","coordinates":[[2.5443622,49.0062951],[2.541186,49.0061233]]}},
{"type":"Feature","properties":{"id":1427721893,"name":"Voie ferrée","ref":"","type":"rail"},"geometry":{"type":"LineString","coordinates":[[2.5449865,49.0063277],[2.5459582,49.0064284]]}},
{"type":"Feature","properties":{"id":1427721894,"name":"Voie ferrée","ref":"","type":"rail"},"geometry":{"type":"LineString","coordinates":[[2.5411831,49.0060845],[2.5449865,49.0063277]]}},
{"type":"Feature","properties":{"id":1427721895,"name":"Voie ferrée","ref":"","type":"rail"},"geometry":{"type":"LineString","coordinates":[[2.5358047,49.0059978],[2.5383877,49.0060309]]}},
{"type":"Feature","properties":{"id":1427721897,"name":"Voie ferrée","ref":"","type":"rail"},"geometry":{"type":"LineString","coordinates":[[2.5355879,49.0060123],[2.5383872,49.0060048]]}},
{"type":"Feature","properties":{"id":1435513139,"name":"Ligne de Montsoult - Maffliers à Luzarches","ref":"315000","type":"rail"},"geometry":{"type":"LineString","coordinates":[[2.3754139,49.1186331],[2.3811982,49.1187145],[2.3841327,49.1181301]]}},
{"type":"Feature","properties":{"id":1435513140,"name":"Ligne de Montsoult - Maffliers à Luzarches","ref":"315000","type":"rail"},"geometry":{"type":"LineString","coordinates":[[2.3841327,49.1181301],[2.3842463,49.1180954]]}},
{"type":"Feature","properties":{"id":1442889195,"name":"Ligne de Paris Saint-Lazare à Mantes par Conflans","ref":"334000","type":"rail"},"geometry":{"type":"LineString","coordinates":[[2.2284373,48.9499689],[2.2308152,48.9502572],[2.2333585,48.9509137],[2.2430148,48.9549415]]}},
{"type":"Feature","properties":{"id":1442889196,"name":"Ligne de Paris Saint-Lazare à Mantes par Conflans","ref":"334000","type":"rail"},"geometry":{"type":"LineString","coordinates":[[2.243039,48.9549168],[2.2336058,48.9509623],[2.2309767,48.9502556],[2.228469,48.9499373]]}},
{"type":"Feature","properties":{"id":1445805212,"name":"Raccordement d'interconnexion nord-sud (LGV)","ref":"226310","type":"rail"},"geometry":{"type":"LineString","coordinates":[[2.5661371,49.0424802],[2.5663602,49.0407033]]}},
{"type":"Feature","properties":{"id":1445805213,"name":"Raccordement de Vémars","ref":"226301","type":"rail"},"geometry":{"type":"LineString","coordinates":[[2.5652886,49.0504697],[2.5652893,49.0500346]]}},
{"type":"Feature","properties":{"id":1445805214,"name":"Raccordement d'interconnexion nord-sud (LGV) 1","ref":"226310","type":"rail"},"geometry":{"type":"LineString","coordinates":[[2.5665837,49.0388952],[2.566395,49.0397929]]}},
{"type":"Feature","properties":{"id":1462634918,"name":"Ligne de St Denis à Dieppe","ref":"330000","type":"rail"},"geometry":{"type":"LineString","coordinates":[[1.9389889,49.1392242],[1.9393156,49.1379495]]}},
{"type":"Feature","properties":{"id":1462634919,"name":"Ligne de St Denis à Dieppe","ref":"330000","type":"rail"},"geometry":{"type":"LineString","coordinates":[[1.9389802,49.1393],[1.9389889,49.1392242]]}},
{"type":"Feature","properties":{"id":1462634920,"name":"Ligne de St Denis à Dieppe","ref":"330000","type":"rail"},"geometry":{"type":"LineString","coordinates":[[1.9389386,49.1392254],[1.938929,49.1392949]]}},
{"type":"Feature","properties":{"id":1462634921,"name":"Ligne de St Denis à Dieppe","ref":"330000","type":"rail"},"geometry":{"type":"LineString","coordinates":[[1.9392633,49.1379446],[1.9389386,49.1392254]]}},
{"type":"Feature","properties":{"id":1462634922,"name":"Ligne de St Denis à Dieppe","ref":"330000","type":"rail"},"geometry":{"type":"LineString","coordinates":[[1.9392968,49.1378608],[1.9392633,49.1379446]]}},
{"type":"Feature","properties":{"id":1462634923,"name":"Ligne de St Denis à Dieppe","ref":"330000","type":"rail"},"geometry":{"type":"LineString","coordinates":[[1.9510747,49.1200143],[1.9501933,49.1214356],[1.9463926,49.1297078],[1.9406041,49.1356911],[1.9392968,49.1378608]]}},
{"type":"Feature","properties":{"id":1462634924,"name":"Ligne de St Denis à Dieppe","ref":"330000","type":"rail"},"geometry":{"type":"LineString","coordinates":[[1.9393464,49.1378701],[1.9408304,49.135498],[1.9463453,49.1298635],[1.9503147,49.1212959],[1.9511237,49.120029]]}},
{"type":"Feature","properties":{"id":1462634925,"name":"Ligne de St Denis à Dieppe","ref":"330000","type":"rail"},"geometry":{"type":"LineString","coordinates":[[1.9393156,49.1379495],[1.9393464,49.1378701]]}},
{"type":"Feature","properties":{"id":1462634926,"name":"Ligne de St Denis à Dieppe","ref":"330000","type":"rail"},"geometry":{"type":"LineString","coordinates":[[1.9511636,49.1199795],[1.9513966,49.1197196]]}},
{"type":"Feature","properties":{"id":1462634927,"name":"Ligne de St Denis à Dieppe","ref":"330000","type":"rail"},"geometry":{"type":"LineString","coordinates":[[1.9511237,49.120029],[1.9511636,49.1199795]]}},
{"type":"Feature","properties":{"id":1462634928,"name":"Ligne de St Denis à Dieppe","ref":"330000","type":"rail"},"geometry":{"type":"LineString","coordinates":[[1.9511175,49.1199653],[1.9510747,49.1200143]]}},
{"type":"Feature","properties":{"id":1462634929,"name":"Ligne de St Denis à Dieppe","ref":"330000","type":"rail"},"geometry":{"type":"LineString","coordinates":[[1.9513523,49.1197005],[1.9511175,49.1199653]]}},
{"type":"Feature","properties":{"id":1462634930,"name":"Ligne de St Denis à Dieppe","ref":"330000","type":"rail"},"geometry":{"type":"LineString","coordinates":[[1.9514335,49.1196813],[1.9534428,49.1181039],[1.9601161,49.1146682],[1.9623397,49.1132422],[1.9646779,49.1110633],[1.966318,49.108556]]}},
{"type":"Feature","properties":{"id":1462634931,"name":"Ligne de St Denis à Dieppe","ref":"330000","type":"rail"},"geometry":{"type":"LineString","coordinates":[[1.9513966,49.1197196],[1.9514335,49.1196813]]}},
{"type":"Feature","properties":{"id":1462634932,"name":"Ligne de St Denis à Dieppe","ref":"330000","type":"rail"},"geometry":{"type":"LineString","coordinates":[[1.9513875,49.1196642],[1.9513523,49.1197005]]}},
{"type":"Feature","properties":{"id":1462634933,"name":"Ligne de St Denis à Dieppe","ref":"330000","type":"rail"},"geometry":{"type":"LineString","coordinates":[[1.9662703,49.1085448],[1.9646343,49.1110493],[1.9622974,49.1132227],[1.9600819,49.1146419],[1.9534052,49.1180767],[1.9513875,49.1196642]]}},
{"type":"Feature","properties":{"id":1462634934,"name":"Ligne de St Denis à Dieppe","ref":"330000","type":"rail"},"geometry":{"type":"LineString","coordinates":[[1.966355,49.1084826],[1.9696834,49.1014788]]}},
{"type":"Feature","properties":{"id":1462634935,"name":"Ligne de St Denis à Dieppe","ref":"330000","type":"rail"},"geometry":{"type":"LineString","coordinates":[[1.966318,49.108556],[1.966355,49.1084826]]}},
{"type":"Feature","properties":{"id":1462634936,"name":"Ligne de St Denis à Dieppe","ref":"330000","type":"rail"},"geometry":{"type":"LineString","coordinates":[[1.9663058,49.1084741],[1.9662703,49.1085448]]}},
{"type":"Feature","properties":{"id":1462634937,"name":"Ligne de St Denis à Dieppe","ref":"330000","type":"rail"},"geometry":{"type":"LineString","coordinates":[[1.9696358,49.1014671],[1.9663058,49.1084741]]}},
{"type":"Feature","properties":{"id":1462634938,"name":"Ligne de St Denis à Dieppe","ref":"330000","type":"rail"},"geometry":{"type":"LineString","coordinates":[[1.9696552,49.1014265],[1.9696358,49.1014671]]}},
{"type":"Feature","properties":{"id":1462634939,"name":"Ligne de St Denis à Dieppe","ref":"330000","type":"rail"},"geometry":{"type":"LineString","coordinates":[[1.9728615,49.0949225],[1.9696552,49.1014265]]}},
{"type":"Feature","properties":{"id":1462634940,"name":"Ligne de St Denis à Dieppe","ref":"330000","type":"rail"},"geometry":{"type":"LineString","coordinates":[[1.9697038,49.1014361],[1.9729088,49.0949338]]}},
{"type":"Feature","properties":{"id":1462634941,"name":"Ligne de St Denis à Dieppe","ref":"330000","type":"rail"},"geometry":{"type":"LineString","coordinates":[[1.9696834,49.1014788],[1.9697038,49.1014361]]}},
{"type":"Feature","properties":{"id":1462634947,"name":"Ligne de St Denis à Dieppe","ref":"330000","type":"rail"},"geometry":{"type":"LineString","coordinates":[[1.9729088,49.0949338],[1.9729692,49.0948541]]}},
{"type":"Feature","properties":{"id":1462634948,"name":"Ligne de St Denis à Dieppe","ref":"330000","type":"rail"},"geometry":{"type":"LineString","coordinates":[[1.972925,49.0948374],[1.9728615,49.0949225]]}},
{"type":"Feature","properties":{"id":1462634950,"name":"Ligne de St Denis à Dieppe","ref":"330000","type":"rail"},"geometry":{"type":"LineString","coordinates":[[1.9865221,49.0887563],[1.9866307,49.0887042]]}},
{"type":"Feature","properties":{"id":1462634951,"name":"Ligne de St Denis à Dieppe","ref":"330000","type":"rail"},"geometry":{"type":"LineString","coordinates":[[1.9790637,49.0913083],[1.9829565,49.090345],[1.9865221,49.0887563]]}},
{"type":"Feature","properties":{"id":1462634952,"name":"Ligne de St Denis à Dieppe","ref":"330000","type":"rail"},"geometry":{"type":"LineString","coordinates":[[1.9864943,49.0887282],[1.982937,49.0903147],[1.9790454,49.0912776]]}},
{"type":"Feature","properties":{"id":1462634953,"name":"Ligne de St Denis à Dieppe","ref":"330000","type":"rail"},"geometry":{"type":"LineString","coordinates":[[1.9866058,49.0886748],[1.9864943,49.0887282]]}},
{"type":"Feature","properties":{"id":1462634955,"name":"Ligne de St Denis à Dieppe","ref":"330000","type":"rail"},"geometry":{"type":"LineString","coordinates":[[2.0458834,49.0655124],[2.0583141,49.06291]]}},
{"type":"Feature","properties":{"id":1462634956,"name":"Ligne de St Denis à Dieppe","ref":"330000","type":"rail"},"geometry":{"type":"LineString","coordinates":[[2.045725,49.0655451],[2.0458834,49.0655124]]}},
{"type":"Feature","properties":{"id":1462634957,"name":"Ligne de Saint-Denis à Dieppe","ref":"330000","type":"rail"},"geometry":{"type":"LineString","coordinates":[[2.0458632,49.0654821],[2.0457117,49.0655135]]}},
{"type":"Feature","properties":{"id":1462634958,"name":"Ligne de Saint-Denis à Dieppe","ref":"330000","type":"rail"},"geometry":{"type":"LineString","coordinates":[[2.0583282,49.0628704],[2.0458632,49.0654821]]}},
{"type":"Feature","properties":{"id":1462634959,"name":"Ligne de St Denis à Dieppe","ref":"330000","type":"rail"},"geometry":{"type":"LineString","coordinates":[[2.0583674,49.0628988],[2.0635394,49.0616105]]}},
{"type":"Feature","properties":{"id":1462634960,"name":"Ligne de St Denis à Dieppe","ref":"330000","type":"rail"},"geometry":{"type":"LineString","coordinates":[[2.0583141,49.06291],[2.0583674,49.0628988]]}},
{"type":"Feature","properties":{"id":1462634961,"name":"Ligne de Saint-Denis à Dieppe","ref":"330000","type":"rail"},"geometry":{"type":"LineString","coordinates":[[2.0583835,49.0628584],[2.0583282,49.0628704]]}},
{"type":"Feature","properties":{"id":1462634962,"name":"Ligne de Saint-Denis à Dieppe","ref":"330000","type":"rail"},"geometry":{"type":"LineString","coordinates":[[2.063524,49.0615795],[2.0583835,49.0628584]]}},
{"type":"Feature","properties":{"id":1462634963,"name":"Ligne de Saint-Denis à Dieppe","ref":"330000","type":"rail"},"geometry":{"type":"LineString","coordinates":[[2.0635951,49.0615587],[2.063524,49.0615795]]}},
{"type":"Feature","properties":{"id":1462634964,"name":"Ligne de Saint-Denis à Dieppe","ref":"330000","type":"rail"},"geometry":{"type":"LineString","coordinates":[[2.0660077,49.060774],[2.0635951,49.0615587]]}},
{"type":"Feature","properties":{"id":1462634965,"name":"Ligne de St Denis à Dieppe","ref":"330000","type":"rail"},"geometry":{"type":"LineString","coordinates":[[2.0636111,49.0615886],[2.0660647,49.0607915]]}},
{"type":"Feature","properties":{"id":1462634966,"name":"Ligne de St Denis à Dieppe","ref":"330000","type":"rail"},"geometry":{"type":"LineString","coordinates":[[2.0635394,49.0616105],[2.0636111,49.0615886]]}},
{"type":"Feature","properties":{"id":1462634967,"name":"Ligne de St Denis à Dieppe","ref":"330000","type":"rail"},"geometry":{"type":"LineString","coordinates":[[2.0662189,49.060741],[2.068392,49.0599092],[2.0697233,49.0590588]]}},
{"type":"Feature","properties":{"id":1462634968,"name":"Ligne de St Denis à Dieppe","ref":"330000","type":"rail"},"geometry":{"type":"LineString","coordinates":[[2.0660647,49.0607915],[2.0662189,49.060741]]}},
{"type":"Feature","properties":{"id":1462634969,"name":"Ligne de Saint-Denis à Dieppe","ref":"330000","type":"rail"},"geometry":{"type":"LineString","coordinates":[[2.0661625,49.0607209],[2.0660077,49.060774]]}},
{"type":"Feature","properties":{"id":1462634970,"name":"Ligne de Saint-Denis à Dieppe","ref":"330000","type":"rail"},"geometry":{"type":"LineString","coordinates":[[2.0697101,49.0590187],[2.0681977,49.0599625],[2.0661625,49.0607209]]}},
{"type":"Feature","properties":{"id":1462634971,"name":"Ligne de Saint-Denis à Dieppe","ref":"330000","type":"rail"},"geometry":{"type":"LineString","coordinates":[[2.0698124,49.0589347],[2.0697101,49.0590187]]}},
{"type":"Feature","properties":{"id":1462634972,"name":"Ligne de Saint-Denis à Dieppe","ref":"330000","type":"rail"},"geometry":{"type":"LineString","coordinates":[[2.0727311,49.0559192],[2.0698124,49.0589347]]}},
{"type":"Feature","properties":{"id":1462634973,"name":"Ligne de St Denis à Dieppe","ref":"330000","type":"rail"},"geometry":{"type":"LineString","coordinates":[[2.0698231,49.058979],[2.0727752,49.0559363]]}},
{"type":"Feature","properties":{"id":1462634974,"name":"Ligne de St Denis à Dieppe","ref":"330000","type":"rail"},"geometry":{"type":"LineString","coordinates":[[2.0697233,49.0590588],[2.0698231,49.058979]]}},
{"type":"Feature","properties":{"id":1462634975,"name":"Ligne de St Denis à Dieppe","ref":"330000","type":"rail"},"geometry":{"type":"LineString","coordinates":[[2.077731,49.053513],[2.0765753,49.053864]]}},
{"type":"Feature","properties":{"id":1462634976,"name":"Ligne de St Denis à Dieppe","ref":"330000","type":"rail"},"geometry":{"type":"LineString","coordinates":[[2.0765977,49.053895],[2.0777524,49.0535456]]}},
{"type":"Feature","properties":{"id":1462682133,"name":"Ligne de St Denis à Dieppe","ref":"330000","type":"rail"},"geometry":{"type":"LineString","coordinates":[[1.9366643,49.1609091],[1.9366784,49.1609708]]}},
{"type":"Feature","properties":{"id":1462682134,"name":"Ligne de St Denis à Dieppe","ref":"330000","type":"rail"},"geometry":{"type":"LineString","coordinates":[[1.9367165,49.1609021],[1.93643,49.1589108]]}},
{"type":"Feature","properties":{"id":1462682135,"name":"Ligne de St Denis à Dieppe","ref":"330000","type":"rail"},"geometry":{"type":"LineString","coordinates":[[1.9367285,49.1609674],[1.9367165,49.1609021]]}},
{"type":"Feature","properties":{"id":1462682137,"name":"Ligne de St Denis à Dieppe","ref":"330000","type":"rail"},"geometry":{"type":"LineString","coordinates":[[1.9363798,49.158911],[1.9366643,49.1609091]]}},
{"type":"Feature","properties":{"id":1462682143,"name":"Ligne de St Denis à Dieppe","ref":"330000","type":"rail"},"geometry":{"type":"LineString","coordinates":[[1.9366784,49.1609708],[1.9369101,49.1640516],[1.9360728,49.1673407]]}},
{"type":"Feature","properties":{"id":1462682144,"name":"Ligne de St Denis à Dieppe","ref":"330000","type":"rail"},"geometry":{"type":"LineString","coordinates":[[1.9363832,49.1588462],[1.9363798,49.158911]]}},
{"type":"Feature","properties":{"id":1462682145,"name":"Ligne de St Denis à Dieppe","ref":"330000","type":"rail"},"geometry":{"type":"LineString","coordinates":[[1.93643,49.1589108],[1.9364326,49.15885]]}},
{"type":"Feature","properties":{"id":1467043034,"name":"Raccordement d'Internconnexion Nord-Sud (LGV)","ref":"226310","type":"rail"},"geometry":{"type":"LineString","coordinates":[[2.566032,49.0433231],[2.5661371,49.0424802]]}},
{"type":"Feature","properties":{"id":1467043035,"name":"Raccordement d'interconnexion nord-sud (LGV)","ref":"226310","type":"rail"},"geometry":{"type":"LineString","coordinates":[[2.5659065,49.0438885],[2.5659751,49.0432636]]}},
{"type":"Feature","properties":{"id":1481217597,"name":"Ligne de Saint-Denis à Dieppe","ref":"330000","type":"rail"},"geometry":{"type":"LineString","coordinates":[[2.124053,49.038397],[2.1239559,49.0385463]]}},
{"type":"Feature","properties":{"id":1528103563,"name":"334900","ref":"334900","type":"rail"},"geometry":{"type":"LineString","coordinates":[[2.2590959,48.9454146],[2.2592639,48.9451574]]}},
{"type":"Feature","properties":{"id":1528103564,"name":"334900","ref":"334900","type":"rail"},"geometry":{"type":"LineString","coordinates":[[2.2571939,48.9479197],[2.2562615,48.9488265]]}},
{"type":"Feature","properties":{"id":1531730665,"name":"Cergy le Haut Tiroirs - Voie 7","ref":"326000","type":"rail"},"geometry":{"type":"LineString","coordinates":[[2.0092549,49.0466166],[2.0081215,49.0456622]]}},
{"type":"Feature","properties":{"id":1531730666,"name":"Cergy le Haut Tiroirs - Voie 6","ref":"326000","type":"rail"},"geometry":{"type":"LineString","coordinates":[[2.0085878,49.0461642],[2.0094562,49.0468104]]}},
{"type":"Feature","properties":{"id":1531730667,"name":"Cergy le Haut Tiroirs - Voie 7","ref":"326000","type":"rail"},"geometry":{"type":"LineString","coordinates":[[2.0094931,49.046785],[2.0092549,49.0466166]]}},
{"type":"Feature","properties":{"id":1531730804,"name":"Ligne de la bifurcation de Neuville à Cergy-Préfecture","ref":"326000","type":"rail"},"geometry":{"type":"LineString","coordinates":[[2.0376935,49.049291],[2.0361612,49.0494408]]}},
{"type":"Feature","properties":{"id":1531730805,"name":"Ligne de la bifurcation de Neuville à Cergy-Préfecture","ref":"326000","type":"rail"},"geometry":{"type":"LineString","coordinates":[[2.0377414,49.0492869],[2.0376935,49.049291]]}},
{"type":"Feature","properties":{"id":1531730806,"name":"Ligne de la bifurcation de Neuville à Cergy-Préfecture","ref":"326000","type":"rail"},"geometry":{"type":"LineString","coordinates":[[2.0376959,49.0493233],[2.0377476,49.0493183]]}},
{"type":"Feature","properties":{"id":1531730807,"name":"Ligne de la bifurcation de Neuville à Cergy-Préfecture","ref":"326000","type":"rail"},"geometry":{"type":"LineString","coordinates":[[2.0361706,49.0494755],[2.0376959,49.0493233]]}},
{"type":"Feature","properties":{"id":1531735466,"name":"330000","ref":"330000","type":"rail"},"geometry":{"type":"LineString","coordinates":[[2.1930948,49.008671],[2.1922093,49.0088507]]}},
{"type":"Feature","properties":{"id":1531735467,"name":"330000","ref":"330000","type":"rail"},"geometry":{"type":"LineString","coordinates":[[2.2001153,49.0064866],[2.1988817,49.0069522]]}},
{"type":"Feature","properties":{"id":1531735468,"name":"Ligne de Saint-Denis à Dieppe","ref":"330000","type":"rail"},"geometry":{"type":"LineString","coordinates":[[2.3030553,48.9754074],[2.301057,48.9764659]]}},
{"type":"Feature","properties":{"id":1531887941,"name":"Ligne de Paris Nord à Lille","ref":"272000","type":"rail"},"geometry":{"type":"LineString","coordinates":[[2.4371458,49.006711],[2.4377832,49.0071772]]}},
{"type":"Feature","properties":{"id":1537312630,"name":"979000","ref":"979000","type":"rail"},"geometry":{"type":"LineString","coordinates":[[2.2023362,48.9122763],[2.2055808,48.9107105]]}}
]
}
