{
"type": "FeatureCollection",
"name": "valdoise_buffer",
"features": [
{"type":"Feature","properties":{},"geometry":{"type":"Polygon","coordinates":[[[1.596191845335373,49.074140529292869],[1.596057994615905,49.074342948725402],[1.595810434798621,49.074777360489726],[1.595597301940969,49.075219581248668],[1.59541916408526,49.075668434225108],[1.595276496189682,49.076122724963938],[1.595169678855169,49.076581244509519],[1.595098997302913,49.077042772621972],[1.59506464060536,49.07750608102387],[1.595066701172818,49.077969936668545],[1.595105174497188,49.078433105021467],[1.595179959153573,49.078894353345987],[1.595290857059892,49.079352453984555],[1.595437573993918,49.079806187626701],[1.595619720366458,49.080254346555222],[1.595836812248747,49.080695737861795],[1.596088272651378,49.081129186623507],[1.596373433051526,49.081553539031653],[1.596691535164427,49.081967665464781],[1.597041732954521,49.082370463497568],[1.597423094880961,49.082760860837311],[1.597834606371583,49.083137818180816],[1.598275172518825,49.083500331983231],[1.598743620990422,49.08384743713205],[1.599238705147227,49.08417820951896],[1.599658402521965,49.084431091094615],[1.599676907197825,49.084446812041129],[1.60013195218533,49.084795109315984],[1.600613469149262,49.085127698880335],[1.602940469683055,49.086654876708643],[1.60346379887735,49.086980679535188],[1.604012527536047,49.087287928966525],[1.60458513306839,49.087575772231013],[1.604606984993886,49.087585603353055],[1.604760385737813,49.08772672677766],[1.604741898375545,49.087836771865796],[1.604700657549837,49.088310397456468],[1.604697508638381,49.088784792228076],[1.604732461451773,49.089258635534392],[1.604805419725897,49.089730608229999],[1.604847015222864,49.08990665822823],[1.604804280921258,49.089961095070876],[1.604511904450399,49.090386356175941],[1.604253508757744,49.090821005577979],[1.604029790468802,49.09126387291721],[1.603841352884004,49.09171376567712],[1.603688704345372,49.092169472394062],[1.603572256858283,49.092629765918176],[1.603492324972182,49.093093406716847],[1.603449124923332,49.093559146211874],[1.603442774042034,49.094025730141347],[1.603473290426017,49.094491901937047],[1.603540592881001,49.094956406108601],[1.603644501128699,49.095417991624892],[1.604003160677115,49.096768029836859],[1.604143914111931,49.097226921891071],[1.604320849781731,49.097680381086597],[1.6045334889725,49.098127178145731],[1.604781256138855,49.09856610182117],[1.605063480455138,49.098995962181057],[1.605183577743943,49.099155487901648],[1.605212827791248,49.099234295193405],[1.605416269685338,49.099680534939914],[1.605654637814443,49.100119256713633],[1.605927293168509,49.100549282797495],[1.606233504642279,49.100969458789947],[1.606572450990093,49.101378656705556],[1.606943223023422,49.10177577800517],[1.607344826045342,49.102159756547081],[1.607776182515463,49.102529561451561],[1.608039480452981,49.102732573630114],[1.608203612685519,49.10315684775972],[1.608412130706524,49.103599065062902],[1.608655041745047,49.104033648816227],[1.608931702605882,49.104459446780297],[1.6092413805575,49.104875329983386],[1.609583255267318,49.10528019571656],[1.609956420970004,49.105672970459359],[1.610359888863126,49.106052612728391],[1.610792589723844,49.10641811584108],[1.61125337673977,49.106768510587187],[1.61174102854651,49.107102867801437],[1.612254252463907,49.107420300829595],[1.612791687922355,49.107719967882261],[1.613351910070167,49.108001074269545],[1.61393343355239,49.108262874510871],[1.614233773192851,49.108383653708074],[1.614370378380102,49.108572072739307],[1.615837046339947,49.11047021411553],[1.616028518292024,49.110703075217174],[1.616054024300305,49.110967340442699],[1.616135897631843,49.111431585218661],[1.616254407818109,49.111892409687655],[1.616409235610873,49.112348568685398],[1.616599963599361,49.112798829622868],[1.616826077328238,49.113241975817964],[1.617086966678323,49.113676809784423],[1.617381927506392,49.1141021564694],[1.617710163539742,49.114516866430293],[1.618070788520461,49.1149198189431],[1.618462828593739,49.115309925032996],[1.61888522493376,49.11568613041954],[1.61933683660021,49.116047418368261],[1.619816443617669,49.116392812440814],[1.620322750269655,49.116721379136543],[1.620854388598401,49.117032230417877],[1.620964756565272,49.117090301343232],[1.621305680673275,49.117407589562532],[1.621750103944998,49.117778272042564],[1.622223539470885,49.118133142948295],[1.622724684263789,49.118471225186347],[1.623004854542085,49.118641387891586],[1.623064066497257,49.118708252833493],[1.62346379060706,49.119108892407006],[1.623895454291097,49.11949499172615],[1.624357833168713,49.119865455041555],[1.624849615604016,49.120219230957041],[1.625369406424806,49.120555315416254],[1.625915730879795,49.120872754555137],[1.631047933216363,49.123698110911796],[1.631609213749969,49.123990996433385],[1.632193082391656,49.124264202216288],[1.632797939081106,49.124516979409989],[1.632927266972025,49.124564977557064],[1.63297587083333,49.124631116911651],[1.632976409624214,49.124641178570236],[1.633038447427298,49.125107135938713],[1.633137325206742,49.125570345089429],[1.633272776327404,49.126029552324148],[1.633444435139586,49.126483514744457],[1.633651837958528,49.126931003616932],[1.633894424309722,49.127370807700032],[1.634171538436748,49.127801736524013],[1.634482431067644,49.128222623615045],[1.634826261435132,49.128632329654401],[1.635202099545318,49.129029745564573],[1.635608928688783,49.129413795513805],[1.63604564818735,49.129783439830469],[1.636753609719374,49.130351499037467],[1.637227951525066,49.130712158110995],[1.637730745951522,49.131055820558991],[1.638260581320009,49.131381521132901],[1.638281669168861,49.131393171209183],[1.638419296378689,49.131559374232417],[1.638797760072344,49.131963935906022],[1.639208242273334,49.132354824033861],[1.639466097473256,49.132574569315608],[1.639409631529842,49.132700798953792],[1.639241818247433,49.133166250444511],[1.639111961288352,49.133636898966948],[1.639020429162293,49.134111412665867],[1.638989959445129,49.134385935374411],[1.638979429158824,49.134400321554608],[1.638705608902765,49.134830137699751],[1.638466081193716,49.135268682763481],[1.638261489874044,49.135714779548707],[1.63809238505096,49.136167230557966],[1.637959221610741,49.136624821206638],[1.63786235798803,49.137086323082315],[1.637802055193655,49.137550497241563],[1.637741879703789,49.138217490762173],[1.637718149432966,49.138698367281052],[1.637733659608152,49.13917938793363],[1.637788366904049,49.139659175216948],[1.637882115736273,49.140136355123808],[1.638014638694526,49.140609561078122],[1.638185557296283,49.141077437849304],[1.63839438305896,49.141538645434551],[1.638632640934229,49.1419773571142],[1.638645585913369,49.142083267386809],[1.638740559467308,49.142550815355797],[1.638872779312564,49.143014451765922],[1.639041882493602,49.143472900412803],[1.639247404494908,49.143924899339922],[1.639306782017903,49.144034197335721],[1.639274470049127,49.144410455126113],[1.639271994234536,49.144885666838256],[1.639307795994154,49.14536030033166],[1.639381776354239,49.145833029569033],[1.639493729663002,49.146302533798881],[1.639643344153637,49.146767501246117],[1.639830202804125,49.147226632777873],[1.640053784491525,49.147678645534555],[1.640313465437678,49.148122276515444],[1.640608520942349,49.148556286109589],[1.640938127399124,49.14897946156119],[1.641301364588493,49.149390620360599],[1.641697218241808,49.149788613550811],[1.641951568706274,49.1500169866069],[1.642058491601763,49.150188531485774],[1.642376575554166,49.150629049825525],[1.642677030526388,49.15099277094852],[1.642703280923035,49.151056147480105],[1.642929546133406,49.151506908593873],[1.643191760539025,49.151949209601078],[1.643489194338584,49.152381817954783],[1.64382101952456,49.152803528089372],[1.644186312182463,49.153213164782123],[1.644584055058236,49.153609586430555],[1.645013140386777,49.153991688236303],[1.645472372973728,49.154358405286665],[1.645960473522029,49.154708715524961],[1.646476082193978,49.15504164260188],[1.647017762398919,49.155356258599291],[1.647159064371821,49.155429981243145],[1.647171123665173,49.155445699165291],[1.64704478083713,49.15588998835694],[1.646950846602402,49.156352112533405],[1.646893561421813,49.156816808875007],[1.646873080314801,49.1572828278765],[1.646889459347035,49.157748916444277],[1.646942655468972,49.158213821265548],[1.647032526620959,49.15867629217869],[1.64715883210464,49.159135085535389],[1.647321233219846,49.159588967545552],[1.647519294165341,49.160036717596213],[1.647752483201089,49.160477131535075],[1.648020174069063,49.160909024910247],[1.648321647668835,49.161331236157352],[1.648656093983553,49.161742629725182],[1.649022614251207,49.162142099131643],[1.6494202233754,49.162528569942012],[1.649660329873323,49.162737685424247],[1.649763660066474,49.163034600686494],[1.649958401800853,49.163484759840394],[1.650188597807133,49.163927664170302],[1.650513566753742,49.16450338293059],[1.65051018592329,49.16492331477243],[1.650526435967097,49.165410947166308],[1.650582989733919,49.165897283811631],[1.650679681901154,49.166380893275843],[1.65081622898617,49.1668603521154],[1.650992230167702,49.167334249066272],[1.651207168453043,49.16780118919911],[1.651745930258604,49.168866244420009],[1.651983337644777,49.169298295551812],[1.652254085675659,49.169721833130701],[1.652557468580317,49.170135751848584],[1.652892695364058,49.170538971475061],[1.653258891866098,49.170930439678116],[1.653655103035043,49.17130913477267],[1.653920036088847,49.171536521998121],[1.653864877188501,49.171620366059706],[1.653624996196815,49.172041797176014],[1.653417560372526,49.17247056721876],[1.653243089726126,49.172905602995122],[1.653102021793224,49.173345815603639],[1.65260357507218,49.175120762708076],[1.652491070990938,49.175590930398172],[1.652416671265334,49.176064342282508],[1.652380585414353,49.176539671833631],[1.652382915610904,49.177015587116102],[1.652423656383732,49.177490754518246],[1.652502694620875,49.177963842489376],[1.652619809874857,49.178433525271487],[1.652774674968845,49.178898486615033],[1.652966856902218,49.179357423468467],[1.653195818053141,49.179809049631267],[1.653334698072904,49.180041154947801],[1.653374170466795,49.180250401499443],[1.6535008888553,49.180717890479706],[1.653665081842006,49.181180341345197],[1.653866292399994,49.181636464074849],[1.654103960198049,49.182084986268016],[1.654377423153627,49.182524656695513],[1.654886274304479,49.18328470699597],[1.655188520374985,49.183706137576159],[1.655523655368118,49.18411674262736],[1.655757091058242,49.184370241635442],[1.655586828955332,49.184940262280541],[1.655467504021309,49.185403667870936],[1.655385282749934,49.185870527343056],[1.655340390806022,49.186339565061594],[1.655332951869739,49.186809499406529],[1.655362987287609,49.187279046274746],[1.655430416003035,49.187746922588872],[1.655535054766698,49.188211849803551],[1.655676618626347,49.188672557399741],[1.65585472169477,49.189127786357552],[1.656068878193975,49.189576292597749],[1.657106185080721,49.191564714435955],[1.65709216473339,49.191605050338175],[1.656970960756599,49.192060949558368],[1.656885708833235,49.192520332174311],[1.656836635789742,49.19298198109135],[1.656823872613052,49.193444673179535],[1.65684745409331,49.193907182513897],[1.656907318721385,49.19436828362263],[1.657003308841557,49.194826754734187],[1.65713517105906,49.195281381015],[1.657302556901547,49.195730957789145],[1.657505023732781,49.196174293731431],[1.657742035916272,49.196610214025277],[1.658012966225866,49.197037563477373],[1.658317097499627,49.197455209580319],[1.658653624532716,49.197862045515677],[1.659021656204356,49.198256993088989],[1.659420217833272,49.198639005589257],[1.659848253755462,49.19900707056506],[1.661673069640219,49.200495085937789],[1.661441660026325,49.200729802144529],[1.661086346341413,49.201134925591141],[1.661032260095991,49.201204758921868],[1.660735250844775,49.201481676708774],[1.660354735159499,49.201878995566027],[1.66000635747219,49.202288777802181],[1.659691066731372,49.202709908104239],[1.659409721897466,49.203141240246701],[1.659163089597629,49.203581600209461],[1.658951842031083,49.204029789371361],[1.658776555130726,49.204484587771098],[1.65863770698611,49.204944757426503],[1.658535676532197,49.205409045703099],[1.658470742507538,49.205876188723018],[1.658443082684867,49.206344914804717],[1.658452773376263,49.206813947924374],[1.658499789214404,49.207282011189498],[1.658584003210579,49.207747830315064],[1.658705187089456,49.208210137093204],[1.65886301189979,49.208667672846396],[1.659057048899537,49.209119191855294],[1.659286770713079,49.20956346475154],[1.659551552757507,49.20999928186621],[1.659850674934198,49.210425456525257],[1.660183323581165,49.210840828282272],[1.66023101536575,49.210896781003676],[1.660270860096289,49.21106019781849],[1.660297179324383,49.211140315405423],[1.660265767199598,49.21138750312501],[1.660243701911547,49.211857638402513],[1.660259198534464,49.212327886072785],[1.660312215671851,49.212796958914744],[1.660402609212266,49.21326357289005],[1.660530132712716,49.213726450658513],[1.660694438062404,49.214184325075252],[1.660895076425117,49.214635942660692],[1.661131499457791,49.215080067033007],[1.661403060802033,49.215515482294528],[1.661709017844629,49.21594099636205],[1.662048533742281,49.216355444232455],[1.66242067970517,49.216757691174266],[1.66282443753312,49.217146635836649],[1.66325870239753,49.217521213267268],[1.663722285861498,49.217880397830591],[1.664213919129897,49.218223206018656],[1.664732256520594,49.218548699146716],[1.665275879147258,49.218855985926147],[1.665843298803755,49.219144224907616],[1.666432962039436,49.219412626787857],[1.667043254414182,49.2196604565736],[1.667565149402562,49.21984837965379],[1.667933928430351,49.220088384651625],[1.668458442580947,49.220396366629672],[1.669006395571984,49.220686312742522],[1.669576343813313,49.220957458937193],[1.670166785680346,49.221209090690358],[1.670776165472704,49.221440544893596],[1.671402877516265,49.221651211602925],[1.671628121422131,49.221722202651392],[1.672818574319638,49.22253864615292],[1.673316604809454,49.222863148779219],[1.673839337512246,49.223170533670547],[1.674385403003526,49.223459995322763],[1.674953370640653,49.223730775187335],[1.67554175231256,49.223982163661283],[1.67572727612905,49.224052840995554],[1.675957629817329,49.224226381152413],[1.676468678747645,49.224572133551206],[1.677007249717771,49.224899476877397],[1.677571799415114,49.225207472816287],[1.677687449142984,49.225263984469308],[1.677765259868848,49.225433328278534],[1.678013606065209,49.225884914923121],[1.678485440383978,49.226675962332493],[1.678767720259349,49.22711457379269],[1.679085054666271,49.227542784490375],[1.679436554694191,49.227959393785937],[1.679821235566041,49.228363233541337],[1.680238019392473,49.228753171397727],[1.680685738188219,49.229128113953095],[1.681163137142163,49.229487009830819],[1.681668878132015,49.229828852630483],[1.68220154347377,49.230152683752777],[1.682759639895436,49.230457595090286],[1.683341602723931,49.230742731576925],[1.683945800273378,49.231007293588462],[1.684570538422478,49.231250539187613],[1.685214065368094,49.231471786207315],[1.685874576541673,49.231670414166231],[1.686550219674651,49.231845866011135],[1.687239099998577,49.231997649681311],[1.688676967180183,49.232286931517798],[1.688971642371946,49.2324881996541],[1.68898695971146,49.232579930089585],[1.689103895095736,49.233049070326317],[1.689258536101585,49.233513506733118],[1.689450451341622,49.233971940692214],[1.689679105164563,49.23442309033689],[1.68994385914264,49.234865694137248],[1.690243973847051,49.235298514429374],[1.6905786109066,49.235720340878153],[1.690946835343839,49.236129993863891],[1.691347618182303,49.236526327783281],[1.691779839317603,49.236908234255559],[1.692024305868768,49.237101931689324],[1.692139159399236,49.237309211677839],[1.692415266615453,49.23773714388728],[1.692724770192873,49.238155164276918],[1.693066844264204,49.238562156351229],[1.693440575904768,49.238957033045814],[1.693844967564667,49.239338739632828],[1.694278939727876,49.239706256540508],[1.694741333791227,49.240058602078747],[1.695230915155603,49.240394835063746],[1.695268624452315,49.240418188427036],[1.695293813029466,49.240447252878511],[1.695682411103063,49.240845347808211],[1.695692705437122,49.240854763958822],[1.695682350609088,49.240972663706728],[1.695659854677812,49.241446734696197],[1.695675577085314,49.241920922491779],[1.695729475117158,49.242393907157783],[1.695821399784866,49.242864372073385],[1.69595109622907,49.243331007597789],[1.696118204417608,49.243792514716802],[1.696322260136747,49.244247608659904],[1.696562696272884,49.244695022478034],[1.6968388443813,49.245133510572188],[1.697149936537673,49.245561852162886],[1.697495107467332,49.245978854690783],[1.697873396946394,49.246383357139017],[1.698283752468205,49.246774233268049],[1.698725032167699,49.247150394753739],[1.699196007995646,49.247510794220162],[1.699695369133936,49.247854428158576],[1.700221725642499,49.248180339724193],[1.700773612327658,49.248487621403342],[1.701349492821205,49.248775417543108],[1.701947763858827,49.24904292673672],[1.702566759745922,49.249289404057699],[1.703204756998402,49.249514163136894],[1.703859979145437,49.249716578076161],[1.704530601680791,49.249896085193591],[1.705214757148848,49.250052184595404],[1.705910540351087,49.250184441569942],[1.706616013658455,49.250292487799868],[1.707329212414709,49.250376022389567],[1.708048150415616,49.250434812703986],[1.708770825448596,49.250468695017723],[1.709495224877313,49.250477574971519],[1.710219331255513,49.250461427835461],[1.710941127954354,49.250420298577943],[1.714138673252067,49.250182259630307],[1.714851924296135,49.250116706061227],[1.715558941815779,49.250026758067733],[1.716257780000109,49.249912663197335],[1.716946515583613,49.249774735450828],[1.717623253146667,49.24961335441693],[1.718286130338847,49.249428964226119],[1.718933323010551,49.24922207232661],[1.719563050238724,49.248993248086052],[1.720173579232777,49.248743121222475],[1.720763230107126,49.248472380069046],[1.72133038050716,49.248181769677544],[1.721873470075858,49.247872089765487],[1.722391004748705,49.247544192512919],[1.722881560865119,49.247198980214691],[1.723343789084981,49.246837402795045],[1.723776418099568,49.246460455190928],[1.72417825812664,49.246069174611733],[1.724548204180111,49.245664637682793],[1.724885239105333,49.245247957480558],[1.725188436371715,49.2448202804676],[1.725456962615004,49.244382783336064],[1.725690079922378,49.243936669768225],[1.725887147854072,49.243483167122825],[1.72604762519612,49.243023523056891],[1.726171071439458,49.242559002091681],[1.726257147981446,49.242090882132885],[1.726305619046608,49.241620450954045],[1.726316352324168,49.241149002653493],[1.726289319320771,49.240677834093901],[1.726215623662109,49.239922241756162],[1.726225281797108,49.239898679350198],[1.731523738993953,49.238201112516364],[1.731854118683916,49.238088033964907],[1.732659374226371,49.237970056074332],[1.733353443204688,49.237855848237203],[1.734037477252416,49.237718110039978],[1.734709616965731,49.237557215902974],[1.73536803532233,49.237373603188821],[1.73601094265397,49.237167771011983],[1.736636591516751,49.236940278880027],[1.737243281445792,49.236691745170852],[1.739728483567458,49.235613597163187],[1.740343083881046,49.23533081022844],[1.740933138050799,49.235026431754434],[1.741496879409867,49.23470137328512],[1.741860192620639,49.23446757128373],[1.74212618595507,49.234389845935958],[1.742755829145688,49.234179781447651],[1.743368126285159,49.233948775565601],[1.743961454581223,49.233697440609866],[1.74453424158959,49.233426442777301],[1.745084969384423,49.233136500373512],[1.745395816919703,49.232954831543104],[1.745714950983678,49.23282021556097],[1.746297157107456,49.232545411562427],[1.746856631015506,49.232251055184648],[1.746956156246129,49.232192832524966],[1.747161453188455,49.232121870324576],[1.747774524136126,49.231882482015152],[1.748367760085021,49.231622546021654],[1.748939556831597,49.23134276537219],[1.749488368231997,49.231043896755892],[1.750012710385155,49.230726748474062],[1.75051116564651,49.230392178251478],[1.750982386461483,49.230041090914213],[1.751425099008333,49.22967443594009],[1.751838106640549,49.229293204888378],[1.752220293119484,49.228898428715823],[1.752570625628527,49.228491174986289],[1.752888157560694,49.228072544981522],[1.753172031072149,49.227643670720902],[1.753421479394832,49.227205711898435],[1.753635828901995,49.226759852744912],[1.753814500921131,49.226307298824267],[1.753957013289535,49.225849273772262],[1.754062981648314,49.225387015986811],[1.754132120471517,49.224921775278609],[1.754164243827666,49.224454809491327],[1.754182080967176,49.223840807558986],[1.754176814400071,49.223367704774041],[1.754133556218403,49.222895438370074],[1.754052427262584,49.222425316277523],[1.753933653239474,49.221958640454602],[1.753777564086031,49.221496703282099],[1.753584593044621,49.221040783985316],[1.753355275452682,49.220592145092688],[1.753090247250198,49.22015202894093],[1.752790243209213,49.219721654236501],[1.752456094890429,49.219302212682784],[1.752088728332598,49.218894865682259],[1.75168916148122,49.218500741122924],[1.751258501363726,49.218120930257584],[1.750797941019032,49.217756484684948],[1.750308756190033,49.217408413440566],[1.749792301788204,49.217077680205762],[1.749354527840997,49.216825427305395],[1.749393225980488,49.216435477153475],[1.749402312259748,49.215965904512395],[1.749373955645608,49.215496661471825],[1.749308234528257,49.215029028398888],[1.749205329237937,49.214564281234971],[1.749065521541956,49.214103688014788],[1.748889193865209,49.213648505407313],[1.74867682823642,49.213199975288198],[1.748429004963101,49.212759321352692],[1.74814640103895,49.212327745778644],[1.747829788288142,49.211906425948428],[1.747480031251655,49.211496511238757],[1.747385458356329,49.211398114757607],[1.747392798783363,49.211326063186817],[1.747403357957379,49.210860619479341],[1.747377130488893,49.210395441400571],[1.747314187682689,49.209931776066604],[1.747214699264186,49.209470866506265],[1.74707893291394,49.209013948329179],[1.746907253539794,49.208562246413926],[1.746700122288704,49.208116971625486],[1.746458095301029,49.207679317570374],[1.746181822210709,49.207250457398558],[1.745872044395445,49.206831540660197],[1.745529592981663,49.206423690226252],[1.745155386609692,49.206027999280536],[1.744750428965209,49.205645528391734],[1.744315806083657,49.205277302672982],[1.743852683434858,49.204924309036606],[1.743362302795746,49.20458749355145],[1.74284597891958,49.204267758909708],[1.742305096010606,49.203965962010145],[1.741741104013617,49.203682911663968],[1.741155514728367,49.203419366429756],[1.741142223025205,49.203414025948284],[1.741159933933853,49.203410916338143],[1.741834931820399,49.20326751336075],[1.742497707959644,49.203101431102169],[1.74314648880474,49.20291311400824],[1.743779538315866,49.202703066021719],[1.744395162610942,49.202471849231742],[1.744991714502723,49.202220082367752],[1.745567597910069,49.201948439141653],[1.74612127213156,49.201657646442804],[1.746651255969957,49.201348482390564],[1.747156131696435,49.201021774249718],[1.747634548843991,49.200678396214535],[1.748085227819822,49.200319267067059],[1.748506963327065,49.199945347716309],[1.748898627586692,49.199557638624839],[1.749259173351029,49.199157177129429],[1.74958763670082,49.198745034663474],[1.749883139618433,49.19832231388817],[1.749979872129027,49.198162604113136],[1.750102631137567,49.198077425526705],[1.75056223929256,49.197723542347575],[1.750993323648925,49.197354566718062],[1.751394732677513,49.196971484776149],[1.751765394233679,49.196575320339704],[1.752104318418085,49.19616713216805],[1.752410600216759,49.195748011130064],[1.752683421913425,49.195319077286996],[1.752922055267684,49.194881476897145],[1.753125863453344,49.194436379351018],[1.753294302751754,49.193984974044753],[1.753426923995734,49.193528467200522],[1.753444116336338,49.193446402749444],[1.753534278194467,49.193276069784702],[1.753735200221276,49.192820053286717],[1.753899117324351,49.192357722020404],[1.754025573549672,49.191890364816686],[1.754114217403979,49.191419284483892],[1.754147082594826,49.191111660306731],[1.754235203212926,49.190934513013097],[1.754419951576821,49.190485544629468],[1.754569031190242,49.190030915380319],[1.75468204412031,49.189571841664332],[1.754758688960643,49.18910955174092],[1.754758724582742,49.189109139038308],[1.754901826453045,49.189000431915865],[1.755341795719611,49.188628506010225],[1.755751461984609,49.188241997265315],[1.756129702989272,49.187841965136577],[1.75647548268842,49.187429506124566],[1.756787854084556,49.187005750767078],[1.757065961816918,49.186571860538265],[1.757170443006149,49.186381522944508],[1.764819910310432,49.189704169272233],[1.764947447347681,49.189838153017725],[1.765353786124291,49.190219566609002],[1.76578968807846,49.19058669169489],[1.766253986356333,49.190938545025858],[1.766745437974506,49.191274184235176],[1.767262727146511,49.191592710365356],[1.767804468805278,49.191893270278328],[1.768369212312237,49.192175058942915],[1.768955445343024,49.192437321593488],[1.769561597939449,49.192679355754031],[1.770186046716801,49.192900513121963],[1.770827119215201,49.193100201306876],[1.771483098383303,49.193277885419363],[1.772152227182257,49.193433089505739],[1.772720311110851,49.193554108455274],[1.773411621271278,49.193688316122604],[1.774112739077038,49.193798528798787],[1.774821726703266,49.193884441865343],[1.775536624539744,49.193945817864531],[1.776255456615198,49.193982487156738],[1.776976236067156,49.193994348389886],[1.777696970642168,49.193981368780094],[1.778415668211008,49.193943584202415],[1.778830525020208,49.193907313135099],[1.779109718250743,49.193996543825186],[1.779766023103384,49.19417927783865],[1.780435934356904,49.19433940979669],[1.781117641049196,49.194476506799568],[1.781809300282303,49.194590198217121],[1.782509042211179,49.194680176692081],[1.783214975105816,49.19474619897219],[1.783925190473009,49.194788086568806],[1.78463776822378,49.194805726240112],[1.785350781872397,49.194799070297726],[1.786062303752815,49.19476813673581],[1.786770410238346,49.194713009182358],[1.787473186950307,49.194633836672793],[1.78816873394149,49.194530833246432],[1.78885517084029,49.194404277367013],[1.78953064194154,49.194254511168772],[1.790193321230124,49.194081939530285],[1.790841417323742,49.193887028978232],[1.791127972066152,49.193788728401593],[1.791714163736964,49.19390900859463],[1.792397559964286,49.194024307641904],[1.793089101723699,49.194116417295135],[1.793786958044381,49.194185093680169],[1.794489281210571,49.194230154965162],[1.795194211661173,49.194251481842699],[1.795899882920908,49.194249017846126],[1.80350220148706,49.19409399233421],[1.804231754021465,49.194066326999447],[1.804958022070598,49.194013234329759],[1.805678943486716,49.193934865072102],[1.806392471326713,49.193831441740862],[1.807096579672776,49.193703257985177],[1.807789269392916,49.193550677753947],[1.808468573824838,49.193374134261056],[1.809132564366951,49.19317412875359],[1.809779355960518,49.192951229086823],[1.810407112447289,49.192706068109644],[1.811014051787317,49.192439341865636],[1.811598451122088,49.192151807614216],[1.812158651668511,49.191844281678222],[1.812693063429835,49.191517637123496],[1.813200169710083,49.191172801277503],[1.813678531419175,49.190810753093828],[1.8141267911565,49.190432520370166],[1.814543677061354,49.190039176827767],[1.814928006419363,49.18963183906056],[1.815278689014648,49.189211663362876],[1.8155947302183,49.188779842444418],[1.815875233804452,49.188337602042424],[1.816119404486032,49.187886197439951],[1.816326550163089,49.187426909900935],[1.816414148015184,49.187186198193018],[1.818043968003823,49.186726700572798],[1.820083412142175,49.187480765642576],[1.820712390047951,49.187699407382475],[1.821357834223047,49.187896358472209],[1.822018004986643,49.188071088023605],[1.822691122903911,49.188223125042654],[1.823375373588146,49.188352059700648],[1.824068912597779,49.188457544440695],[1.824769870415029,49.188539294915685],[1.825476357492658,49.188597090756076],[1.826186469355129,49.188630776164658],[1.826898291740311,49.188640260337237],[1.827609905767788,49.188625517707798],[1.828319393119691,49.188586588017323],[1.829024841220022,49.188523576206791],[1.829724348398367,49.188436652133646],[1.830416029023986,49.188326050113346],[1.831098018596341,49.188192068286881],[1.831768478778211,49.188035067815761],[1.832425602357764,49.187855471907277],[1.833067618126101,49.187653764672028],[1.833692795657048,49.187430489817238],[1.834299449976214,49.187186249179163],[1.834885946106709,49.186921701098768],[1.835450703479161,49.186637558645032],[1.835992200194131,49.186334587690467],[1.836508977125376,49.186013604844455],[1.836835313152096,49.185788719081607],[1.837451918788593,49.185723762522883],[1.838160314885096,49.185623722492942],[1.838859658353572,49.185499293012199],[1.839547996085652,49.185350821587896],[1.840223405756448,49.185178722868557],[1.840884001200133,49.184983477484508],[1.841527937683804,49.184765630703524],[1.842153417064774,49.184525790906207],[1.842758692816856,49.184264627884545],[1.843342074911499,49.183982870969167],[1.844273125220433,49.183507809244759],[1.844826015568966,49.183210192964225],[1.845354472464886,49.182894079895753],[1.845857057878634,49.182560330500124],[1.846332404282846,49.182209853227938],[1.846779218373255,49.181843602044495],[1.8471962845865,49.18146257383048],[1.847582468405242,49.181067805666174],[1.847936719441686,49.180660372006329],[1.848176400529199,49.180347870727438],[1.848549688005556,49.180542334251939],[1.849127396793669,49.180812545220753],[1.849725660445013,49.181062799939404],[1.850342876489078,49.181292427987259],[1.850977391613413,49.181500814193463],[1.851627506096367,49.181687400287025],[1.852291478365005,49.18185168639458],[1.852967529665941,49.181993232381238],[1.853653848836507,49.18211165903142],[1.854348597163386,49.182206649066295],[1.855049913315612,49.182277947994976],[1.855755918338623,49.182325364797222],[1.856464720695893,49.182348772436207],[1.857174421344541,49.182348108199093],[1.857883118831203,49.182323373865493],[1.858588914394407,49.182274635702633],[1.859289917059692,49.182202024287513],[1.859984248713688,49.182105734156579],[1.860670049143483,49.18198602328382],[1.861345481027662,49.18184321238855],[1.862008734865545,49.181677684074984],[1.862658033831335,49.181489881805724],[1.863291638540078,49.181280308712118],[1.863907851712607,49.181049526244422],[1.864268852221126,49.180897567094696],[1.869159374535725,49.182792704864163],[1.869791061424409,49.183022963699031],[1.870440381518049,49.183231084029806],[1.871105530767708,49.183416487571435],[1.871784661077674,49.183578659154364],[1.872475885446364,49.183717148157967],[1.873177283216132,49.183831569764465],[1.873886905417283,49.1839216060296],[1.874602780191341,49.183987006767488],[1.875322918278424,49.184027590246799],[1.876045318553326,49.184043243696458],[1.876767973594835,49.184033923619459],[1.877488875272691,49.183999655913965],[1.878206020336501,49.183940535801199],[1.87891741599103,49.183856727560418],[1.879621085442169,49.183748464071869],[1.880315073398139,49.183616046168588],[1.880997451510452,49.183459841799433],[1.881666323739464,49.183280285005061],[1.882319831629477,49.183077874710278],[1.882956159478635,49.182853173335808],[1.883573539389186,49.182606805233426],[1.884170256183981,49.18233945494886],[1.884744652175498,49.182051865317419],[1.885295131774077,49.181744835397417],[1.885820165922524,49.181419218247484],[1.886318296344728,49.181075918553702],[1.886788139596494,49.180715890113348],[1.887228390907294,49.180340133182234],[1.887637827802314,49.179949691693082],[1.888015313494725,49.179545650352622],[1.888359800038813,49.179129131625601],[1.88867033123524,49.178701292614036],[1.888946045280437,49.178263321840575],[1.889186177152837,49.177816435944543],[1.889390060729397,49.177361876300544],[1.88955713062664,49.176900905568274],[1.889686923761174,49.176434804183799],[1.889779080625501,49.175964866801571],[1.889858907616174,49.175451077366887],[1.890024727343551,49.175381041030541],[1.890607582909725,49.175105503682886],[1.891167616981563,49.174810324118454],[1.891195176286181,49.174794169084215],[1.902363968685669,49.177083116198553],[1.915554934258108,49.180556931870953],[1.915796355203066,49.180615539907308],[1.916215245276781,49.180830052351517],[1.916813479507786,49.18110410388563],[1.917433111867226,49.181356901303175],[1.918072387073357,49.181587728378723],[1.918729494115774,49.181795931124526],[1.919402571390709,49.181980919645795],[1.920089711980697,49.182142169814327],[1.920788969063518,49.182279224755405],[1.921498361435045,49.182391696144215],[1.922215879130211,49.182479265307599],[1.922939489126108,49.18254168412826],[1.923667141110885,49.182578775748837],[1.924025216585511,49.182584498250883],[1.924270549134325,49.182689347085265],[1.924896452518208,49.182926996524635],[1.925540604071618,49.183142680419628],[1.926201211472181,49.183335798581496],[1.926876436539616,49.183505813609699],[1.927564400356409,49.183652252389315],[1.928263188502686,49.183774707409491],[1.92897085639059,49.183872837898974],[1.929685434683259,49.183946370775935],[1.93040493478318,49.183995101408811],[1.931127354374574,49.184018894186735],[1.931850683004242,49.184017682897476],[1.932904865844297,49.183997679605511],[1.933633000584499,49.183971143186135],[1.934357952977028,49.183919269633485],[1.93507767232706,49.183842205680747],[1.935790122765585,49.183740169315826],[1.936493289016888,49.183613449163651],[1.937185182107341,49.183462403668642],[1.937863844999218,49.183287460079399],[1.938527358133518,49.18308911323841],[1.939173844865975,49.182867924180485],[1.939801476780828,49.182624518543662],[1.940408478867204,49.18235958479729],[1.940993134543417,49.182073872292179],[1.941553790514909,49.181768189138566],[1.942088861452049,49.18144339991769],[1.942596834474507,49.181100423233694],[1.943076273429535,49.180740229112672],[1.943452906614076,49.180424887175462],[1.943616885430792,49.180441467436928],[1.944336416045751,49.180488932413603],[1.945058763714976,49.180511462512847],[1.9457819188357,49.180508995056549],[1.946503869555282,49.180481536909127],[1.947222607377011,49.180429164458353],[1.947936132756489,49.180352023402556],[1.94864246067292,49.180250328344684],[1.949163126881466,49.180156253104784],[1.952547567473269,49.181148035029736],[1.953592114258402,49.182170449631691],[1.954017738542133,49.182563797791801],[1.954474932355287,49.18294161711669],[1.954962380436171,49.183302820149763],[1.955478680354255,49.183646367239056],[1.960476845575278,49.186798074003221],[1.961339458655323,49.187916847542787],[1.961683513636163,49.188335206665549],[1.962060823533655,49.188741062443341],[1.96247033438907,49.1891332803674],[1.962910902152213,49.18951076402746],[1.963381295874356,49.189872458179273],[1.963880201145191,49.190217351697193],[1.964406223764252,49.190544480403538],[1.964957893636567,49.190852929766642],[1.965533668881628,49.191141837460435],[1.966131940144252,49.191410395777893],[1.966751035095197,49.191657853891741],[1.967389223108965,49.191883519956257],[1.968044720105655,49.192086763043967],[1.968715693543287,49.192267014911849],[1.969400267546553,49.192423771592246],[1.970096528157595,49.192556594803847],[1.970802528694035,49.192665113178805],[1.971516295199185,49.192749023302426],[1.972235831969098,49.192808090562956],[1.972959127140868,49.192842149808293],[1.97368415832648,49.192851105808522],[1.974408898276314,49.192834933522562],[1.975131320556338,49.192793678168314],[1.975849405223015,49.192727455095977],[1.976561144479912,49.192636449465112],[1.977264548300081,49.192520915726135],[1.977957649998395,49.192381176907894],[1.978638511738081,49.192217623713155],[1.987366698930659,49.189947276269066],[1.988048038904821,49.18975588823492],[1.988712603901925,49.189540650850915],[1.989358452335535,49.189302193008807],[1.989983697382662,49.189041211438429],[1.990586512501142,49.18875846866932],[1.991165136769742,49.18845479080003],[1.991717880035264,49.188131065081578],[1.992243127851618,49.187788237322223],[1.992713961975364,49.187445772702908],[1.992721970160232,49.187443975228511],[1.993392258687219,49.187267162093995],[1.994047407192879,49.1870674542918],[1.994685596967824,49.186845406258946],[1.995305056450822,49.186601634447257],[1.995904066151384,49.186336815609643],[1.996480963426784,49.186051684918915],[1.996674567130103,49.185945063606319],[1.996772211958375,49.185940109276373],[1.997463178284456,49.185881790984752],[1.998148733578768,49.185800545683151],[1.998306767012729,49.185776327047051],[2.011889670435709,49.195038897870198],[2.012408855917156,49.195374517149112],[2.012954528824283,49.195691577971601],[2.013525146948052,49.195989183987763],[2.014119097471481,49.196266493833392],[2.014734701530224,49.196522723511315],[2.015370218961017,49.196757148610658],[2.016023853224564,49.196969106357365],[2.016693756488868,49.19715799749045],[2.017378034858593,49.197323287958483],[2.018074753735573,49.197464510431629],[2.018781943295249,49.197581265624699],[2.019497604063429,49.197673223427756],[2.020219712577509,49.197740123840667],[2.02094622711605,49.197781777709402],[2.02167509348036,49.197798067261573],[2.025552767002358,49.197817070390315],[2.026247238031633,49.197808937301133],[2.026773598612375,49.197785267656471],[2.026875594002907,49.197847465962191],[2.027428126857182,49.198150539456307],[2.028062764995084,49.19848046157162],[2.028431667501297,49.198805699464522],[2.028872062517303,49.199173579038693],[2.029341054987373,49.199525954691175],[2.029837376468482,49.19986187297043],[2.030359684491121,49.200180424937827],[2.030906566190197,49.200480748629595],[2.031476542127475,49.200762031391669],[2.032068070295203,49.201023512081264],[2.032679550290105,49.201264483128803],[2.03309894209369,49.201410862787739],[2.033497692723751,49.201649148305471],[2.034048072528226,49.201945268997974],[2.034621165431356,49.202222274521191],[2.034749387285969,49.202277758037596],[2.034902635075295,49.202507206900059],[2.035220825456931,49.202923491000497],[2.035571483526114,49.203328421776945],[2.035953669355418,49.203720912973566],[2.036366358371748,49.20409991168156],[2.036808444099663,49.204464401165929],[2.037278741125389,49.20481340359553],[2.037775988273592,49.205145982668526],[2.038298851988424,49.205461246126958],[2.038845929909798,49.205758348152912],[2.03941575463526,49.206036491640234],[2.040006797657433,49.206294930335552],[2.040617473466377,49.206532970842865],[2.04124614380589,49.206749974486193],[2.041891122072242,49.206945359025333],[2.042550677843531,49.207118600220198],[2.043223041527425,49.207269233239209],[2.043906409114761,49.207396853908243],[2.044598947026156,49.207501119796603],[2.045298797038577,49.207581751137255],[2.046004081278501,49.207638531578368],[2.046712907268242,49.207671308764844],[2.052026625733069,49.207826426040533],[2.060306242927575,49.210765784313502],[2.060934026599241,49.210975144564131],[2.060999842795467,49.210994374624484],[2.062706377843612,49.213084716353784],[2.063059932779824,49.213491886435946],[2.063445387311525,49.213886437620197],[2.063861695338902,49.214267298400529],[2.064307726895943,49.214633434428713],[2.064782271214811,49.214983851325876],[2.065284040010672,49.215317597385607],[2.065811670978122,49.215633766161218],[2.066363731489732,49.215931498930196],[2.066938722486646,49.216209987029082],[2.067535082550693,49.216468474052341],[2.068151192146905,49.216706257909344],[2.068513323876615,49.216829846786872],[2.068933931964211,49.217051832833626],[2.069510216273163,49.217324972189573],[2.070107336322722,49.217578182000771],[2.070723687624582,49.217810781772087],[2.071357613936519,49.218022146389032],[2.072007411717016,49.218211707799867],[2.072671334707883,49.218378956544406],[2.076145831988296,49.219187081940476],[2.076833790656054,49.219333821571148],[2.077532602176924,49.219456604850748],[2.07824032357253,49.219555090388816],[2.078954987052862,49.219629004351397],[2.079674605495602,49.219678141223604],[2.080397177979631,49.219702364381796],[2.081120695357186,49.219701606474047],[2.081843145849074,49.219675869607727],[2.082562520647266,49.219625225343535],[2.083276819509159,49.219549814496382],[2.083984056327836,49.219449846743117],[2.08468226466272,49.219325600038843],[2.085369503215123,49.219177419842815],[2.086043861233368,49.219005718156623],[2.086703463832326,49.218810972377057],[2.087346477212511,49.218593723966876],[2.087971113764102,49.218354576947391],[2.088535948974735,49.218111290866986],[2.089122448402526,49.218087441205704],[2.089828362549696,49.218034597952851],[2.090529153841663,49.217957889718186],[2.091222943057722,49.217857522197605],[2.094237420167936,49.217367443878103],[2.094932626071027,49.217241616774807],[2.095616776771676,49.217092033923073],[2.096287981821879,49.216919108662864],[2.096944386599389,49.216723318831683],[2.097584177438576,49.216505205442239],[2.098205586647258,49.216265371185614],[2.098806897395644,49.216004478763665],[2.099386448463734,49.215723249055557],[2.099942638834079,49.215422459123381],[2.1004739321171,49.215102940062579],[2.10097886079676,49.214765574702959],[2.101456030284789,49.21441129516672],[2.101904122772307,49.214041080290443],[2.10232190086816,49.21365595291806],[2.102708211013974,49.213256977072213],[2.103061986666489,49.212845255012141],[2.103382251238466,49.212421924186025],[2.10366812079006,49.211988154086256],[2.103918806463306,49.211545143016622],[2.104133616653092,49.211094114779883],[2.104311958908661,49.210636315295375],[2.104453341560543,49.210173009155753],[2.104557375068482,49.209705476132541],[2.104623773086763,49.209235007639982],[2.104652353244128,49.208762903167198],[2.104643037636226,49.208290466688339],[2.104595853029362,49.207819003060713],[2.104540351542372,49.207512362794397],[2.104697677254711,49.207135205582361],[2.104850978928876,49.206673540585008],[2.104967049907614,49.206207235881934],[2.105045570602158,49.205737579444467],[2.105086325161528,49.205265868468317],[2.105089202057507,49.204793405790205],[2.10505419438129,49.204321496289197],[2.10505220184878,49.204308630111498],[2.105137483947753,49.204160897471347],[2.105353841136739,49.203718184065423],[2.105534981995363,49.20326873403846],[2.105680423080079,49.202813749201823],[2.1057897764408,49.202354446136525],[2.105862750648456,49.201892052939279],[2.105899151564119,49.201427805937954],[2.105898882847715,49.200962946385459],[2.105861946205108,49.200498717140846],[2.10578844137299,49.200036359346257],[2.105746885516857,49.19986266801385],[2.105835034317608,49.199653348475422],[2.106476859649288,49.199747359573259],[2.107188178409261,49.19982608338988],[2.107904830197504,49.199880192307297],[2.108624832515216,49.199909536645123],[2.109346193580415,49.199914035228524],[2.110066917846477,49.199893675613154],[2.110785011531141,49.199848514119523],[2.111498488140609,49.199778675677095],[2.112205373973325,49.199684353478034],[2.112903713588089,49.199565808442145],[2.113591575221274,49.199423368493989],[2.114267056138041,49.19925742765448],[2.114928287902652,49.199068444949376],[2.115376894679831,49.198921377985243],[2.115695908340383,49.199146002946662],[2.116216968157968,49.199476076731621],[2.116763905800899,49.19978765633595],[2.117335194900877,49.200079871977294],[2.117929241028037,49.200351907914808],[2.118544386143024,49.200603004728926],[2.119178913227771,49.200832461443987],[2.119831051081978,49.201039637487625],[2.122323364772607,49.201778748359061],[2.122968430853942,49.20195718395135],[2.123626553543728,49.202113818391972],[2.124296017999928,49.202248243529375],[2.124975079781966,49.202360109081276],[2.125661969402413,49.202449123548753],[2.126354896944413,49.202515054976899],[2.127052056732772,49.202557731560084],[2.127751632046393,49.202577042090383],[2.128451799859761,49.202572936247755],[2.129150735600948,49.202545424731333],[2.1298466179137,49.202494579231576],[2.130537633411071,49.202420532243067],[2.131221981408129,49.202323476718895],[2.131897878621307,49.202203665567012],[2.132563563822067,49.202061410990261],[2.133217302432643,49.201897083671732],[2.133857391051829,49.201711111807406],[2.13448216189893,49.201503979988949],[2.135089987164211,49.201276227939204],[2.137761238202777,49.200215078525879],[2.138376409364019,49.199955745029591],[2.138459013296042,49.199916691700231],[2.139123621361549,49.199799625227314],[2.139801353579664,49.199655127730331],[2.140466715971798,49.199487757563574],[2.141117912171954,49.199297966619099],[2.141753184118157,49.199086267319053],[2.142370816804191,49.198853231230267],[2.142969142914269,49.198599487519161],[2.143546547328075,49.198325721250718],[2.144101471483912,49.198032671536801],[2.144632417588209,49.197721129538209],[2.145137952659912,49.197391936326355],[2.145616712398885,49.197045980610064],[2.145701418081339,49.19697798535914],[2.146250722909728,49.197014784996107],[2.146975875716244,49.197038058746486],[2.147701891975009,49.197036154241331],[2.148426737181234,49.197009076817501],[2.149148380116869,49.196956902351495],[2.149864798551482,49.196879777046689],[2.150573984917745,49.196777917022914],[2.151273951945516,49.196651607710038],[2.151962738238616,49.196501203046942],[2.152638413778544,49.196327124488299],[2.15329908533961,49.196129859822058],[2.153942901800217,49.195909961800545],[2.154568059335312,49.195668046589653],[2.155172806475373,49.195404792040044],[2.155755449017703,49.195120935785312],[2.15631435477618,49.194817273172667],[2.156847958156153,49.194494655031725],[2.157354764541589,49.194153985287947],[2.157833354482181,49.193796218427131],[2.158282387668678,49.193422356818445],[2.158700606685307,49.193033447903296],[2.159086840528781,49.192630581258051],[2.159440007884091,49.192214885538874],[2.15975912014793,49.191787525317146],[2.15976092713435,49.191784741217802],[2.160126358820564,49.191718887424763],[2.160812556407069,49.191569320507469],[2.161485769640255,49.191396255945705],[2.162144126705674,49.191200174955128],[2.162785797157457,49.190981622744268],[2.163408997013291,49.190741206996591],[2.164011993719277,49.190479596178669],[2.164593110970821,49.190197517679039],[2.165150733376092,49.189895755783319],[2.165683310949028,49.189575149491155],[2.16740180603554,49.188484472156112],[2.16742975278889,49.1884803202353],[2.168117250113719,49.188353185112724],[2.16879371311936,49.188202758203666],[2.169457306244148,49.188029447699606],[2.170106228901399,49.18783372388377],[2.170738720371043,49.187616117853125],[2.17135306458233,49.187377220075454],[2.171947594774508,49.187117678784865],[2.172520698022792,49.186838198220791],[2.173070819617302,49.186539536714655],[2.173596467283012,49.186222504629804],[2.174096215229258,49.185887962160287],[2.1745687080178,49.185536816994308],[2.175012664238926,49.185170021848975],[2.175207074833038,49.185000513357807],[2.175612744043142,49.18501692145896],[2.176342122518877,49.185020952315888],[2.177070796035132,49.184999555441244],[2.177796702616743,49.184952791381619],[2.178517788130498,49.184880792464632],[2.179232012106768,49.184783762424004],[2.179937353522143,49.184661975822159],[2.180631816526641,49.184515777272267],[2.18131343609913,49.18434558046161],[2.181980283614867,49.184151866979434],[2.182630472309291,49.183935184952311],[2.183262162622505,49.183696147491112],[2.184166442736495,49.183332599191921],[2.184196285457873,49.18333058697133],[2.184895090323167,49.183259444598548],[2.185587369658964,49.183164780422949],[2.186271281960829,49.18304684625582],[2.186945008015358,49.182905955805921],[2.189100634488321,49.182414651642674],[2.189403871292567,49.182460332440812],[2.190149743794472,49.182544605858531],[2.190901574302634,49.182601773147262],[2.191074394759028,49.182608610227078],[2.1910803845418,49.182611572823404],[2.191667483218537,49.182871883371561],[2.192274318958299,49.183111960068111],[2.192899270524,49.183331161429081],[2.193540668206041,49.183528901741902],[2.194196798287732,49.183704652632528],[2.194865907629107,49.1838579444792],[2.195546208356842,49.183988367668917],[2.196235882647664,49.184095573693661],[2.196933087592372,49.18417927608283],[2.19763596012742,49.184239251169892],[2.19834262202075,49.184275338690966],[2.199051184898476,49.184287442213638],[2.199759755298881,49.184275529395038],[2.200466439740112,49.184239632068454],[2.201169349787939,49.184179846158038],[2.201866607109899,49.184096331422182],[2.202556348502273,49.183989311025968],[2.203236730876275,49.18385907094401],[2.203770688971114,49.183736903642988],[2.204007109094194,49.183899645518231],[2.204528683207644,49.184222967795193],[2.205075356872036,49.18452795552048],[2.205645632274355,49.184813772845636],[2.206237946838314,49.18507963644786],[2.206557797867319,49.185207623985399],[2.20806781576493,49.18640725054113],[2.208538288984173,49.186761710573201],[2.209036376723949,49.187099573859321],[2.209560718709716,49.187419917356841],[2.210109882858438,49.187721865871325],[2.210682369190482,49.188004594450327],[2.211276613928084,49.188267330639668],[2.211890993769192,49.188509356596455],[2.212523830324969,49.188730011052748],[2.213173394708808,49.188928691124559],[2.213837912264243,49.189104853961268],[2.214515567418798,49.189258018230795],[2.215204508650431,49.189387765436592],[2.215902853552919,49.189493741062648],[2.216608693986267,49.189575655543628],[2.217320101297955,49.189633285057127],[2.218035131600669,49.189666472136203],[2.218751831091969,49.189675126100155],[2.219468241401279,49.189659223302833],[2.220182404949439,49.189618807197192],[2.220892370306091,49.189553988216481],[2.221596197530116,49.189464943472011],[2.222291963478459,49.1893519162685],[2.222977767068671,49.189215215438317],[2.223651734480744,49.189055214496449],[2.224312024283866,49.188872350618432],[2.224956832474038,49.188667123444262],[2.225584397408683,49.188440093711272],[2.226193004624682,49.188191881720059],[2.226780991526611,49.187923165637464],[2.227346751932313,49.187634679641384],[2.227888740463322,49.187327211912425],[2.22840547676813,49.187001602477906],[2.228895549566708,49.18665874091441],[2.229357620505238,49.186299563914716],[2.229790427810514,49.185925052726269],[2.23019278973404,49.185536230467847],[2.230563607776438,49.18513415933208],[2.230901869683407,49.184719937681301],[2.23475713424477,49.179686516994266],[2.23854716781191,49.178199331076641],[2.239128879116874,49.177957846093669],[2.239691363566199,49.177697521198212],[2.240233202927179,49.177419012890887],[2.240753031096838,49.177123023517723],[2.241249537547839,49.176810299497021],[2.241721470633363,49.176481629434882],[2.242167640742666,49.176137842134416],[2.242586923299344,49.175779804503769],[2.246466572816355,49.172288465983925],[2.246871916553383,49.171902949116081],[2.247246091903246,49.171504116282037],[2.24758808432856,49.171093049639651],[2.247896966682763,49.170670864516175],[2.24817190171919,49.17023870637987],[2.248412144355345,49.1697977477302],[2.248617043686325,49.169349184914864],[2.248786044742012,49.16889423488238],[2.248918689983354,49.168434131879145],[2.249014620533785,49.167970124099945],[2.249073577142534,49.16750347030063],[2.249095400877339,49.167035436382854],[2.249080033544791,49.166567291959588],[2.249027517837275,49.166100306910948],[2.248937997206251,49.165635747939618],[2.248811715462322,49.165174875135271],[2.24864901610328,49.164718938557414],[2.248450341372103,49.16426917484543],[2.248216231047528,49.163826803865724],[2.247947320970614,49.16339302540451],[2.247644341311383,49.162969015915266],[2.247308114580334,49.162555925329926],[2.247216631512905,49.162456378350456],[2.249071443415234,49.162473592879891],[2.249263182316974,49.162621083080943],[2.249752838833125,49.162960336292457],[2.252442836985649,49.164729541966146],[2.252967892340032,49.16505706183284],[2.253518610327008,49.165365928836991],[2.254093452202558,49.165655279750972],[2.254690811717092,49.165924305877731],[2.255309019605979,49.166172255313867],[2.255946348257315,49.166398435053459],[2.256601016543827,49.166602212927629],[2.25727119480538,49.166783019373625],[2.257955009968063,49.166940349028842],[2.258650550785495,49.167073762145449],[2.259355873187599,49.16718288582102],[2.260069005721803,49.167267415042446],[2.260787955071358,49.167327113539642],[2.261510711635239,49.167361814446977],[2.26223525515391,49.167371420770309],[2.262959560365116,49.167355905658496],[2.263681602673759,49.167315312478614],[2.264399363819913,49.167249754694531],[2.265110837528969,49.16715941554925],[2.265814035128043,49.167044547552074],[2.266506991112783,49.166905471771685],[2.267187768648944,49.166742576937487],[2.267854464993212,49.166556318351461],[2.268296046917925,49.166414428353391],[2.270083850949712,49.166959824242888],[2.270747136491077,49.167148375429818],[2.271424660545812,49.167313735050485],[2.271609550883116,49.167351713905404],[2.27167921712941,49.167595790629612],[2.271847381261601,49.168051876739604],[2.272051608430891,49.168501587993447],[2.272291343188757,49.168943699243293],[2.272565933304603,49.169377006016447],[2.272874631533809,49.169800327798505],[2.273216597645368,49.170212511251371],[2.273590900703661,49.170612433357505],[2.273996521598241,49.170999004481835],[2.274432355814797,49.171371171342841],[2.274897216439799,49.17172791988493],[2.27523090186536,49.171958468164469],[2.275254605651303,49.17208076854552],[2.275384755962308,49.172550906495992],[2.275552820209439,49.173015846298348],[2.275758324632425,49.173474274525404],[2.276000689660393,49.173924896112091],[2.276279231538763,49.174366438015362],[2.276593164251172,49.174797652812458],[2.276941601731098,49.175217322227176],[2.277323560357051,49.175624260573734],[2.277737961724348,49.176017318109274],[2.278183635685751,49.176395384284618],[2.278659323652394,49.176757390884781],[2.27916368214576,49.177102315049851],[2.279695286590708,49.177429182167891],[2.28023468178808,49.177727150963015],[2.280378560498952,49.177828835873825],[2.280892795434965,49.178156162245493],[2.281432420867401,49.178465424807179],[2.281995962565595,49.178755778432652],[2.28258188086218,49.179026429655323],[2.283188574861612,49.179276638839156],[2.283814386817086,49.179505722202371],[2.283882703110487,49.179527743095534],[2.284131208992498,49.179915088692098],[2.28444890369076,49.180344857852333],[2.284800967545941,49.180762960053549],[2.285186407685952,49.181168215227316],[2.285604136959383,49.181559479539366],[2.286052976997879,49.181935648620524],[2.286479111097296,49.182256138566707],[2.286490524569042,49.182333009196221],[2.28658732060926,49.182765553624201],[2.286716080337376,49.183194501763488],[2.286876500054146,49.183618839247906],[2.288044838871917,49.186415960907397],[2.288250886792235,49.186863252535993],[2.288492112776392,49.187302922646047],[2.288767866053268,49.187733783504171],[2.28907740252423,49.188154671146663],[2.289419886765346,49.188564448525689],[2.289794394277083,49.188962008583161],[2.290199913975524,49.18934627724348],[2.290635350918418,49.189716216317834],[2.291099529258757,49.190070826311313],[2.291591195417952,49.190409149125756],[2.292109021470064,49.19073027065096],[2.292651608727944,49.191033323236937],[2.293217491521648,49.191317488040823],[2.293805141158876,49.191581997241819],[2.29441297005673,49.191826136118301],[2.295039336033607,49.192049244981469],[2.295682546749603,49.192250720960075],[2.296340864283342,49.192430019631573],[2.297012509832856,49.192586656495223],[2.297695668527699,49.192720208283177],[2.298388494339259,49.192830314105642],[2.299089115075872,49.192916676427679],[2.29979563744918,49.192979061874283],[2.300506152197934,49.193017301861907],[2.300572314103685,49.193018601086578],[2.300709172323761,49.193060707927295],[2.301276849064593,49.193212109242346],[2.301437041924691,49.193315479337564],[2.301973965507496,49.19362743570921],[2.302535050149817,49.193920562307582],[2.303118760453916,49.194194056806715],[2.30372349901371,49.194447170604626],[2.304347610789003,49.194679210874831],[2.304989387638508,49.194889542465084],[2.305647072999183,49.195077589638331],[2.306318866699017,49.195242837650568],[2.30700292989006,49.195384834161878],[2.307697390088054,49.195503190476309],[2.30840034630484,49.195597582607377],[2.309109874259376,49.195667752166244],[2.309824031652996,49.195713507070032],[2.310540863494365,49.195734722068359],[2.31125840745947,49.195731339086791],[2.31197469927181,49.195703367385988],[2.312687778088006,49.19565088353631],[2.313395691873904,49.195574031207968],[2.31409650275641,49.195473020777129],[2.316574895041387,49.195070956517803],[2.317272059441566,49.19494497679689],[2.317958120954048,49.194795089866155],[2.318631172065801,49.194621712480661],[2.319289341492559,49.194425326705513],[2.31993079938793,49.194206478573697],[2.32055376243648,49.193965776565861],[2.320969194922776,49.19378527335514],[2.32512664395084,49.193059244240537],[2.325806659022878,49.192928052336285],[2.326475421570465,49.192774008572336],[2.327131144939719,49.192597524503626],[2.327772077364737,49.192399071634028],[2.328396506653065,49.192179180154987],[2.329002764764657,49.191938437527071],[2.329589232272084,49.191677486908475],[2.330154342689969,49.191397025434711],[2.330696586662056,49.191097802353795],[2.331214515994699,49.190780617022341],[2.33170674752595,49.190446316767719],[2.332171966819905,49.190095794622053],[2.332608931676448,49.189729986934175],[2.333016475446985,49.189349870865932],[2.333393510147379,49.188956461779547],[2.333739029359764,49.188550810523147],[2.334052110915549,49.188134000621538],[2.334331919352472,49.187707145379946],[2.334577708139236,49.187271384908506],[2.334788821661815,49.186827883075189],[2.334964696966241,49.186377824395706],[2.335104865253274,49.185922410868507],[2.335208953121079,49.185462858763302],[2.335238092702626,49.185263894742434],[2.335538129229811,49.185076392159175],[2.336032467141651,49.184733238237946],[2.336498644662862,49.184373549889401],[2.336935377196174,49.18399831871514],[2.33734146139929,49.183608579144853],[2.337715778498232,49.18320540558215],[2.337802808884754,49.183099524063216],[2.338145672811501,49.182844296533126],[2.338584795528553,49.182481297399768],[2.338994803633034,49.182103949974547],[2.339374608700898,49.181713256559867],[2.339723202603106,49.181310254885609],[2.340039660178236,49.180896015350633],[2.340293207022845,49.180516451299624],[2.345594903847568,49.176768633759565],[2.34610140507686,49.176389783834345],[2.346574736256391,49.175992926389867],[2.347013411457297,49.175579307913466],[2.351649072132257,49.170935517422279],[2.354729471192071,49.169251434498229],[2.355242424402787,49.168956488467522],[2.355732361938047,49.168645174462206],[2.356198070746772,49.168318263529599],[2.356638397852592,49.167976565332573],[2.357052253207877,49.167620926142206],[2.357438612391107,49.167252226739805],[2.357796519140894,49.166871380233715],[2.359749418651006,49.164672514376214],[2.360042881834224,49.164887289171858],[2.360552161943956,49.165222680486117],[2.361087658890329,49.165540028861265],[2.361647888432614,49.165838454440753],[2.362231297675133,49.166117129817977],[2.362836269373501,49.16637528233295],[2.363461126420356,49.166612196217258],[2.36410413649816,49.166827214580884],[2.364763516886085,49.167019741236111],[2.367518883102294,49.16776785503329],[2.368193341964634,49.167937460608265],[2.368880491175674,49.168083534306412],[2.369578422551822,49.168205670476638],[2.370285197921421,49.168303529940673],[2.370998854514619,49.16837684093619],[2.371717410422081,49.168425399872639],[2.372438870107248,49.168449071897527],[2.37316122995675,49.168447791271412],[2.373882483853406,49.168421561550687],[2.374600628756244,49.168370455577758],[2.375313670271904,49.168294615278477],[2.376019628201849,49.168194251267366],[2.376716542049836,49.168069642261869],[2.384771759563972,49.16647839142265],[2.385429195607068,49.166336527116044],[2.386074872408019,49.166173083916256],[2.386707143877738,49.165988478525207],[2.387324398154235,49.165783181593795],[2.387925061716465,49.165557716520368],[2.388507603399725,49.165312658114509],[2.389070538302331,49.165048631129771],[2.389612431573563,49.164766308668973],[2.39013190207318,49.164466410465984],[2.390627625893161,49.164149701048991],[2.39109833973266,49.163816987789147],[2.391542844117585,49.163469118840311],[2.396404801414037,49.159462486081928],[2.398864043575915,49.160156575603999],[2.399536185998918,49.160332626022161],[2.400221563336574,49.160485162314963],[2.400918264339069,49.160613759104926],[2.401624346130356,49.160718057771795],[2.402337839633691,49.160797767454127],[2.403056755070805,49.160852665861476],[2.411898271385777,49.161372751140519],[2.412604177152042,49.161402231010406],[2.413311462167861,49.161407789290003],[2.414018242540642,49.161389411174923],[2.414722635724037,49.161347145614961],[2.415422765539992,49.161281105183548],[2.416116767183717,49.161191465777385],[2.416802792198119,49.161078466147394],[2.417479013404366,49.160942407261793],[2.418143629775329,49.160783651503372],[2.420633969656625,49.160140552990576],[2.421303419571333,49.159954064382042],[2.421956840509378,49.1597445484405],[2.422592392431457,49.159512595216448],[2.42320828569243,49.159258857941566],[2.423802786085517,49.158984051186742],[2.424374219729293,49.158688948847164],[2.424920977783713,49.158374381960314],[2.42498723441917,49.158331978343682],[2.428966676172617,49.15808304585736],[2.429599952045412,49.158033645539724],[2.430229037848463,49.157964977924024],[2.430852571340942,49.1578771917033],[2.431469202323716,49.157770476969233],[2.439068363703545,49.156330249185295],[2.439772791325941,49.156183103582123],[2.440464094817808,49.15601125899024],[2.441140262538742,49.15581521548669],[2.441799326958662,49.155595543562917],[2.44243937038954,49.155352882462338],[2.443058530571071,49.155087938317713],[2.443655006093938,49.15480148209376],[2.443900736727572,49.154676655155228],[2.444571043687219,49.154550137633336],[2.44525574144811,49.154408059418401],[2.44592815049077,49.154242651435652],[2.446586424353257,49.154054367921688],[2.447228755447952,49.153843725927963],[2.447853380030848,49.153611303898899],[2.448458583049586,49.153357740081432],[2.449042702856859,49.153083730769957],[2.449604135776178,49.152790028391983],[2.450141340507428,49.152477439439458],[2.450652842360063,49.152146822251652],[2.45113723730231,49.151799084655607],[2.451593195815241,49.151435181470745],[2.452019466541139,49.151056111884522],[2.452414879716155,49.150662916706345],[2.452778350377852,49.150256675507315],[2.453108881338876,49.149838503653633],[2.453405565918629,49.149409549242137],[2.453463261052669,49.149312983644194],[2.453927754188748,49.149415421796157],[2.454641716120737,49.149545169261522],[2.455365325664749,49.149649416612661],[2.456096467562083,49.149727859113732],[2.457027624732038,49.149810872655287],[2.457752037546135,49.149862625991091],[2.458479620570658,49.149889046529943],[2.459208316119041,49.149890059553442],[2.459936063353462,49.149865662196738],[2.460660804122229,49.149815923456565],[2.461380488789486,49.149740983995855],[2.462093082040681,49.149641055745391],[2.462796568647185,49.14951642130351],[2.463488959173696,49.149367433135886],[2.46416829561214,49.149194512577104],[2.464832656926017,49.148998148637766],[2.465480164489449,49.14877889661944],[2.466108987405406,49.148537376542286],[2.466717347688025,49.148274271389489],[2.470309609770222,49.146629049304259],[2.470880878205494,49.146352687773245],[2.471429563342662,49.146057291547301],[2.471954193242688,49.145743653274067],[2.472453360591725,49.145412614536745],[2.472925726476948,49.145065063593314],[2.473370023977822,49.144701932990699],[2.47378506156316,49.144324197060065],[2.473843740272314,49.144264502408689],[2.474024520288179,49.144245791265433],[2.474717740576179,49.144149718525377],[2.475402462901354,49.14403026593812],[2.476076856240099,49.143887752936273],[2.476739117231866,49.143722560616439],[2.477387475007834,49.143535130718611],[2.478020195932081,49.14332596444337],[2.478635588242446,49.143095621109772],[2.479232006578648,49.14284471665782],[2.479807856385453,49.142573921999166],[2.480361598179098,49.142283961221018],[2.480891751665496,49.141975609647588],[2.481396899699183,49.141649691764613],[2.481875692072419,49.141307079012265],[2.48232684912427,49.140948687452742],[2.482749165160057,49.140575475318457],[2.483141511672013,49.140188440447595],[2.483502840352579,49.139788617613888],[2.484378553894925,49.138759854774584],[2.484980895604405,49.138517267573761],[2.485570336747615,49.138251115564877],[2.486137793596316,49.137965135665304],[2.486681718628529,49.137660107949365],[2.487200628589122,49.137336864435042],[2.487693108535859,49.136996286812007],[2.48815781569802,49.136639304034134],[2.488593483137101,49.136266889782988],[2.488998923199577,49.135880059809722],[2.489373030752371,49.135479869162005],[2.489714786192204,49.135067409304099],[2.490023258220684,49.134643805137756],[2.490084239470094,49.134547428094884],[2.491920883052799,49.134116902182839],[2.492843969145244,49.133875398514753],[2.504616473517753,49.130464884904946],[2.505278285769158,49.130259067256596],[2.505922387664999,49.130030333224738],[2.506546938181069,49.129779336667767],[2.507150152259067,49.129506795074214],[2.507730305912784,49.129213487509183],[2.508285741158581,49.128900252384661],[2.508814870756012,49.128567985060158],[2.509316182744992,49.128217635280485],[2.509788244766559,49.127850204458142],[2.510229708154839,49.127466742808103],[2.510639311788562,49.12706834634308],[2.511015885691137,49.126656153738161],[2.514945167356888,49.122081783882358],[2.515279025652446,49.121668268236689],[2.515579644174259,49.121243910034728],[2.515846209110215,49.120809859220273],[2.516077998985132,49.120367291974858],[2.516274386607589,49.11991740752881],[2.516434840760588,49.119461424910121],[2.516558927631535,49.119000579639973],[2.516646311977782,49.118536120383844],[2.516696758024678,49.11806930556746],[2.516710130093793,49.117601399966411],[2.51668639295975,49.11713367127917],[2.516625611934789,49.116667386692299],[2.516527952680972,49.116203809447647],[2.516393680750645,49.115744195420341],[2.516223160856525,49.115289789717245],[2.516016855873485,49.114841823304857],[2.515775325574892,49.114401509675822],[2.515499225106956,49.113970041563228],[2.515189303205411,49.113548587711129],[2.514846400159355,49.113138289710712],[2.51457915117539,49.112854593944029],[2.518585337636519,49.112022900271],[2.519287692213878,49.120026853261841],[2.51934877368513,49.120502495311833],[2.519448229370068,49.120975339066952],[2.519585779976131,49.121444051716239],[2.519761038803008,49.121907312059037],[2.519973512821417,49.122363814230148],[2.520222604052092,49.122812271382251],[2.520507611241255,49.123251419314954],[2.52082773182791,49.12368002004041],[2.521182064197562,49.124096865275284],[2.521569610216074,49.124500779849278],[2.521989278036618,49.124890625020647],[2.52243988517188,49.125265301688984],[2.522920161822896,49.125623753496697],[2.523428754455232,49.125964969809992],[2.523964229612391,49.126287988571086],[2.524525077955788,49.126591899013462],[2.525109718519851,49.126875844232721],[2.52571650317028,49.127139023605324],[2.526343721252858,49.127380695048878],[2.526989604419672,49.127600177117074],[2.527652331619094,49.12779685092363],[2.528330034235389,49.127970161889735],[2.528748438623249,49.128060691497645],[2.529271309539787,49.128392328079812],[2.529825397601002,49.128707913291819],[2.530404440717257,49.12900357787619],[2.531006778094431,49.129278473623771],[2.531630682025476,49.12953181189512],[2.532274362849332,49.129762865885795],[2.532935974088744,49.12997097271419],[2.533613617752181,49.130155535325621],[2.534305349784568,49.130316024207637],[2.53500918565112,49.130451978911282],[2.535723106038166,49.130563009373937],[2.53926968205024,49.131049087699893],[2.539983123425424,49.131133993257237],[2.540702412476581,49.131194007888837],[2.54142553368368,49.131228963430679],[2.542150460771844,49.131238761935386],[2.542875162398006,49.131223375946888],[2.543597607851853,49.131182848577723],[2.543985174721682,49.131147471435064],[2.544148462877637,49.131243950396161],[2.544704906977946,49.131555481385234],[2.545285899931245,49.131847078989324],[2.545889785613034,49.132117911824153],[2.546514842544209,49.132367207696738],[2.547159288801793,49.132594255809643],[2.547821287103142,49.132798408790237],[2.548498950049046,49.132979084538924],[2.549190345510737,49.133135767891105],[2.549893502145345,49.133268012088074],[2.550606415023985,49.133375440052646],[2.551327051356311,49.133457745465918],[2.552053356295128,49.133514693641885],[2.552783258804375,49.133546122197714],[2.553514677573618,49.133551941517304],[2.554245526962076,49.133532135007322],[2.554973722955092,49.13348675914451],[2.555697189115912,49.133415943314446],[2.556413862515724,49.133319889442042],[2.557121699624844,49.133198871414955],[2.557818682148185,49.133053234301478],[2.561448204782061,49.132224105399608],[2.562126054742843,49.132055925617415],[2.562789400866353,49.131864458993732],[2.563436386721938,49.131650241400514],[2.564065201733042,49.131413872377919],[2.564674086249308,49.13115601345401],[2.565261336475193,49.130877386291104],[2.565825309241208,49.130578770663504],[2.566364426604383,49.130261002272597],[2.566877180265081,49.129924970405334],[2.567362135787736,49.129571615442877],[2.567817936613706,49.129201926226138],[2.568243307855036,49.128816937285833],[2.568637059858497,49.128417725944857],[2.568998091529987,49.12800540930084],[2.569325393410021,49.127581141097856],[2.569618050491765,49.127146108495523],[2.569875244773792,49.126701528745009],[2.570096257540503,49.126248645781068],[2.570280471363925,49.125788726739593],[2.570427371821367,49.12532305841075],[2.570536548924272,49.1248529436373],[2.570607698254328,49.124379697668545],[2.570640621803848,49.123904644479595],[2.570695124609824,49.122022638564843],[2.570689591039324,49.121544408516741],[2.570645322694903,49.121067047894016],[2.570562445890777,49.120591907276058],[2.570441196158115,49.120120330926206],[2.570281917566852,49.119653652989115],[2.569630692766809,49.117958239605549],[2.569632631075073,49.117936239263933],[2.569636581571817,49.117466562815302],[2.569603160682134,49.116997391591752],[2.569532460620317,49.116530005907194],[2.569424675318116,49.116065681170191],[2.569280099884658,49.115605684404244],[2.569099129790547,49.115151270790996],[2.568882259778475,49.11470368024645],[2.568630082503459,49.114264134038855],[2.568343286906476,49.113833831457995],[2.568101755487941,49.113517532353519],[2.568214378282111,49.113378206143643],[2.568520012635555,49.112946304240339],[2.568790377202722,49.112504383983456],[2.569024714236782,49.112053685413173],[2.569222367139614,49.111595473170844],[2.571199147793844,49.106501266079704],[2.571366022978398,49.106015262746247],[2.571379552771277,49.105962343368532],[2.571402299676461,49.105933614494191],[2.571701557590493,49.10550129691967],[2.571965628476932,49.105059207920462],[2.572193776479771,49.104608580924683],[2.572385366020629,49.10415067315062],[2.57241605916494,49.104058511284414],[2.572971888426882,49.104017743873797],[2.57367168386817,49.10394215585243],[2.574364578085405,49.103842877276286],[2.575048711717489,49.103720174556052],[2.575722248948165,49.103574376958335],[2.576383382439108,49.103405875720767],[2.577030338186051,49.103215123000751],[2.577661380284802,49.103002630660399],[2.578274815594271,49.102768968891205],[2.578868998283965,49.102514764681956],[2.580699135524736,49.101686652438417],[2.581287136942013,49.101405159192488],[2.581851527145292,49.101103550211491],[2.582109478095846,49.100950042642459],[2.585089124977909,49.099893571654313],[2.585743755566989,49.099645893582071],[2.586376578748981,49.099374880143593],[2.586985667423084,49.099081356775407],[2.587569166871204,49.098766217459584],[2.588125300408976,49.098430421997776],[2.588652374797649,49.098074993084538],[2.589148785400328,49.097701013189322],[2.589679757776604,49.097277968896989],[2.590120372941271,49.096907593989165],[2.590530907180332,49.096522604084022],[2.590910239077182,49.096124051444761],[2.591257332571805,49.095713025381166],[2.59157123978689,49.095290649269991],[2.591851103611964,49.094858077482485],[2.592096160038577,49.094416492227289],[2.592305740240199,49.09396710031772],[2.592315692850538,49.093940949218904],[2.592483245528405,49.093725832035496],[2.592777488798407,49.093293252285768],[2.593036622008519,49.092851093621476],[2.593259926423179,49.092400583955317],[2.593446782857938,49.091942974360812],[2.593596673389349,49.091479535596413],[2.593709182783016,49.091011554575388],[2.593783999635986,49.090540330791093],[2.593820917230388,49.090067172707698],[2.593819834096107,49.089593394126339],[2.59378075428104,49.08912031053692],[2.593731349042174,49.088817927532951],[2.593767178939761,49.088720462663829],[2.594110745751149,49.088660497637591],[2.59480113184406,49.088513870798145],[2.595478715425826,49.088343421606673],[2.596141592246094,49.088149629108237],[2.596787899447925,49.087933037948531],[2.59741582080889,49.087694256841054],[2.598023591850156,49.087433956854142],[2.598609504799163,49.08715286952259],[2.599171913391893,49.086851784789239],[2.599709237501138,49.086531548782304],[2.600219967577787,49.086193061434876],[2.600702668892575,49.085837273953075],[2.601155985566416,49.085465186140311],[2.60157864437794,49.085077843584791],[2.601969458337613,49.084676334718836],[2.602327330018388,49.084261787757683],[2.602651254633591,49.083835367526653],[2.60294032285345,49.083398272185939],[2.603193723352418,49.082951729861605],[2.603410745080226,49.082496995192919],[2.603590779250365,49.082035345805437],[2.603733321040516,49.081568078719634],[2.603837971000269,49.081096506705798],[2.603904436162279,49.080621954594541],[2.603932530853875,49.080145755554135],[2.603922177206964,49.079669247344754],[2.603873405364924,49.079193768560074],[2.603786353386045,49.078720654867091],[2.603759800503092,49.078621009042926],[2.603798052400376,49.078272334200115],[2.603811484969412,49.077790120112063],[2.60378553843656,49.077308126361224],[2.603720288550411,49.076827739734242],[2.603615924130023,49.07635034235733],[2.603472746509241,49.075877307720091],[2.603291168657581,49.075409996724972],[2.60307171398037,49.074949753772977],[2.602815014801715,49.074497902897498],[2.602521810534807,49.074055743956926],[2.602192945544927,49.073624548897286],[2.601829366711425,49.073205558095403],[2.601432120695784,49.072799976793142],[2.6010023509237,49.072408971633116],[2.600541294289964,49.072033667305533],[2.600050277595662,49.071675143315872],[2.599530713727991,49.071334430882793],[2.598840026890656,49.070905161853318],[2.597612735105624,49.068764790474724],[2.597316343150867,49.068289478112106],[2.596979131187938,49.067826061060863],[2.596602200569156,49.067376051401652],[2.594481848230827,49.065007249056954],[2.594446040908982,49.064969597706749],[2.594924031113869,49.064697929140912],[2.595436438700516,49.064374667491109],[2.595922620085998,49.064034366169054],[2.596381265150057,49.063677942543343],[2.596811138081021,49.063306357426008],[2.597211080704342,49.062920612479921],[2.597580015600824,49.062521747516278],[2.597916949006173,49.062110837689367],[2.598220973484108,49.061688990596203],[2.598984753328272,49.060553915028876],[2.599258087479936,49.060117006836769],[2.599496123017397,49.059671267159288],[2.599698203720485,49.059217926525733],[2.599863772674444,49.058758236418086],[2.59999237379754,49.058293465814728],[2.600083653089786,49.057824897686281],[2.600093802295988,49.05773587732196],[2.600165784669699,49.057516513232613],[2.600281244706913,49.057043724641396],[2.600358241869297,49.0565675666545],[2.600396558838554,49.056089389745544],[2.600396487511865,49.056016849565893],[2.600891991094787,49.055861488971225],[2.601524990573651,49.055649583405803],[2.602140395118317,49.055416365928423],[2.602736545012967,49.055162465595082],[2.603311832546978,49.054888567240361],[2.603864706353905,49.054595409627957],[2.604393675597543,49.054283783455716],[2.604897313993678,49.053954529220448],[2.605374263656724,49.053608534948616],[2.605823238760817,49.05324673379868],[2.606243029005536,49.052870101541792],[2.606632502876872,49.052479653927833],[2.606990610694718,49.052076443943506],[2.607316387438674,49.051661558970302],[2.607608955344602,49.051236117849847],[2.607867526264988,49.050801267864628],[2.608091403786819,49.050358181642231],[2.608279985101318,49.049908053991587],[2.608432762620619,49.049452098679382],[2.608549325337085,49.04899154515612],[2.608629359921718,49.048527635239779],[2.608672651558795,49.048061619766685],[2.608679084514598,49.04759475521827],[2.608648642438816,49.04712830033305],[2.608581408397922,49.046663512712868],[2.608477564640524,49.046201645432433],[2.608337392095502,49.04574394366152],[2.608161269604314,49.045291641308786],[2.607949672889724,49.044845957696296],[2.60770317326379,49.044408094273592],[2.607422436078725,49.043979231380405],[2.607108218924888,49.043560525066425],[2.606761369580858,49.043153103976806],[2.606301294978898,49.042644146767238],[2.605922903715622,49.042249252765352],[2.605513859700407,49.041867796427788],[2.605075265282628,49.041500805153845],[2.604608302325475,49.04114926736284],[2.604114229019343,49.04081412983453],[2.603594376490677,49.040496295161638],[2.603050145215418,49.040196619321456],[2.60248300124673,49.039915909373128],[2.601894472267135,49.039654921286555],[2.601286143475722,49.039414357908974],[2.600659653321409,49.039194867074492],[2.600016689093777,49.038997039861613],[2.59935898238326,49.038821409003639],[2.59868830442286,49.038668447456018],[2.598006461323893,49.038538567124377],[2.59731528921848,49.038432117756891],[2.596616649321809,49.038349386003844],[2.595912422927356,49.03829059464681],[2.595204506348457,49.038255901999591],[2.584369802758424,49.037910004163265],[2.583180170909511,49.036829127691909],[2.583222363648106,49.036669038092349],[2.583307417164218,49.036202642335063],[2.583355307939222,49.035733962403171],[2.583365906275823,49.035264277426485],[2.583339184261173,49.034794869244863],[2.583275215832016,49.034327018909714],[2.583174176561907,49.03386200318814],[2.583036343171181,49.033401091079078],[2.582862092761154,49.032945540351044],[2.582651901774764,49.032496594110782],[2.582406344686572,49.0320554774123],[2.582340567757226,49.031954065478637],[2.582310807617976,49.031745056459094],[2.582207782938777,49.03128233044545],[2.58206831201929,49.030823752043148],[2.581892773051627,49.030370561592882],[2.581681641747571,49.029923984831683],[2.581435490042292,49.029485229578803],[2.58115498453838,49.029055482470461],[2.580840884694462,49.028635905752232],[2.580494040763434,49.028227634137565],[2.580115391485948,49.02783177174102],[2.579705961545437,49.027449389094492],[2.579543522995176,49.027313303121417],[2.57953075387237,49.027246022987399],[2.579405066329477,49.02678265078395],[2.579242681206338,49.02632423809608],[2.579044044371216,49.025872040891329],[2.578809700974572,49.025427298076991],[2.578540293945866,49.024991228107183],[2.578236562223084,49.024565025646318],[2.577899338719993,49.024149858298024],[2.577529548036723,49.023746863408441],[2.577128203920053,49.023357144952577],[2.576696406480444,49.022981770512452],[2.576235339173458,49.022621768354917],[2.575746265553927,49.02227812461755],[2.575230525811762,49.021951780609847],[2.57468953309894,49.021643630237428],[2.574124769657719,49.021354517556105],[2.573537782760713,49.021085234462554],[2.573019691086444,49.020873159150419],[2.572647742046569,49.020686972661693],[2.572060344526861,49.020423485476407],[2.571452919437237,49.020180435696012],[2.570827109136391,49.019958480386251],[2.570184605617432,49.019758219577923],[2.569527145937731,49.019580194647034],[2.568856507527753,49.019424886853081],[2.568501998044018,49.01935618431034],[2.565931087957209,49.018262711340277],[2.565345569436585,49.018027156621365],[2.564742819312736,49.01781122393929],[2.564124356349439,49.01761545732343],[2.563983403117142,49.017576442127961],[2.564290285229996,49.017322730163386],[2.564707592127276,49.016937809415673],[2.565093558056723,49.016538993227456],[2.565447116540489,49.016127384326545],[2.565767290779277,49.015704120787298],[2.566053196346601,49.015270372881666],[2.566304043626699,49.014827339841425],[2.566519139989457,49.014376246540557],[2.566697891696403,49.013918340107018],[2.566839805532609,49.013454886473312],[2.566944490160087,49.01298716687544],[2.567011657189048,49.012516474309784],[2.567041121964183,49.012044109957905],[2.567032804063914,49.011571379589085],[2.566737457296787,49.00644241146825],[2.566692218326661,49.005976665602304],[2.566610310348986,49.005513090951354],[2.566491954968634,49.005052936202162],[2.56633747194217,49.00459744079825],[2.566147278306422,49.00414783160214],[2.565921887245444,49.003705319592058],[2.56566190669898,49.003271096601395],[2.565368037716316,49.002846332110394],[2.565041072560024,49.002432170098018],[2.564681892564799,49.002029725962878],[2.564291465757228,49.001640083521323],[2.563870844242965,49.001264292090909],[2.563421161368423,49.000903363666801],[2.562943628664648,49.000558270198816],[2.562439532581663,49.000229940976688],[2.562049757771438,49.000001157874863],[2.561919018903065,48.999772979185416],[2.561634083848307,48.999344588308141],[2.561315691908263,48.998926521985858],[2.560964704733016,48.998519910580107],[2.560582072036511,48.998125853455896],[2.560168829022643,48.997745416011568],[2.559726093581155,48.997379626800509],[2.559255063260957,48.99702947475285],[2.558757012029088,48.9966959065042],[2.55823328682412,48.99637982383905],[2.557685303913338,48.996082081255189],[2.557114545063546,48.995803483656388],[2.556522553535838,48.995544784178776],[2.555910929915161,48.99530668215737],[2.555281327785909,48.995089821237869],[2.554635449265169,48.994894787638991],[2.5539750404057,48.994722108569853],[2.553301886480952,48.99457225080674],[2.552617807164832,48.994445619433115],[2.551924651619182,48.994342556746119],[2.551224293502104,48.99426334133264],[2.550518625910608,48.994208187317376],[2.549335828021674,48.994136199114855],[2.548619457962624,48.994105056438983],[2.547901591347995,48.994098710473928],[2.547184208657868,48.994117178727649],[2.54646928903934,48.994160410247851],[2.545758804854813,48.994228285762368],[2.545054716248895,48.994320618007706],[2.544358965748722,48.994437152244977],[2.543673472912518,48.994577566961688],[2.543000129041047,48.994741474757433],[2.542340791966438,48.994928423411309],[2.541697280932665,48.995137897127833],[2.541071371581723,48.995369317958037],[2.540631629513233,48.995552535350804],[2.540308058763634,48.995234491409406],[2.539884644508604,48.994861602662652],[2.539432479045791,48.994503629881919],[2.538952774229982,48.994161532030411],[2.538446815612792,48.993836225526827],[2.537915958996914,48.993528581792923],[2.537563877330694,48.993344925750662],[2.536830015423267,48.992453977146205],[2.5365382154904,48.991963002740711],[2.536311174120009,48.990896836320609],[2.536193098762849,48.990431518940795],[2.536038105246347,48.989970916808574],[2.535846621111685,48.989516297579065],[2.535619174288746,48.989068912409977],[2.535356391633358,48.988629992519748],[2.535058997192916,48.98820074580069],[2.534727810205245,48.987782353496769],[2.534363742836308,48.987375966954978],[2.533967797663058,48.986982704459024],[2.533541064908438,48.986603648154549],[2.533084719436218,48.986239841073726],[2.532600017513937,48.98589228426772],[2.532516611025736,48.985838440562709],[2.532413201200913,48.985549793830323],[2.532210865307832,48.985094161797399],[2.531972282436685,48.984646191521797],[2.531698118277093,48.984207131190423],[2.531389137602455,48.983778204134524],[2.53104620213046,48.98336060542303],[2.530670268114336,48.982955498535091],[2.530262383671639,48.98256401212069],[2.529823685858109,48.982187236858515],[2.529355397494763,48.981826222420075],[2.528858823757187,48.981481974547783],[2.528508105358147,48.981263211566322],[2.528290997916764,48.981041449712528],[2.528251146262094,48.981005119304761],[2.528149908060286,48.980585547310859],[2.527997888849786,48.980117719525005],[2.527808287857768,48.979655875090899],[2.527581642677689,48.979201321107418],[2.527318595695602,48.978755344007844],[2.527019892262142,48.97831920592089],[2.526686378573897,48.977894141100677],[2.526318999270228,48.977481352435994],[2.525918794752468,48.977082008048548],[2.525486898233132,48.976697237989896],[2.525024532523582,48.976328131046209],[2.524533006569282,48.97597573166005],[2.524013711742489,48.97564103697772],[2.523468117902904,48.975324994030665],[2.522897769237443,48.975028497058517],[2.522304279890906,48.974752384981727],[2.516814717622956,48.972339715190152],[2.516213408006736,48.972090054010209],[2.515593187344771,48.971861323875096],[2.514955735179333,48.971654144106182],[2.51430277764408,48.971469075667258],[2.513636082794839,48.971306619647621],[2.513051713480777,48.971186578616035],[2.513017429210076,48.971154929333785],[2.5125658746453,48.970781670751187],[2.512084887028988,48.970424705378768],[2.511575820908318,48.97008503807254],[2.511210884495461,48.969866086175927],[2.510770901023874,48.969516783645197],[2.51028820888305,48.969171873215593],[2.509778865697255,48.968843998355389],[2.50924425692918,48.968534050616121],[2.508685836663077,48.968242872787485],[2.508529762851595,48.968169873138578],[2.508437393774023,48.968093190671404],[2.507963921066004,48.967739843535568],[2.506178888111604,48.966475985157402],[2.505681968725009,48.966141984586805],[2.50515936048965,48.965825438701309],[2.504612476140582,48.965527202939924],[2.504042793938408,48.965248083246458],[2.503451853674959,48.964988833894012],[2.50284125251371,48.964750155449245],[2.502212640676158,48.964532692881406],[2.501567716985765,48.964337033821757],[2.500908224281453,48.964163706977793],[2.500434046620784,48.964057537055432],[2.497351991877634,48.961571755269894],[2.496887483041815,48.961216413009041],[2.496395484975188,48.960877493907496],[2.495877335213156,48.960555918998551],[2.495334442279633,48.960252562165763],[2.494768281858641,48.959968247770725],[2.494180392784455,48.959703748415421],[2.493572372861197,48.959459782845229],[2.492945874523183,48.959237013998141],[2.492302600347799,48.959036047205664],[2.49164429843305,48.958857428550068],[2.490972757652266,48.958701643382511],[2.490289802798806,48.958569115006007],[2.489597289633868,48.958460203526869],[2.488897099850784,48.958375204877555],[2.488191135969372,48.958314350013772],[2.487481316174142,48.958277804287789],[2.486769569110249,48.958265666999885],[2.486057828651275,48.95827797112883],[2.485348028652876,48.958314683242506],[2.484642097706506,48.958375703588558],[2.483941953907324,48.958460866365044],[2.483491695723555,48.958531790508772],[2.482994302868442,48.95838704874383],[2.482335925006828,48.958221627143558],[2.481665468868657,48.958078787472985],[2.480984719044738,48.957958909925935],[2.480787888404548,48.957931324397308],[2.480241245520701,48.957472425269913],[2.479779849361492,48.957105525749604],[2.479289602169446,48.956755229657141],[2.478771879873186,48.956422519744613],[2.478228135396883,48.956108329408757],[2.477659894583012,48.955813540075184],[2.477068751911738,48.95553897872837],[2.476456366028883,48.955285415594354],[2.475824455095017,48.955053561982687],[2.475174791968688,48.954844068293454],[2.474509199237226,48.95465752219517],[2.474097978584756,48.9545588552444],[2.47407470604536,48.954536076348397],[2.473647646227632,48.954161729458036],[2.473191584230955,48.953802527607358],[2.473039951883488,48.953695005456964],[2.472760623873966,48.9529347839214],[2.472572092393187,48.952475233973011],[2.472346903745436,48.952022897916542],[2.472085689819944,48.951579043133691],[2.471789183388762,48.951144913212303],[2.471458216044644,48.950721724463897],[2.471093715862894,48.950310662517978],[2.470696704793816,48.949912879002596],[2.470268295793147,48.949529488320309],[2.469809689698576,48.949161564528723],[2.469322171861172,48.948810138334167],[2.468807108541161,48.948476194206997],[2.468265943078244,48.948160667626411],[2.467700191847103,48.947864442462787],[2.467111440009536,48.947588348504318],[2.466501337075015,48.947333159135425],[2.465871592282134,48.947099589172929],[2.465223969813836,48.946888292866241],[2.464560283859738,48.946699862067149],[2.463882393539385,48.946534824574186],[2.463192197700518,48.946393642656332],[2.462491629606874,48.946276711759836],[2.461782651530302,48.946184359402345],[2.461067249262248,48.946116844256693],[2.460347426559838,48.946074355427527],[2.459625199542052,48.946057011922363],[2.458902591051534,48.946064862318799],[2.458181624997709,48.946097884628557],[2.457464320696941,48.94615598635913],[2.456752687225458,48.946239004772295],[2.456048717800737,48.946346707339409],[2.455459446123935,48.946447756785567],[2.452950174682514,48.946121678496908],[2.452242229233665,48.946042351211041],[2.451528932136339,48.94598764894743],[2.450812255940282,48.945957722982264],[2.450094182525255,48.945952656074049],[2.449376697628844,48.945972462234963],[2.44866178536369,48.946017086692322],[2.447951422739185,48.946086406039655],[2.447247574202649,48.946180228577667],[2.446552186214982,48.946298294843416],[2.445867181875674,48.946440278326925],[2.445194455611933,48.946605786372814],[2.444535867946501,48.946794361264644],[2.443893240358557,48.947005481488993],[2.442977155637501,48.947326518076082],[2.442557686678504,48.94727529298217],[2.442360743530289,48.947199244197797],[2.441714767573706,48.946979358028621],[2.441051939056198,48.946782433304797],[2.440374137487314,48.946609028383136],[2.43968328476888,48.946459634927798],[2.438981339752166,48.946334676518212],[2.438270292691048,48.946234507449773],[2.437552159606797,48.946159411730783],[2.436828976580375,48.946109602278248],[2.436102793988281,48.946085220315226],[2.43537567069818,48.946086334970943],[2.434649668240652,48.946112943084998],[2.433926844973443,48.946164969216525],[2.433209250254638,48.946242265857549],[2.432498918641165,48.946344613850734],[2.431797864128928,48.946471723009779],[2.431108074450794,48.946623232941015],[2.430431505448484,48.946798714063817],[2.429770075534205,48.946997668826832],[2.42912566025763,48.947219533116829],[2.428500086993547,48.947463677855922],[2.427895129765135,48.947729410783118],[2.427312504217488,48.948015978414503],[2.425642589727008,48.948883866303866],[2.425096021947323,48.949183452475111],[2.424573870807186,48.949501372536119],[2.424513510352138,48.949542162050072],[2.424348886300206,48.949493105336266],[2.423927939746373,48.949370123835251],[2.423267789046772,48.949190710904738],[2.422594302218093,48.949034274524784],[2.421909321089571,48.948901242496497],[2.421214718876151,48.948791978614992],[2.420512395062771,48.94870678167608],[2.41980427021738,48.948645884660174],[2.419092280746701,48.948609454096243],[2.418378373609051,48.948597589607054],[2.41766450099851,48.948610323637077],[2.416952615014887,48.948647621363961],[2.41624466233395,48.948709380793645],[2.415542578892363,48.948795433038804],[2.415392991550502,48.948819156822353],[2.415374788923597,48.948817577623551],[2.415058472077481,48.948667024899621],[2.414451920990055,48.948409326972389],[2.41382554604004,48.948173099058224],[2.41318109737613,48.947959001116516],[2.412520375569748,48.947767631273891],[2.411845226589506,48.947599524155393],[2.411157536649722,48.947455149393015],[2.410459226947328,48.947334910315398],[2.409752248301773,48.947239142822781],[2.409038575712767,48.947168114449923],[2.408320202851024,48.947122023619791],[2.407599136497213,48.947100999090082],[2.406877390944586,48.94710509959409],[2.406156982380786,48.947134313676806],[2.405439923264388,48.947188559726925],[2.404728216711793,48.947267686204462],[2.404023850910006,48.947371472063502],[2.403328793570807,48.947499627368757],[2.402644986441669,48.947651794104424],[2.401974339888685,48.947827547172878],[2.401318727566486,48.948026395580563],[2.400679981189981,48.948247783807787],[2.40005988542242,48.948491093358612],[2.391607627267029,48.952009603941718],[2.391033905947416,48.952261973744378],[2.390480267612766,48.952533105205319],[2.389948125558402,48.952822306341247],[2.38943883828451,48.953128839040083],[2.388953706029362,48.953451920942456],[2.37791053420672,48.961186049169562],[2.37744769390023,48.961527107270328],[2.377011783003579,48.961883219269609],[2.375884045354012,48.962854011167522],[2.370181723350961,48.963511424389736],[2.369371066532155,48.963621629082105],[2.368572034424886,48.963763963539172],[2.368315710278224,48.963820799085411],[2.368001414460601,48.963517551933556],[2.364538092611886,48.960359856133707],[2.364112815930767,48.959992349941189],[2.363659439878729,48.959639711336457],[2.363179161565251,48.959302871018771],[2.362673249026113,48.95898271797499],[2.362143037875039,48.958680097135883],[2.361589927777968,48.958395807148456],[2.361015378759272,48.958130598270685],[2.360420907349623,48.957885170393872],[2.359808082585674,48.957660171197759],[2.359178521872099,48.957456194443481],[2.358533886716819,48.957273778408805],[2.357875878350666,48.957113404469354],[2.357206233242964,48.956975495830207],[2.356526718524777,48.956860416410564],[2.355839127331861,48.956768469884722],[2.3551452740795,48.956699898882079],[2.35444698968162,48.956654884347635],[2.353746116726692,48.956633545065266],[2.353044504623075,48.956635937344714],[2.352344004726507,48.95666205487332],[2.35164646546248,48.956711828732502],[2.350953727456304,48.956785127579487],[2.350796573796695,48.95680726121757],[2.350666072651562,48.956586620266066],[2.35036586607439,48.956149534231116],[2.348648444329434,48.953816701673105],[2.348281055770031,48.953352554176661],[2.347873290881794,48.952903269056876],[2.347426531879979,48.952470368159183],[2.346942292949266,48.952055317795995],[2.343944128035179,48.949634569565013],[2.343471624449578,48.949273054120951],[2.342970686161908,48.948928547675088],[2.342442722805577,48.948602019302029],[2.341889219947774,48.948294387488275],[2.341311734909988,48.948006517551427],[2.340711892387869,48.947739219208998],[2.340091379882738,48.947493244303473],[2.339451942957543,48.947269284690179],[2.338795380330606,48.947067970293752],[2.338123538820831,48.946889867338726],[2.337438308158618,48.946735476758967],[2.336741615676897,48.94660523279083],[2.336035420897209,48.946499501753394],[2.335321710025915,48.946418581019749],[2.334602490375913,48.946362698181751],[2.333879784729458,48.946332010410899],[2.333155625657802,48.946326604016896],[2.332432049813521,48.946346494205237],[2.331711092211445,48.9463916250346],[2.330994780514176,48.946461869573874],[2.33028512933809,48.946557030258639],[2.329584134595789,48.946676839446042],[2.328893767890723,48.946820960166363],[2.328215970979672,48.946988987069581],[2.327552650318559,48.94718044756366],[2.326905671706792,48.947394803142068],[2.32627685504515,48.947631450896232],[2.325667969221857,48.94788972520913],[2.325080727141135,48.948168899625074],[2.324516780908184,48.948468188890423],[2.324301004316067,48.948595703863553],[2.323618674852834,48.948553274102949],[2.322901338025924,48.948533632063942],[2.322183425378813,48.948538849730419],[2.321466921132533,48.948568912681083],[2.320753805621516,48.948623737823503],[2.320046049828627,48.948703173623542],[2.319345609945849,48.94880700052353],[2.318654421975535,48.948934931548209],[2.317974396387021,48.949086613096881],[2.317307412843307,48.94926162591922],[2.316655315012223,48.949459486272602],[2.313732658170893,48.950408346223497],[2.313107182565663,48.950624821938938],[2.312499542843377,48.950862316201324],[2.311911365878253,48.951120193237529],[2.311344226511929,48.951397762700289],[2.310799643339871,48.951694281513952],[2.308854235176991,48.952810532732713],[2.308329417146136,48.952853692139229],[2.3076348267505,48.952934993469796],[2.306947536996927,48.953039809741178],[2.306269381763251,48.953167861275489],[2.305913281128268,48.953248423528983],[2.305744959396776,48.953240132780692],[2.305601081440474,48.953238044252927],[2.305607415941772,48.953219589336626],[2.305728910887477,48.952752305700493],[2.305812841773103,48.952281454220156],[2.305858976325133,48.951808343680469],[2.305867187342821,48.951334289111522],[2.305837453040313,48.950860608133212],[2.305769857095681,48.950388617292823],[2.305664588406878,48.949919628406008],[2.305521940555388,48.949454944911423],[2.305342310979214,48.9489958582489],[2.305126199857608,48.948543644271282],[2.304874208710774,48.948099559700125],[2.304587038718537,48.947664838634651],[2.304265488762759,48.947240689124008],[2.303910453199049,48.946828289812288],[2.303522919364026,48.946428786665301],[2.303103964825163,48.946043289788634],[2.302654754380913,48.945672870345291],[2.302176536819493,48.945318557582027],[2.301670641445408,48.944981335971988],[2.30113847438336,48.944662142482102],[2.30058151466987,48.944361863972347],[2.300001310143436,48.944081334734356],[2.299399473144677,48.943821334176192],[2.298777676038352,48.943582584659346],[2.298137646569693,48.943365749494255],[2.297481163067896,48.943171431099969],[2.296810049510028,48.943000169332478],[2.296126170459007,48.942852439987035],[2.295431425889655,48.942728653478106],[2.285536876854378,48.941148334444904],[2.274731856681426,48.938446519695205],[2.267692739647605,48.935527971683925],[2.265459730009192,48.933984369436232],[2.264904447365704,48.9336218773783],[2.264318585563485,48.933280920612042],[2.263704066064113,48.932962617061911],[2.263062904176885,48.932668010358476],[2.256019254720083,48.929624842631902],[2.251571930287762,48.926598286416443],[2.251017431405105,48.926241728140013],[2.250433126383451,48.925906476482886],[2.24982089826813,48.92559361156426],[2.240046981391817,48.920884569217449],[2.224480693577847,48.910617854262924],[2.222030859629034,48.908512140304047],[2.221522071753027,48.908100547977341],[2.220977330300176,48.907709462768395],[2.220398534202295,48.907340247430746],[2.215170646136489,48.904196629545488],[2.214676805993653,48.903913646437246],[2.214162955095575,48.903646598011775],[2.213630275524003,48.903396098453968],[2.213079992609786,48.903162723879724],[2.207572502644402,48.9009480349604],[2.206960312267062,48.900715948722791],[2.206330728395099,48.900505058488939],[2.205685437931638,48.900315929262],[2.205026169799692,48.900149067738823],[2.204354690315141,48.900004920954473],[2.203672798460254,48.89988387508614],[2.202982321070335,48.899786254420022],[2.202285107946301,48.899712320483815],[2.201583026906224,48.899662271347033],[2.200877958788941,48.89963624109123],[2.200171792423077,48.899634299451257],[2.199466419574814,48.899656451628751],[2.198763729887862,48.899702638278207],[2.198065605829064,48.899772735665735],[2.197373917653081,48.899866556000056],[2.196690518399548,48.899983847934884],[2.196017238935978,48.900124297241241],[2.195355883059635,48.900287527648167],[2.194708222671372,48.900473101849336],[2.194075993034303,48.900680522672893],[2.193460888129907,48.900909234411806],[2.192864556123971,48.90115862431059],[2.192288594954413,48.901428024204847],[2.191734548052791,48.901716712309259],[2.191203900210892,48.90202391514908],[2.190698073603456,48.902348809629963],[2.190218423977669,48.902690525240999],[2.189766237019616,48.903048146384535],[2.189342724907428,48.903420714827121],[2.188949023060395,48.903807232264455],[2.188586187092738,48.904206662994163],[2.188255189980278,48.904617936688624],[2.187956919447596,48.90503995126091],[2.185701252746994,48.908459726946958],[2.185437788257247,48.908889031096614],[2.185208196739968,48.909326705831624],[2.185013087817141,48.909771590650585],[2.184852979722146,48.910222505905907],[2.184728297916785,48.910678255930478],[2.184639373953832,48.91113763220698],[2.184586444588197,48.911599416571796],[2.184569651139161,48.912062384444674],[2.184589039105501,48.912525308075757],[2.184644558034627,48.912986959801337],[2.184736061646153,48.913446115299713],[2.184863308209733,48.913901556838574],[2.185025961176233,48.91435207650516],[2.185223590060675,48.914796479410725],[2.185455671574733,48.915233586860722],[2.185721591005844,48.915662239482444],[2.186020643839387,48.916081300301528],[2.186177380732459,48.916274439074471],[2.185981081544856,48.916726161974132],[2.185818824641339,48.917191629948668],[2.185694289434854,48.917662118487563],[2.185607828180819,48.918136300659214],[2.185559685776976,48.918612839080183],[2.185549999061042,48.919090389686403],[2.185578796412936,48.919567605523731],[2.185645997662798,48.920043140547001],[2.185751414305221,48.920515653416999],[2.185894750019214,48.920983811284408],[2.186075601492565,48.921446293550304],[2.186293459548401,48.921901795592404],[2.186547710570911,48.922349032446789],[2.186837638226308,48.92278674243417],[2.187162425474276,48.923213690721177],[2.187521156864391,48.923628672805911],[2.187912821111039,48.924030517918389],[2.188336313939732,48.924418092325979],[2.188790441196812,48.924790302534547],[2.189273922213843,48.925146098376345],[2.189747407240785,48.925459345423846],[2.189627899839378,48.925845592398211],[2.189521980595129,48.926311324345747],[2.189462785852987,48.926714777913674],[2.189322426514963,48.927045669394793],[2.189165244277022,48.927509476702134],[2.188833758609042,48.928625449541663],[2.186815049184783,48.931612365544105],[2.186540166675461,48.932049677516531],[2.186300584687996,48.932495912619046],[2.186096967791015,48.932949834750616],[2.185929880974761,48.93341018648556],[2.185799788076204,48.933875692555404],[2.185707050483789,48.934345063380313],[2.185651926125548,48.934816998640741],[2.185634568743457,48.935290190878995],[2.185655027456221,48.935763329121066],[2.185713246611785,48.93623510250854],[2.185809065930121,48.936704203930461],[2.185942220936013,48.937169333645514],[2.186112343680781,48.937629202883691],[2.186318963751056,48.93808253741831],[2.186561509561923,48.938528081097907],[2.186839309930977,48.93896459932833],[2.187151595929029,48.93939088249558],[2.187497503002424,48.939805749319611],[2.187876073361196,48.940208050129812],[2.188286258626514,48.94059667005331],[2.188726922730154,48.94097053210691],[2.189096874059506,48.941252425570028],[2.189225861666287,48.941448359543479],[2.189091250156376,48.941450385776193],[2.188375299781056,48.941486034257252],[2.187663183511595,48.941546426182711],[2.186956870307928,48.941631394569733],[2.186258313109585,48.9417407044809],[2.18556944344384,48.941874053672926],[2.184892166092611,48.942031073431203],[2.184228353832737,48.942211329587792],[2.183579842264127,48.942414323720243],[2.182948424739914,48.942639494527988],[2.182335847412633,48.942886219382181],[2.181743804409987,48.94315381604526],[2.18117393315349,48.94344154455495],[2.180640357253658,48.943741554392332],[2.180401775778948,48.94367975855539],[2.179720973677239,48.943530115732422],[2.179029176804206,48.943404243931759],[2.178328296330945,48.943302490884356],[2.177620268484184,48.943225137689453],[2.176907049205065,48.943172398039053],[2.176190608753864,48.943144417628567],[2.175472926275461,48.943141273754762],[2.174755984340464,48.94316297510273],[2.174041763476933,48.943209461721786],[2.173332236707714,48.943280605190871],[2.172629364108332,48.943376208972865],[2.171935087400389,48.943496008956608],[2.171251324595267,48.943639674185626],[2.170579964702833,48.943806807770969],[2.169922862519676,48.943996947986236],[2.169281833511147,48.944209569541258],[2.168658648801301,48.944444085031442],[2.168055030284436,48.944699846558372],[2.16747264587174,48.944976147517423],[2.166913104886066,48.945272224547708],[2.164502194436281,48.9466180556064],[2.163966641512714,48.946933311132682],[2.163456995116302,48.947266680016519],[2.162974665860771,48.947617239868073],[2.162520988858494,48.947984020714053],[2.162097220024005,48.948366007678935],[2.161704532595517,48.948762143790454],[2.16134401388414,48.94917133290172],[2.161016662259795,48.949592442721901],[2.160723384382236,48.950024307947253],[2.160464992684903,48.950465733483362],[2.160242203118654,48.950915497750564],[2.160055633161675,48.951372356062521],[2.159905800101209,48.951835044069242],[2.15979311959193,48.952302281254909],[2.159717904495074,48.95277277448055],[2.159680364001661,48.953245221562227],[2.159680603042341,48.9537183148745],[2.15971862198563,48.95419074496936],[2.159794316625487,48.954661204200555],[2.159907478458411,48.95512839034339],[2.160057795249401,48.955591010199733],[2.160244851885329,48.956047783178555],[2.160468131513512,48.956497444841908],[2.160727016962416,48.956938750406373],[2.161020792440686,48.957370478190597],[2.161348645509901,48.957791432999159],[2.161709669325684,48.958200449433242],[2.162102865141035,48.958596395119272],[2.164176206832999,48.960568822577635],[2.164489025347392,48.961122661013917],[2.164403364672305,48.962997335944628],[2.164400406386707,48.963463016436364],[2.164434065809033,48.963928173112976],[2.164473538506419,48.964188775848491],[2.164290861642955,48.964503722473211],[2.164077518277577,48.964935875578952],[2.163897600389408,48.965374572657716],[2.163751568206041,48.96581869359634],[2.163639795466898,48.966267104405553],[2.163562568460367,48.966718660114672],[2.163558748140848,48.966759445925263],[2.162736639898568,48.968302973533667],[2.162537718419802,48.968706708798969],[2.162367952585815,48.969116173917193],[2.16222772126677,48.969530456741076],[2.162117337564378,48.969948634370333],[2.162037048108332,48.970369775206954],[2.16201429397911,48.970517209005443],[2.160037288989072,48.972528452476887],[2.156816730453998,48.974459978176064],[2.156382716560744,48.974731963884416],[2.156114872311328,48.974915211338413],[2.150229586030649,48.976851436124157],[2.149608494784283,48.977069080767635],[2.149098588282613,48.977270596671268],[2.145092126959983,48.977780011942954],[2.144324276791001,48.977892814703644],[2.143567561270229,48.978034522807214],[2.142824489129398,48.978204666457628],[2.13845563567901,48.979298706745865],[2.12625184150052,48.980113716378561],[2.125501311236278,48.980177666345078],[2.124757310210425,48.980268870194003],[2.124022120512659,48.980387048171877],[2.123297997246987,48.980531837784227],[2.122587161624291,48.980702794905923],[2.121891794158075,48.980899395141499],[2.121214027984118,48.981121035431542],[2.119840178490389,48.981601965553367],[2.119247267229068,48.981822157624329],[2.118671751933225,48.982061514396918],[2.118115061315562,48.982319441760858],[2.117578577424942,48.982595299502826],[2.1170636322175,48.982888402893678],[2.11657150425131,48.983198024386091],[2.116103415512784,48.983523395418452],[2.115660528382713,48.983863708320612],[2.113356395333961,48.985726077856782],[2.113021398443161,48.985867928169498],[2.112441230127526,48.98614285397425],[2.111883699829166,48.986437373476001],[2.111350333796492,48.98675068061673],[2.110842592223003,48.987081917905066],[2.110361865250654,48.987430178760455],[2.109909469163877,48.987794509991993],[2.109486642784661,48.988173914404548],[2.10909454407856,48.988567353525688],[2.108734246980954,48.98897375044556],[2.108406738452299,48.989391992762236],[2.10811291577045,48.989820935624323],[2.107853584067571,48.990259404862591],[2.107629454118393,48.990706200202183],[2.107441140386009,48.991160098546544],[2.107289159330602,48.991619857323975],[2.107173927985869,48.992084217888028],[2.107095762807122,48.992551908962056],[2.107054878794323,48.99302165011877],[2.107051388892607,48.993492155285182],[2.107085303672002,48.993962136263342],[2.107156531287392,48.994430306257279],[2.107264877718907,48.994895383396511],[2.10861070154848,48.999809576101711],[2.108285715971353,48.999834655471503],[2.107581946714612,48.999913662223207],[2.106885405922396,49.000016738989899],[2.10619799358075,49.000143604604595],[2.093525889647643,49.002718199736748],[2.092898030991707,49.002856767935555],[2.092281108012432,49.003015180287903],[2.092227630869016,49.003029903776408],[2.092215249394783,49.003021519935025],[2.091693694215923,49.002703296795715],[2.091147687227589,49.002403355010571],[2.090578707214088,49.002122506720916],[2.088904402135227,49.001339995493097],[2.088832098195881,49.000899356245789],[2.088718473676038,49.000435511918162],[2.088568184269511,48.999976205218239],[2.088381641193052,48.999522689939596],[2.088159354588776,48.999076204035696],[2.087901932121929,48.998637966241915],[2.087610077313056,48.998209172750471],[2.087284587609207,48.997790993946978],[2.086926352199538,48.997384571217985],[2.08653634958136,48.996991013837558],[2.086115644883326,48.996611395942132],[2.085665386953159,48.996246753601035],[2.085186805217887,48.995898081991413],[2.084681206325213,48.99556633268466],[2.084149970575207,48.99525241105205],[2.08359454815208,48.994957173796479],[2.083016455166306,48.99468142661712],[2.082417269517913,48.994425922013079],[2.081798626592195,48.994191357232509],[2.081162214799555,48.993978372372077],[2.08050977097162,48.99378754863254],[2.079843075626121,48.993619406734815],[2.079163948113401,48.993474405501004],[2.07558948942476,48.99277851532382],[2.074893378239104,48.992656017137925],[2.07418842487666,48.992557832737546],[2.073476588691457,48.992484235017891],[2.072759848137959,48.992435428536666],[2.072040195280452,48.992411548946258],[2.071319630264898,48.992412662617312],[2.070600155768484,48.992438766454477],[2.069883771442217,48.992489787905093],[2.069172468361845,48.992565585160449],[2.068468223502435,48.992665947549391],[2.067772994251832,48.992790596123008],[2.067088712978154,48.992939184428828],[2.066417281666291,48.993111299472318],[2.065760566638216,48.993306462863316],[2.065120393371706,48.993524132143747],[2.064498541431768,48.9937637022934],[2.063896739528778,48.994024507409414],[2.063316660717008,48.9943058225548],[2.062759917746837,48.994606865771068],[2.062228058583508,48.994926800249111],[2.061722562104847,48.995264736652707],[2.061244833989909,48.995619735587987],[2.060796202809954,48.995990810211858],[2.060377916332614,48.996376928972815],[2.060126192700638,48.996637316692201],[2.060061017207488,48.996626983793398],[2.059933501772773,48.99653089721901],[2.059439165294835,48.996195313316349],[2.058919004959471,48.995877080857184],[2.058374425827958,48.995577059187475],[2.057806898822667,48.995296058463595],[2.057217956755486,48.995034837467024],[2.056609190190142,48.994794101557893],[2.055982243149566,48.994574500772686],[2.055338808679859,48.994376628071208],[2.048255718628307,48.992343934712942],[2.047596543180508,48.992168027973861],[2.046924354663729,48.992014928956017],[2.046240973794342,48.991885052335029],[2.045548251557913,48.991778749884979],[2.044848064202543,48.991696309526759],[2.044142308164304,48.99163795454956],[2.043432894938405,48.9916038430068],[2.042721745909886,48.991594067288737],[2.042010787157739,48.991608653872682],[2.041301944246416,48.991647563251256],[2.040597137018712,48.991710690039298],[2.039898274404026,48.991797863258881],[2.039207249255953,48.991908846801749],[2.038525933233091,48.992043340067809],[2.037856171736799,48.992200978778236],[2.037199778919548,48.992381335960644],[2.036884466227501,48.992480952469244],[2.034580310165041,48.992530713860162],[2.034157080408377,48.992195908079587],[2.033677136301923,48.991836156262174],[2.03316878525788,48.991493720581836],[2.032633468114076,48.991169571265367],[2.032072702024314,48.990864626711783],[2.031488076159329,48.990579750893168],[2.030881247204916,48.990315750909588],[2.030253934669938,48.99007337470514],[2.029607916017486,48.989853308951602],[2.02894502163295,48.989656177105545],[2.028267129643156,48.989482537644228],[2.027576160601234,48.989332882485733],[2.026874072052121,48.989207635597168],[2.026162852994065,48.989107151795309],[2.025444518251676,48.989031715742847],[2.024721102776362,48.988981541143175],[2.023994655890208,48.9889567701358],[2.023267235489429,48.988957472894327],[2.022540902223744,48.988983647427879],[2.021817713668005,48.989035219586867],[2.021099718502462,48.989112043272584],[2.020388950718039,48.989213900850565],[2.019687423862898,48.989340503766265],[2.01899712534647,48.989491493361157],[2.018320010816971,48.989666441887579],[2.017657998628239,48.989864853718643],[2.007303225802936,48.993189361990559],[2.006669481853665,48.993406464820758],[2.006053842906587,48.993645065442742],[2.005457991539362,48.993904511833641],[2.004883556328357,48.994184094995752],[2.004332107400674,48.994483050891688],[2.003805152144893,48.994800562529761],[2.003304131092207,48.995135762194209],[2.002830413979196,48.995487733813924],[2.002385296002983,48.995855515463376],[2.001969994279018,48.996238101988929],[2.001585644511192,48.9966344477535],[2.001233297883396,48.99704346949185],[2.000913918181086,48.997464049268892],[2.000628379150749,48.99789503753307],[1.999202907359504,49.000209894501339],[1.998957743291398,49.000639132980744],[1.998781258929768,49.001003545566],[1.997132656688875,49.002323909709226],[1.994830314268762,49.003844730006456],[1.994384965458429,49.004153150434902],[1.993962281812391,49.004475081882113],[1.993563209491047,49.004809804032782],[1.986844889463381,49.010726976213377],[1.982385878665656,49.010131147268197],[1.981718759803041,49.01005326098791],[1.981046595118047,49.009997212616781],[1.980371035239702,49.009963139794657],[1.979693739121589,49.009951126195141],[1.979016369974288,49.009961201320252],[1.978340591187434,49.009993340428345],[1.977668062251342,49.010047464594471],[1.972135989181026,49.010584377171718],[1.971403135757182,49.010668948840269],[1.970678360444679,49.010779621992533],[1.969963809609047,49.010916068879389],[1.969261599383119,49.011077885422196],[1.968573809408704,49.01126459240777],[1.967902476685525,49.011475636905693],[1.967249589545509,49.011710393903392],[1.966617081770191,49.011968168154823],[1.96600682686853,49.012248196236669],[1.965420632532054,49.012549648806555],[1.964860235283624,49.012871633056236],[1.96432729533568,49.013213195352748],[1.964178751685597,49.013313722974281],[1.962876049286508,49.013776746737172],[1.962162444491602,49.013573377029516],[1.961501777395212,49.013398389168877],[1.960828155610322,49.013246268991324],[1.960143406871724,49.013117429229972],[1.959449389058237,49.01301221945068],[1.958747985158779,49.012930925105046],[1.958041098170834,49.012873766756982],[1.957330645945039,49.012840899485163],[1.956618555989781,49.012832412462949],[1.955906760249808,49.012848328716743],[1.955197189872884,49.012888605063651],[1.954491769978597,49.012953132228425],[1.95379241444339,49.013041735139581],[1.953101020715868,49.013154173403585],[1.95241946467632,49.013290141956226],[1.951749595554324,49.013449271889101],[1.951093230918113,49.013631131449102],[1.950452151749203,49.013835227208205],[1.949828097615576,49.014061005400492],[1.949222761956422,49.014307853422565],[1.948637787491175,49.014575101493691],[1.948074761765241,49.014862024470759],[1.947725647381893,49.015059905152064],[1.947419478006478,49.015009766681885],[1.946718262922331,49.014920223234682],[1.946428544297708,49.014893465024734],[1.945534589712174,49.014491443138915],[1.944935952693955,49.014237026138282],[1.944317976053612,49.01400347438554],[1.943682339084254,49.013791422455377],[1.943030768996139,49.013601446499095],[1.942365036228176,49.013434062681206],[1.941686949642811,49.013289725778982],[1.940998351617262,49.013168827948483],[1.940301113044367,49.013071697660607],[1.93959712825654,49.012998598809915],[1.938888309886524,49.012949729998759],[1.93817658367881,49.012925223998366],[1.937463883265702,49.012925147388778],[1.936752144922121,49.012949500378141],[1.936043302313296,49.012998216802131],[1.935339281249466,49.013071164303511],[1.934641994461777,49.013168144691164],[1.933953336413436,49.013288894477803],[1.933275178160113,49.013433085594741],[1.932609362273444,49.013600326282052],[1.931957697841379,49.013790162151388],[1.931321955558785,49.014002077418866],[1.930703862921657,49.014235496304529],[1.930105099537838,49.014489784594758],[1.929527292566984,49.014764251363196],[1.928972012302063,49.015058150845782],[1.92844076790439,49.015370684464592],[1.927935003303727,49.015701002995307],[1.92745609327457,49.016048208872149],[1.927005339699292,49.016411358624261],[1.926583968028281,49.016789465436908],[1.92619312394671,49.017181501830457],[1.92121077436696,49.022474312302698],[1.914777090655655,49.027381730610877],[1.914284859508852,49.027779533337643],[1.914283006840932,49.027781218410169],[1.914105535039016,49.027864292548074],[1.91353584223335,49.028162225311263],[1.909204011631793,49.030553923845758],[1.908665737931671,49.030867316731751],[1.90815325083034,49.031198876592356],[1.907667966935906,49.031547687246686],[1.907211227769241,49.031912784827703],[1.906784296054719,49.032293160443054],[1.906388352227591,49.032687762960236],[1.906149002115284,49.032955977088754],[1.905997100743996,49.03277325809637],[1.905622400792544,49.03237362168889],[1.90521649454799,49.031987388013924],[1.904780488916021,49.031615609695216],[1.904315572756407,49.031259299939485],[1.903823013639241,49.030919429777562],[1.903304154387721,49.03059692542076],[1.902760409416936,49.030292665739232],[1.902193260878623,49.030007479869553],[1.901604254622409,49.029742144957773],[1.900994995984526,49.029497384044191],[1.900367145415462,49.029273864095373],[1.89972241395838,49.029072194189048],[1.899062558590644,49.02889292385656],[1.897700773712225,49.028550022511865],[1.897631044571064,49.028387557406454],[1.897408907671654,49.027955223225845],[1.897153704935963,49.027530856236197],[1.89686609436603,49.027115549281085],[1.895346429994213,49.025060940079229],[1.895330581303627,49.024993640894664],[1.895407998672451,49.019821281843555],[1.895396211782862,49.019349136616334],[1.895346755720295,49.01887804918794],[1.895259767894356,49.018409318701053],[1.895135489201043,49.017944237765064],[1.894974263347403,49.017484088892289],[1.894776535892996,49.01703014096212],[1.894542853010936,49.016583645723159],[1.89427385997204,49.016145834343057],[1.893970299356337,49.015717914015298],[1.893633008997023,49.015301064632332],[1.893262919662575,49.014896435534403],[1.892861052483522,49.01450514234277],[1.892428516131025,49.014128263886086],[1.891966503755113,49.013766839228452],[1.891476289691069,49.013421864807277],[1.890959225943065,49.013094291688681],[1.890416738454793,49.012785022948187],[1.88985032317736,49.012494911183673],[1.889261541945293,49.012224756167569],[1.888652018172025,49.011975302644601],[1.888023432376675,49.011747238281274],[1.887377517554441,49.011541191772508],[1.886716054403301,49.011357731110856],[1.886040866420141,49.011197362022749],[1.885681690894344,49.011125828025435],[1.885670629297878,49.01111738330313],[1.885178228946138,49.010778854619694],[1.88465969778933,49.010457654905196],[1.884116443568015,49.010154655896919],[1.883549941041542,49.009870679921235],[1.882961727985886,49.009606497664436],[1.882353401021511,49.009362826083589],[1.881726611282546,49.009140326463161],[1.881083059938994,49.008939602622725],[1.880424493584054,49.008761199280372],[1.879752699499059,49.008605600576509],[1.879069500808761,49.008473228761765],[1.878376751540074,49.008364443052834],[1.877676331597566,49.008279538658918],[1.876970141669269,49.008218745981807],[1.876260098076512,49.008182229991661],[1.875548127581662,49.00817008977981],[1.87483616216775,49.008182358290497],[1.874126133804041,49.00821900223135],[1.87341996921164,49.008279922163787],[1.873271313313549,49.008297970187733],[1.868635527108189,49.006389692462832],[1.867990747239815,49.006140137299298],[1.867326185032287,49.005914160279168],[1.866643830591624,49.005712438048043],[1.865945727223162,49.005535574618051],[1.86523396531981,49.005384099561716],[1.864510676110343,49.005258466428401],[1.863778025286309,49.005159051388318],[1.863038206526529,49.005086152107687],[1.860931563169005,49.004917179713637],[1.860220491192799,49.004872507537115],[1.859506843559948,49.004852332663347],[1.858792568473012,49.004856710169534],[1.858079615844784,49.004885628105121],[1.857369931983468,49.00493900752442],[1.856665454287611,49.005016702701766],[1.855968105965173,49.005118501528848],[1.855279790791046,49.005244126092762],[1.854602387917202,49.005393233433828],[1.853937746749571,49.005565416480366],[1.853287681905508,49.005760205158602],[1.852653968265551,49.005977067674124],[1.852038336132868,49.006215411961918],[1.851442466513566,49.006474587300552],[1.850867986530666,49.006753886086543],[1.850316464984211,49.007052545763905],[1.849789408069597,49.007369750903585],[1.849288255265773,49.007704635427331],[1.848814375404528,49.00805628496979],[1.848369062931591,49.008423739372475],[1.847953534369738,49.008805995302879],[1.84756892499362,49.009202008991522],[1.847216285725368,49.00961069907958],[1.846896580259554,49.010030949569298],[1.846610682425342,49.010461612869172],[1.846359373793173,49.010901512925663],[1.846143341532517,49.01134944843286],[1.84596317652668,49.01180419611137],[1.845819371749882,49.012264514047452],[1.845712320911137,49.012729145083526],[1.845642317368755,49.013196820250464],[1.845609553318531,49.013666262232491],[1.845614119257957,49.014136188855439],[1.845656003728036,49.014605316588288],[1.845735093333537,49.015072364049068],[1.845851173041736,49.015536055505244],[1.846003926758953,49.015995124358675],[1.846192938183453,49.01644831660645],[1.846417691932439,49.016894394267339],[1.8464969051896,49.017027821194489],[1.846495547791074,49.017046711713874],[1.846496623809875,49.017485820667645],[1.84653029136421,49.017924371296409],[1.846596470986733,49.018361317733948],[1.846695005664451,49.018795617914762],[1.84682566120544,49.019226236059566],[1.847030994339123,49.019826231858914],[1.846781605433946,49.020169984307302],[1.846510005929707,49.020600411024489],[1.846272673928204,49.021039513669024],[1.846070247679148,49.021486112987105],[1.845903271734299,49.021939009562757],[1.845772195475923,49.022396987037631],[1.845677371900297,49.022858815376765],[1.845619056659684,49.02332325417121],[1.845597407365412,49.023789055969019],[1.845612483154074,49.024254969625382],[1.845664244518091,49.024719743663049],[1.845710381638461,49.025025135666901],[1.845469385741904,49.025091505035853],[1.844834234646938,49.025292308629112],[1.844215654841479,49.025514363706272],[1.843615289092293,49.025757080620799],[1.843034731866327,49.026019814852333],[1.842475525099554,49.026301868716082],[1.841939154104436,49.026602493213176],[1.841427043626776,49.026920890017394],[1.840940554062441,49.027256213592686],[1.840480977843978,49.027607573436264],[1.84004953600671,49.027974036440995],[1.839647374943456,49.028354629371087],[1.839275563356491,49.028748341444413],[1.838935089414893,49.029154127014692],[1.838626858124839,49.02957090834645],[1.838351688919925,49.02999757847531],[1.838110313477917,49.030433004146197],[1.837903373769852,49.030876028821588],[1.837731420346711,49.031325475751792],[1.837594910868317,49.031780151099298],[1.837494208878452,49.032238847108765],[1.837429582829541,49.032700345314161],[1.837401205359604,49.033163419774894],[1.837409152823485,49.033626840331884],[1.837453405079728,49.03408937587546],[1.837533845533773,49.034549797615739],[1.837650261437452,49.035006882347574],[1.837802344444116,49.035459415700601],[1.838587845203074,49.037540498223912],[1.838777581950559,49.03799241360818],[1.839002890758713,49.038437212344938],[1.839263159940872,49.038873685080354],[1.839557682705019,49.039300645069275],[1.839885659067138,49.039716931403667],[1.840246198018729,49.040121412171118],[1.840638319942659,49.040512987534584],[1.841060959270855,49.040890592725326],[1.841512967376676,49.041253200940517],[1.841993115694143,49.041599826137819],[1.842500099055588,49.041929525719233],[1.843032539238658,49.04224140309703],[1.84358898871308,49.04253461013429],[1.844167934576946,49.042808349454084],[1.844662898255564,49.043017540398715],[1.846048237171888,49.044651049817126],[1.847764474148528,49.050782029167017],[1.847924359496684,49.051275041023239],[1.848126031497298,49.05176138831952],[1.848397629233573,49.052350712606291],[1.84775108612945,49.052296135459088],[1.847046797236107,49.052260838535645],[1.846340675743473,49.052249477159627],[1.845634603074818,49.052262081603551],[1.844930460523524,49.052298618282684],[1.844230124248274,49.052358989844372],[1.843535460281813,49.052443035427018],[1.842848319566477,49.052550531088045],[1.84217053302963,49.052681190399852],[1.841503906712009,49.052834665211819],[1.840850216961899,49.053010546576623],[1.840211205707819,49.053208365838557],[1.839588575822263,49.053427595880422],[1.838983986588772,49.053667652526379],[1.838399049284323,49.053927896096411],[1.837835322888801,49.054207633108859],[1.837294309932887,49.054506118126035],[1.836777452495424,49.054822555738312],[1.835392458927531,49.055715450821751],[1.834917472458077,49.056037320757348],[1.834467485548516,49.056374350994624],[1.834043617331457,49.056725703686276],[1.833860962152699,49.056893674535331],[1.833728033412734,49.056947616562184],[1.833133796663435,49.057202981992376],[1.832560511717973,49.057478260610857],[1.832009722174391,49.057772711366596],[1.831482911148494,49.058085541584738],[1.830981497281887,49.058415909098073],[1.830506830922546,49.058762924511633],[1.83006019048821,49.059125653594734],[1.829642779022371,49.059503119793497],[1.829255720952172,49.059894306857515],[1.828900059056941,49.060298161573606],[1.82857675165558,49.060713596599044],[1.828286670020421,49.061139493387046],[1.828030596024581,49.061574705196385],[1.827809220029201,49.062018060177074],[1.827623139016347,49.06246836452415],[1.827472854972695,49.062924405690609],[1.827358773528421,49.063384955651202],[1.827281202855087,49.063848774208239],[1.827240352825577,49.064314612330485],[1.827236334438455,49.064781215516142],[1.827261187569986,49.065134127488847],[1.826011013964496,49.066203942884577],[1.825714124488495,49.066308326833422],[1.825017561795458,49.06657078443066],[1.824345618994792,49.066859631840785],[1.823700609152324,49.067173874911553],[1.823467711507594,49.067301907551794],[1.823130298097066,49.067306699103263],[1.823098209433402,49.067307179479123],[1.8213997340925,49.067333903412276],[1.820438208221495,49.066706155994211],[1.81992741227256,49.066389363301049],[1.819392556383061,49.066090207702011],[1.818835049594709,49.06580947709223],[1.818256360531607,49.065547910828641],[1.817658013533453,49.065306197784949],[1.817041584642965,49.065084974539708],[1.816408697458014,49.06488482370191],[1.815761018859373,49.064706272378487],[1.815100254625259,49.064549790788242],[1.814428144944177,49.064415791024992],[1.813746459837805,49.064304625973897],[1.81364633617711,49.064291841482742],[1.81364710269135,49.064266444341186],[1.813622960190018,49.063789498656099],[1.813560344244581,49.063314066140244],[1.813459432278241,49.062841485937724],[1.813320509561386,49.062373089124009],[1.813143968396551,49.061910194957498],[1.812930307002307,49.061454107164884],[1.812680128099324,49.061006110270505],[1.812394137202755,49.060567465980249],[1.812073140625821,49.060139409629947],[1.811718043200339,49.059723146708379],[1.811329845720723,49.059319849464657],[1.810909642118693,49.058930653609309],[1.810458616376785,49.058556655118707],[1.809978039189349,49.058198907151272],[1.80946926438053,49.057858417084745],[1.808933725089335,49.057536143682114],[1.808530701066274,49.057318281516118],[1.80832616243786,49.05712360311589],[1.807888807769742,49.056750700563825],[1.807705198308923,49.056610037920443],[1.807633301782169,49.056395586321699],[1.807441576077523,49.055939421656369],[1.807213600797141,49.055490517906307],[1.806950008303549,49.055050118425747],[1.806651529555737,49.054619442984475],[1.806318992075879,49.054199684391186],[1.805953317649426,49.053792005191831],[1.805555519765011,49.053397534452237],[1.805126700801357,49.053017364633369],[1.804668048969016,49.052652548568354],[1.804180835015481,49.052304096549371],[1.803666408702813,49.051972973532415],[1.803126195067591,49.051660096467835],[1.802561690473531,49.051366331763674],[1.801974458467732,49.051092492889246],[1.801366125451973,49.05083933812498],[1.800738376181072,49.050607568465395],[1.800092949100697,49.050397825680314],[1.799431631537507,49.050210690540162],[1.798756254754879,49.050046681209942],[1.795327752229414,49.049280800572426],[1.794685035867987,49.049148719757362],[1.794033212403638,49.049037585678683],[1.793373860652441,49.048947667517773],[1.792708577636803,49.048879183067058],[1.792038974722942,49.048832298203273],[1.7913666737239,49.04880712648626],[1.790016751959858,49.048778459335963],[1.789572827803376,49.048628610048702],[1.788931010151937,49.048438707737027],[1.788275186215784,49.048270753089511],[1.787607091545472,49.048125190553833],[1.786928494114319,49.048002405319551],[1.786241189645976,49.047902722300194],[1.785546996869132,49.04782640527479],[1.784847752711788,49.047773656190763],[1.784145307447756,49.047744614630432],[1.779967029898625,49.047642631405921],[1.779205745289827,49.047637970031587],[1.778445244750232,49.047661151282817],[1.777687882771555,49.047712103389195],[1.776936004143687,49.04779066860003],[1.776191936706349,49.04789660367183],[1.775457984152827,49.048029580620529],[1.775053741301414,49.048118998050676],[1.77467008510783,49.048085834976554],[1.773964084783755,49.048049106096251],[1.773256139246391,49.048036440496524],[1.77254814511322,49.048047872109962],[1.771841999131707,49.048083370309989],[1.771139593105738,49.048142839992806],[1.770442808835196,49.048226121831803],[1.769753513082112,49.048332992703806],[1.769073552576825,49.048463166285984],[1.768862549529863,49.048511477505102],[1.768682095211173,49.048511361453578],[1.767958595730651,49.048536105676725],[1.76723810274209,49.04858598902716],[1.766522636166493,49.048660871652835],[1.765814201854984,49.048760543613398],[1.765114785973728,49.048884725467936],[1.764779056759025,49.048957068652371],[1.76481637324308,49.048737756541456],[1.764858599338148,49.0482694833333],[1.76486361417422,49.047800399628194],[1.764831405110288,49.047331782157222],[1.764762060815298,49.046864906349732],[1.764655771015884,49.046401042862115],[1.764512825969235,49.045941454120232],[1.764333615662597,49.045487390884261],[1.764118628741755,49.045040088845965],[1.763868451171473,49.044600765266964],[1.763583764631687,49.044170615667674],[1.763265344653871,49.043750810575723],[1.762914058502776,49.043342492342482],[1.762530862809361,49.042946772036643],[1.762116800961437,49.04256472642313],[1.761673000259207,49.042197395035537],[1.761200668843463,49.041845777349906],[1.760701092404853,49.041510830067878],[1.760175630683209,49.041193464516162],[1.759625713766483,49.040894544169461],[1.759052838199327,49.040614882303835],[1.75845856291195,49.0403552397865],[1.757844504980279,49.040116323008199],[1.757212335228941,49.039898781963764],[1.756563773688971,49.039703208485982],[1.755900584922584,49.039530134637602],[1.755224573227624,49.0393800312658],[1.754537577734715,49.039253306722891],[1.753841467410317,49.039150305757218],[1.753138135979239,49.039071308576318],[1.752429496780309,49.039016530085988],[1.751717477569076,49.038986119306315],[1.751004015281621,49.038980158967021],[1.750291050773566,49.038998665282612],[1.750150473149171,49.039007157852133],[1.749817674450147,49.038933419400067],[1.749121617303918,49.038805672917533],[1.748416271313978,49.038702272570596],[1.747703604863447,49.038623506914817],[1.746985606732611,49.038569595757544],[1.746264280557258,49.038540689545343],[1.745541639245898,49.038536868944853],[1.744819699371294,49.038558144617959],[1.744100475551857,49.038604457192079],[1.743385974838445,49.038675677425665],[1.734659590899103,49.039700879703489],[1.732537140580637,49.038324331121302],[1.732023036326452,49.038007641764565],[1.731484815762712,49.037708775452479],[1.730923906892203,49.037428524926341],[1.730341797823512,49.037167633537393],[1.729740032825108,49.03692679327736],[1.729120208231386,49.036706642945319],[1.728483968211539,49.036507766455493],[1.727833000412399,49.03633069129053],[1.727169031486769,49.036175887104243],[1.726493822519043,49.036043764477739],[1.725809164360167,49.035934673832017],[1.725116872884227,49.035848904499744],[1.724418784179197,49.035786683959053],[1.723716749684453,49.035748177231135],[1.723012631287908,49.035733486443149],[1.722308296395642,49.035742650557829],[1.721605612987016,49.035775645270235],[1.720906444668268,49.035832383072126],[1.720212645737631,49.035912713483768],[1.719526056274926,49.036016423452367],[1.718848497268599,49.03614323791637],[1.718181765792976,49.036292820533902],[1.717527630248497,49.036464774573581],[1.716887825677398,49.036658643965275],[1.716264049167247,49.036873914507986],[1.71565795535441,49.037110015232003],[1.715071152039332,49.037366319911129],[1.714505195925188,49.037642148721766],[1.71396158849116,49.037936770043622],[1.713441772011286,49.038249402398151],[1.713079855427746,49.03849071727641],[1.712596444593848,49.038516127778571],[1.711877079338316,49.038579329789087],[1.711163824209471,49.038667526986316],[1.710458686728366,49.038780471129449],[1.709763651603313,49.038917844322881],[1.709080675151591,49.039079259909727],[1.708411679800456,49.039264263558486],[1.707758548682836,49.039472334540179],[1.707123120342816,49.03970288719195],[1.706507183565743,49.039955272563432],[1.705912472347412,49.040228780240902],[1.705340661016431,49.040522640344619],[1.70479335952346,49.040836025693103],[1.7042721089105,49.041168054128967],[1.703778376973007,49.041517790999301],[1.700838452610341,49.043714265056884],[1.700629039505366,49.043782894504908],[1.700005607850264,49.04401474679436],[1.699401488413152,49.044267732394545],[1.699252122492865,49.044337767025972],[1.699159379518629,49.044373762821962],[1.698558005984934,49.044636239168454],[1.698333297310844,49.044740032573642],[1.698127154667799,49.044796872601459],[1.697497880012239,49.044995780697995],[1.688402913723741,49.048060331809651],[1.687771986118547,49.048286836617685],[1.687160027251228,49.048534813234049],[1.686568726846196,49.048803577052226],[1.685999717669771,49.049092386066469],[1.685454571024622,49.049400442917836],[1.684934792412806,49.049726897093109],[1.684441817379401,49.050070847270156],[1.684214536606189,49.050247122228129],[1.683817909150178,49.050497983399261],[1.683330567942541,49.050840104710815],[1.682871003664619,49.051198450076186],[1.682440465058795,49.051572046230113],[1.682040122110932,49.051959878466036],[1.681671062868743,49.052360893389235],[1.68133429048168,49.052774001775958],[1.681030720470458,49.05319808152943],[1.680761178233665,49.053631980725733],[1.680526396798324,49.054074520740706],[1.680327014820552,49.054524499449819],[1.680163574841888,49.05498069449191],[1.680036521806061,49.055441866588467],[1.679946201840375,49.055906762909039],[1.679892861305104,49.056374120473734],[1.679876646113597,49.056842669583759],[1.679897601325048,49.057311137270496],[1.67995567101117,49.057778250753834],[1.680050698397234,49.058242740900312],[1.680182426277231,49.058703345671738],[1.680350497702116,49.059158813554895],[1.680554456939416,49.059607906962938],[1.68079375070167,49.060049405599322],[1.681067729640494,49.06048210977503],[1.682360880879222,49.062383066774167],[1.682357973233619,49.06242528815639],[1.682344418697017,49.062903492421498],[1.682358984184834,49.063180204511774],[1.67940423919993,49.064599701860608],[1.679347520222623,49.06462709627305],[1.672039353004171,49.068175417887105],[1.667589246753558,49.069938929790808],[1.661809491050898,49.07054494649897],[1.66114478415133,49.070625731288601],[1.660486957337771,49.070727979812652],[1.659837614899543,49.070851442711088],[1.659198340466214,49.070995818885066],[1.658570693150702,49.07116075623032],[1.657956203751724,49.07134585249463],[1.657356371024803,49.0715506562575],[1.654414518415268,49.072616473012836],[1.652995793815676,49.072748205800266],[1.652611406624318,49.072668700140127],[1.651913277814152,49.072537564627773],[1.651205548518188,49.072430936036241],[1.650490209988416,49.072349114373075],[1.649769274852692,49.072292329848551],[1.64933311160334,49.072273314097131],[1.649127347262231,49.072153714617478],[1.64856768456405,49.071861182367186],[1.647985532281695,49.07158825543614],[1.647382479877384,49.071335678857757],[1.646760173790978,49.07110414210333],[1.646120312948406,49.070894277202257],[1.645464644127795,49.070706657018981],[1.644794957195858,49.070541793691433],[1.644113080227518,49.070400137234785],[1.643420874521976,49.070282074314989],[1.64272022952877,49.070187927194603],[1.642013057697574,49.070117952854588],[1.641301289265674,49.070072342293777],[1.6405868669973,49.070051220008295],[1.639871740888995,49.070054643652369],[1.635882030448359,49.07014219953188],[1.63505609137261,49.069951030720013],[1.622483550698457,49.0639253675551],[1.621892048674504,49.063657160261833],[1.621279938871025,49.063409726768256],[1.620648909294817,49.063183749319265],[1.620000700048084,49.062979850991248],[1.619337098534609,49.062798593976282],[1.61865993453643,49.062640478034098],[1.617971075174466,49.062505939116164],[1.617272419766991,49.062395348165154],[1.616565894599951,49.062309010093877],[1.615853447623526,49.062247162945646],[1.615137043089384,49.062209977238979],[1.61441865614337,49.062197555498194],[1.613700267388359,49.06220993197104],[1.612983857432213,49.062247072534575],[1.612271401435695,49.062308874788954],[1.61156486367531,49.062395168339428],[1.6108661921359,49.062505715265416],[1.610177313147823,49.062640210775548],[1.609500126083381,49.062798284046757],[1.608836498127,49.062979499245301],[1.608188259133512,49.063183356726739],[1.607557196588606,49.063409294411599],[1.606945050685263,49.063656689333186],[1.606353509529682,49.063924859352952],[1.605784204489856,49.064213065039006],[1.605238705699563,49.06452051170249],[1.604718517730137,49.064846351586269],[1.604225075441923,49.065189686199858],[1.602101014980662,49.066747515098392],[1.601636902347827,49.067106368125025],[1.601202014286903,49.067480693818702],[1.600797544033378,49.067869465652322],[1.6005796062076,49.068104473517529],[1.60046976137278,49.068168879857744],[1.599963460288333,49.068498412333064],[1.599483948936148,49.06884481445563],[1.599032527876243,49.069207147072603],[1.598610421589335,49.06958442782188],[1.598218775153825,49.069975633792971],[1.597858651137042,49.070379704297949],[1.597531026709184,49.070795543745014],[1.597236790987857,49.071222024606875],[1.596976742620455,49.071657990475806],[1.596751587611014,49.072102259197443],[1.59656193739751,49.072553626074509],[1.596408307184893,49.073010867132005],[1.596291114538481,49.073472742434951],[1.596210678241638,49.073937999449768],[1.596191845335373,49.074140529292869]]]}}
]
}
